CHAPEL_VALIDATION_OK blockout
Blender 4.5.3 LTS (hash 67807e1800cc built 2025-09-09 01:33:39)
RNA_float_set: NodeSocket.default_value not found.
Fra:1 Mem:75.22M (Peak 75.22M) | Time:00:00.04 | Mem:0.02M, Peak:0.02M | Scene, ViewLayer | Synchronizing object | Floor foundation
Fra:1 Mem:75.23M (Peak 75.23M) | Time:00:00.04 | Mem:0.02M, Peak:0.02M | Scene, ViewLayer | Synchronizing object | FloorTile_00_00
Fra:1 Mem:75.28M (Peak 75.28M) | Time:00:00.04 | Mem:0.02M, Peak:0.02M | Scene, ViewLayer | Synchronizing object | Back wall mass
Fra:1 Mem:75.28M (Peak 75.28M) | Time:00:00.04 | Mem:0.02M, Peak:0.02M | Scene, ViewLayer | Synchronizing object | StoneWall_Back_00_00
Fra:1 Mem:75.29M (Peak 75.29M) | Time:00:00.04 | Mem:0.02M, Peak:0.02M | Scene, ViewLayer | Synchronizing object | StoneWall_Side_-1_00_00
Fra:1 Mem:75.48M (Peak 75.48M) | Time:00:00.04 | Mem:0.02M, Peak:0.02M | Scene, ViewLayer | Synchronizing object | StoneColumn_square_plinth
Fra:1 Mem:75.48M (Peak 75.48M) | Time:00:00.04 | Mem:0.02M, Peak:0.02M | Scene, ViewLayer | Synchronizing object | StoneColumn_shaft_module
Fra:1 Mem:75.49M (Peak 75.49M) | Time:00:00.04 | Mem:0.02M, Peak:0.02M | Scene, ViewLayer | Synchronizing object | StoneColumn_attached_shaft
Fra:1 Mem:75.49M (Peak 75.49M) | Time:00:00.04 | Mem:0.02M, Peak:0.02M | Scene, ViewLayer | Synchronizing object | StoneColumn_attached_shaft.001
Fra:1 Mem:75.50M (Peak 75.50M) | Time:00:00.04 | Mem:0.02M, Peak:0.02M | Scene, ViewLayer | Synchronizing object | StoneColumn_capital
Fra:1 Mem:75.51M (Peak 75.51M) | Time:00:00.04 | Mem:0.02M, Peak:0.02M | Scene, ViewLayer | Synchronizing object | StoneColumn_capital_neck
Fra:1 Mem:75.52M (Peak 75.52M) | Time:00:00.04 | Mem:0.02M, Peak:0.02M | Scene, ViewLayer | Synchronizing object | StoneColumn_shaft_module.008
Fra:1 Mem:75.52M (Peak 75.52M) | Time:00:00.04 | Mem:0.02M, Peak:0.02M | Scene, ViewLayer | Synchronizing object | StoneColumn_shaft_module.009
Fra:1 Mem:75.53M (Peak 75.53M) | Time:00:00.04 | Mem:0.02M, Peak:0.02M | Scene, ViewLayer | Synchronizing object | StoneColumn_shaft_module.010
Fra:1 Mem:75.53M (Peak 75.53M) | Time:00:00.04 | Mem:0.02M, Peak:0.02M | Scene, ViewLayer | Synchronizing object | StoneColumn_shaft_module.012
Fra:1 Mem:75.54M (Peak 75.54M) | Time:00:00.04 | Mem:0.02M, Peak:0.02M | Scene, ViewLayer | Synchronizing object | StoneColumn_attached_shaft.003
Fra:1 Mem:75.54M (Peak 75.54M) | Time:00:00.04 | Mem:0.02M, Peak:0.02M | Scene, ViewLayer | Synchronizing object | StoneColumn_attached_shaft.004
Fra:1 Mem:75.55M (Peak 75.55M) | Time:00:00.04 | Mem:0.02M, Peak:0.02M | Scene, ViewLayer | Synchronizing object | StoneColumn_attached_shaft.005
Fra:1 Mem:75.55M (Peak 75.55M) | Time:00:00.04 | Mem:0.02M, Peak:0.02M | Scene, ViewLayer | Synchronizing object | StoneColumn_shaft_module.014
Fra:1 Mem:75.56M (Peak 75.56M) | Time:00:00.04 | Mem:0.02M, Peak:0.02M | Scene, ViewLayer | Synchronizing object | StoneColumn_octagonal_foot.002
Fra:1 Mem:75.56M (Peak 75.56M) | Time:00:00.04 | Mem:0.02M, Peak:0.02M | Scene, ViewLayer | Synchronizing object | StoneColumn_shaft_module.017
Fra:1 Mem:75.56M (Peak 75.56M) | Time:00:00.04 | Mem:0.02M, Peak:0.02M | Scene, ViewLayer | Synchronizing object | StoneColumn_shaft_module.018
Fra:1 Mem:75.57M (Peak 75.57M) | Time:00:00.04 | Mem:0.02M, Peak:0.02M | Scene, ViewLayer | Synchronizing object | StoneColumn_shaft_module.019
Fra:1 Mem:75.57M (Peak 75.57M) | Time:00:00.04 | Mem:0.02M, Peak:0.02M | Scene, ViewLayer | Synchronizing object | StoneColumn_shaft_module.020
Fra:1 Mem:75.57M (Peak 75.57M) | Time:00:00.04 | Mem:0.02M, Peak:0.02M | Scene, ViewLayer | Synchronizing object | StoneColumn_attached_shaft.006
Fra:1 Mem:75.58M (Peak 75.58M) | Time:00:00.04 | Mem:0.02M, Peak:0.02M | Scene, ViewLayer | Synchronizing object | StoneColumn_attached_shaft.007
Fra:1 Mem:75.58M (Peak 75.58M) | Time:00:00.04 | Mem:0.02M, Peak:0.02M | Scene, ViewLayer | Synchronizing object | StoneColumn_attached_shaft.008
Fra:1 Mem:75.59M (Peak 75.59M) | Time:00:00.04 | Mem:0.02M, Peak:0.02M | Scene, ViewLayer | Synchronizing object | StoneColumn_capital_neck.002
Fra:1 Mem:75.59M (Peak 75.59M) | Time:00:00.04 | Mem:0.02M, Peak:0.02M | Scene, ViewLayer | Synchronizing object | StoneColumn_shaft_module.021
Fra:1 Mem:75.60M (Peak 75.60M) | Time:00:00.04 | Mem:0.02M, Peak:0.02M | Scene, ViewLayer | Synchronizing object | StoneColumn_shaft_module.023
Fra:1 Mem:75.60M (Peak 75.60M) | Time:00:00.04 | Mem:0.02M, Peak:0.02M | Scene, ViewLayer | Synchronizing object | StoneColumn_shaft_module.024
Fra:1 Mem:75.61M (Peak 75.61M) | Time:00:00.04 | Mem:0.02M, Peak:0.02M | Scene, ViewLayer | Synchronizing object | StoneColumn_shaft_module.025
Fra:1 Mem:75.61M (Peak 75.61M) | Time:00:00.04 | Mem:0.02M, Peak:0.02M | Scene, ViewLayer | Synchronizing object | StoneColumn_shaft_module.026
Fra:1 Mem:75.61M (Peak 75.61M) | Time:00:00.04 | Mem:0.02M, Peak:0.02M | Scene, ViewLayer | Synchronizing object | StoneColumn_shaft_module.027
Fra:1 Mem:75.62M (Peak 75.62M) | Time:00:00.04 | Mem:0.02M, Peak:0.02M | Scene, ViewLayer | Synchronizing object | StoneColumn_attached_shaft.010
Fra:1 Mem:75.62M (Peak 75.62M) | Time:00:00.04 | Mem:0.02M, Peak:0.02M | Scene, ViewLayer | Synchronizing object | StoneColumn_capital_neck.003
Fra:1 Mem:75.63M (Peak 75.63M) | Time:00:00.04 | Mem:0.02M, Peak:0.02M | Scene, ViewLayer | Synchronizing object | StoneColumn_shaft_module.029
Fra:1 Mem:75.63M (Peak 75.63M) | Time:00:00.04 | Mem:0.02M, Peak:0.02M | Scene, ViewLayer | Synchronizing object | StoneColumn_shaft_module.030
Fra:1 Mem:75.64M (Peak 75.64M) | Time:00:00.04 | Mem:0.02M, Peak:0.02M | Scene, ViewLayer | Synchronizing object | StoneColumn_shaft_module.031
Fra:1 Mem:75.64M (Peak 75.64M) | Time:00:00.04 | Mem:0.02M, Peak:0.02M | Scene, ViewLayer | Synchronizing object | StoneColumn_shaft_module.032
Fra:1 Mem:75.65M (Peak 75.65M) | Time:00:00.04 | Mem:0.02M, Peak:0.02M | Scene, ViewLayer | Synchronizing object | StoneColumn_shaft_module.034
Fra:1 Mem:75.66M (Peak 75.66M) | Time:00:00.04 | Mem:0.02M, Peak:0.02M | Scene, ViewLayer | Synchronizing object | StoneColumn_attached_shaft.012
Fra:1 Mem:75.66M (Peak 75.66M) | Time:00:00.04 | Mem:0.02M, Peak:0.02M | Scene, ViewLayer | Synchronizing object | StoneColumn_attached_shaft.013
Fra:1 Mem:75.66M (Peak 75.66M) | Time:00:00.04 | Mem:0.02M, Peak:0.02M | Scene, ViewLayer | Synchronizing object | StoneColumn_attached_shaft.014
Fra:1 Mem:75.66M (Peak 75.66M) | Time:00:00.04 | Mem:0.02M, Peak:0.02M | Scene, ViewLayer | Synchronizing object | StoneColumn_capital_neck.004
Fra:1 Mem:75.67M (Peak 75.67M) | Time:00:00.04 | Mem:0.02M, Peak:0.02M | Scene, ViewLayer | Synchronizing object | StoneColumn_octagonal_foot.005
Fra:1 Mem:75.67M (Peak 75.67M) | Time:00:00.04 | Mem:0.02M, Peak:0.02M | Scene, ViewLayer | Synchronizing object | StoneColumn_shaft_module.038
Fra:1 Mem:75.68M (Peak 75.68M) | Time:00:00.04 | Mem:0.02M, Peak:0.02M | Scene, ViewLayer | Synchronizing object | StoneColumn_shaft_module.040
Fra:1 Mem:75.69M (Peak 75.69M) | Time:00:00.04 | Mem:0.02M, Peak:0.02M | Scene, ViewLayer | Synchronizing object | StoneColumn_shaft_module.041
Fra:1 Mem:75.69M (Peak 75.69M) | Time:00:00.04 | Mem:0.02M, Peak:0.02M | Scene, ViewLayer | Synchronizing object | StoneColumn_attached_shaft.015
Fra:1 Mem:75.69M (Peak 75.69M) | Time:00:00.04 | Mem:0.02M, Peak:0.02M | Scene, ViewLayer | Synchronizing object | StoneColumn_attached_shaft.016
Fra:1 Mem:75.69M (Peak 75.69M) | Time:00:00.04 | Mem:0.02M, Peak:0.02M | Scene, ViewLayer | Synchronizing object | StoneColumn_attached_shaft.017
Fra:1 Mem:75.70M (Peak 75.70M) | Time:00:00.04 | Mem:0.02M, Peak:0.02M | Scene, ViewLayer | Synchronizing object | StoneColumn_capital_neck.005
Fra:1 Mem:75.70M (Peak 75.70M) | Time:00:00.04 | Mem:0.02M, Peak:0.02M | Scene, ViewLayer | Synchronizing object | GothicRib_pier
Fra:1 Mem:75.70M (Peak 75.70M) | Time:00:00.04 | Mem:0.02M, Peak:0.02M | Scene, ViewLayer | Synchronizing object | GothicRib_voussoir.001
Fra:1 Mem:75.72M (Peak 75.72M) | Time:00:00.04 | Mem:0.02M, Peak:0.02M | Scene, ViewLayer | Synchronizing object | GothicRib_voussoir.004
Fra:1 Mem:75.72M (Peak 75.72M) | Time:00:00.04 | Mem:0.02M, Peak:0.02M | Scene, ViewLayer | Synchronizing object | GothicRib_voussoir.006
Fra:1 Mem:75.73M (Peak 75.73M) | Time:00:00.04 | Mem:0.02M, Peak:0.02M | Scene, ViewLayer | Synchronizing object | GothicRib_voussoir.007
Fra:1 Mem:75.73M (Peak 75.73M) | Time:00:00.04 | Mem:0.02M, Peak:0.02M | Scene, ViewLayer | Synchronizing object | GothicRib_voussoir.008
Fra:1 Mem:75.73M (Peak 75.73M) | Time:00:00.04 | Mem:0.02M, Peak:0.02M | Scene, ViewLayer | Synchronizing object | GothicRib_voussoir.009
Fra:1 Mem:75.73M (Peak 75.73M) | Time:00:00.04 | Mem:0.02M, Peak:0.02M | Scene, ViewLayer | Synchronizing object | GothicRib_voussoir.010
Fra:1 Mem:75.74M (Peak 75.74M) | Time:00:00.04 | Mem:0.02M, Peak:0.02M | Scene, ViewLayer | Synchronizing object | GothicRib_voussoir.011
Fra:1 Mem:75.74M (Peak 75.74M) | Time:00:00.04 | Mem:0.02M, Peak:0.02M | Scene, ViewLayer | Synchronizing object | GothicRib_voussoir.013
Fra:1 Mem:75.74M (Peak 75.74M) | Time:00:00.04 | Mem:0.02M, Peak:0.02M | Scene, ViewLayer | Synchronizing object | GothicRib_voussoir.015
Fra:1 Mem:75.74M (Peak 75.74M) | Time:00:00.04 | Mem:0.02M, Peak:0.02M | Scene, ViewLayer | Synchronizing object | GothicRib_voussoir.016
Fra:1 Mem:75.74M (Peak 75.74M) | Time:00:00.04 | Mem:0.02M, Peak:0.02M | Scene, ViewLayer | Synchronizing object | GothicRib_voussoir.017
Fra:1 Mem:75.75M (Peak 75.75M) | Time:00:00.04 | Mem:0.02M, Peak:0.02M | Scene, ViewLayer | Synchronizing object | GothicRib_voussoir.020
Fra:1 Mem:75.75M (Peak 75.75M) | Time:00:00.04 | Mem:0.02M, Peak:0.02M | Scene, ViewLayer | Synchronizing object | GothicRib_voussoir.021
Fra:1 Mem:75.75M (Peak 75.76M) | Time:00:00.04 | Mem:0.02M, Peak:0.02M | Scene, ViewLayer | Synchronizing object | GothicRib_voussoir.025
Fra:1 Mem:75.76M (Peak 75.76M) | Time:00:00.04 | Mem:0.02M, Peak:0.02M | Scene, ViewLayer | Synchronizing object | GothicRib_voussoir.028
Fra:1 Mem:75.76M (Peak 75.76M) | Time:00:00.04 | Mem:0.02M, Peak:0.02M | Scene, ViewLayer | Synchronizing object | GothicRib_voussoir.029
Fra:1 Mem:75.76M (Peak 75.76M) | Time:00:00.04 | Mem:0.02M, Peak:0.02M | Scene, ViewLayer | Synchronizing object | GothicRib_voussoir.030
Fra:1 Mem:75.76M (Peak 75.76M) | Time:00:00.04 | Mem:0.02M, Peak:0.02M | Scene, ViewLayer | Synchronizing object | GothicRib_voussoir.031
Fra:1 Mem:75.77M (Peak 75.77M) | Time:00:00.04 | Mem:0.02M, Peak:0.02M | Scene, ViewLayer | Synchronizing object | GothicRib_voussoir.033
Fra:1 Mem:75.77M (Peak 75.77M) | Time:00:00.04 | Mem:0.02M, Peak:0.02M | Scene, ViewLayer | Synchronizing object | GothicRib_voussoir.034
Fra:1 Mem:75.77M (Peak 75.77M) | Time:00:00.04 | Mem:0.02M, Peak:0.02M | Scene, ViewLayer | Synchronizing object | GothicRib_voussoir.035
Fra:1 Mem:75.77M (Peak 75.77M) | Time:00:00.04 | Mem:0.02M, Peak:0.02M | Scene, ViewLayer | Synchronizing object | GothicRib_voussoir.036
Fra:1 Mem:75.78M (Peak 75.78M) | Time:00:00.04 | Mem:0.02M, Peak:0.02M | Scene, ViewLayer | Synchronizing object | GothicRib_voussoir.037
Fra:1 Mem:75.79M (Peak 75.79M) | Time:00:00.04 | Mem:0.02M, Peak:0.02M | Scene, ViewLayer | Synchronizing object | GothicRib_voussoir.040
Fra:1 Mem:75.79M (Peak 75.79M) | Time:00:00.04 | Mem:0.02M, Peak:0.02M | Scene, ViewLayer | Synchronizing object | GothicRib_voussoir.041
Fra:1 Mem:75.79M (Peak 75.79M) | Time:00:00.04 | Mem:0.02M, Peak:0.02M | Scene, ViewLayer | Synchronizing object | GothicRib_voussoir.042
Fra:1 Mem:75.79M (Peak 75.79M) | Time:00:00.04 | Mem:0.02M, Peak:0.02M | Scene, ViewLayer | Synchronizing object | GothicRib_voussoir.043
Fra:1 Mem:75.80M (Peak 75.80M) | Time:00:00.04 | Mem:0.02M, Peak:0.02M | Scene, ViewLayer | Synchronizing object | GothicRib_voussoir.044
Fra:1 Mem:75.80M (Peak 75.80M) | Time:00:00.04 | Mem:0.02M, Peak:0.02M | Scene, ViewLayer | Synchronizing object | GothicRib_voussoir.046
Fra:1 Mem:75.80M (Peak 75.80M) | Time:00:00.04 | Mem:0.02M, Peak:0.02M | Scene, ViewLayer | Synchronizing object | GothicRib_voussoir.047
Fra:1 Mem:75.80M (Peak 75.80M) | Time:00:00.04 | Mem:0.02M, Peak:0.02M | Scene, ViewLayer | Synchronizing object | GothicRib_voussoir.048
Fra:1 Mem:75.80M (Peak 75.80M) | Time:00:00.04 | Mem:0.02M, Peak:0.02M | Scene, ViewLayer | Synchronizing object | GothicRib_voussoir.051
Fra:1 Mem:75.80M (Peak 75.80M) | Time:00:00.04 | Mem:0.02M, Peak:0.02M | Scene, ViewLayer | Synchronizing object | GothicRib_voussoir.052
Fra:1 Mem:75.81M (Peak 75.81M) | Time:00:00.04 | Mem:0.02M, Peak:0.02M | Scene, ViewLayer | Synchronizing object | GothicRib_voussoir.053
Fra:1 Mem:75.81M (Peak 75.81M) | Time:00:00.04 | Mem:0.02M, Peak:0.02M | Scene, ViewLayer | Synchronizing object | GothicRib_voussoir.054
Fra:1 Mem:75.81M (Peak 75.81M) | Time:00:00.04 | Mem:0.02M, Peak:0.02M | Scene, ViewLayer | Synchronizing object | GothicRib_voussoir.056
Fra:1 Mem:75.81M (Peak 75.81M) | Time:00:00.04 | Mem:0.02M, Peak:0.02M | Scene, ViewLayer | Synchronizing object | GothicRib_voussoir.057
Fra:1 Mem:75.82M (Peak 75.82M) | Time:00:00.04 | Mem:0.02M, Peak:0.02M | Scene, ViewLayer | Synchronizing object | GothicRib_voussoir.060
Fra:1 Mem:75.82M (Peak 75.82M) | Time:00:00.04 | Mem:0.02M, Peak:0.02M | Scene, ViewLayer | Synchronizing object | GothicRib_voussoir.061
Fra:1 Mem:75.82M (Peak 75.82M) | Time:00:00.04 | Mem:0.02M, Peak:0.02M | Scene, ViewLayer | Synchronizing object | GothicRib_voussoir.062
Fra:1 Mem:75.82M (Peak 75.82M) | Time:00:00.04 | Mem:0.02M, Peak:0.02M | Scene, ViewLayer | Synchronizing object | GothicRib_voussoir.064
Fra:1 Mem:75.82M (Peak 75.82M) | Time:00:00.04 | Mem:0.02M, Peak:0.02M | Scene, ViewLayer | Synchronizing object | GothicRib_voussoir.065
Fra:1 Mem:75.83M (Peak 75.83M) | Time:00:00.04 | Mem:0.02M, Peak:0.02M | Scene, ViewLayer | Synchronizing object | GothicRib_voussoir.066
Fra:1 Mem:75.83M (Peak 75.83M) | Time:00:00.04 | Mem:0.02M, Peak:0.02M | Scene, ViewLayer | Synchronizing object | GothicRib_voussoir.067
Fra:1 Mem:75.83M (Peak 75.83M) | Time:00:00.04 | Mem:0.02M, Peak:0.02M | Scene, ViewLayer | Synchronizing object | GothicRib_voussoir.068
Fra:1 Mem:75.83M (Peak 75.83M) | Time:00:00.04 | Mem:0.02M, Peak:0.02M | Scene, ViewLayer | Synchronizing object | GothicRib_voussoir.070
Fra:1 Mem:75.84M (Peak 75.84M) | Time:00:00.04 | Mem:0.02M, Peak:0.02M | Scene, ViewLayer | Synchronizing object | GothicRib_voussoir.074
Fra:1 Mem:75.84M (Peak 75.84M) | Time:00:00.04 | Mem:0.02M, Peak:0.02M | Scene, ViewLayer | Synchronizing object | GothicRib_voussoir.075
Fra:1 Mem:75.84M (Peak 75.84M) | Time:00:00.04 | Mem:0.02M, Peak:0.02M | Scene, ViewLayer | Synchronizing object | GothicRib_voussoir.076
Fra:1 Mem:75.84M (Peak 75.84M) | Time:00:00.04 | Mem:0.02M, Peak:0.02M | Scene, ViewLayer | Synchronizing object | Great altar pointed arch_pier
Fra:1 Mem:75.85M (Peak 75.85M) | Time:00:00.04 | Mem:0.02M, Peak:0.02M | Scene, ViewLayer | Synchronizing object | Great altar pointed arch_voussoir
Fra:1 Mem:75.85M (Peak 75.85M) | Time:00:00.04 | Mem:0.02M, Peak:0.02M | Scene, ViewLayer | Synchronizing object | Great altar pointed arch_voussoir.001
Fra:1 Mem:75.85M (Peak 75.85M) | Time:00:00.04 | Mem:0.02M, Peak:0.02M | Scene, ViewLayer | Synchronizing object | Great altar pointed arch_voussoir.002
Fra:1 Mem:75.85M (Peak 75.85M) | Time:00:00.04 | Mem:0.02M, Peak:0.02M | Scene, ViewLayer | Synchronizing object | Great altar pointed arch_voussoir.003
Fra:1 Mem:75.85M (Peak 75.85M) | Time:00:00.04 | Mem:0.02M, Peak:0.02M | Scene, ViewLayer | Synchronizing object | Great altar pointed arch_voussoir.005
Fra:1 Mem:75.85M (Peak 75.85M) | Time:00:00.04 | Mem:0.02M, Peak:0.02M | Scene, ViewLayer | Synchronizing object | Great altar pointed arch_voussoir.006
Fra:1 Mem:75.86M (Peak 75.86M) | Time:00:00.04 | Mem:0.02M, Peak:0.02M | Scene, ViewLayer | Synchronizing object | Great altar pointed arch_voussoir.009
Fra:1 Mem:75.86M (Peak 75.86M) | Time:00:00.04 | Mem:0.02M, Peak:0.02M | Scene, ViewLayer | Synchronizing object | Great altar pointed arch_voussoir.010
Fra:1 Mem:75.86M (Peak 75.86M) | Time:00:00.04 | Mem:0.02M, Peak:0.02M | Scene, ViewLayer | Synchronizing object | Great altar pointed arch_voussoir.012
Fra:1 Mem:75.87M (Peak 75.87M) | Time:00:00.04 | Mem:0.02M, Peak:0.02M | Scene, ViewLayer | Synchronizing object | Great altar pointed arch_voussoir.013
Fra:1 Mem:75.87M (Peak 75.87M) | Time:00:00.04 | Mem:0.02M, Peak:0.02M | Scene, ViewLayer | Synchronizing object | Great altar pointed arch_voussoir.015
Fra:1 Mem:75.88M (Peak 75.88M) | Time:00:00.04 | Mem:0.02M, Peak:0.02M | Scene, ViewLayer | Synchronizing object | Great altar pointed arch_voussoir.016
Fra:1 Mem:75.88M (Peak 75.88M) | Time:00:00.04 | Mem:0.02M, Peak:0.02M | Scene, ViewLayer | Synchronizing object | Great altar pointed arch_voussoir.017
Fra:1 Mem:75.88M (Peak 75.88M) | Time:00:00.04 | Mem:0.02M, Peak:0.02M | Scene, ViewLayer | Synchronizing object | Great altar pointed arch_voussoir.019
Fra:1 Mem:75.88M (Peak 75.88M) | Time:00:00.04 | Mem:0.02M, Peak:0.02M | Scene, ViewLayer | Synchronizing object | Great altar pointed arch_voussoir.020
Fra:1 Mem:75.88M (Peak 75.88M) | Time:00:00.04 | Mem:0.02M, Peak:0.02M | Scene, ViewLayer | Synchronizing object | Great altar pointed arch_voussoir.022
Fra:1 Mem:75.89M (Peak 75.89M) | Time:00:00.04 | Mem:0.02M, Peak:0.02M | Scene, ViewLayer | Synchronizing object | Great altar pointed arch_voussoir.023
Fra:1 Mem:75.89M (Peak 75.89M) | Time:00:00.04 | Mem:0.02M, Peak:0.02M | Scene, ViewLayer | Synchronizing object | Great altar pointed arch_voussoir.025
Fra:1 Mem:75.89M (Peak 75.89M) | Time:00:00.04 | Mem:0.02M, Peak:0.02M | Scene, ViewLayer | Synchronizing object | Altar outer moulding_pier
Fra:1 Mem:75.89M (Peak 75.89M) | Time:00:00.04 | Mem:0.02M, Peak:0.02M | Scene, ViewLayer | Synchronizing object | Altar outer moulding_voussoir
Fra:1 Mem:75.90M (Peak 75.90M) | Time:00:00.04 | Mem:0.02M, Peak:0.02M | Scene, ViewLayer | Synchronizing object | Altar outer moulding_voussoir.001
Fra:1 Mem:75.90M (Peak 75.90M) | Time:00:00.04 | Mem:0.02M, Peak:0.02M | Scene, ViewLayer | Synchronizing object | Altar outer moulding_voussoir.002
Fra:1 Mem:75.90M (Peak 75.90M) | Time:00:00.04 | Mem:0.02M, Peak:0.02M | Scene, ViewLayer | Synchronizing object | Altar outer moulding_voussoir.004
Fra:1 Mem:75.90M (Peak 75.90M) | Time:00:00.04 | Mem:0.02M, Peak:0.02M | Scene, ViewLayer | Synchronizing object | Altar outer moulding_voussoir.007
Fra:1 Mem:75.91M (Peak 75.91M) | Time:00:00.04 | Mem:0.02M, Peak:0.02M | Scene, ViewLayer | Synchronizing object | Altar outer moulding_voussoir.008
Fra:1 Mem:75.91M (Peak 75.91M) | Time:00:00.04 | Mem:0.02M, Peak:0.02M | Scene, ViewLayer | Synchronizing object | Altar outer moulding_voussoir.010
Fra:1 Mem:75.91M (Peak 75.91M) | Time:00:00.04 | Mem:0.02M, Peak:0.02M | Scene, ViewLayer | Synchronizing object | Altar outer moulding_voussoir.012
Fra:1 Mem:75.92M (Peak 75.92M) | Time:00:00.04 | Mem:0.02M, Peak:0.02M | Scene, ViewLayer | Synchronizing object | Altar outer moulding_voussoir.013
Fra:1 Mem:75.92M (Peak 75.92M) | Time:00:00.04 | Mem:0.02M, Peak:0.02M | Scene, ViewLayer | Synchronizing object | Altar outer moulding_voussoir.015
Fra:1 Mem:75.92M (Peak 75.92M) | Time:00:00.04 | Mem:0.02M, Peak:0.02M | Scene, ViewLayer | Synchronizing object | Altar outer moulding_voussoir.016
Fra:1 Mem:75.92M (Peak 75.92M) | Time:00:00.04 | Mem:0.02M, Peak:0.02M | Scene, ViewLayer | Synchronizing object | Altar outer moulding_voussoir.017
Fra:1 Mem:75.92M (Peak 75.92M) | Time:00:00.04 | Mem:0.02M, Peak:0.02M | Scene, ViewLayer | Synchronizing object | Altar outer moulding_voussoir.018
Fra:1 Mem:75.93M (Peak 75.93M) | Time:00:00.04 | Mem:0.02M, Peak:0.02M | Scene, ViewLayer | Synchronizing object | Altar outer moulding_voussoir.019
Fra:1 Mem:75.93M (Peak 75.93M) | Time:00:00.04 | Mem:0.02M, Peak:0.02M | Scene, ViewLayer | Synchronizing object | Altar outer moulding_voussoir.020
Fra:1 Mem:75.93M (Peak 75.93M) | Time:00:00.04 | Mem:0.02M, Peak:0.02M | Scene, ViewLayer | Synchronizing object | Altar outer moulding_voussoir.021
Fra:1 Mem:75.93M (Peak 75.93M) | Time:00:00.04 | Mem:0.02M, Peak:0.02M | Scene, ViewLayer | Synchronizing object | Altar outer moulding_voussoir.022
Fra:1 Mem:75.93M (Peak 75.93M) | Time:00:00.04 | Mem:0.02M, Peak:0.02M | Scene, ViewLayer | Synchronizing object | Altar outer moulding_voussoir.023
Fra:1 Mem:75.93M (Peak 75.93M) | Time:00:00.04 | Mem:0.02M, Peak:0.02M | Scene, ViewLayer | Synchronizing object | WallNiche_pier
Fra:1 Mem:75.94M (Peak 75.94M) | Time:00:00.04 | Mem:0.02M, Peak:0.02M | Scene, ViewLayer | Synchronizing object | Altar outer moulding_voussoir.025
Fra:1 Mem:75.94M (Peak 75.94M) | Time:00:00.04 | Mem:0.02M, Peak:0.02M | Scene, ViewLayer | Synchronizing object | WallNiche_voussoir
Fra:1 Mem:75.95M (Peak 75.95M) | Time:00:00.04 | Mem:0.02M, Peak:0.02M | Scene, ViewLayer | Synchronizing object | WallNiche_voussoir.002
Fra:1 Mem:75.95M (Peak 75.95M) | Time:00:00.04 | Mem:0.02M, Peak:0.02M | Scene, ViewLayer | Synchronizing object | WallNiche_voussoir.003
Fra:1 Mem:75.95M (Peak 75.95M) | Time:00:00.04 | Mem:0.02M, Peak:0.02M | Scene, ViewLayer | Synchronizing object | WallNiche_voussoir.005
Fra:1 Mem:75.95M (Peak 75.95M) | Time:00:00.04 | Mem:0.02M, Peak:0.02M | Scene, ViewLayer | Synchronizing object | WallNiche_voussoir.006
Fra:1 Mem:75.95M (Peak 75.95M) | Time:00:00.04 | Mem:0.02M, Peak:0.02M | Scene, ViewLayer | Synchronizing object | WallNiche_voussoir.007
Fra:1 Mem:75.95M (Peak 75.95M) | Time:00:00.04 | Mem:0.02M, Peak:0.02M | Scene, ViewLayer | Synchronizing object | WallNiche_voussoir.008
Fra:1 Mem:75.95M (Peak 75.95M) | Time:00:00.04 | Mem:0.02M, Peak:0.02M | Scene, ViewLayer | Synchronizing object | WallNiche_voussoir.009
Fra:1 Mem:75.95M (Peak 75.95M) | Time:00:00.04 | Mem:0.02M, Peak:0.02M | Scene, ViewLayer | Synchronizing object | WallNiche_voussoir.010
Fra:1 Mem:75.96M (Peak 75.96M) | Time:00:00.04 | Mem:0.02M, Peak:0.02M | Scene, ViewLayer | Synchronizing object | WallNiche_voussoir.011
Fra:1 Mem:75.96M (Peak 75.96M) | Time:00:00.04 | Mem:0.02M, Peak:0.02M | Scene, ViewLayer | Synchronizing object | WallNiche_voussoir.012
Fra:1 Mem:75.96M (Peak 75.96M) | Time:00:00.04 | Mem:0.02M, Peak:0.02M | Scene, ViewLayer | Synchronizing object | WallNiche_voussoir.014
Fra:1 Mem:75.96M (Peak 75.96M) | Time:00:00.04 | Mem:0.02M, Peak:0.02M | Scene, ViewLayer | Synchronizing object | WallNiche_voussoir.015
Fra:1 Mem:75.97M (Peak 75.97M) | Time:00:00.04 | Mem:0.02M, Peak:0.02M | Scene, ViewLayer | Synchronizing object | WallNiche_voussoir.019
Fra:1 Mem:75.97M (Peak 75.97M) | Time:00:00.04 | Mem:0.02M, Peak:0.02M | Scene, ViewLayer | Synchronizing object | WallNiche_voussoir.020
Fra:1 Mem:75.97M (Peak 75.97M) | Time:00:00.04 | Mem:0.02M, Peak:0.02M | Scene, ViewLayer | Synchronizing object | WallNiche_voussoir.021
Fra:1 Mem:75.97M (Peak 75.97M) | Time:00:00.04 | Mem:0.02M, Peak:0.02M | Scene, ViewLayer | Synchronizing object | WallNiche_voussoir.023
Fra:1 Mem:75.98M (Peak 75.98M) | Time:00:00.04 | Mem:0.02M, Peak:0.02M | Scene, ViewLayer | Synchronizing object | WallNiche_voussoir.024
Fra:1 Mem:75.98M (Peak 75.98M) | Time:00:00.04 | Mem:0.02M, Peak:0.02M | Scene, ViewLayer | Synchronizing object | WallNiche_voussoir.026
Fra:1 Mem:75.98M (Peak 75.98M) | Time:00:00.04 | Mem:0.02M, Peak:0.02M | Scene, ViewLayer | Synchronizing object | WallNiche_voussoir.027
Fra:1 Mem:75.98M (Peak 75.98M) | Time:00:00.04 | Mem:0.02M, Peak:0.02M | Scene, ViewLayer | Synchronizing object | WallNiche_voussoir.028
Fra:1 Mem:75.99M (Peak 75.99M) | Time:00:00.04 | Mem:0.02M, Peak:0.02M | Scene, ViewLayer | Synchronizing object | WallNiche_voussoir.030
Fra:1 Mem:75.99M (Peak 75.99M) | Time:00:00.04 | Mem:0.02M, Peak:0.02M | Scene, ViewLayer | Synchronizing object | WallNiche_voussoir.031
Fra:1 Mem:75.99M (Peak 75.99M) | Time:00:00.04 | Mem:0.02M, Peak:0.02M | Scene, ViewLayer | Synchronizing object | WallNiche_voussoir.033
Fra:1 Mem:75.99M (Peak 75.99M) | Time:00:00.04 | Mem:0.02M, Peak:0.02M | Scene, ViewLayer | Synchronizing object | WallNiche_voussoir.034
Fra:1 Mem:76.00M (Peak 76.00M) | Time:00:00.04 | Mem:0.02M, Peak:0.02M | Scene, ViewLayer | Synchronizing object | WallNiche_voussoir.035
Fra:1 Mem:76.00M (Peak 76.00M) | Time:00:00.04 | Mem:0.02M, Peak:0.02M | Scene, ViewLayer | Synchronizing object | WallNiche_voussoir.036
Fra:1 Mem:76.00M (Peak 76.00M) | Time:00:00.04 | Mem:0.02M, Peak:0.02M | Scene, ViewLayer | Synchronizing object | WallNiche_voussoir.037
Fra:1 Mem:76.01M (Peak 76.01M) | Time:00:00.04 | Mem:0.02M, Peak:0.02M | Scene, ViewLayer | Synchronizing object | WallNiche_voussoir.038
Fra:1 Mem:76.01M (Peak 76.01M) | Time:00:00.04 | Mem:0.02M, Peak:0.02M | Scene, ViewLayer | Synchronizing object | WallNiche_voussoir.039
Fra:1 Mem:76.01M (Peak 76.01M) | Time:00:00.04 | Mem:0.02M, Peak:0.02M | Scene, ViewLayer | Synchronizing object | WallNiche_voussoir.040
Fra:1 Mem:76.01M (Peak 76.01M) | Time:00:00.04 | Mem:0.02M, Peak:0.02M | Scene, ViewLayer | Synchronizing object | Rear_bench_1_light
Fra:1 Mem:76.01M (Peak 76.01M) | Time:00:00.04 | Mem:0.02M, Peak:0.02M | Scene, ViewLayer | Synchronizing object | WallNiche_voussoir.042
Fra:1 Mem:76.01M (Peak 76.01M) | Time:00:00.04 | Mem:0.02M, Peak:0.02M | Scene, ViewLayer | Synchronizing object | WallNiche_voussoir.044
Fra:1 Mem:76.01M (Peak 76.01M) | Time:00:00.04 | Mem:0.02M, Peak:0.02M | Scene, ViewLayer | Synchronizing object | WallNiche_voussoir.046
Fra:1 Mem:76.02M (Peak 76.02M) | Time:00:00.04 | Mem:0.02M, Peak:0.02M | Scene, ViewLayer | Synchronizing object | WallNiche_voussoir.047
Fra:1 Mem:76.02M (Peak 76.02M) | Time:00:00.04 | Mem:0.02M, Peak:0.02M | Scene, ViewLayer | Synchronizing object | WallNiche_voussoir.051
Fra:1 Mem:76.02M (Peak 76.02M) | Time:00:00.04 | Mem:0.02M, Peak:0.02M | Scene, ViewLayer | Synchronizing object | Altar recessed darkness
Fra:1 Mem:76.02M (Peak 76.02M) | Time:00:00.04 | Mem:0.02M, Peak:0.02M | Scene, ViewLayer | Synchronizing object | WallNiche shadow
Fra:1 Mem:76.02M (Peak 76.02M) | Time:00:00.04 | Mem:0.02M, Peak:0.02M | Scene, ViewLayer | Synchronizing object | Altar colonette.001
Fra:1 Mem:76.02M (Peak 76.02M) | Time:00:00.04 | Mem:0.02M, Peak:0.02M | Scene, ViewLayer | Synchronizing object | Altar column capital
Fra:1 Mem:76.03M (Peak 76.03M) | Time:00:00.04 | Mem:0.02M, Peak:0.02M | Scene, ViewLayer | Synchronizing object | WallNiche shadow.001
Fra:1 Mem:76.03M (Peak 76.03M) | Time:00:00.04 | Mem:0.02M, Peak:0.02M | Scene, ViewLayer | Synchronizing object | Altar colonette.002
Fra:1 Mem:76.03M (Peak 76.03M) | Time:00:00.04 | Mem:0.02M, Peak:0.02M | Scene, ViewLayer | Synchronizing object | Altar upper step
Fra:1 Mem:76.04M (Peak 76.04M) | Time:00:00.04 | Mem:0.02M, Peak:0.02M | Scene, ViewLayer | Synchronizing object | Altar lower step
Fra:1 Mem:76.05M (Peak 76.05M) | Time:00:00.04 | Mem:0.02M, Peak:0.02M | Scene, ViewLayer | Synchronizing object | Altar stone pedestal
Fra:1 Mem:76.06M (Peak 76.06M) | Time:00:00.04 | Mem:0.02M, Peak:0.02M | Scene, ViewLayer | Synchronizing object | Crimson in the recess
Fra:1 Mem:76.06M (Peak 76.06M) | Time:00:00.04 | Mem:0.02M, Peak:0.02M | Scene, ViewLayer | Synchronizing object | Low stone candle shelf
Fra:1 Mem:76.07M (Peak 76.07M) | Time:00:00.04 | Mem:0.02M, Peak:0.02M | Scene, ViewLayer | Synchronizing object | TableTop_OakPlank_01
Fra:1 Mem:76.07M (Peak 76.07M) | Time:00:00.04 | Mem:0.02M, Peak:0.02M | Scene, ViewLayer | Synchronizing object | TableTop_OakPlank_02
Fra:1 Mem:76.07M (Peak 76.07M) | Time:00:00.04 | Mem:0.02M, Peak:0.02M | Scene, ViewLayer | Synchronizing object | Altar_1_light
Fra:1 Mem:76.08M (Peak 76.08M) | Time:00:00.04 | Mem:0.02M, Peak:0.02M | Scene, ViewLayer | Synchronizing object | Rear_bench_-1_light
Fra:1 Mem:76.08M (Peak 76.08M) | Time:00:00.04 | Mem:0.02M, Peak:0.02M | Scene, ViewLayer | Synchronizing object | Niche_-1_light
Fra:1 Mem:76.08M (Peak 76.08M) | Time:00:00.04 | Mem:0.02M, Peak:0.02M | Scene, ViewLayer | Synchronizing object | Altar_-1_light
Fra:1 Mem:76.08M (Peak 76.08M) | Time:00:00.04 | Mem:0.02M, Peak:0.02M | Scene, ViewLayer | Synchronizing object | TableTop_OakPlank_03
Fra:1 Mem:76.08M (Peak 76.08M) | Time:00:00.04 | Mem:0.02M, Peak:0.02M | Scene, ViewLayer | Synchronizing object | TableTop_OakPlank_04
Fra:1 Mem:76.09M (Peak 76.09M) | Time:00:00.04 | Mem:0.02M, Peak:0.02M | Scene, ViewLayer | Synchronizing object | TableTop_OakPlank_05
Fra:1 Mem:76.10M (Peak 76.10M) | Time:00:00.04 | Mem:0.02M, Peak:0.02M | Scene, ViewLayer | Synchronizing object | TableTop_OakPlank_06
Fra:1 Mem:76.11M (Peak 76.11M) | Time:00:00.04 | Mem:0.02M, Peak:0.02M | Scene, ViewLayer | Synchronizing object | TableTop_OakPlank_08
Fra:1 Mem:76.11M (Peak 76.11M) | Time:00:00.04 | Mem:0.02M, Peak:0.02M | Scene, ViewLayer | Synchronizing object | Table endgrain breadboard
Fra:1 Mem:76.12M (Peak 76.12M) | Time:00:00.04 | Mem:0.02M, Peak:0.02M | Scene, ViewLayer | Synchronizing object | Table heavy apron
Fra:1 Mem:76.12M (Peak 76.12M) | Time:00:00.04 | Mem:0.02M, Peak:0.02M | Scene, ViewLayer | Synchronizing object | Table oak leg
Fra:1 Mem:76.13M (Peak 76.13M) | Time:00:00.04 | Mem:0.02M, Peak:0.02M | Scene, ViewLayer | Synchronizing object | Table trestle foot
Fra:1 Mem:76.14M (Peak 76.14M) | Time:00:00.04 | Mem:0.02M, Peak:0.02M | Scene, ViewLayer | Synchronizing object | Table low stretcher
Fra:1 Mem:76.14M (Peak 76.14M) | Time:00:00.04 | Mem:0.02M, Peak:0.02M | Scene, ViewLayer | Synchronizing object | Tribunal_1_cloaked_body
Fra:1 Mem:76.15M (Peak 76.15M) | Time:00:00.04 | Mem:0.02M, Peak:0.02M | Scene, ViewLayer | Synchronizing object | Tribunal_1_open_hood
Fra:1 Mem:76.17M (Peak 76.17M) | Time:00:00.04 | Mem:0.02M, Peak:0.02M | Scene, ViewLayer | Synchronizing object | Tribunal_1_shadowed_face
Fra:1 Mem:76.17M (Peak 76.17M) | Time:00:00.04 | Mem:0.02M, Peak:0.02M | Scene, ViewLayer | Synchronizing object | Bent draped upper sleeve
Fra:1 Mem:76.18M (Peak 76.18M) | Time:00:00.04 | Mem:0.02M, Peak:0.02M | Scene, ViewLayer | Synchronizing object | Forearm resting on table
Fra:1 Mem:76.19M (Peak 76.19M) | Time:00:00.04 | Mem:0.02M, Peak:0.02M | Scene, ViewLayer | Synchronizing object | Bent draped upper sleeve.001
Fra:1 Mem:76.19M (Peak 76.19M) | Time:00:00.04 | Mem:0.02M, Peak:0.02M | Scene, ViewLayer | Synchronizing object | Forearm resting on table.001
Fra:1 Mem:76.19M (Peak 76.19M) | Time:00:00.04 | Mem:0.02M, Peak:0.02M | Scene, ViewLayer | Synchronizing object | Shadowed chair back
Fra:1 Mem:76.20M (Peak 76.20M) | Time:00:00.04 | Mem:0.02M, Peak:0.02M | Scene, ViewLayer | Synchronizing object | Back_1_0_light
Fra:1 Mem:76.21M (Peak 76.21M) | Time:00:00.04 | Mem:0.02M, Peak:0.02M | Scene, ViewLayer | Synchronizing object | Tribunal_2_cloaked_body
Fra:1 Mem:76.23M (Peak 76.23M) | Time:00:00.04 | Mem:0.02M, Peak:0.02M | Scene, ViewLayer | Synchronizing object | Tribunal_2_open_hood
Fra:1 Mem:76.23M (Peak 76.23M) | Time:00:00.04 | Mem:0.02M, Peak:0.02M | Scene, ViewLayer | Synchronizing object | Forearm resting on table.002
Fra:1 Mem:76.23M (Peak 76.23M) | Time:00:00.04 | Mem:0.02M, Peak:0.02M | Scene, ViewLayer | Synchronizing object | Bent draped upper sleeve.003
Fra:1 Mem:76.24M (Peak 76.24M) | Time:00:00.04 | Mem:0.02M, Peak:0.02M | Scene, ViewLayer | Synchronizing object | Forearm resting on table.003
Fra:1 Mem:76.24M (Peak 76.24M) | Time:00:00.04 | Mem:0.02M, Peak:0.02M | Scene, ViewLayer | Synchronizing object | Back_-1_2_light
Fra:1 Mem:76.24M (Peak 76.24M) | Time:00:00.04 | Mem:0.02M, Peak:0.02M | Scene, ViewLayer | Synchronizing object | Simple dark glove.003
Fra:1 Mem:76.25M (Peak 76.25M) | Time:00:00.04 | Mem:0.02M, Peak:0.02M | Scene, ViewLayer | Synchronizing object | Tribunal_3_cloaked_body
Fra:1 Mem:76.25M (Peak 76.25M) | Time:00:00.04 | Mem:0.02M, Peak:0.02M | Scene, ViewLayer | Synchronizing object | Tribunal_3_open_hood
Fra:1 Mem:76.27M (Peak 76.27M) | Time:00:00.04 | Mem:0.02M, Peak:0.02M | Scene, ViewLayer | Synchronizing object | Simple dark glove.004
Fra:1 Mem:76.27M (Peak 76.27M) | Time:00:00.04 | Mem:0.02M, Peak:0.02M | Scene, ViewLayer | Synchronizing object | Bent draped upper sleeve.005
Fra:1 Mem:76.27M (Peak 76.27M) | Time:00:00.04 | Mem:0.02M, Peak:0.02M | Scene, ViewLayer | Synchronizing object | Back_-1_1_light
Fra:1 Mem:76.27M (Peak 76.27M) | Time:00:00.04 | Mem:0.02M, Peak:0.02M | Scene, ViewLayer | Synchronizing object | Forearm resting on table.005
Fra:1 Mem:76.28M (Peak 76.28M) | Time:00:00.04 | Mem:0.02M, Peak:0.02M | Scene, ViewLayer | Synchronizing object | Tribunal_4_cloaked_body
Fra:1 Mem:76.28M (Peak 76.28M) | Time:00:00.04 | Mem:0.02M, Peak:0.02M | Scene, ViewLayer | Synchronizing object | Tribunal_4_open_hood
Fra:1 Mem:76.29M (Peak 76.29M) | Time:00:00.04 | Mem:0.02M, Peak:0.02M | Scene, ViewLayer | Synchronizing object | Tribunal_4_shadowed_face
Fra:1 Mem:76.30M (Peak 76.30M) | Time:00:00.04 | Mem:0.02M, Peak:0.02M | Scene, ViewLayer | Synchronizing object | Bent draped upper sleeve.006
Fra:1 Mem:76.30M (Peak 76.30M) | Time:00:00.04 | Mem:0.02M, Peak:0.02M | Scene, ViewLayer | Synchronizing object | Forearm resting on table.006
Fra:1 Mem:76.30M (Peak 76.30M) | Time:00:00.04 | Mem:0.02M, Peak:0.02M | Scene, ViewLayer | Synchronizing object | Simple dark glove.006
Fra:1 Mem:76.31M (Peak 76.31M) | Time:00:00.04 | Mem:0.02M, Peak:0.02M | Scene, ViewLayer | Synchronizing object | Bent draped upper sleeve.007
Fra:1 Mem:76.31M (Peak 76.31M) | Time:00:00.04 | Mem:0.02M, Peak:0.02M | Scene, ViewLayer | Synchronizing object | Tribunal_5_cloaked_body
Fra:1 Mem:76.31M (Peak 76.31M) | Time:00:00.04 | Mem:0.02M, Peak:0.02M | Scene, ViewLayer | Synchronizing object | Tribunal_5_open_hood
Fra:1 Mem:76.32M (Peak 76.32M) | Time:00:00.04 | Mem:0.02M, Peak:0.02M | Scene, ViewLayer | Synchronizing object | Back_-1_0_light
Fra:1 Mem:76.32M (Peak 76.32M) | Time:00:00.04 | Mem:0.02M, Peak:0.02M | Scene, ViewLayer | Synchronizing object | Bent draped upper sleeve.008
Fra:1 Mem:76.32M (Peak 76.32M) | Time:00:00.04 | Mem:0.02M, Peak:0.02M | Scene, ViewLayer | Synchronizing object | Forearm resting on table.008
Fra:1 Mem:76.33M (Peak 76.33M) | Time:00:00.04 | Mem:0.02M, Peak:0.02M | Scene, ViewLayer | Synchronizing object | Simple dark glove.008
Fra:1 Mem:76.33M (Peak 76.33M) | Time:00:00.04 | Mem:0.02M, Peak:0.02M | Scene, ViewLayer | Synchronizing object | Bent draped upper sleeve.009
Fra:1 Mem:76.34M (Peak 76.34M) | Time:00:00.04 | Mem:0.02M, Peak:0.02M | Scene, ViewLayer | Synchronizing object | Tribunal_6_cloaked_body
Fra:1 Mem:76.35M (Peak 76.35M) | Time:00:00.04 | Mem:0.02M, Peak:0.02M | Scene, ViewLayer | Synchronizing object | FrontRight_low_light
Fra:1 Mem:76.35M (Peak 76.35M) | Time:00:00.04 | Mem:0.02M, Peak:0.02M | Scene, ViewLayer | Synchronizing object | FrontRight_tall_light
Fra:1 Mem:76.35M (Peak 76.35M) | Time:00:00.04 | Mem:0.02M, Peak:0.02M | Scene, ViewLayer | Synchronizing object | Tribunal_6_open_hood
Fra:1 Mem:76.36M (Peak 76.36M) | Time:00:00.04 | Mem:0.02M, Peak:0.02M | Scene, ViewLayer | Synchronizing object | Tribunal_6_shadowed_face
Fra:1 Mem:76.36M (Peak 76.36M) | Time:00:00.04 | Mem:0.02M, Peak:0.02M | Scene, ViewLayer | Synchronizing object | Bent draped upper sleeve.010
Fra:1 Mem:76.37M (Peak 76.37M) | Time:00:00.04 | Mem:0.02M, Peak:0.02M | Scene, ViewLayer | Synchronizing object | Forearm resting on table.010
Fra:1 Mem:76.37M (Peak 76.37M) | Time:00:00.04 | Mem:0.02M, Peak:0.02M | Scene, ViewLayer | Synchronizing object | Simple dark glove.010
Fra:1 Mem:76.37M (Peak 76.37M) | Time:00:00.04 | Mem:0.02M, Peak:0.02M | Scene, ViewLayer | Synchronizing object | Bent draped upper sleeve.011
Fra:1 Mem:76.38M (Peak 76.38M) | Time:00:00.04 | Mem:0.02M, Peak:0.02M | Scene, ViewLayer | Synchronizing object | FrontLeft_low_light
Fra:1 Mem:76.38M (Peak 76.38M) | Time:00:00.04 | Mem:0.02M, Peak:0.02M | Scene, ViewLayer | Synchronizing object | FrontLeft_tall_light
Fra:1 Mem:76.38M (Peak 76.38M) | Time:00:00.04 | Mem:0.02M, Peak:0.02M | Scene, ViewLayer | Synchronizing object | Atmosphere volume (render only)
Fra:1 Mem:76.38M (Peak 76.38M) | Time:00:00.04 | Mem:0.02M, Peak:0.02M | Scene, ViewLayer | Synchronizing object | Rear_bench_1_flame
Fra:1 Mem:76.38M (Peak 76.38M) | Time:00:00.04 | Mem:0.02M, Peak:0.02M | Scene, ViewLayer | Synchronizing object | Tribunal_7_cloaked_body
Fra:1 Mem:76.38M (Peak 76.38M) | Time:00:00.04 | Mem:0.02M, Peak:0.02M | Scene, ViewLayer | Synchronizing object | Tribunal_7_open_hood
Fra:1 Mem:76.39M (Peak 76.39M) | Time:00:00.04 | Mem:0.02M, Peak:0.02M | Scene, ViewLayer | Synchronizing object | Tribunal_7_shadowed_face
Fra:1 Mem:76.40M (Peak 76.40M) | Time:00:00.04 | Mem:0.02M, Peak:0.02M | Scene, ViewLayer | Synchronizing object | Bent draped upper sleeve.012
Fra:1 Mem:76.41M (Peak 76.41M) | Time:00:00.04 | Mem:0.02M, Peak:0.02M | Scene, ViewLayer | Synchronizing object | Forearm resting on table.012
Fra:1 Mem:76.41M (Peak 76.41M) | Time:00:00.04 | Mem:0.02M, Peak:0.02M | Scene, ViewLayer | Synchronizing object | Simple dark glove.012
Fra:1 Mem:76.41M (Peak 76.41M) | Time:00:00.04 | Mem:0.02M, Peak:0.02M | Scene, ViewLayer | Synchronizing object | Simple dark glove.013
Fra:1 Mem:76.41M (Peak 76.41M) | Time:00:00.04 | Mem:0.02M, Peak:0.02M | Scene, ViewLayer | Synchronizing object | FrontLeft_tall_holder
Fra:1 Mem:76.45M (Peak 76.45M) | Time:00:00.04 | Mem:0.02M, Peak:0.02M | Scene, ViewLayer | Synchronizing object | FrontLeft_tall_drip_dish
Fra:1 Mem:76.46M (Peak 76.46M) | Time:00:00.04 | Mem:0.02M, Peak:0.02M | Scene, ViewLayer | Synchronizing object | FrontLeft_tall_wick
Fra:1 Mem:76.47M (Peak 76.47M) | Time:00:00.04 | Mem:0.02M, Peak:0.02M | Scene, ViewLayer | Synchronizing object | FrontLeft_low_wax
Fra:1 Mem:76.47M (Peak 76.47M) | Time:00:00.04 | Mem:0.02M, Peak:0.02M | Scene, ViewLayer | Synchronizing object | FrontLeft_low_flame
Fra:1 Mem:76.48M (Peak 76.48M) | Time:00:00.04 | Mem:0.02M, Peak:0.02M | Scene, ViewLayer | Synchronizing object | FrontLeft_stump_holder
Fra:1 Mem:76.50M (Peak 76.50M) | Time:00:00.04 | Mem:0.02M, Peak:0.02M | Scene, ViewLayer | Synchronizing object | FrontLeft_stump_wax
Fra:1 Mem:76.51M (Peak 76.51M) | Time:00:00.04 | Mem:0.02M, Peak:0.02M | Scene, ViewLayer | Synchronizing object | FrontLeft_stump_drip_dish
Fra:1 Mem:76.51M (Peak 76.51M) | Time:00:00.04 | Mem:0.02M, Peak:0.02M | Scene, ViewLayer | Synchronizing object | FrontLeft_stump_wick
Fra:1 Mem:76.55M (Peak 76.55M) | Time:00:00.05 | Mem:0.02M, Peak:0.02M | Scene, ViewLayer | Synchronizing object | FrontRight_tall_holder
Fra:1 Mem:76.57M (Peak 76.57M) | Time:00:00.05 | Mem:0.02M, Peak:0.02M | Scene, ViewLayer | Synchronizing object | FrontRight_tall_wax
Fra:1 Mem:76.60M (Peak 76.60M) | Time:00:00.05 | Mem:0.02M, Peak:0.02M | Scene, ViewLayer | Synchronizing object | FrontRight_tall_drip_dish
Fra:1 Mem:76.60M (Peak 76.60M) | Time:00:00.05 | Mem:0.02M, Peak:0.02M | Scene, ViewLayer | Synchronizing object | FrontRight_low_wax
Fra:1 Mem:76.62M (Peak 76.62M) | Time:00:00.05 | Mem:0.02M, Peak:0.02M | Scene, ViewLayer | Synchronizing object | FrontRight_low_drip_dish
Fra:1 Mem:76.62M (Peak 76.62M) | Time:00:00.05 | Mem:0.02M, Peak:0.02M | Scene, ViewLayer | Synchronizing object | FrontRight_low_flame
Fra:1 Mem:76.63M (Peak 76.63M) | Time:00:00.05 | Mem:0.02M, Peak:0.02M | Scene, ViewLayer | Synchronizing object | Back iron floor stand
Fra:1 Mem:76.65M (Peak 76.65M) | Time:00:00.05 | Mem:0.02M, Peak:0.02M | Scene, ViewLayer | Synchronizing object | Candelabrum arm
Fra:1 Mem:76.66M (Peak 76.66M) | Time:00:00.05 | Mem:0.02M, Peak:0.02M | Scene, ViewLayer | Synchronizing object | Back_-1_0_drip_dish
Fra:1 Mem:76.68M (Peak 76.68M) | Time:00:00.05 | Mem:0.02M, Peak:0.02M | Scene, ViewLayer | Synchronizing object | Rear_bench_1_drip_dish
Fra:1 Mem:76.69M (Peak 76.69M) | Time:00:00.05 | Mem:0.02M, Peak:0.02M | Scene, ViewLayer | Synchronizing object | Back_-1_0_wick
Fra:1 Mem:76.71M (Peak 76.71M) | Time:00:00.05 | Mem:0.02M, Peak:0.02M | Scene, ViewLayer | Synchronizing object | Rear_bench_1_wax
Fra:1 Mem:76.71M (Peak 76.71M) | Time:00:00.05 | Mem:0.02M, Peak:0.02M | Scene, ViewLayer | Synchronizing object | Back_-1_1_wax
Fra:1 Mem:76.73M (Peak 76.73M) | Time:00:00.05 | Mem:0.02M, Peak:0.02M | Scene, ViewLayer | Synchronizing object | Candelabrum arm.002
Fra:1 Mem:76.76M (Peak 76.76M) | Time:00:00.05 | Mem:0.02M, Peak:0.02M | Scene, ViewLayer | Synchronizing object | Back_-1_2_wax
Fra:1 Mem:76.76M (Peak 76.76M) | Time:00:00.05 | Mem:0.02M, Peak:0.02M | Scene, ViewLayer | Synchronizing object | Back_-1_2_drip_dish
Fra:1 Mem:76.77M (Peak 76.77M) | Time:00:00.05 | Mem:0.02M, Peak:0.02M | Scene, ViewLayer | Synchronizing object | Back_-1_2_flame
Fra:1 Mem:76.78M (Peak 76.78M) | Time:00:00.05 | Mem:0.02M, Peak:0.02M | Scene, ViewLayer | Synchronizing object | Back iron floor stand.001
Fra:1 Mem:76.80M (Peak 76.80M) | Time:00:00.05 | Mem:0.02M, Peak:0.02M | Scene, ViewLayer | Synchronizing object | Back_1_0_wax
Fra:1 Mem:76.81M (Peak 76.81M) | Time:00:00.05 | Mem:0.02M, Peak:0.02M | Scene, ViewLayer | Synchronizing object | Back_1_0_wick
Fra:1 Mem:76.81M (Peak 76.81M) | Time:00:00.05 | Mem:0.02M, Peak:0.02M | Scene, ViewLayer | Synchronizing object | Back_1_0_flame
Fra:1 Mem:76.82M (Peak 76.82M) | Time:00:00.05 | Mem:0.02M, Peak:0.02M | Scene, ViewLayer | Synchronizing object | Back_1_1_wax
Fra:1 Mem:76.84M (Peak 76.84M) | Time:00:00.05 | Mem:0.02M, Peak:0.02M | Scene, ViewLayer | Synchronizing object | Back_1_1_drip_dish
Fra:1 Mem:76.86M (Peak 76.86M) | Time:00:00.05 | Mem:0.02M, Peak:0.02M | Scene, ViewLayer | Synchronizing object | Back_1_1_wick
Fra:1 Mem:76.86M (Peak 76.86M) | Time:00:00.05 | Mem:0.02M, Peak:0.02M | Scene, ViewLayer | Synchronizing object | Back_1_2_wax
Fra:1 Mem:76.86M (Peak 76.86M) | Time:00:00.05 | Mem:0.02M, Peak:0.02M | Scene, ViewLayer | Synchronizing object | Back_1_2_drip_dish
Fra:1 Mem:76.88M (Peak 76.88M) | Time:00:00.05 | Mem:0.02M, Peak:0.02M | Scene, ViewLayer | Synchronizing object | Back_1_2_wick
Fra:1 Mem:76.89M (Peak 76.89M) | Time:00:00.05 | Mem:0.02M, Peak:0.02M | Scene, ViewLayer | Synchronizing object | Back_1_2_flame
Fra:1 Mem:76.89M (Peak 76.89M) | Time:00:00.05 | Mem:0.02M, Peak:0.02M | Scene, ViewLayer | Synchronizing object | Altar_-1_holder
Fra:1 Mem:76.92M (Peak 76.92M) | Time:00:00.05 | Mem:0.02M, Peak:0.02M | Scene, ViewLayer | Synchronizing object | Altar_-1_wax
Fra:1 Mem:76.93M (Peak 76.93M) | Time:00:00.05 | Mem:0.02M, Peak:0.02M | Scene, ViewLayer | Synchronizing object | Altar_-1_drip_dish
Fra:1 Mem:76.94M (Peak 76.94M) | Time:00:00.05 | Mem:0.02M, Peak:0.02M | Scene, ViewLayer | Synchronizing object | Niche_-1_holder
Fra:1 Mem:76.97M (Peak 76.97M) | Time:00:00.05 | Mem:0.02M, Peak:0.02M | Scene, ViewLayer | Synchronizing object | Niche_-1_wax
Fra:1 Mem:76.97M (Peak 76.97M) | Time:00:00.05 | Mem:0.02M, Peak:0.02M | Scene, ViewLayer | Synchronizing object | Niche_-1_drip_dish
Fra:1 Mem:76.98M (Peak 76.98M) | Time:00:00.05 | Mem:0.02M, Peak:0.02M | Scene, ViewLayer | Synchronizing object | Niche_1_flame
Fra:1 Mem:77.00M (Peak 77.00M) | Time:00:00.05 | Mem:0.02M, Peak:0.02M | Scene, ViewLayer | Synchronizing object | Niche_-1_flame
Fra:1 Mem:77.00M (Peak 77.00M) | Time:00:00.05 | Mem:0.02M, Peak:0.02M | Scene, ViewLayer | Synchronizing object | Niche_1_wick
Fra:1 Mem:77.02M (Peak 77.02M) | Time:00:00.05 | Mem:0.02M, Peak:0.02M | Scene, ViewLayer | Synchronizing object | Rear_bench_-1_holder
Fra:1 Mem:77.05M (Peak 77.05M) | Time:00:00.05 | Mem:0.02M, Peak:0.02M | Scene, ViewLayer | Synchronizing object | Niche_1_drip_dish
Fra:1 Mem:77.06M (Peak 77.06M) | Time:00:00.05 | Mem:0.02M, Peak:0.02M | Scene, ViewLayer | Synchronizing object | Rear_bench_-1_drip_dish
Fra:1 Mem:77.09M (Peak 77.09M) | Time:00:00.05 | Mem:0.02M, Peak:0.02M | Scene, ViewLayer | Synchronizing object | Rear_bench_-1_wick
Fra:1 Mem:77.09M (Peak 77.09M) | Time:00:00.05 | Mem:0.02M, Peak:0.02M | Scene, ViewLayer | Synchronizing object | Altar_1_wax
Fra:1 Mem:77.09M (Peak 77.09M) | Time:00:00.05 | Mem:0.02M, Peak:0.02M | Scene, ViewLayer | Synchronizing object | Altar_1_wick
Fra:1 Mem:77.10M (Peak 77.10M) | Time:00:00.05 | Mem:0.02M, Peak:0.02M | Scene, ViewLayer | Synchronizing object | Altar_1_flame
Fra:1 Mem:77.10M (Peak 77.10M) | Time:00:00.05 | Mem:0.02M, Peak:0.02M | Scene, ViewLayer | Synchronizing object | Niche_1_holder
Fra:1 Mem:77.13M (Peak 77.13M) | Time:00:00.05 | Mem:0.02M, Peak:0.02M | Scene, ViewLayer | Synchronizing object | Niche_1_wax
Fra:1 Mem:77.21M (Peak 77.21M) | Time:00:00.05 | Mem:0.02M, Peak:0.02M | Scene, ViewLayer | Initializing
Fra:1 Mem:46.67M (Peak 77.21M) | Time:00:00.05 | Mem:0.02M, Peak:0.02M | Scene, ViewLayer | Waiting for render to start
Fra:1 Mem:46.67M (Peak 77.21M) | Time:00:00.05 | Mem:0.02M, Peak:0.02M | Scene, ViewLayer | Updating Scene
Fra:1 Mem:46.67M (Peak 77.21M) | Time:00:00.05 | Mem:0.02M, Peak:0.02M | Scene, ViewLayer | Updating Shaders
Fra:1 Mem:46.67M (Peak 77.21M) | Time:00:00.05 | Mem:0.02M, Peak:0.02M | Scene, ViewLayer | Loading render kernels (may take a few minutes the first time)
Fra:1 Mem:46.75M (Peak 77.21M) | Time:00:00.11 | Mem:0.04M, Peak:0.04M | Scene, ViewLayer | Updating Procedurals
Fra:1 Mem:46.75M (Peak 77.21M) | Time:00:00.11 | Mem:0.04M, Peak:0.04M | Scene, ViewLayer | Updating Background
Fra:1 Mem:46.75M (Peak 77.21M) | Time:00:00.11 | Mem:0.04M, Peak:0.04M | Scene, ViewLayer | Updating Camera
Fra:1 Mem:46.75M (Peak 77.21M) | Time:00:00.11 | Mem:0.04M, Peak:0.04M | Scene, ViewLayer | Updating Meshes Flags
Fra:1 Mem:46.75M (Peak 77.21M) | Time:00:00.11 | Mem:0.04M, Peak:0.04M | Scene, ViewLayer | Updating Objects
Fra:1 Mem:46.75M (Peak 77.21M) | Time:00:00.11 | Mem:0.04M, Peak:0.04M | Scene, ViewLayer | Updating Objects | Copying Transformations to device
Fra:1 Mem:46.76M (Peak 77.21M) | Time:00:00.11 | Mem:0.35M, Peak:0.35M | Scene, ViewLayer | Updating Particle Systems
Fra:1 Mem:46.76M (Peak 77.21M) | Time:00:00.11 | Mem:0.35M, Peak:0.35M | Scene, ViewLayer | Updating Particle Systems | Copying Particles to device
Fra:1 Mem:46.76M (Peak 77.21M) | Time:00:00.11 | Mem:0.35M, Peak:0.35M | Scene, ViewLayer | Updating Meshes
Fra:1 Mem:46.76M (Peak 77.21M) | Time:00:00.11 | Mem:0.35M, Peak:0.35M | Scene, ViewLayer | Updating Objects | Applying Static Transformations
Fra:1 Mem:46.76M (Peak 77.21M) | Time:00:00.11 | Mem:0.35M, Peak:0.35M | Scene, ViewLayer | Updating Mesh | Computing attributes
Fra:1 Mem:47.03M (Peak 77.21M) | Time:00:00.11 | Mem:0.38M, Peak:0.38M | Scene, ViewLayer | Updating Mesh | Copying Attributes to device
Fra:1 Mem:46.76M (Peak 77.21M) | Time:00:00.19 | Mem:0.55M, Peak:0.55M | Scene, ViewLayer | Updating Geometry BVH Cube 2/51 | Building BVH
Fra:1 Mem:46.76M (Peak 77.21M) | Time:00:00.19 | Mem:0.55M, Peak:0.55M | Scene, ViewLayer | Updating Geometry BVH Cube.003 5/104 | Building BVH
Fra:1 Mem:46.76M (Peak 77.21M) | Time:00:00.19 | Mem:0.55M, Peak:0.55M | Scene, ViewLayer | Updating Geometry BVH Cube.007 9/143 | Building BVH
Fra:1 Mem:46.76M (Peak 77.21M) | Time:00:00.19 | Mem:0.55M, Peak:0.55M | Scene, ViewLayer | Updating Geometry BVH Cube.007 9/143 | Building mesh BLAS |     108 tris | Cube.003
Fra:1 Mem:46.76M (Peak 77.21M) | Time:00:00.19 | Mem:0.55M, Peak:0.55M | Scene, ViewLayer | Updating Geometry BVH Cylinder 10/303 | Building mesh BLAS |     108 tris | Cube.002
Fra:1 Mem:46.76M (Peak 77.21M) | Time:00:00.19 | Mem:0.55M, Peak:0.55M | Scene, ViewLayer | Updating Geometry BVH light 468/467 | Building BVH
Fra:1 Mem:46.76M (Peak 77.21M) | Time:00:00.19 | Mem:0.55M, Peak:0.55M | Scene, ViewLayer | Updating Geometry BVH Faint crimson above altar 467/467 | Building BVH
Fra:1 Mem:46.76M (Peak 77.21M) | Time:00:00.19 | Mem:0.55M, Peak:0.55M | Scene, ViewLayer | Updating Geometry BVH Faint crimson above altar 467/467 | Building mesh BLAS |     108 tris | Cube.006
Fra:1 Mem:46.76M (Peak 77.21M) | Time:00:00.19 | Mem:0.55M, Peak:0.55M | Scene, ViewLayer | Updating Geometry BVH Faint crimson above altar 467/467 | Building mesh BLAS |     108 tris | Cube.004
Fra:1 Mem:46.76M (Peak 77.21M) | Time:00:00.19 | Mem:0.55M, Peak:0.55M | Scene, ViewLayer | Updating Geometry BVH Faint crimson above altar 467/467 | Building mesh BLAS |      28 tris | Cylinder
Fra:1 Mem:46.76M (Peak 77.21M) | Time:00:00.19 | Mem:0.55M, Peak:0.55M | Scene, ViewLayer | Updating Geometry BVH Faint crimson above altar 467/467 | Building mesh BLAS |     108 tris | Cube.005
Fra:1 Mem:46.76M (Peak 77.21M) | Time:00:00.19 | Mem:0.55M, Peak:0.55M | Scene, ViewLayer | Updating Geometry BVH Faint crimson above altar 467/467 | Building mesh BLAS |     108 tris | Cube.001
Fra:1 Mem:46.76M (Peak 77.21M) | Time:00:00.19 | Mem:0.55M, Peak:0.55M | Scene, ViewLayer | Updating Geometry BVH Faint crimson above altar 467/467 | Building mesh BLAS |     108 tris | Cube.007
Fra:1 Mem:46.76M (Peak 77.21M) | Time:00:00.19 | Mem:0.55M, Peak:0.55M | Scene, ViewLayer | Updating Geometry BVH Rear_bench_1_light 466/467 | Building BVH
Fra:1 Mem:46.76M (Peak 77.21M) | Time:00:00.19 | Mem:0.55M, Peak:0.55M | Scene, ViewLayer | Updating Geometry BVH Niche_1_light 465/467 | Building BVH
Fra:1 Mem:46.76M (Peak 77.21M) | Time:00:00.19 | Mem:0.55M, Peak:0.55M | Scene, ViewLayer | Updating Geometry BVH Altar_1_light 464/467 | Building BVH
Fra:1 Mem:46.76M (Peak 77.21M) | Time:00:00.19 | Mem:0.55M, Peak:0.55M | Scene, ViewLayer | Updating Geometry BVH Rear_bench_-1_light 463/467 | Building BVH
Fra:1 Mem:46.76M (Peak 77.21M) | Time:00:00.19 | Mem:0.55M, Peak:0.55M | Scene, ViewLayer | Updating Geometry BVH Niche_-1_light 462/467 | Building BVH
Fra:1 Mem:46.76M (Peak 77.21M) | Time:00:00.19 | Mem:0.55M, Peak:0.55M | Scene, ViewLayer | Updating Geometry BVH Altar_-1_light 461/467 | Building BVH
Fra:1 Mem:46.76M (Peak 77.21M) | Time:00:00.19 | Mem:0.55M, Peak:0.55M | Scene, ViewLayer | Updating Geometry BVH Back_1_2_light 460/467 | Building BVH
Fra:1 Mem:46.76M (Peak 77.21M) | Time:00:00.19 | Mem:0.55M, Peak:0.55M | Scene, ViewLayer | Updating Geometry BVH Back_1_1_light 459/467 | Building BVH
Fra:1 Mem:46.76M (Peak 77.21M) | Time:00:00.19 | Mem:0.55M, Peak:0.55M | Scene, ViewLayer | Updating Geometry BVH Back_1_0_light 458/467 | Building BVH
Fra:1 Mem:46.76M (Peak 77.21M) | Time:00:00.19 | Mem:0.55M, Peak:0.55M | Scene, ViewLayer | Updating Geometry BVH Back_-1_2_light 457/467 | Building BVH
Fra:1 Mem:46.76M (Peak 77.21M) | Time:00:00.19 | Mem:0.55M, Peak:0.55M | Scene, ViewLayer | Updating Geometry BVH Back_-1_1_light 456/467 | Building BVH
Fra:1 Mem:46.76M (Peak 77.21M) | Time:00:00.19 | Mem:0.55M, Peak:0.55M | Scene, ViewLayer | Updating Geometry BVH Back_-1_0_light 455/467 | Building BVH
Fra:1 Mem:46.76M (Peak 77.21M) | Time:00:00.19 | Mem:0.55M, Peak:0.55M | Scene, ViewLayer | Updating Geometry BVH FrontRight_low_light 454/467 | Building BVH
Fra:1 Mem:46.76M (Peak 77.21M) | Time:00:00.19 | Mem:0.55M, Peak:0.55M | Scene, ViewLayer | Updating Geometry BVH FrontRight_tall_light 453/467 | Building BVH
Fra:1 Mem:46.76M (Peak 77.21M) | Time:00:00.19 | Mem:0.55M, Peak:0.55M | Scene, ViewLayer | Updating Geometry BVH FrontLeft_stump_light 452/467 | Building BVH
Fra:1 Mem:46.76M (Peak 77.21M) | Time:00:00.19 | Mem:0.55M, Peak:0.55M | Scene, ViewLayer | Updating Geometry BVH FrontLeft_low_light 451/467 | Building BVH
Fra:1 Mem:46.76M (Peak 77.21M) | Time:00:00.19 | Mem:0.55M, Peak:0.55M | Scene, ViewLayer | Updating Geometry BVH FrontLeft_tall_light 450/467 | Building BVH
Fra:1 Mem:46.76M (Peak 77.21M) | Time:00:00.19 | Mem:0.55M, Peak:0.55M | Scene, ViewLayer | Updating Geometry BVH Cube.036 449/467 | Building BVH
Fra:1 Mem:46.76M (Peak 77.21M) | Time:00:00.19 | Mem:0.55M, Peak:0.55M | Scene, ViewLayer | Updating Geometry BVH Cube.036 449/467 | Building mesh BLAS |      12 tris | Cube.036
Fra:1 Mem:46.76M (Peak 77.21M) | Time:00:00.20 | Mem:0.55M, Peak:0.55M | Scene, ViewLayer | Updating Geometry BVH Cylinder.002 12/467 | Building BVH
Fra:1 Mem:46.76M (Peak 77.21M) | Time:00:00.20 | Mem:0.55M, Peak:0.55M | Scene, ViewLayer | Updating Geometry BVH Cylinder.003 13/467 | Building BVH
Fra:1 Mem:46.76M (Peak 77.21M) | Time:00:00.20 | Mem:0.55M, Peak:0.55M | Scene, ViewLayer | Updating Geometry BVH Cylinder.006 16/467 | Building BVH
Fra:1 Mem:46.76M (Peak 77.21M) | Time:00:00.20 | Mem:0.55M, Peak:0.55M | Scene, ViewLayer | Updating Geometry BVH Cylinder.009 19/467 | Building BVH
Fra:1 Mem:46.76M (Peak 77.21M) | Time:00:00.20 | Mem:0.55M, Peak:0.55M | Scene, ViewLayer | Updating Geometry BVH Cylinder.009 19/467 | Building mesh BLAS |      44 tris | Cylinder.006
Fra:1 Mem:46.76M (Peak 77.21M) | Time:00:00.20 | Mem:0.55M, Peak:0.55M | Scene, ViewLayer | Updating Geometry BVH Cylinder.009 19/467 | Building mesh BLAS |      44 tris | Cylinder.001
Fra:1 Mem:46.76M (Peak 77.21M) | Time:00:00.20 | Mem:0.55M, Peak:0.55M | Scene, ViewLayer | Updating Geometry BVH Cylinder.009 19/467 | Building mesh BLAS |      44 tris | Cylinder.004
Fra:1 Mem:46.76M (Peak 77.21M) | Time:00:00.20 | Mem:0.55M, Peak:0.55M | Scene, ViewLayer | Updating Geometry BVH Cylinder.009 19/467 | Building mesh BLAS |     120 tris | Rear_bench_1_flame_mesh
Fra:1 Mem:46.76M (Peak 77.21M) | Time:00:00.20 | Mem:0.55M, Peak:0.55M | Scene, ViewLayer | Updating Geometry BVH Cylinder.009 19/467 | Building mesh BLAS |      36 tris | Cylinder.008
Fra:1 Mem:46.76M (Peak 77.21M) | Time:00:00.20 | Mem:0.55M, Peak:0.55M | Scene, ViewLayer | Updating Geometry BVH Cylinder.009 19/467 | Building mesh BLAS |      36 tris | Cylinder.009
Fra:1 Mem:46.76M (Peak 77.21M) | Time:00:00.20 | Mem:0.55M, Peak:0.55M | Scene, ViewLayer | Updating Geometry BVH Cylinder.009 19/467 | Building mesh BLAS |      44 tris | Cylinder.007
Fra:1 Mem:46.76M (Peak 77.21M) | Time:00:00.20 | Mem:0.55M, Peak:0.55M | Scene, ViewLayer | Updating Geometry BVH Cylinder.010 20/467 | Building BVH
Fra:1 Mem:46.76M (Peak 77.21M) | Time:00:00.20 | Mem:0.55M, Peak:0.55M | Scene, ViewLayer | Updating Geometry BVH Cylinder.143 447/467 | Building BVH
Fra:1 Mem:46.76M (Peak 77.21M) | Time:00:00.20 | Mem:0.55M, Peak:0.55M | Scene, ViewLayer | Updating Geometry BVH Cylinder.143 447/467 | Building mesh BLAS |      36 tris | Cylinder.010
Fra:1 Mem:46.76M (Peak 77.21M) | Time:00:00.20 | Mem:0.55M, Peak:0.55M | Scene, ViewLayer | Updating Geometry BVH Cylinder.143 447/467 | Building mesh BLAS |     108 tris | Cube.008
Fra:1 Mem:46.76M (Peak 77.21M) | Time:00:00.20 | Mem:0.55M, Peak:0.55M | Scene, ViewLayer | Updating Geometry BVH Cylinder.143 447/467 | Building mesh BLAS |      24 tris | Cylinder.143
Fra:1 Mem:46.76M (Peak 77.21M) | Time:00:00.20 | Mem:0.55M, Peak:0.55M | Scene, ViewLayer | Updating Geometry BVH Cylinder.011 22/467 | Building BVH
Fra:1 Mem:46.76M (Peak 77.21M) | Time:00:00.20 | Mem:0.55M, Peak:0.55M | Scene, ViewLayer | Updating Geometry BVH Cylinder.012 23/467 | Building BVH
Fra:1 Mem:46.76M (Peak 77.21M) | Time:00:00.20 | Mem:0.55M, Peak:0.55M | Scene, ViewLayer | Updating Geometry BVH Cylinder.014 25/467 | Building BVH
Fra:1 Mem:46.76M (Peak 77.21M) | Time:00:00.20 | Mem:0.55M, Peak:0.55M | Scene, ViewLayer | Updating Geometry BVH Cylinder.014 25/467 | Building mesh BLAS |      44 tris | Cylinder.013
Fra:1 Mem:46.76M (Peak 77.21M) | Time:00:00.20 | Mem:0.55M, Peak:0.55M | Scene, ViewLayer | Updating Geometry BVH Cylinder.015 26/467 | Building BVH
Fra:1 Mem:46.76M (Peak 77.21M) | Time:00:00.20 | Mem:0.55M, Peak:0.55M | Scene, ViewLayer | Updating Geometry BVH Cylinder.015 26/467 | Building mesh BLAS |      44 tris | Cylinder.015
Fra:1 Mem:46.76M (Peak 77.21M) | Time:00:00.20 | Mem:0.55M, Peak:0.55M | Scene, ViewLayer | Updating Geometry BVH Cylinder.016 27/467 | Building BVH
Fra:1 Mem:46.76M (Peak 77.21M) | Time:00:00.20 | Mem:0.55M, Peak:0.55M | Scene, ViewLayer | Updating Geometry BVH Cylinder.016 27/467 | Building mesh BLAS |      44 tris | Cylinder.016
Fra:1 Mem:46.76M (Peak 77.21M) | Time:00:00.20 | Mem:0.55M, Peak:0.55M | Scene, ViewLayer | Updating Geometry BVH Cylinder.016 27/467 | Building mesh BLAS |      44 tris | Cylinder.014
Fra:1 Mem:46.76M (Peak 77.21M) | Time:00:00.20 | Mem:0.55M, Peak:0.55M | Scene, ViewLayer | Updating Geometry BVH Cylinder.017 28/467 | Building BVH
Fra:1 Mem:46.76M (Peak 77.21M) | Time:00:00.20 | Mem:0.55M, Peak:0.55M | Scene, ViewLayer | Updating Geometry BVH Cylinder.017 28/467 | Building mesh BLAS |      44 tris | Cylinder.017
Fra:1 Mem:46.76M (Peak 77.21M) | Time:00:00.20 | Mem:0.55M, Peak:0.55M | Scene, ViewLayer | Updating Geometry BVH Cylinder.018 29/467 | Building BVH
Fra:1 Mem:46.76M (Peak 77.21M) | Time:00:00.20 | Mem:0.55M, Peak:0.55M | Scene, ViewLayer | Updating Geometry BVH Cylinder.019 30/467 | Building BVH
Fra:1 Mem:46.76M (Peak 77.21M) | Time:00:00.20 | Mem:0.55M, Peak:0.55M | Scene, ViewLayer | Updating Geometry BVH Cylinder.020 31/467 | Building BVH
Fra:1 Mem:46.76M (Peak 77.21M) | Time:00:00.20 | Mem:0.55M, Peak:0.55M | Scene, ViewLayer | Updating Geometry BVH Cylinder.021 32/467 | Building BVH
Fra:1 Mem:46.76M (Peak 77.21M) | Time:00:00.20 | Mem:0.55M, Peak:0.55M | Scene, ViewLayer | Updating Geometry BVH Cylinder.021 32/467 | Building mesh BLAS |      44 tris | Cylinder.019
Fra:1 Mem:46.76M (Peak 77.21M) | Time:00:00.20 | Mem:0.55M, Peak:0.55M | Scene, ViewLayer | Updating Geometry BVH Cylinder.022 33/467 | Building BVH
Fra:1 Mem:46.76M (Peak 77.21M) | Time:00:00.20 | Mem:0.55M, Peak:0.55M | Scene, ViewLayer | Updating Geometry BVH Cylinder.023 34/467 | Building BVH
Fra:1 Mem:46.76M (Peak 77.21M) | Time:00:00.20 | Mem:0.55M, Peak:0.55M | Scene, ViewLayer | Updating Geometry BVH Cylinder.023 34/467 | Building mesh BLAS |      36 tris | Cylinder.021
Fra:1 Mem:46.76M (Peak 77.21M) | Time:00:00.20 | Mem:0.55M, Peak:0.55M | Scene, ViewLayer | Updating Geometry BVH Cylinder.024 35/467 | Building BVH
Fra:1 Mem:46.76M (Peak 77.21M) | Time:00:00.20 | Mem:0.55M, Peak:0.55M | Scene, ViewLayer | Updating Geometry BVH Cylinder.024 35/467 | Building mesh BLAS |      36 tris | Cylinder.020
Fra:1 Mem:46.76M (Peak 77.21M) | Time:00:00.20 | Mem:0.55M, Peak:0.55M | Scene, ViewLayer | Updating Geometry BVH Cylinder.024 35/467 | Building mesh BLAS |      28 tris | Cylinder.024
Fra:1 Mem:46.76M (Peak 77.21M) | Time:00:00.20 | Mem:0.55M, Peak:0.55M | Scene, ViewLayer | Updating Geometry BVH Cylinder.024 35/467 | Building mesh BLAS |      36 tris | Cylinder.022
Fra:1 Mem:46.76M (Peak 77.21M) | Time:00:00.20 | Mem:0.55M, Peak:0.55M | Scene, ViewLayer | Updating Geometry BVH Rear_bench_1_drip_dish_mesh 446/467 | Building BVH
Fra:1 Mem:46.76M (Peak 77.21M) | Time:00:00.20 | Mem:0.55M, Peak:0.55M | Scene, ViewLayer | Updating Geometry BVH Rear_bench_1_drip_dish_mesh 446/467 | Building mesh BLAS |     200 tris | Rear_bench_1_drip_dish_mesh
Fra:1 Mem:46.76M (Peak 77.21M) | Time:00:00.20 | Mem:0.55M, Peak:0.55M | Scene, ViewLayer | Updating Geometry BVH Cylinder.025 36/467 | Building BVH
Fra:1 Mem:46.76M (Peak 77.21M) | Time:00:00.20 | Mem:0.55M, Peak:0.55M | Scene, ViewLayer | Updating Geometry BVH Cylinder.025 36/467 | Building mesh BLAS |      44 tris | Cylinder.025
Fra:1 Mem:46.76M (Peak 77.21M) | Time:00:00.20 | Mem:0.55M, Peak:0.55M | Scene, ViewLayer | Updating Geometry BVH Cylinder.026 37/467 | Building BVH
Fra:1 Mem:46.76M (Peak 77.21M) | Time:00:00.20 | Mem:0.55M, Peak:0.55M | Scene, ViewLayer | Updating Geometry BVH Cylinder.026 37/467 | Building mesh BLAS |      44 tris | Cylinder.026
Fra:1 Mem:46.76M (Peak 77.21M) | Time:00:00.20 | Mem:0.55M, Peak:0.55M | Scene, ViewLayer | Updating Geometry BVH Cylinder.027 38/467 | Building BVH
Fra:1 Mem:46.76M (Peak 77.21M) | Time:00:00.20 | Mem:0.55M, Peak:0.55M | Scene, ViewLayer | Updating Geometry BVH Cylinder.027 38/467 | Building mesh BLAS |      44 tris | Cylinder.027
Fra:1 Mem:46.76M (Peak 77.21M) | Time:00:00.20 | Mem:0.55M, Peak:0.55M | Scene, ViewLayer | Updating Geometry BVH Cylinder.028 39/467 | Building BVH
Fra:1 Mem:46.76M (Peak 77.21M) | Time:00:00.20 | Mem:0.55M, Peak:0.55M | Scene, ViewLayer | Updating Geometry BVH Cylinder.028 39/467 | Building mesh BLAS |      44 tris | Cylinder.028
Fra:1 Mem:46.76M (Peak 77.21M) | Time:00:00.20 | Mem:0.55M, Peak:0.55M | Scene, ViewLayer | Updating Geometry BVH Cylinder.029 40/467 | Building BVH
Fra:1 Mem:46.76M (Peak 77.21M) | Time:00:00.20 | Mem:0.55M, Peak:0.55M | Scene, ViewLayer | Updating Geometry BVH Cylinder.029 40/467 | Building mesh BLAS |      44 tris | Cylinder.029
Fra:1 Mem:46.76M (Peak 77.21M) | Time:00:00.20 | Mem:0.55M, Peak:0.55M | Scene, ViewLayer | Updating Geometry BVH Cylinder.030 41/467 | Building BVH
Fra:1 Mem:46.76M (Peak 77.21M) | Time:00:00.20 | Mem:0.55M, Peak:0.55M | Scene, ViewLayer | Updating Geometry BVH Cylinder.030 41/467 | Building mesh BLAS |      44 tris | Cylinder.030
Fra:1 Mem:46.76M (Peak 77.21M) | Time:00:00.20 | Mem:0.55M, Peak:0.55M | Scene, ViewLayer | Updating Geometry BVH Cylinder.142 445/467 | Building BVH
Fra:1 Mem:46.76M (Peak 77.21M) | Time:00:00.20 | Mem:0.55M, Peak:0.55M | Scene, ViewLayer | Updating Geometry BVH Cylinder.031 42/467 | Building BVH
Fra:1 Mem:46.76M (Peak 77.21M) | Time:00:00.20 | Mem:0.55M, Peak:0.55M | Scene, ViewLayer | Updating Geometry BVH Cylinder.031 42/467 | Building mesh BLAS |      60 tris | Cylinder.142
Fra:1 Mem:46.76M (Peak 77.21M) | Time:00:00.20 | Mem:0.55M, Peak:0.55M | Scene, ViewLayer | Updating Geometry BVH Cylinder.032 43/467 | Building BVH
Fra:1 Mem:46.76M (Peak 77.21M) | Time:00:00.20 | Mem:0.55M, Peak:0.55M | Scene, ViewLayer | Updating Geometry BVH Cylinder.032 43/467 | Building mesh BLAS |      36 tris | Cylinder.032
Fra:1 Mem:46.76M (Peak 77.21M) | Time:00:00.20 | Mem:0.55M, Peak:0.55M | Scene, ViewLayer | Updating Geometry BVH Cylinder.033 44/467 | Building BVH
Fra:1 Mem:46.76M (Peak 77.21M) | Time:00:00.20 | Mem:0.55M, Peak:0.55M | Scene, ViewLayer | Updating Geometry BVH Cylinder.034 45/467 | Building BVH
Fra:1 Mem:46.76M (Peak 77.21M) | Time:00:00.20 | Mem:0.55M, Peak:0.55M | Scene, ViewLayer | Updating Geometry BVH Cylinder.034 45/467 | Building mesh BLAS |      36 tris | Cylinder.033
Fra:1 Mem:46.76M (Peak 77.21M) | Time:00:00.20 | Mem:0.55M, Peak:0.55M | Scene, ViewLayer | Updating Geometry BVH Cylinder.035 46/467 | Building BVH
Fra:1 Mem:46.76M (Peak 77.21M) | Time:00:00.20 | Mem:0.55M, Peak:0.55M | Scene, ViewLayer | Updating Geometry BVH Cylinder.036 47/467 | Building BVH
Fra:1 Mem:46.76M (Peak 77.21M) | Time:00:00.20 | Mem:0.55M, Peak:0.55M | Scene, ViewLayer | Updating Geometry BVH Cylinder.036 47/467 | Building mesh BLAS |      28 tris | Cylinder.036
Fra:1 Mem:46.76M (Peak 77.21M) | Time:00:00.20 | Mem:0.55M, Peak:0.55M | Scene, ViewLayer | Updating Geometry BVH Cylinder.036 47/467 | Building mesh BLAS |      28 tris | Cylinder.035
Fra:1 Mem:46.76M (Peak 77.21M) | Time:00:00.20 | Mem:0.55M, Peak:0.55M | Scene, ViewLayer | Updating Geometry BVH Cylinder.037 48/467 | Building BVH
Fra:1 Mem:46.76M (Peak 77.21M) | Time:00:00.20 | Mem:0.55M, Peak:0.55M | Scene, ViewLayer | Updating Geometry BVH Cylinder.037 48/467 | Building mesh BLAS |      44 tris | Cylinder.037
Fra:1 Mem:46.76M (Peak 77.21M) | Time:00:00.20 | Mem:0.55M, Peak:0.55M | Scene, ViewLayer | Updating Geometry BVH Cylinder.038 49/467 | Building BVH
Fra:1 Mem:46.76M (Peak 77.21M) | Time:00:00.20 | Mem:0.55M, Peak:0.55M | Scene, ViewLayer | Updating Geometry BVH Cylinder.038 49/467 | Building mesh BLAS |      44 tris | Cylinder.038
Fra:1 Mem:46.76M (Peak 77.21M) | Time:00:00.20 | Mem:0.55M, Peak:0.55M | Scene, ViewLayer | Updating Geometry BVH Cylinder.039 50/467 | Building BVH
Fra:1 Mem:46.76M (Peak 77.21M) | Time:00:00.20 | Mem:0.55M, Peak:0.55M | Scene, ViewLayer | Updating Geometry BVH Cylinder.039 50/467 | Building mesh BLAS |      44 tris | Cylinder.039
Fra:1 Mem:46.76M (Peak 77.21M) | Time:00:00.20 | Mem:0.55M, Peak:0.55M | Scene, ViewLayer | Updating Geometry BVH Cylinder.040 51/467 | Building BVH
Fra:1 Mem:46.76M (Peak 77.21M) | Time:00:00.20 | Mem:0.55M, Peak:0.55M | Scene, ViewLayer | Updating Geometry BVH Cylinder.040 51/467 | Building mesh BLAS |      44 tris | Cylinder.040
Fra:1 Mem:46.76M (Peak 77.21M) | Time:00:00.20 | Mem:0.55M, Peak:0.55M | Scene, ViewLayer | Updating Geometry BVH Cylinder.042 53/467 | Building BVH
Fra:1 Mem:46.76M (Peak 77.21M) | Time:00:00.20 | Mem:0.55M, Peak:0.55M | Scene, ViewLayer | Updating Geometry BVH Cylinder.043 54/467 | Building BVH
Fra:1 Mem:46.76M (Peak 77.21M) | Time:00:00.20 | Mem:0.55M, Peak:0.55M | Scene, ViewLayer | Updating Geometry BVH Cylinder.043 54/467 | Building mesh BLAS |      44 tris | Cylinder.042
Fra:1 Mem:46.76M (Peak 77.21M) | Time:00:00.20 | Mem:0.55M, Peak:0.55M | Scene, ViewLayer | Updating Geometry BVH Cylinder.043 54/467 | Building mesh BLAS |      44 tris | Cylinder.041
Fra:1 Mem:46.76M (Peak 77.21M) | Time:00:00.20 | Mem:0.55M, Peak:0.55M | Scene, ViewLayer | Updating Geometry BVH Cylinder.044 55/467 | Building BVH
Fra:1 Mem:46.76M (Peak 77.21M) | Time:00:00.20 | Mem:0.55M, Peak:0.55M | Scene, ViewLayer | Updating Geometry BVH Cylinder.044 55/467 | Building mesh BLAS |      36 tris | Cylinder.044
Fra:1 Mem:46.76M (Peak 77.21M) | Time:00:00.20 | Mem:0.55M, Peak:0.55M | Scene, ViewLayer | Updating Geometry BVH Cylinder.045 56/467 | Building BVH
Fra:1 Mem:46.76M (Peak 77.21M) | Time:00:00.20 | Mem:0.55M, Peak:0.55M | Scene, ViewLayer | Updating Geometry BVH Cylinder.046 57/467 | Building BVH
Fra:1 Mem:46.76M (Peak 77.21M) | Time:00:00.20 | Mem:0.55M, Peak:0.55M | Scene, ViewLayer | Updating Geometry BVH Cylinder.046 57/467 | Building mesh BLAS |      36 tris | Cylinder.045
Fra:1 Mem:46.76M (Peak 77.21M) | Time:00:00.20 | Mem:0.55M, Peak:0.55M | Scene, ViewLayer | Updating Geometry BVH Cylinder.046 57/467 | Building mesh BLAS |      36 tris | Cylinder.046
Fra:1 Mem:46.76M (Peak 77.21M) | Time:00:00.20 | Mem:0.55M, Peak:0.55M | Scene, ViewLayer | Updating Geometry BVH Cylinder.046 57/467 | Building mesh BLAS |      44 tris | Cylinder.043
Fra:1 Mem:46.76M (Peak 77.21M) | Time:00:00.20 | Mem:0.55M, Peak:0.55M | Scene, ViewLayer | Updating Geometry BVH Cylinder.047 58/467 | Building BVH
Fra:1 Mem:46.76M (Peak 77.21M) | Time:00:00.20 | Mem:0.55M, Peak:0.55M | Scene, ViewLayer | Updating Geometry BVH Cylinder.047 58/467 | Building mesh BLAS |      28 tris | Cylinder.047
Fra:1 Mem:46.76M (Peak 77.21M) | Time:00:00.20 | Mem:0.55M, Peak:0.55M | Scene, ViewLayer | Updating Geometry BVH Rear_bench_1_holder_mesh 444/467 | Building BVH
Fra:1 Mem:46.76M (Peak 77.21M) | Time:00:00.20 | Mem:0.55M, Peak:0.55M | Scene, ViewLayer | Updating Geometry BVH Cylinder.048 59/467 | Building BVH
Fra:1 Mem:46.76M (Peak 77.21M) | Time:00:00.20 | Mem:0.55M, Peak:0.55M | Scene, ViewLayer | Updating Geometry BVH Cylinder.048 59/467 | Building mesh BLAS |     360 tris | Rear_bench_1_holder_mesh
Fra:1 Mem:46.76M (Peak 77.21M) | Time:00:00.20 | Mem:0.55M, Peak:0.55M | Scene, ViewLayer | Updating Geometry BVH Cylinder.048 59/467 | Building mesh BLAS |      28 tris | Cylinder.048
Fra:1 Mem:46.76M (Peak 77.21M) | Time:00:00.20 | Mem:0.55M, Peak:0.55M | Scene, ViewLayer | Updating Geometry BVH Cylinder.049 60/467 | Building BVH
Fra:1 Mem:46.76M (Peak 77.21M) | Time:00:00.20 | Mem:0.55M, Peak:0.55M | Scene, ViewLayer | Updating Geometry BVH Cylinder.049 60/467 | Building mesh BLAS |      44 tris | Cylinder.049
Fra:1 Mem:46.76M (Peak 77.21M) | Time:00:00.20 | Mem:0.55M, Peak:0.55M | Scene, ViewLayer | Updating Geometry BVH Cylinder.050 61/467 | Building BVH
Fra:1 Mem:46.76M (Peak 77.21M) | Time:00:00.20 | Mem:0.55M, Peak:0.55M | Scene, ViewLayer | Updating Geometry BVH Cylinder.051 62/467 | Building BVH
Fra:1 Mem:46.76M (Peak 77.21M) | Time:00:00.20 | Mem:0.55M, Peak:0.55M | Scene, ViewLayer | Updating Geometry BVH Cylinder.051 62/467 | Building mesh BLAS |      44 tris | Cylinder.050
Fra:1 Mem:46.76M (Peak 77.21M) | Time:00:00.20 | Mem:0.55M, Peak:0.55M | Scene, ViewLayer | Updating Geometry BVH Cylinder.052 63/467 | Building BVH
Fra:1 Mem:46.76M (Peak 77.21M) | Time:00:00.20 | Mem:0.55M, Peak:0.55M | Scene, ViewLayer | Updating Geometry BVH Cylinder.052 63/467 | Building mesh BLAS |      44 tris | Cylinder.052
Fra:1 Mem:46.76M (Peak 77.21M) | Time:00:00.20 | Mem:0.55M, Peak:0.55M | Scene, ViewLayer | Updating Geometry BVH Cylinder.053 64/467 | Building BVH
Fra:1 Mem:46.76M (Peak 77.21M) | Time:00:00.20 | Mem:0.55M, Peak:0.55M | Scene, ViewLayer | Updating Geometry BVH Cylinder.054 65/467 | Building BVH
Fra:1 Mem:46.76M (Peak 77.21M) | Time:00:00.20 | Mem:0.55M, Peak:0.55M | Scene, ViewLayer | Updating Geometry BVH Cylinder.054 65/467 | Building mesh BLAS |      44 tris | Cylinder.053
Fra:1 Mem:46.76M (Peak 77.21M) | Time:00:00.20 | Mem:0.55M, Peak:0.55M | Scene, ViewLayer | Updating Geometry BVH Cylinder.054 65/467 | Building mesh BLAS |      44 tris | Cylinder.054
Fra:1 Mem:46.76M (Peak 77.21M) | Time:00:00.20 | Mem:0.55M, Peak:0.55M | Scene, ViewLayer | Updating Geometry BVH Cylinder.055 66/467 | Building BVH
Fra:1 Mem:46.76M (Peak 77.21M) | Time:00:00.20 | Mem:0.55M, Peak:0.55M | Scene, ViewLayer | Updating Geometry BVH Cylinder.056 67/467 | Building BVH
Fra:1 Mem:46.76M (Peak 77.21M) | Time:00:00.20 | Mem:0.55M, Peak:0.55M | Scene, ViewLayer | Updating Geometry BVH Cylinder.057 68/467 | Building BVH
Fra:1 Mem:46.76M (Peak 77.21M) | Time:00:00.20 | Mem:0.55M, Peak:0.55M | Scene, ViewLayer | Updating Geometry BVH Cylinder.057 68/467 | Building mesh BLAS |      36 tris | Cylinder.056
Fra:1 Mem:46.76M (Peak 77.21M) | Time:00:00.20 | Mem:0.55M, Peak:0.55M | Scene, ViewLayer | Updating Geometry BVH Cylinder.057 68/467 | Building mesh BLAS |      36 tris | Cylinder.057
Fra:1 Mem:46.76M (Peak 77.21M) | Time:00:00.20 | Mem:0.55M, Peak:0.55M | Scene, ViewLayer | Updating Geometry BVH Niche_1_flame_mesh 443/467 | Building BVH
Fra:1 Mem:46.76M (Peak 77.21M) | Time:00:00.20 | Mem:0.55M, Peak:0.55M | Scene, ViewLayer | Updating Geometry BVH Niche_1_flame_mesh 443/467 | Building mesh BLAS |     120 tris | Niche_1_flame_mesh
Fra:1 Mem:46.76M (Peak 77.21M) | Time:00:00.20 | Mem:0.55M, Peak:0.55M | Scene, ViewLayer | Updating Geometry BVH Cylinder.058 69/467 | Building BVH
Fra:1 Mem:46.76M (Peak 77.21M) | Time:00:00.20 | Mem:0.55M, Peak:0.55M | Scene, ViewLayer | Updating Geometry BVH Cylinder.058 69/467 | Building mesh BLAS |      36 tris | Cylinder.058
Fra:1 Mem:46.76M (Peak 77.21M) | Time:00:00.20 | Mem:0.55M, Peak:0.55M | Scene, ViewLayer | Updating Geometry BVH Cylinder.059 70/467 | Building BVH
Fra:1 Mem:46.76M (Peak 77.21M) | Time:00:00.20 | Mem:0.55M, Peak:0.55M | Scene, ViewLayer | Updating Geometry BVH Cylinder.059 70/467 | Building mesh BLAS |      28 tris | Cylinder.059
Fra:1 Mem:46.76M (Peak 77.21M) | Time:00:00.20 | Mem:0.55M, Peak:0.55M | Scene, ViewLayer | Updating Geometry BVH Cylinder.060 71/467 | Building BVH
Fra:1 Mem:46.76M (Peak 77.21M) | Time:00:00.20 | Mem:0.55M, Peak:0.55M | Scene, ViewLayer | Updating Geometry BVH Cylinder.060 71/467 | Building mesh BLAS |      28 tris | Cylinder.060
Fra:1 Mem:46.76M (Peak 77.21M) | Time:00:00.20 | Mem:0.55M, Peak:0.55M | Scene, ViewLayer | Updating Geometry BVH Cylinder.061 72/467 | Building BVH
Fra:1 Mem:46.76M (Peak 77.21M) | Time:00:00.20 | Mem:0.55M, Peak:0.55M | Scene, ViewLayer | Updating Geometry BVH Cylinder.063 74/467 | Building BVH
Fra:1 Mem:46.76M (Peak 77.21M) | Time:00:00.20 | Mem:0.55M, Peak:0.55M | Scene, ViewLayer | Updating Geometry BVH Cylinder.063 74/467 | Building mesh BLAS |      44 tris | Cylinder.061
Fra:1 Mem:46.76M (Peak 77.21M) | Time:00:00.20 | Mem:0.55M, Peak:0.55M | Scene, ViewLayer | Updating Geometry BVH Cylinder.063 74/467 | Building mesh BLAS |      44 tris | Cylinder.063
Fra:1 Mem:46.76M (Peak 77.21M) | Time:00:00.20 | Mem:0.55M, Peak:0.55M | Scene, ViewLayer | Updating Geometry BVH Cylinder.063 74/467 | Building mesh BLAS |      44 tris | Cylinder.062
Fra:1 Mem:46.76M (Peak 77.21M) | Time:00:00.20 | Mem:0.55M, Peak:0.55M | Scene, ViewLayer | Updating Geometry BVH Cylinder.064 75/467 | Building BVH
Fra:1 Mem:46.76M (Peak 77.21M) | Time:00:00.20 | Mem:0.55M, Peak:0.55M | Scene, ViewLayer | Updating Geometry BVH Cylinder.064 75/467 | Building mesh BLAS |      44 tris | Cylinder.064
Fra:1 Mem:46.76M (Peak 77.21M) | Time:00:00.20 | Mem:0.55M, Peak:0.55M | Scene, ViewLayer | Updating Geometry BVH Cylinder.065 76/467 | Building BVH
Fra:1 Mem:46.76M (Peak 77.21M) | Time:00:00.20 | Mem:0.55M, Peak:0.55M | Scene, ViewLayer | Updating Geometry BVH Cylinder.065 76/467 | Building mesh BLAS |      44 tris | Cylinder.065
Fra:1 Mem:46.76M (Peak 77.21M) | Time:00:00.20 | Mem:0.55M, Peak:0.55M | Scene, ViewLayer | Updating Geometry BVH Cylinder.141 442/467 | Building BVH
Fra:1 Mem:46.76M (Peak 77.21M) | Time:00:00.20 | Mem:0.55M, Peak:0.55M | Scene, ViewLayer | Updating Geometry BVH Cylinder.141 442/467 | Building mesh BLAS |      24 tris | Cylinder.141
Fra:1 Mem:46.76M (Peak 77.21M) | Time:00:00.20 | Mem:0.55M, Peak:0.55M | Scene, ViewLayer | Updating Geometry BVH Cylinder.066 77/467 | Building BVH
Fra:1 Mem:46.76M (Peak 77.21M) | Time:00:00.20 | Mem:0.55M, Peak:0.55M | Scene, ViewLayer | Updating Geometry BVH Cylinder.066 77/467 | Building mesh BLAS |      44 tris | Cylinder.066
Fra:1 Mem:46.76M (Peak 77.21M) | Time:00:00.20 | Mem:0.55M, Peak:0.55M | Scene, ViewLayer | Updating Geometry BVH Cylinder.067 78/467 | Building BVH
Fra:1 Mem:46.76M (Peak 77.21M) | Time:00:00.20 | Mem:0.55M, Peak:0.55M | Scene, ViewLayer | Updating Geometry BVH Cylinder.068 79/467 | Building BVH
Fra:1 Mem:46.76M (Peak 77.21M) | Time:00:00.20 | Mem:0.55M, Peak:0.55M | Scene, ViewLayer | Updating Geometry BVH Cylinder.068 79/467 | Building mesh BLAS |      44 tris | Cylinder.067
Fra:1 Mem:46.76M (Peak 77.21M) | Time:00:00.20 | Mem:0.55M, Peak:0.55M | Scene, ViewLayer | Updating Geometry BVH Cylinder.068 79/467 | Building mesh BLAS |      36 tris | Cylinder.068
Fra:1 Mem:46.76M (Peak 77.21M) | Time:00:00.20 | Mem:0.55M, Peak:0.55M | Scene, ViewLayer | Updating Geometry BVH Cylinder.069 80/467 | Building BVH
Fra:1 Mem:46.76M (Peak 77.21M) | Time:00:00.20 | Mem:0.55M, Peak:0.55M | Scene, ViewLayer | Updating Geometry BVH Cylinder.069 80/467 | Building mesh BLAS |      36 tris | Cylinder.069
Fra:1 Mem:46.76M (Peak 77.21M) | Time:00:00.21 | Mem:0.55M, Peak:0.55M | Scene, ViewLayer | Updating Geometry BVH Cylinder.070 81/467 | Building BVH
Fra:1 Mem:46.76M (Peak 77.21M) | Time:00:00.21 | Mem:0.55M, Peak:0.55M | Scene, ViewLayer | Updating Geometry BVH Cylinder.071 82/467 | Building BVH
Fra:1 Mem:46.76M (Peak 77.21M) | Time:00:00.21 | Mem:0.55M, Peak:0.55M | Scene, ViewLayer | Updating Geometry BVH Cylinder.071 82/467 | Building mesh BLAS |      36 tris | Cylinder.070
Fra:1 Mem:46.76M (Peak 77.21M) | Time:00:00.21 | Mem:0.55M, Peak:0.55M | Scene, ViewLayer | Updating Geometry BVH Cube.009 83/467 | Building BVH
Fra:1 Mem:46.76M (Peak 77.21M) | Time:00:00.21 | Mem:0.55M, Peak:0.55M | Scene, ViewLayer | Updating Geometry BVH Cube.009 83/467 | Building mesh BLAS |     108 tris | Cube.009
Fra:1 Mem:46.76M (Peak 77.21M) | Time:00:00.21 | Mem:0.55M, Peak:0.55M | Scene, ViewLayer | Updating Geometry BVH GothicRib_voussoir_mesh 84/467 | Building BVH
Fra:1 Mem:46.76M (Peak 77.21M) | Time:00:00.21 | Mem:0.55M, Peak:0.55M | Scene, ViewLayer | Updating Geometry BVH GothicRib_voussoir_mesh 84/467 | Building mesh BLAS |      12 tris | GothicRib_voussoir_mesh
Fra:1 Mem:46.76M (Peak 77.21M) | Time:00:00.21 | Mem:0.55M, Peak:0.55M | Scene, ViewLayer | Updating Geometry BVH GothicRib_voussoir_mesh.001 85/467 | Building BVH
Fra:1 Mem:46.76M (Peak 77.21M) | Time:00:00.21 | Mem:0.55M, Peak:0.55M | Scene, ViewLayer | Updating Geometry BVH GothicRib_voussoir_mesh.001 85/467 | Building mesh BLAS |      12 tris | GothicRib_voussoir_mesh.001
Fra:1 Mem:46.76M (Peak 77.21M) | Time:00:00.21 | Mem:0.55M, Peak:0.55M | Scene, ViewLayer | Updating Geometry BVH Niche_1_drip_dish_mesh 441/467 | Building BVH
Fra:1 Mem:46.76M (Peak 77.21M) | Time:00:00.21 | Mem:0.55M, Peak:0.55M | Scene, ViewLayer | Updating Geometry BVH Niche_1_drip_dish_mesh 441/467 | Building mesh BLAS |     200 tris | Niche_1_drip_dish_mesh
Fra:1 Mem:46.76M (Peak 77.21M) | Time:00:00.21 | Mem:0.55M, Peak:0.55M | Scene, ViewLayer | Updating Geometry BVH GothicRib_voussoir_mesh.002 86/467 | Building BVH
Fra:1 Mem:46.76M (Peak 77.21M) | Time:00:00.21 | Mem:0.55M, Peak:0.55M | Scene, ViewLayer | Updating Geometry BVH GothicRib_voussoir_mesh.002 86/467 | Building mesh BLAS |      12 tris | GothicRib_voussoir_mesh.002
Fra:1 Mem:46.76M (Peak 77.21M) | Time:00:00.21 | Mem:0.55M, Peak:0.55M | Scene, ViewLayer | Updating Geometry BVH GothicRib_voussoir_mesh.003 87/467 | Building BVH
Fra:1 Mem:46.76M (Peak 77.21M) | Time:00:00.21 | Mem:0.55M, Peak:0.55M | Scene, ViewLayer | Updating Geometry BVH GothicRib_voussoir_mesh.004 88/467 | Building BVH
Fra:1 Mem:46.76M (Peak 77.21M) | Time:00:00.21 | Mem:0.55M, Peak:0.55M | Scene, ViewLayer | Updating Geometry BVH GothicRib_voussoir_mesh.004 88/467 | Building mesh BLAS |      12 tris | GothicRib_voussoir_mesh.003
Fra:1 Mem:46.76M (Peak 77.21M) | Time:00:00.21 | Mem:0.55M, Peak:0.55M | Scene, ViewLayer | Updating Geometry BVH GothicRib_voussoir_mesh.004 88/467 | Building mesh BLAS |      12 tris | GothicRib_voussoir_mesh.004
Fra:1 Mem:46.76M (Peak 77.21M) | Time:00:00.21 | Mem:0.55M, Peak:0.55M | Scene, ViewLayer | Updating Geometry BVH GothicRib_voussoir_mesh.005 89/467 | Building BVH
Fra:1 Mem:46.76M (Peak 77.21M) | Time:00:00.21 | Mem:0.55M, Peak:0.55M | Scene, ViewLayer | Updating Geometry BVH GothicRib_voussoir_mesh.005 89/467 | Building mesh BLAS |      12 tris | GothicRib_voussoir_mesh.005
Fra:1 Mem:46.76M (Peak 77.21M) | Time:00:00.21 | Mem:0.55M, Peak:0.55M | Scene, ViewLayer | Updating Geometry BVH GothicRib_voussoir_mesh.006 90/467 | Building BVH
Fra:1 Mem:46.76M (Peak 77.21M) | Time:00:00.21 | Mem:0.55M, Peak:0.55M | Scene, ViewLayer | Updating Geometry BVH GothicRib_voussoir_mesh.006 90/467 | Building mesh BLAS |      12 tris | GothicRib_voussoir_mesh.006
Fra:1 Mem:46.76M (Peak 77.21M) | Time:00:00.21 | Mem:0.55M, Peak:0.55M | Scene, ViewLayer | Updating Geometry BVH GothicRib_voussoir_mesh.007 91/467 | Building BVH
Fra:1 Mem:46.76M (Peak 77.21M) | Time:00:00.21 | Mem:0.55M, Peak:0.55M | Scene, ViewLayer | Updating Geometry BVH GothicRib_voussoir_mesh.007 91/467 | Building mesh BLAS |      12 tris | GothicRib_voussoir_mesh.007
Fra:1 Mem:46.76M (Peak 77.21M) | Time:00:00.21 | Mem:0.55M, Peak:0.55M | Scene, ViewLayer | Updating Geometry BVH GothicRib_voussoir_mesh.008 92/467 | Building BVH
Fra:1 Mem:46.76M (Peak 77.21M) | Time:00:00.21 | Mem:0.55M, Peak:0.55M | Scene, ViewLayer | Updating Geometry BVH GothicRib_voussoir_mesh.009 93/467 | Building BVH
Fra:1 Mem:46.76M (Peak 77.21M) | Time:00:00.21 | Mem:0.55M, Peak:0.55M | Scene, ViewLayer | Updating Geometry BVH GothicRib_voussoir_mesh.009 93/467 | Building mesh BLAS |      12 tris | GothicRib_voussoir_mesh.008
Fra:1 Mem:46.76M (Peak 77.21M) | Time:00:00.21 | Mem:0.55M, Peak:0.55M | Scene, ViewLayer | Updating Geometry BVH GothicRib_voussoir_mesh.009 93/467 | Building mesh BLAS |      12 tris | GothicRib_voussoir_mesh.009
Fra:1 Mem:46.76M (Peak 77.21M) | Time:00:00.21 | Mem:0.55M, Peak:0.55M | Scene, ViewLayer | Updating Geometry BVH GothicRib_voussoir_mesh.010 94/467 | Building BVH
Fra:1 Mem:46.76M (Peak 77.21M) | Time:00:00.21 | Mem:0.55M, Peak:0.55M | Scene, ViewLayer | Updating Geometry BVH GothicRib_voussoir_mesh.010 94/467 | Building mesh BLAS |      12 tris | GothicRib_voussoir_mesh.010
Fra:1 Mem:46.76M (Peak 77.21M) | Time:00:00.21 | Mem:0.55M, Peak:0.55M | Scene, ViewLayer | Updating Geometry BVH Cylinder.140 440/467 | Building BVH
Fra:1 Mem:46.76M (Peak 77.21M) | Time:00:00.21 | Mem:0.55M, Peak:0.55M | Scene, ViewLayer | Updating Geometry BVH Cylinder.140 440/467 | Building mesh BLAS |      60 tris | Cylinder.140
Fra:1 Mem:46.76M (Peak 77.21M) | Time:00:00.21 | Mem:0.55M, Peak:0.55M | Scene, ViewLayer | Updating Geometry BVH GothicRib_voussoir_mesh.011 95/467 | Building BVH
Fra:1 Mem:46.76M (Peak 77.21M) | Time:00:00.21 | Mem:0.55M, Peak:0.55M | Scene, ViewLayer | Updating Geometry BVH GothicRib_voussoir_mesh.011 95/467 | Building mesh BLAS |      12 tris | GothicRib_voussoir_mesh.011
Fra:1 Mem:46.76M (Peak 77.21M) | Time:00:00.21 | Mem:0.56M, Peak:0.56M | Scene, ViewLayer | Updating Geometry BVH GothicRib_voussoir_mesh.012 96/467 | Building BVH
Fra:1 Mem:46.76M (Peak 77.21M) | Time:00:00.21 | Mem:0.56M, Peak:0.56M | Scene, ViewLayer | Updating Geometry BVH GothicRib_voussoir_mesh.013 97/467 | Building BVH
Fra:1 Mem:46.76M (Peak 77.21M) | Time:00:00.21 | Mem:0.56M, Peak:0.56M | Scene, ViewLayer | Updating Geometry BVH GothicRib_voussoir_mesh.013 97/467 | Building mesh BLAS |      12 tris | GothicRib_voussoir_mesh.012
Fra:1 Mem:46.76M (Peak 77.21M) | Time:00:00.21 | Mem:0.56M, Peak:0.56M | Scene, ViewLayer | Updating Geometry BVH GothicRib_voussoir_mesh.013 97/467 | Building mesh BLAS |      12 tris | GothicRib_voussoir_mesh.013
Fra:1 Mem:46.76M (Peak 77.21M) | Time:00:00.21 | Mem:0.56M, Peak:0.56M | Scene, ViewLayer | Updating Geometry BVH GothicRib_voussoir_mesh.014 98/467 | Building BVH
Fra:1 Mem:46.76M (Peak 77.21M) | Time:00:00.21 | Mem:0.56M, Peak:0.56M | Scene, ViewLayer | Updating Geometry BVH GothicRib_voussoir_mesh.014 98/467 | Building mesh BLAS |      12 tris | GothicRib_voussoir_mesh.014
Fra:1 Mem:46.76M (Peak 77.21M) | Time:00:00.22 | Mem:0.58M, Peak:0.58M | Scene, ViewLayer | Updating Geometry BVH GothicRib_voussoir_mesh.015 99/467 | Building BVH
Fra:1 Mem:46.76M (Peak 77.21M) | Time:00:00.22 | Mem:0.58M, Peak:0.58M | Scene, ViewLayer | Updating Geometry BVH GothicRib_voussoir_mesh.016 100/467 | Building BVH
Fra:1 Mem:46.76M (Peak 77.21M) | Time:00:00.22 | Mem:0.58M, Peak:0.58M | Scene, ViewLayer | Updating Geometry BVH GothicRib_voussoir_mesh.016 100/467 | Building mesh BLAS |      12 tris | GothicRib_voussoir_mesh.015
Fra:1 Mem:46.76M (Peak 77.21M) | Time:00:00.22 | Mem:0.58M, Peak:0.58M | Scene, ViewLayer | Updating Geometry BVH GothicRib_voussoir_mesh.016 100/467 | Building mesh BLAS |      12 tris | GothicRib_voussoir_mesh.016
Fra:1 Mem:46.76M (Peak 77.21M) | Time:00:00.22 | Mem:0.60M, Peak:0.60M | Scene, ViewLayer | Updating Geometry BVH GothicRib_voussoir_mesh.017 101/467 | Building BVH
Fra:1 Mem:46.76M (Peak 77.21M) | Time:00:00.22 | Mem:0.61M, Peak:0.61M | Scene, ViewLayer | Updating Geometry BVH GothicRib_voussoir_mesh.018 102/467 | Building BVH
Fra:1 Mem:46.76M (Peak 77.21M) | Time:00:00.22 | Mem:0.61M, Peak:0.61M | Scene, ViewLayer | Updating Geometry BVH GothicRib_voussoir_mesh.019 103/467 | Building BVH
Fra:1 Mem:46.76M (Peak 77.21M) | Time:00:00.22 | Mem:0.61M, Peak:0.61M | Scene, ViewLayer | Updating Geometry BVH Niche_1_holder_mesh 439/467 | Building mesh BLAS |      12 tris | GothicRib_voussoir_mesh.017
Fra:1 Mem:46.76M (Peak 77.21M) | Time:00:00.22 | Mem:0.61M, Peak:0.61M | Scene, ViewLayer | Updating Geometry BVH Niche_1_holder_mesh 439/467 | Building mesh BLAS |     360 tris | Niche_1_holder_mesh
Fra:1 Mem:46.76M (Peak 77.21M) | Time:00:00.22 | Mem:0.61M, Peak:0.61M | Scene, ViewLayer | Updating Geometry BVH Niche_1_holder_mesh 439/467 | Building mesh BLAS |      12 tris | GothicRib_voussoir_mesh.019
Fra:1 Mem:46.76M (Peak 77.21M) | Time:00:00.22 | Mem:0.63M, Peak:0.63M | Scene, ViewLayer | Updating Geometry BVH GothicRib_voussoir_mesh.020 104/467 | Building BVH
Fra:1 Mem:46.76M (Peak 77.21M) | Time:00:00.22 | Mem:0.63M, Peak:0.63M | Scene, ViewLayer | Updating Geometry BVH GothicRib_voussoir_mesh.020 104/467 | Building mesh BLAS |      12 tris | GothicRib_voussoir_mesh.020
Fra:1 Mem:46.76M (Peak 77.21M) | Time:00:00.22 | Mem:0.64M, Peak:0.64M | Scene, ViewLayer | Updating Geometry BVH GothicRib_voussoir_mesh.021 105/467 | Building BVH
Fra:1 Mem:46.76M (Peak 77.21M) | Time:00:00.22 | Mem:0.64M, Peak:0.64M | Scene, ViewLayer | Updating Geometry BVH GothicRib_voussoir_mesh.022 106/467 | Building BVH
Fra:1 Mem:46.76M (Peak 77.21M) | Time:00:00.22 | Mem:0.64M, Peak:0.64M | Scene, ViewLayer | Updating Geometry BVH GothicRib_voussoir_mesh.022 106/467 | Building mesh BLAS |      12 tris | GothicRib_voussoir_mesh.022
Fra:1 Mem:46.76M (Peak 77.21M) | Time:00:00.22 | Mem:0.64M, Peak:0.64M | Scene, ViewLayer | Updating Geometry BVH GothicRib_voussoir_mesh.023 107/467 | Building BVH
Fra:1 Mem:46.76M (Peak 77.21M) | Time:00:00.22 | Mem:0.64M, Peak:0.64M | Scene, ViewLayer | Updating Geometry BVH GothicRib_voussoir_mesh.023 107/467 | Building mesh BLAS |      12 tris | GothicRib_voussoir_mesh.023
Fra:1 Mem:46.76M (Peak 77.21M) | Time:00:00.22 | Mem:0.65M, Peak:0.65M | Scene, ViewLayer | Updating Geometry BVH GothicRib_voussoir_mesh.024 108/467 | Building BVH
Fra:1 Mem:46.76M (Peak 77.21M) | Time:00:00.22 | Mem:0.65M, Peak:0.65M | Scene, ViewLayer | Updating Geometry BVH GothicRib_voussoir_mesh.025 109/467 | Building BVH
Fra:1 Mem:46.76M (Peak 77.21M) | Time:00:00.22 | Mem:0.65M, Peak:0.65M | Scene, ViewLayer | Updating Geometry BVH GothicRib_voussoir_mesh.025 109/467 | Building mesh BLAS |      12 tris | GothicRib_voussoir_mesh.024
Fra:1 Mem:46.76M (Peak 77.21M) | Time:00:00.22 | Mem:0.65M, Peak:0.65M | Scene, ViewLayer | Updating Geometry BVH GothicRib_voussoir_mesh.025 109/467 | Building mesh BLAS |      12 tris | GothicRib_voussoir_mesh.025
Fra:1 Mem:46.76M (Peak 77.21M) | Time:00:00.22 | Mem:0.68M, Peak:0.68M | Scene, ViewLayer | Updating Geometry BVH GothicRib_voussoir_mesh.026 110/467 | Building BVH
Fra:1 Mem:46.76M (Peak 77.21M) | Time:00:00.22 | Mem:0.68M, Peak:0.68M | Scene, ViewLayer | Updating Geometry BVH GothicRib_voussoir_mesh.026 110/467 | Building mesh BLAS |      12 tris | GothicRib_voussoir_mesh.026
Fra:1 Mem:46.76M (Peak 77.21M) | Time:00:00.22 | Mem:0.69M, Peak:0.69M | Scene, ViewLayer | Updating Geometry BVH Altar_1_flame_mesh 438/467 | Building BVH
Fra:1 Mem:46.76M (Peak 77.21M) | Time:00:00.22 | Mem:0.70M, Peak:0.70M | Scene, ViewLayer | Updating Geometry BVH Altar_1_flame_mesh 438/467 | Building mesh BLAS |     120 tris | Altar_1_flame_mesh
Fra:1 Mem:46.76M (Peak 77.21M) | Time:00:00.22 | Mem:0.70M, Peak:0.70M | Scene, ViewLayer | Updating Geometry BVH Altar_1_flame_mesh 438/467 | Building mesh BLAS |      12 tris | GothicRib_voussoir_mesh.027
Fra:1 Mem:46.76M (Peak 77.21M) | Time:00:00.22 | Mem:0.70M, Peak:0.70M | Scene, ViewLayer | Updating Geometry BVH GothicRib_voussoir_mesh.029 113/467 | Building BVH
Fra:1 Mem:46.76M (Peak 77.21M) | Time:00:00.22 | Mem:0.70M, Peak:0.70M | Scene, ViewLayer | Updating Geometry BVH GothicRib_voussoir_mesh.030 114/467 | Building mesh BLAS |      12 tris | GothicRib_voussoir_mesh.029
Fra:1 Mem:46.76M (Peak 77.21M) | Time:00:00.22 | Mem:0.70M, Peak:0.70M | Scene, ViewLayer | Updating Geometry BVH GothicRib_voussoir_mesh.032 116/467 | Building BVH
Fra:1 Mem:46.76M (Peak 77.21M) | Time:00:00.22 | Mem:0.70M, Peak:0.70M | Scene, ViewLayer | Updating Geometry BVH GothicRib_voussoir_mesh.031 115/467 | Building BVH
Fra:1 Mem:46.76M (Peak 77.21M) | Time:00:00.22 | Mem:0.70M, Peak:0.70M | Scene, ViewLayer | Updating Geometry BVH GothicRib_voussoir_mesh.031 115/467 | Building mesh BLAS |      12 tris | GothicRib_voussoir_mesh.032
Fra:1 Mem:46.76M (Peak 77.21M) | Time:00:00.22 | Mem:0.70M, Peak:0.70M | Scene, ViewLayer | Updating Geometry BVH GothicRib_voussoir_mesh.031 115/467 | Building mesh BLAS |      12 tris | GothicRib_voussoir_mesh.031
Fra:1 Mem:46.76M (Peak 77.21M) | Time:00:00.22 | Mem:0.70M, Peak:0.70M | Scene, ViewLayer | Updating Geometry BVH GothicRib_voussoir_mesh.031 115/467 | Building mesh BLAS |      12 tris | GothicRib_voussoir_mesh.030
Fra:1 Mem:46.76M (Peak 77.21M) | Time:00:00.22 | Mem:0.70M, Peak:0.70M | Scene, ViewLayer | Updating Geometry BVH GothicRib_voussoir_mesh.031 115/467 | Building mesh BLAS |      12 tris | GothicRib_voussoir_mesh.028
Fra:1 Mem:46.76M (Peak 77.21M) | Time:00:00.22 | Mem:0.71M, Peak:0.71M | Scene, ViewLayer | Updating Geometry BVH GothicRib_voussoir_mesh.033 117/467 | Building BVH
Fra:1 Mem:46.76M (Peak 77.21M) | Time:00:00.22 | Mem:0.71M, Peak:0.71M | Scene, ViewLayer | Updating Geometry BVH GothicRib_voussoir_mesh.033 117/467 | Building mesh BLAS |      12 tris | GothicRib_voussoir_mesh.033
Fra:1 Mem:46.76M (Peak 77.21M) | Time:00:00.22 | Mem:0.71M, Peak:0.71M | Scene, ViewLayer | Updating Geometry BVH GothicRib_voussoir_mesh.034 118/467 | Building BVH
Fra:1 Mem:46.76M (Peak 77.21M) | Time:00:00.22 | Mem:0.71M, Peak:0.71M | Scene, ViewLayer | Updating Geometry BVH GothicRib_voussoir_mesh.034 118/467 | Building mesh BLAS |      12 tris | GothicRib_voussoir_mesh.034
Fra:1 Mem:46.76M (Peak 77.21M) | Time:00:00.22 | Mem:0.72M, Peak:0.72M | Scene, ViewLayer | Updating Geometry BVH GothicRib_voussoir_mesh.035 119/467 | Building BVH
Fra:1 Mem:46.76M (Peak 77.21M) | Time:00:00.22 | Mem:0.72M, Peak:0.72M | Scene, ViewLayer | Updating Geometry BVH GothicRib_voussoir_mesh.035 119/467 | Building mesh BLAS |      12 tris | GothicRib_voussoir_mesh.035
Fra:1 Mem:46.76M (Peak 77.21M) | Time:00:00.22 | Mem:0.72M, Peak:0.72M | Scene, ViewLayer | Updating Geometry BVH GothicRib_voussoir_mesh.036 120/467 | Building BVH
Fra:1 Mem:46.76M (Peak 77.21M) | Time:00:00.22 | Mem:0.72M, Peak:0.72M | Scene, ViewLayer | Updating Geometry BVH GothicRib_voussoir_mesh.037 121/467 | Building BVH
Fra:1 Mem:46.76M (Peak 77.21M) | Time:00:00.22 | Mem:0.72M, Peak:0.72M | Scene, ViewLayer | Updating Geometry BVH GothicRib_voussoir_mesh.038 122/467 | Building BVH
Fra:1 Mem:46.76M (Peak 77.21M) | Time:00:00.22 | Mem:0.72M, Peak:0.72M | Scene, ViewLayer | Updating Geometry BVH Cylinder.139 437/467 | Building mesh BLAS |      12 tris | GothicRib_voussoir_mesh.037
Fra:1 Mem:46.76M (Peak 77.21M) | Time:00:00.22 | Mem:0.72M, Peak:0.72M | Scene, ViewLayer | Updating Geometry BVH Cylinder.139 437/467 | Building mesh BLAS |      12 tris | GothicRib_voussoir_mesh.038
Fra:1 Mem:46.76M (Peak 77.21M) | Time:00:00.22 | Mem:0.72M, Peak:0.72M | Scene, ViewLayer | Updating Geometry BVH Cylinder.139 437/467 | Building mesh BLAS |      24 tris | Cylinder.139
Fra:1 Mem:46.76M (Peak 77.21M) | Time:00:00.22 | Mem:0.73M, Peak:0.73M | Scene, ViewLayer | Updating Geometry BVH GothicRib_voussoir_mesh.039 123/467 | Building BVH
Fra:1 Mem:46.76M (Peak 77.21M) | Time:00:00.22 | Mem:0.73M, Peak:0.73M | Scene, ViewLayer | Updating Geometry BVH GothicRib_voussoir_mesh.039 123/467 | Building mesh BLAS |      12 tris | GothicRib_voussoir_mesh.039
Fra:1 Mem:46.76M (Peak 77.21M) | Time:00:00.22 | Mem:0.73M, Peak:0.73M | Scene, ViewLayer | Updating Geometry BVH GothicRib_voussoir_mesh.041 125/467 | Building BVH
Fra:1 Mem:46.76M (Peak 77.21M) | Time:00:00.22 | Mem:0.73M, Peak:0.73M | Scene, ViewLayer | Updating Geometry BVH GothicRib_voussoir_mesh.041 125/467 | Building mesh BLAS |      12 tris | GothicRib_voussoir_mesh.041
Fra:1 Mem:46.76M (Peak 77.21M) | Time:00:00.22 | Mem:0.73M, Peak:0.73M | Scene, ViewLayer | Updating Geometry BVH GothicRib_voussoir_mesh.041 125/467 | Building mesh BLAS |      12 tris | GothicRib_voussoir_mesh.040
Fra:1 Mem:46.76M (Peak 77.21M) | Time:00:00.22 | Mem:0.74M, Peak:0.74M | Scene, ViewLayer | Updating Geometry BVH GothicRib_voussoir_mesh.042 126/467 | Building BVH
Fra:1 Mem:46.76M (Peak 77.21M) | Time:00:00.22 | Mem:0.74M, Peak:0.74M | Scene, ViewLayer | Updating Geometry BVH GothicRib_voussoir_mesh.042 126/467 | Building mesh BLAS |      12 tris | GothicRib_voussoir_mesh.042
Fra:1 Mem:46.76M (Peak 77.21M) | Time:00:00.22 | Mem:0.74M, Peak:0.74M | Scene, ViewLayer | Updating Geometry BVH GothicRib_voussoir_mesh.043 127/467 | Building BVH
Fra:1 Mem:46.76M (Peak 77.21M) | Time:00:00.22 | Mem:0.74M, Peak:0.74M | Scene, ViewLayer | Updating Geometry BVH GothicRib_voussoir_mesh.043 127/467 | Building mesh BLAS |      12 tris | GothicRib_voussoir_mesh.043
Fra:1 Mem:46.76M (Peak 77.21M) | Time:00:00.22 | Mem:0.74M, Peak:0.74M | Scene, ViewLayer | Updating Geometry BVH GothicRib_voussoir_mesh.044 128/467 | Building BVH
Fra:1 Mem:46.76M (Peak 77.21M) | Time:00:00.22 | Mem:0.74M, Peak:0.74M | Scene, ViewLayer | Updating Geometry BVH GothicRib_voussoir_mesh.044 128/467 | Building mesh BLAS |      12 tris | GothicRib_voussoir_mesh.044
Fra:1 Mem:46.76M (Peak 77.21M) | Time:00:00.22 | Mem:0.78M, Peak:0.78M | Scene, ViewLayer | Updating Geometry BVH GothicRib_voussoir_mesh.045 129/467 | Building BVH
Fra:1 Mem:46.76M (Peak 77.21M) | Time:00:00.22 | Mem:0.78M, Peak:0.78M | Scene, ViewLayer | Updating Geometry BVH GothicRib_voussoir_mesh.046 130/467 | Building mesh BLAS |      12 tris | GothicRib_voussoir_mesh.045
Fra:1 Mem:46.76M (Peak 77.21M) | Time:00:00.22 | Mem:0.79M, Peak:0.79M | Scene, ViewLayer | Updating Geometry BVH GothicRib_voussoir_mesh.047 131/467 | Building BVH
Fra:1 Mem:46.76M (Peak 77.21M) | Time:00:00.22 | Mem:0.79M, Peak:0.79M | Scene, ViewLayer | Updating Geometry BVH GothicRib_voussoir_mesh.047 131/467 | Building mesh BLAS |      12 tris | GothicRib_voussoir_mesh.047
Fra:1 Mem:46.76M (Peak 77.21M) | Time:00:00.22 | Mem:0.80M, Peak:0.80M | Scene, ViewLayer | Updating Geometry BVH GothicRib_voussoir_mesh.048 132/467 | Building BVH
Fra:1 Mem:46.76M (Peak 77.21M) | Time:00:00.22 | Mem:0.80M, Peak:0.80M | Scene, ViewLayer | Updating Geometry BVH GothicRib_voussoir_mesh.048 132/467 | Building mesh BLAS |      12 tris | GothicRib_voussoir_mesh.048
Fra:1 Mem:46.76M (Peak 77.21M) | Time:00:00.22 | Mem:0.81M, Peak:0.81M | Scene, ViewLayer | Updating Geometry BVH GothicRib_voussoir_mesh.048 132/467 | Building mesh BLAS |      12 tris | GothicRib_voussoir_mesh.046
Fra:1 Mem:46.76M (Peak 77.21M) | Time:00:00.22 | Mem:0.81M, Peak:0.81M | Scene, ViewLayer | Updating Geometry BVH GothicRib_voussoir_mesh.050 134/467 | Building BVH
Fra:1 Mem:46.76M (Peak 77.21M) | Time:00:00.22 | Mem:0.81M, Peak:0.81M | Scene, ViewLayer | Updating Geometry BVH GothicRib_voussoir_mesh.049 133/467 | Building BVH
Fra:1 Mem:46.76M (Peak 77.21M) | Time:00:00.22 | Mem:0.81M, Peak:0.81M | Scene, ViewLayer | Updating Geometry BVH GothicRib_voussoir_mesh.051 135/467 | Building BVH
Fra:1 Mem:46.76M (Peak 77.21M) | Time:00:00.22 | Mem:0.81M, Peak:0.81M | Scene, ViewLayer | Updating Geometry BVH GothicRib_voussoir_mesh.051 135/467 | Building mesh BLAS |      12 tris | GothicRib_voussoir_mesh.051
Fra:1 Mem:46.76M (Peak 77.21M) | Time:00:00.22 | Mem:0.81M, Peak:0.81M | Scene, ViewLayer | Updating Geometry BVH GothicRib_voussoir_mesh.052 136/467 | Building BVH
Fra:1 Mem:46.76M (Peak 77.21M) | Time:00:00.22 | Mem:0.81M, Peak:0.81M | Scene, ViewLayer | Updating Geometry BVH GothicRib_voussoir_mesh.052 136/467 | Building mesh BLAS |     200 tris | Altar_1_drip_dish_mesh
Fra:1 Mem:46.76M (Peak 77.21M) | Time:00:00.22 | Mem:0.81M, Peak:0.81M | Scene, ViewLayer | Updating Geometry BVH GothicRib_voussoir_mesh.053 137/467 | Building BVH
Fra:1 Mem:46.76M (Peak 77.21M) | Time:00:00.22 | Mem:0.81M, Peak:0.81M | Scene, ViewLayer | Updating Geometry BVH GothicRib_voussoir_mesh.053 137/467 | Building mesh BLAS |      12 tris | GothicRib_voussoir_mesh.053
Fra:1 Mem:46.76M (Peak 77.21M) | Time:00:00.22 | Mem:0.81M, Peak:0.81M | Scene, ViewLayer | Updating Geometry BVH GothicRib_voussoir_mesh.055 139/467 | Building BVH
Fra:1 Mem:46.76M (Peak 77.21M) | Time:00:00.22 | Mem:0.81M, Peak:0.81M | Scene, ViewLayer | Updating Geometry BVH GothicRib_voussoir_mesh.054 138/467 | Building BVH
Fra:1 Mem:46.76M (Peak 77.21M) | Time:00:00.22 | Mem:0.81M, Peak:0.81M | Scene, ViewLayer | Updating Geometry BVH GothicRib_voussoir_mesh.057 141/467 | Building BVH
Fra:1 Mem:46.76M (Peak 77.21M) | Time:00:00.22 | Mem:0.81M, Peak:0.81M | Scene, ViewLayer | Updating Geometry BVH GothicRib_voussoir_mesh.057 141/467 | Building mesh BLAS |      12 tris | GothicRib_voussoir_mesh.057
Fra:1 Mem:46.76M (Peak 77.21M) | Time:00:00.22 | Mem:0.82M, Peak:0.82M | Scene, ViewLayer | Updating Geometry BVH GothicRib_voussoir_mesh.057 141/467 | Building mesh BLAS |      12 tris | GothicRib_voussoir_mesh.056
Fra:1 Mem:46.76M (Peak 77.21M) | Time:00:00.22 | Mem:0.83M, Peak:0.83M | Scene, ViewLayer | Updating Geometry BVH GothicRib_voussoir_mesh.058 142/467 | Building BVH
Fra:1 Mem:46.76M (Peak 77.21M) | Time:00:00.22 | Mem:0.83M, Peak:0.83M | Scene, ViewLayer | Updating Geometry BVH GothicRib_voussoir_mesh.058 142/467 | Building mesh BLAS |      12 tris | GothicRib_voussoir_mesh.058
Fra:1 Mem:46.76M (Peak 77.21M) | Time:00:00.22 | Mem:0.83M, Peak:0.83M | Scene, ViewLayer | Updating Geometry BVH GothicRib_voussoir_mesh.058 142/467 | Building mesh BLAS |      12 tris | GothicRib_voussoir_mesh.052
Fra:1 Mem:46.76M (Peak 77.21M) | Time:00:00.22 | Mem:0.83M, Peak:0.83M | Scene, ViewLayer | Updating Geometry BVH Cylinder.138 435/467 | Building BVH
Fra:1 Mem:46.76M (Peak 77.21M) | Time:00:00.22 | Mem:0.83M, Peak:0.83M | Scene, ViewLayer | Updating Geometry BVH Cylinder.138 435/467 | Building mesh BLAS |      60 tris | Cylinder.138
Fra:1 Mem:46.76M (Peak 77.21M) | Time:00:00.22 | Mem:0.83M, Peak:0.83M | Scene, ViewLayer | Updating Geometry BVH GothicRib_voussoir_mesh.059 143/467 | Building BVH
Fra:1 Mem:46.76M (Peak 77.21M) | Time:00:00.22 | Mem:0.83M, Peak:0.83M | Scene, ViewLayer | Updating Geometry BVH GothicRib_voussoir_mesh.060 144/467 | Building BVH
Fra:1 Mem:46.76M (Peak 77.21M) | Time:00:00.22 | Mem:0.83M, Peak:0.83M | Scene, ViewLayer | Updating Geometry BVH GothicRib_voussoir_mesh.060 144/467 | Building mesh BLAS |      12 tris | GothicRib_voussoir_mesh.060
Fra:1 Mem:46.76M (Peak 77.21M) | Time:00:00.22 | Mem:0.83M, Peak:0.83M | Scene, ViewLayer | Updating Geometry BVH GothicRib_voussoir_mesh.061 145/467 | Building BVH
Fra:1 Mem:46.76M (Peak 77.21M) | Time:00:00.22 | Mem:0.83M, Peak:0.83M | Scene, ViewLayer | Updating Geometry BVH GothicRib_voussoir_mesh.061 145/467 | Building mesh BLAS |      12 tris | GothicRib_voussoir_mesh.061
Fra:1 Mem:46.76M (Peak 77.21M) | Time:00:00.22 | Mem:0.83M, Peak:0.83M | Scene, ViewLayer | Updating Geometry BVH GothicRib_voussoir_mesh.061 145/467 | Building mesh BLAS |      12 tris | GothicRib_voussoir_mesh.049
Fra:1 Mem:46.76M (Peak 77.21M) | Time:00:00.22 | Mem:0.83M, Peak:0.83M | Scene, ViewLayer | Updating Geometry BVH GothicRib_voussoir_mesh.061 145/467 | Building mesh BLAS |      12 tris | GothicRib_voussoir_mesh.054
Fra:1 Mem:46.76M (Peak 77.21M) | Time:00:00.22 | Mem:0.83M, Peak:0.83M | Scene, ViewLayer | Updating Geometry BVH GothicRib_voussoir_mesh.062 146/467 | Building BVH
Fra:1 Mem:46.76M (Peak 77.21M) | Time:00:00.22 | Mem:0.83M, Peak:0.83M | Scene, ViewLayer | Updating Geometry BVH GothicRib_voussoir_mesh.064 148/467 | Building BVH
Fra:1 Mem:46.76M (Peak 77.21M) | Time:00:00.22 | Mem:0.84M, Peak:0.84M | Scene, ViewLayer | Updating Geometry BVH GothicRib_voussoir_mesh.064 148/467 | Building mesh BLAS |      12 tris | GothicRib_voussoir_mesh.062
Fra:1 Mem:46.76M (Peak 77.21M) | Time:00:00.22 | Mem:0.84M, Peak:0.84M | Scene, ViewLayer | Updating Geometry BVH Altar_1_holder_mesh 434/467 | Building BVH
Fra:1 Mem:46.76M (Peak 77.21M) | Time:00:00.22 | Mem:0.84M, Peak:0.84M | Scene, ViewLayer | Updating Geometry BVH GothicRib_voussoir_mesh.065 149/467 | Building BVH
Fra:1 Mem:46.76M (Peak 77.21M) | Time:00:00.22 | Mem:0.84M, Peak:0.84M | Scene, ViewLayer | Updating Geometry BVH GothicRib_voussoir_mesh.065 149/467 | Building mesh BLAS |     360 tris | Altar_1_holder_mesh
Fra:1 Mem:46.76M (Peak 77.21M) | Time:00:00.22 | Mem:0.84M, Peak:0.84M | Scene, ViewLayer | Updating Geometry BVH GothicRib_voussoir_mesh.066 150/467 | Building BVH
Fra:1 Mem:46.76M (Peak 77.21M) | Time:00:00.22 | Mem:0.84M, Peak:0.84M | Scene, ViewLayer | Updating Geometry BVH GothicRib_voussoir_mesh.066 150/467 | Building mesh BLAS |      12 tris | GothicRib_voussoir_mesh.066
Fra:1 Mem:46.76M (Peak 77.21M) | Time:00:00.22 | Mem:0.84M, Peak:0.84M | Scene, ViewLayer | Updating Geometry BVH GothicRib_voussoir_mesh.066 150/467 | Building mesh BLAS |      12 tris | GothicRib_voussoir_mesh.065
Fra:1 Mem:46.76M (Peak 77.21M) | Time:00:00.22 | Mem:0.84M, Peak:0.84M | Scene, ViewLayer | Updating Geometry BVH GothicRib_voussoir_mesh.067 151/467 | Building BVH
Fra:1 Mem:46.76M (Peak 77.21M) | Time:00:00.22 | Mem:0.84M, Peak:0.84M | Scene, ViewLayer | Updating Geometry BVH GothicRib_voussoir_mesh.069 153/467 | Building BVH
Fra:1 Mem:46.76M (Peak 77.21M) | Time:00:00.22 | Mem:0.84M, Peak:0.84M | Scene, ViewLayer | Updating Geometry BVH GothicRib_voussoir_mesh.069 153/467 | Building mesh BLAS |      12 tris | GothicRib_voussoir_mesh.069
Fra:1 Mem:46.76M (Peak 77.21M) | Time:00:00.22 | Mem:0.84M, Peak:0.84M | Scene, ViewLayer | Updating Geometry BVH GothicRib_voussoir_mesh.070 154/467 | Building BVH
Fra:1 Mem:46.76M (Peak 77.21M) | Time:00:00.22 | Mem:0.84M, Peak:0.84M | Scene, ViewLayer | Updating Geometry BVH GothicRib_voussoir_mesh.070 154/467 | Building mesh BLAS |      12 tris | GothicRib_voussoir_mesh.068
Fra:1 Mem:46.76M (Peak 77.21M) | Time:00:00.22 | Mem:0.85M, Peak:0.85M | Scene, ViewLayer | Updating Geometry BVH GothicRib_voussoir_mesh.071 155/467 | Building BVH
Fra:1 Mem:46.76M (Peak 77.21M) | Time:00:00.22 | Mem:0.85M, Peak:0.85M | Scene, ViewLayer | Updating Geometry BVH GothicRib_voussoir_mesh.071 155/467 | Building mesh BLAS |      12 tris | GothicRib_voussoir_mesh.071
Fra:1 Mem:46.76M (Peak 77.21M) | Time:00:00.22 | Mem:0.85M, Peak:0.85M | Scene, ViewLayer | Updating Geometry BVH GothicRib_voussoir_mesh.072 156/467 | Building BVH
Fra:1 Mem:46.76M (Peak 77.21M) | Time:00:00.22 | Mem:0.85M, Peak:0.85M | Scene, ViewLayer | Updating Geometry BVH GothicRib_voussoir_mesh.072 156/467 | Building mesh BLAS |      12 tris | GothicRib_voussoir_mesh.072
Fra:1 Mem:46.76M (Peak 77.21M) | Time:00:00.22 | Mem:0.85M, Peak:0.85M | Scene, ViewLayer | Updating Geometry BVH Rear_bench_-1_flame_mesh 433/467 | Building BVH
Fra:1 Mem:46.76M (Peak 77.21M) | Time:00:00.22 | Mem:0.85M, Peak:0.85M | Scene, ViewLayer | Updating Geometry BVH Rear_bench_-1_flame_mesh 433/467 | Building mesh BLAS |     120 tris | Rear_bench_-1_flame_mesh
Fra:1 Mem:46.76M (Peak 77.21M) | Time:00:00.22 | Mem:0.85M, Peak:0.85M | Scene, ViewLayer | Updating Geometry BVH GothicRib_voussoir_mesh.073 157/467 | Building BVH
Fra:1 Mem:46.76M (Peak 77.21M) | Time:00:00.22 | Mem:0.85M, Peak:0.85M | Scene, ViewLayer | Updating Geometry BVH GothicRib_voussoir_mesh.073 157/467 | Building mesh BLAS |      12 tris | GothicRib_voussoir_mesh.073
Fra:1 Mem:46.76M (Peak 77.21M) | Time:00:00.22 | Mem:0.85M, Peak:0.85M | Scene, ViewLayer | Updating Geometry BVH GothicRib_voussoir_mesh.074 158/467 | Building BVH
Fra:1 Mem:46.76M (Peak 77.21M) | Time:00:00.22 | Mem:0.85M, Peak:0.85M | Scene, ViewLayer | Updating Geometry BVH GothicRib_voussoir_mesh.074 158/467 | Building mesh BLAS |      12 tris | GothicRib_voussoir_mesh.074
Fra:1 Mem:46.76M (Peak 77.21M) | Time:00:00.22 | Mem:0.85M, Peak:0.85M | Scene, ViewLayer | Updating Geometry BVH GothicRib_voussoir_mesh.075 159/467 | Building BVH
Fra:1 Mem:46.76M (Peak 77.21M) | Time:00:00.22 | Mem:0.85M, Peak:0.85M | Scene, ViewLayer | Updating Geometry BVH GothicRib_voussoir_mesh.075 159/467 | Building mesh BLAS |      12 tris | GothicRib_voussoir_mesh.075
Fra:1 Mem:46.76M (Peak 77.21M) | Time:00:00.22 | Mem:0.85M, Peak:0.85M | Scene, ViewLayer | Updating Geometry BVH GothicRib_voussoir_mesh.076 160/467 | Building BVH
Fra:1 Mem:46.76M (Peak 77.21M) | Time:00:00.22 | Mem:0.85M, Peak:0.85M | Scene, ViewLayer | Updating Geometry BVH GothicRib_voussoir_mesh.076 160/467 | Building mesh BLAS |      12 tris | GothicRib_voussoir_mesh.076
Fra:1 Mem:46.76M (Peak 77.21M) | Time:00:00.22 | Mem:0.85M, Peak:0.85M | Scene, ViewLayer | Updating Geometry BVH GothicRib_voussoir_mesh.077 161/467 | Building BVH
Fra:1 Mem:46.76M (Peak 77.21M) | Time:00:00.22 | Mem:0.85M, Peak:0.85M | Scene, ViewLayer | Updating Geometry BVH GothicRib_voussoir_mesh.077 161/467 | Building mesh BLAS |      12 tris | GothicRib_voussoir_mesh.077
Fra:1 Mem:46.76M (Peak 77.21M) | Time:00:00.22 | Mem:0.85M, Peak:0.85M | Scene, ViewLayer | Updating Geometry BVH Cube.010 162/467 | Building BVH
Fra:1 Mem:46.76M (Peak 77.21M) | Time:00:00.22 | Mem:0.85M, Peak:0.85M | Scene, ViewLayer | Updating Geometry BVH Cube.010 162/467 | Building mesh BLAS |     108 tris | Cube.010
Fra:1 Mem:46.76M (Peak 77.21M) | Time:00:00.22 | Mem:0.85M, Peak:0.85M | Scene, ViewLayer | Updating Geometry BVH Great altar pointed arch_voussoir_mesh 163/467 | Building BVH
Fra:1 Mem:46.76M (Peak 77.21M) | Time:00:00.22 | Mem:0.85M, Peak:0.85M | Scene, ViewLayer | Updating Geometry BVH Great altar pointed arch_voussoir_mesh 163/467 | Building mesh BLAS |      12 tris | Great altar pointed arch_voussoir_mesh
Fra:1 Mem:46.76M (Peak 77.21M) | Time:00:00.22 | Mem:0.85M, Peak:0.85M | Scene, ViewLayer | Updating Geometry BVH Great altar pointed arch_voussoir_mesh.001 164/467 | Building BVH
Fra:1 Mem:46.76M (Peak 77.21M) | Time:00:00.22 | Mem:0.85M, Peak:0.85M | Scene, ViewLayer | Updating Geometry BVH Great altar pointed arch_voussoir_mesh.001 164/467 | Building mesh BLAS |      12 tris | Great altar pointed arch_voussoir_mesh.001
Fra:1 Mem:46.76M (Peak 77.21M) | Time:00:00.22 | Mem:0.85M, Peak:0.85M | Scene, ViewLayer | Updating Geometry BVH Great altar pointed arch_voussoir_mesh.002 165/467 | Building BVH
Fra:1 Mem:46.76M (Peak 77.21M) | Time:00:00.22 | Mem:0.85M, Peak:0.85M | Scene, ViewLayer | Updating Geometry BVH Great altar pointed arch_voussoir_mesh.002 165/467 | Building mesh BLAS |      12 tris | Great altar pointed arch_voussoir_mesh.002
Fra:1 Mem:46.76M (Peak 77.21M) | Time:00:00.22 | Mem:0.85M, Peak:0.85M | Scene, ViewLayer | Updating Geometry BVH Cylinder.137 432/467 | Building BVH
Fra:1 Mem:46.76M (Peak 77.21M) | Time:00:00.22 | Mem:0.85M, Peak:0.85M | Scene, ViewLayer | Updating Geometry BVH Cylinder.137 432/467 | Building mesh BLAS |      24 tris | Cylinder.137
Fra:1 Mem:46.76M (Peak 77.21M) | Time:00:00.22 | Mem:0.85M, Peak:0.85M | Scene, ViewLayer | Updating Geometry BVH Great altar pointed arch_voussoir_mesh.003 166/467 | Building BVH
Fra:1 Mem:46.76M (Peak 77.21M) | Time:00:00.22 | Mem:0.85M, Peak:0.85M | Scene, ViewLayer | Updating Geometry BVH Great altar pointed arch_voussoir_mesh.003 166/467 | Building mesh BLAS |      12 tris | Great altar pointed arch_voussoir_mesh.003
Fra:1 Mem:46.76M (Peak 77.21M) | Time:00:00.22 | Mem:0.85M, Peak:0.85M | Scene, ViewLayer | Updating Geometry BVH Great altar pointed arch_voussoir_mesh.004 167/467 | Building BVH
Fra:1 Mem:46.76M (Peak 77.21M) | Time:00:00.22 | Mem:0.85M, Peak:0.85M | Scene, ViewLayer | Updating Geometry BVH Great altar pointed arch_voussoir_mesh.004 167/467 | Building mesh BLAS |      12 tris | Great altar pointed arch_voussoir_mesh.004
Fra:1 Mem:46.76M (Peak 77.21M) | Time:00:00.22 | Mem:0.85M, Peak:0.85M | Scene, ViewLayer | Updating Geometry BVH Great altar pointed arch_voussoir_mesh.005 168/467 | Building BVH
Fra:1 Mem:46.76M (Peak 77.21M) | Time:00:00.22 | Mem:0.85M, Peak:0.85M | Scene, ViewLayer | Updating Geometry BVH Great altar pointed arch_voussoir_mesh.006 169/467 | Building BVH
Fra:1 Mem:46.76M (Peak 77.21M) | Time:00:00.22 | Mem:0.85M, Peak:0.85M | Scene, ViewLayer | Updating Geometry BVH Great altar pointed arch_voussoir_mesh.006 169/467 | Building mesh BLAS |      12 tris | Great altar pointed arch_voussoir_mesh.005
Fra:1 Mem:46.76M (Peak 77.21M) | Time:00:00.22 | Mem:0.85M, Peak:0.85M | Scene, ViewLayer | Updating Geometry BVH Great altar pointed arch_voussoir_mesh.006 169/467 | Building mesh BLAS |      12 tris | Great altar pointed arch_voussoir_mesh.006
Fra:1 Mem:46.76M (Peak 77.21M) | Time:00:00.22 | Mem:0.85M, Peak:0.85M | Scene, ViewLayer | Updating Geometry BVH Great altar pointed arch_voussoir_mesh.007 170/467 | Building BVH
Fra:1 Mem:46.76M (Peak 77.21M) | Time:00:00.22 | Mem:0.85M, Peak:0.85M | Scene, ViewLayer | Updating Geometry BVH Great altar pointed arch_voussoir_mesh.007 170/467 | Building mesh BLAS |      12 tris | Great altar pointed arch_voussoir_mesh.007
Fra:1 Mem:46.76M (Peak 77.21M) | Time:00:00.22 | Mem:0.85M, Peak:0.85M | Scene, ViewLayer | Updating Geometry BVH Great altar pointed arch_voussoir_mesh.008 171/467 | Building BVH
Fra:1 Mem:46.76M (Peak 77.21M) | Time:00:00.22 | Mem:0.86M, Peak:0.86M | Scene, ViewLayer | Updating Geometry BVH Great altar pointed arch_voussoir_mesh.008 171/467 | Building mesh BLAS |      12 tris | Great altar pointed arch_voussoir_mesh.008
Fra:1 Mem:46.76M (Peak 77.21M) | Time:00:00.22 | Mem:0.86M, Peak:0.86M | Scene, ViewLayer | Updating Geometry BVH Great altar pointed arch_voussoir_mesh.009 172/467 | Building BVH
Fra:1 Mem:46.76M (Peak 77.21M) | Time:00:00.22 | Mem:0.86M, Peak:0.86M | Scene, ViewLayer | Updating Geometry BVH Great altar pointed arch_voussoir_mesh.010 173/467 | Building mesh BLAS |      12 tris | Great altar pointed arch_voussoir_mesh.009
Fra:1 Mem:46.76M (Peak 77.21M) | Time:00:00.22 | Mem:0.86M, Peak:0.86M | Scene, ViewLayer | Updating Geometry BVH Great altar pointed arch_voussoir_mesh.011 174/467 | Building BVH
Fra:1 Mem:46.76M (Peak 77.21M) | Time:00:00.22 | Mem:0.86M, Peak:0.86M | Scene, ViewLayer | Updating Geometry BVH Great altar pointed arch_voussoir_mesh.013 176/467 | Building BVH
Fra:1 Mem:46.76M (Peak 77.21M) | Time:00:00.22 | Mem:0.86M, Peak:0.86M | Scene, ViewLayer | Updating Geometry BVH Great altar pointed arch_voussoir_mesh.012 175/467 | Building mesh BLAS |      12 tris | Great altar pointed arch_voussoir_mesh.013
Fra:1 Mem:46.76M (Peak 77.21M) | Time:00:00.22 | Mem:0.86M, Peak:0.86M | Scene, ViewLayer | Updating Geometry BVH Great altar pointed arch_voussoir_mesh.012 175/467 | Building mesh BLAS |      12 tris | Great altar pointed arch_voussoir_mesh.012
Fra:1 Mem:46.76M (Peak 77.21M) | Time:00:00.22 | Mem:0.86M, Peak:0.86M | Scene, ViewLayer | Updating Geometry BVH Great altar pointed arch_voussoir_mesh.012 175/467 | Building mesh BLAS |     200 tris | Rear_bench_-1_drip_dish_mesh
Fra:1 Mem:46.76M (Peak 77.21M) | Time:00:00.22 | Mem:0.86M, Peak:0.86M | Scene, ViewLayer | Updating Geometry BVH Great altar pointed arch_voussoir_mesh.014 177/467 | Building BVH
Fra:1 Mem:46.76M (Peak 77.21M) | Time:00:00.22 | Mem:0.86M, Peak:0.86M | Scene, ViewLayer | Updating Geometry BVH Great altar pointed arch_voussoir_mesh.014 177/467 | Building mesh BLAS |      12 tris | Great altar pointed arch_voussoir_mesh.014
Fra:1 Mem:46.76M (Peak 77.21M) | Time:00:00.22 | Mem:0.86M, Peak:0.86M | Scene, ViewLayer | Updating Geometry BVH Great altar pointed arch_voussoir_mesh.015 178/467 | Building BVH
Fra:1 Mem:46.76M (Peak 77.21M) | Time:00:00.22 | Mem:0.86M, Peak:0.86M | Scene, ViewLayer | Updating Geometry BVH Great altar pointed arch_voussoir_mesh.015 178/467 | Building mesh BLAS |      12 tris | Great altar pointed arch_voussoir_mesh.015
Fra:1 Mem:46.76M (Peak 77.21M) | Time:00:00.22 | Mem:0.86M, Peak:0.86M | Scene, ViewLayer | Updating Geometry BVH Great altar pointed arch_voussoir_mesh.016 179/467 | Building BVH
Fra:1 Mem:46.76M (Peak 77.21M) | Time:00:00.22 | Mem:0.86M, Peak:0.86M | Scene, ViewLayer | Updating Geometry BVH Great altar pointed arch_voussoir_mesh.016 179/467 | Building mesh BLAS |      12 tris | Great altar pointed arch_voussoir_mesh.016
Fra:1 Mem:46.76M (Peak 77.21M) | Time:00:00.22 | Mem:0.86M, Peak:0.86M | Scene, ViewLayer | Updating Geometry BVH Great altar pointed arch_voussoir_mesh.017 180/467 | Building BVH
Fra:1 Mem:46.76M (Peak 77.21M) | Time:00:00.22 | Mem:0.86M, Peak:0.86M | Scene, ViewLayer | Updating Geometry BVH Great altar pointed arch_voussoir_mesh.017 180/467 | Building mesh BLAS |      12 tris | Great altar pointed arch_voussoir_mesh.017
Fra:1 Mem:46.76M (Peak 77.21M) | Time:00:00.22 | Mem:0.86M, Peak:0.86M | Scene, ViewLayer | Updating Geometry BVH Great altar pointed arch_voussoir_mesh.018 181/467 | Building BVH
Fra:1 Mem:46.76M (Peak 77.21M) | Time:00:00.22 | Mem:0.86M, Peak:0.86M | Scene, ViewLayer | Updating Geometry BVH Great altar pointed arch_voussoir_mesh.018 181/467 | Building mesh BLAS |      12 tris | Great altar pointed arch_voussoir_mesh.018
Fra:1 Mem:46.76M (Peak 77.21M) | Time:00:00.22 | Mem:0.86M, Peak:0.86M | Scene, ViewLayer | Updating Geometry BVH Great altar pointed arch_voussoir_mesh.019 182/467 | Building BVH
Fra:1 Mem:46.76M (Peak 77.21M) | Time:00:00.22 | Mem:0.86M, Peak:0.86M | Scene, ViewLayer | Updating Geometry BVH Great altar pointed arch_voussoir_mesh.019 182/467 | Building mesh BLAS |      12 tris | Great altar pointed arch_voussoir_mesh.019
Fra:1 Mem:46.76M (Peak 77.21M) | Time:00:00.22 | Mem:0.90M, Peak:0.90M | Scene, ViewLayer | Updating Geometry BVH Great altar pointed arch_voussoir_mesh.020 183/467 | Building BVH
Fra:1 Mem:46.76M (Peak 77.21M) | Time:00:00.22 | Mem:0.90M, Peak:0.90M | Scene, ViewLayer | Updating Geometry BVH Great altar pointed arch_voussoir_mesh.020 183/467 | Building mesh BLAS |      12 tris | Great altar pointed arch_voussoir_mesh.020
Fra:1 Mem:46.76M (Peak 77.21M) | Time:00:00.22 | Mem:0.90M, Peak:0.90M | Scene, ViewLayer | Updating Geometry BVH Great altar pointed arch_voussoir_mesh.021 184/467 | Building BVH
Fra:1 Mem:46.76M (Peak 77.21M) | Time:00:00.22 | Mem:0.90M, Peak:0.90M | Scene, ViewLayer | Updating Geometry BVH Great altar pointed arch_voussoir_mesh.021 184/467 | Building mesh BLAS |      12 tris | Great altar pointed arch_voussoir_mesh.021
Fra:1 Mem:46.76M (Peak 77.21M) | Time:00:00.22 | Mem:0.90M, Peak:0.90M | Scene, ViewLayer | Updating Geometry BVH Cylinder.136 430/467 | Building BVH
Fra:1 Mem:46.76M (Peak 77.21M) | Time:00:00.22 | Mem:0.90M, Peak:0.90M | Scene, ViewLayer | Updating Geometry BVH Great altar pointed arch_voussoir_mesh.022 185/467 | Building BVH
Fra:1 Mem:46.76M (Peak 77.21M) | Time:00:00.22 | Mem:0.90M, Peak:0.90M | Scene, ViewLayer | Updating Geometry BVH Great altar pointed arch_voussoir_mesh.022 185/467 | Building mesh BLAS |      60 tris | Cylinder.136
Fra:1 Mem:46.76M (Peak 77.21M) | Time:00:00.22 | Mem:0.90M, Peak:0.90M | Scene, ViewLayer | Updating Geometry BVH Great altar pointed arch_voussoir_mesh.022 185/467 | Building mesh BLAS |      12 tris | Great altar pointed arch_voussoir_mesh.022
Fra:1 Mem:46.76M (Peak 77.21M) | Time:00:00.22 | Mem:0.90M, Peak:0.90M | Scene, ViewLayer | Updating Geometry BVH Great altar pointed arch_voussoir_mesh.023 186/467 | Building BVH
Fra:1 Mem:46.76M (Peak 77.21M) | Time:00:00.22 | Mem:0.90M, Peak:0.90M | Scene, ViewLayer | Updating Geometry BVH Great altar pointed arch_voussoir_mesh.023 186/467 | Building mesh BLAS |      12 tris | Great altar pointed arch_voussoir_mesh.023
Fra:1 Mem:46.76M (Peak 77.21M) | Time:00:00.22 | Mem:0.90M, Peak:0.90M | Scene, ViewLayer | Updating Geometry BVH Great altar pointed arch_voussoir_mesh.025 188/467 | Building BVH
Fra:1 Mem:46.76M (Peak 77.21M) | Time:00:00.22 | Mem:0.90M, Peak:0.90M | Scene, ViewLayer | Updating Geometry BVH Great altar pointed arch_voussoir_mesh.024 187/467 | Building BVH
Fra:1 Mem:46.76M (Peak 77.21M) | Time:00:00.22 | Mem:0.90M, Peak:0.90M | Scene, ViewLayer | Updating Geometry BVH Great altar pointed arch_voussoir_mesh.024 187/467 | Building mesh BLAS |      12 tris | Great altar pointed arch_voussoir_mesh.025
Fra:1 Mem:46.76M (Peak 77.21M) | Time:00:00.22 | Mem:0.90M, Peak:0.90M | Scene, ViewLayer | Updating Geometry BVH Great altar pointed arch_voussoir_mesh.024 187/467 | Building mesh BLAS |      12 tris | Great altar pointed arch_voussoir_mesh.024
Fra:1 Mem:46.76M (Peak 77.21M) | Time:00:00.22 | Mem:0.90M, Peak:0.90M | Scene, ViewLayer | Updating Geometry BVH Cube.011 189/467 | Building BVH
Fra:1 Mem:46.76M (Peak 77.21M) | Time:00:00.22 | Mem:0.90M, Peak:0.90M | Scene, ViewLayer | Updating Geometry BVH Cube.011 189/467 | Building mesh BLAS |     108 tris | Cube.011
Fra:1 Mem:46.76M (Peak 77.21M) | Time:00:00.22 | Mem:0.90M, Peak:0.90M | Scene, ViewLayer | Updating Geometry BVH Altar outer moulding_voussoir_mesh 190/467 | Building BVH
Fra:1 Mem:46.76M (Peak 77.21M) | Time:00:00.22 | Mem:0.90M, Peak:0.90M | Scene, ViewLayer | Updating Geometry BVH Altar outer moulding_voussoir_mesh.001 191/467 | Building BVH
Fra:1 Mem:46.76M (Peak 77.21M) | Time:00:00.22 | Mem:0.90M, Peak:0.90M | Scene, ViewLayer | Updating Geometry BVH Altar outer moulding_voussoir_mesh.001 191/467 | Building mesh BLAS |      12 tris | Altar outer moulding_voussoir_mesh
Fra:1 Mem:46.76M (Peak 77.21M) | Time:00:00.22 | Mem:0.90M, Peak:0.90M | Scene, ViewLayer | Updating Geometry BVH Altar outer moulding_voussoir_mesh.001 191/467 | Building mesh BLAS |      12 tris | Altar outer moulding_voussoir_mesh.001
Fra:1 Mem:46.76M (Peak 77.21M) | Time:00:00.22 | Mem:0.90M, Peak:0.90M | Scene, ViewLayer | Updating Geometry BVH Altar outer moulding_voussoir_mesh.002 192/467 | Building BVH
Fra:1 Mem:46.76M (Peak 77.21M) | Time:00:00.22 | Mem:0.90M, Peak:0.90M | Scene, ViewLayer | Updating Geometry BVH Altar outer moulding_voussoir_mesh.002 192/467 | Building mesh BLAS |      12 tris | Altar outer moulding_voussoir_mesh.002
Fra:1 Mem:46.76M (Peak 77.21M) | Time:00:00.22 | Mem:0.90M, Peak:0.90M | Scene, ViewLayer | Updating Geometry BVH Rear_bench_-1_holder_mesh 429/467 | Building BVH
Fra:1 Mem:46.76M (Peak 77.21M) | Time:00:00.22 | Mem:0.90M, Peak:0.90M | Scene, ViewLayer | Updating Geometry BVH Altar outer moulding_voussoir_mesh.003 193/467 | Building BVH
Fra:1 Mem:46.76M (Peak 77.21M) | Time:00:00.22 | Mem:0.90M, Peak:0.90M | Scene, ViewLayer | Updating Geometry BVH Altar outer moulding_voussoir_mesh.003 193/467 | Building mesh BLAS |     360 tris | Rear_bench_-1_holder_mesh
Fra:1 Mem:46.76M (Peak 77.21M) | Time:00:00.22 | Mem:0.90M, Peak:0.90M | Scene, ViewLayer | Updating Geometry BVH Altar outer moulding_voussoir_mesh.003 193/467 | Building mesh BLAS |      12 tris | Altar outer moulding_voussoir_mesh.003
Fra:1 Mem:46.76M (Peak 77.21M) | Time:00:00.22 | Mem:0.91M, Peak:0.91M | Scene, ViewLayer | Updating Geometry BVH Altar outer moulding_voussoir_mesh.004 194/467 | Building BVH
Fra:1 Mem:46.76M (Peak 77.21M) | Time:00:00.22 | Mem:0.91M, Peak:0.91M | Scene, ViewLayer | Updating Geometry BVH Altar outer moulding_voussoir_mesh.004 194/467 | Building mesh BLAS |      12 tris | Altar outer moulding_voussoir_mesh.004
Fra:1 Mem:46.76M (Peak 77.21M) | Time:00:00.22 | Mem:0.91M, Peak:0.91M | Scene, ViewLayer | Updating Geometry BVH Altar outer moulding_voussoir_mesh.005 195/467 | Building BVH
Fra:1 Mem:46.76M (Peak 77.21M) | Time:00:00.22 | Mem:0.91M, Peak:0.91M | Scene, ViewLayer | Updating Geometry BVH Altar outer moulding_voussoir_mesh.006 196/467 | Building BVH
Fra:1 Mem:46.76M (Peak 77.21M) | Time:00:00.22 | Mem:0.91M, Peak:0.91M | Scene, ViewLayer | Updating Geometry BVH Altar outer moulding_voussoir_mesh.006 196/467 | Building mesh BLAS |      12 tris | Altar outer moulding_voussoir_mesh.005
Fra:1 Mem:46.76M (Peak 77.21M) | Time:00:00.22 | Mem:0.91M, Peak:0.91M | Scene, ViewLayer | Updating Geometry BVH Altar outer moulding_voussoir_mesh.006 196/467 | Building mesh BLAS |      12 tris | Altar outer moulding_voussoir_mesh.006
Fra:1 Mem:46.76M (Peak 77.21M) | Time:00:00.22 | Mem:0.91M, Peak:0.91M | Scene, ViewLayer | Updating Geometry BVH Altar outer moulding_voussoir_mesh.007 197/467 | Building BVH
Fra:1 Mem:46.76M (Peak 77.21M) | Time:00:00.22 | Mem:0.91M, Peak:0.91M | Scene, ViewLayer | Updating Geometry BVH Altar outer moulding_voussoir_mesh.007 197/467 | Building mesh BLAS |      12 tris | Altar outer moulding_voussoir_mesh.007
Fra:1 Mem:46.76M (Peak 77.21M) | Time:00:00.22 | Mem:0.92M, Peak:0.92M | Scene, ViewLayer | Updating Geometry BVH Altar outer moulding_voussoir_mesh.008 198/467 | Building BVH
Fra:1 Mem:46.76M (Peak 77.21M) | Time:00:00.22 | Mem:0.92M, Peak:0.92M | Scene, ViewLayer | Updating Geometry BVH Altar outer moulding_voussoir_mesh.008 198/467 | Building mesh BLAS |      12 tris | Altar outer moulding_voussoir_mesh.008
Fra:1 Mem:46.76M (Peak 77.21M) | Time:00:00.23 | Mem:0.92M, Peak:0.92M | Scene, ViewLayer | Updating Geometry BVH Altar outer moulding_voussoir_mesh.009 199/467 | Building BVH
Fra:1 Mem:46.76M (Peak 77.21M) | Time:00:00.23 | Mem:0.92M, Peak:0.92M | Scene, ViewLayer | Updating Geometry BVH Altar outer moulding_voussoir_mesh.009 199/467 | Building mesh BLAS |      12 tris | Altar outer moulding_voussoir_mesh.009
Fra:1 Mem:46.76M (Peak 77.21M) | Time:00:00.23 | Mem:0.92M, Peak:0.92M | Scene, ViewLayer | Updating Geometry BVH Altar outer moulding_voussoir_mesh.010 200/467 | Building BVH
Fra:1 Mem:46.76M (Peak 77.21M) | Time:00:00.23 | Mem:0.92M, Peak:0.92M | Scene, ViewLayer | Updating Geometry BVH Altar outer moulding_voussoir_mesh.010 200/467 | Building mesh BLAS |      12 tris | Altar outer moulding_voussoir_mesh.010
Fra:1 Mem:46.76M (Peak 77.21M) | Time:00:00.23 | Mem:0.92M, Peak:0.92M | Scene, ViewLayer | Updating Geometry BVH Altar outer moulding_voussoir_mesh.011 201/467 | Building BVH
Fra:1 Mem:46.76M (Peak 77.21M) | Time:00:00.23 | Mem:0.92M, Peak:0.92M | Scene, ViewLayer | Updating Geometry BVH Altar outer moulding_voussoir_mesh.011 201/467 | Building mesh BLAS |      12 tris | Altar outer moulding_voussoir_mesh.011
Fra:1 Mem:46.76M (Peak 77.21M) | Time:00:00.23 | Mem:0.92M, Peak:0.92M | Scene, ViewLayer | Updating Geometry BVH Niche_-1_flame_mesh 428/467 | Building BVH
Fra:1 Mem:46.76M (Peak 77.21M) | Time:00:00.23 | Mem:0.92M, Peak:0.92M | Scene, ViewLayer | Updating Geometry BVH Niche_-1_flame_mesh 428/467 | Building mesh BLAS |     120 tris | Niche_-1_flame_mesh
Fra:1 Mem:46.76M (Peak 77.21M) | Time:00:00.23 | Mem:0.92M, Peak:0.92M | Scene, ViewLayer | Updating Geometry BVH Altar outer moulding_voussoir_mesh.012 202/467 | Building BVH
Fra:1 Mem:46.76M (Peak 77.21M) | Time:00:00.23 | Mem:0.92M, Peak:0.92M | Scene, ViewLayer | Updating Geometry BVH Altar outer moulding_voussoir_mesh.012 202/467 | Building mesh BLAS |      12 tris | Altar outer moulding_voussoir_mesh.012
Fra:1 Mem:46.76M (Peak 77.21M) | Time:00:00.23 | Mem:0.92M, Peak:0.92M | Scene, ViewLayer | Updating Geometry BVH Altar outer moulding_voussoir_mesh.013 203/467 | Building BVH
Fra:1 Mem:46.76M (Peak 77.21M) | Time:00:00.23 | Mem:0.92M, Peak:0.92M | Scene, ViewLayer | Updating Geometry BVH Altar outer moulding_voussoir_mesh.013 203/467 | Building mesh BLAS |      12 tris | Altar outer moulding_voussoir_mesh.013
Fra:1 Mem:46.76M (Peak 77.21M) | Time:00:00.23 | Mem:0.93M, Peak:0.93M | Scene, ViewLayer | Updating Geometry BVH Altar outer moulding_voussoir_mesh.014 204/467 | Building BVH
Fra:1 Mem:46.76M (Peak 77.21M) | Time:00:00.23 | Mem:0.93M, Peak:0.93M | Scene, ViewLayer | Updating Geometry BVH Altar outer moulding_voussoir_mesh.014 204/467 | Building mesh BLAS |      12 tris | Altar outer moulding_voussoir_mesh.014
Fra:1 Mem:46.76M (Peak 77.21M) | Time:00:00.23 | Mem:0.94M, Peak:0.94M | Scene, ViewLayer | Updating Geometry BVH Altar outer moulding_voussoir_mesh.015 205/467 | Building BVH
Fra:1 Mem:46.76M (Peak 77.21M) | Time:00:00.23 | Mem:0.94M, Peak:0.94M | Scene, ViewLayer | Updating Geometry BVH Altar outer moulding_voussoir_mesh.015 205/467 | Building mesh BLAS |      12 tris | Altar outer moulding_voussoir_mesh.015
Fra:1 Mem:46.76M (Peak 77.21M) | Time:00:00.23 | Mem:0.94M, Peak:0.94M | Scene, ViewLayer | Updating Geometry BVH Altar outer moulding_voussoir_mesh.016 206/467 | Building BVH
Fra:1 Mem:46.76M (Peak 77.21M) | Time:00:00.23 | Mem:0.94M, Peak:0.94M | Scene, ViewLayer | Updating Geometry BVH Altar outer moulding_voussoir_mesh.016 206/467 | Building mesh BLAS |      12 tris | Altar outer moulding_voussoir_mesh.016
Fra:1 Mem:46.76M (Peak 77.21M) | Time:00:00.23 | Mem:0.94M, Peak:0.94M | Scene, ViewLayer | Updating Geometry BVH Altar outer moulding_voussoir_mesh.017 207/467 | Building BVH
Fra:1 Mem:46.76M (Peak 77.21M) | Time:00:00.23 | Mem:0.94M, Peak:0.94M | Scene, ViewLayer | Updating Geometry BVH Altar outer moulding_voussoir_mesh.018 208/467 | Building BVH
Fra:1 Mem:46.76M (Peak 77.21M) | Time:00:00.23 | Mem:0.94M, Peak:0.94M | Scene, ViewLayer | Updating Geometry BVH Altar outer moulding_voussoir_mesh.018 208/467 | Building mesh BLAS |      12 tris | Altar outer moulding_voussoir_mesh.018
Fra:1 Mem:46.76M (Peak 77.21M) | Time:00:00.23 | Mem:0.94M, Peak:0.94M | Scene, ViewLayer | Updating Geometry BVH Altar outer moulding_voussoir_mesh.019 209/467 | Building BVH
Fra:1 Mem:46.76M (Peak 77.21M) | Time:00:00.23 | Mem:0.94M, Peak:0.94M | Scene, ViewLayer | Updating Geometry BVH Altar outer moulding_voussoir_mesh.019 209/467 | Building mesh BLAS |      12 tris | Altar outer moulding_voussoir_mesh.019
Fra:1 Mem:46.76M (Peak 77.21M) | Time:00:00.23 | Mem:0.94M, Peak:0.94M | Scene, ViewLayer | Updating Geometry BVH Altar outer moulding_voussoir_mesh.020 210/467 | Building BVH
Fra:1 Mem:46.76M (Peak 77.21M) | Time:00:00.23 | Mem:0.94M, Peak:0.94M | Scene, ViewLayer | Updating Geometry BVH Altar outer moulding_voussoir_mesh.020 210/467 | Building mesh BLAS |      12 tris | Altar outer moulding_voussoir_mesh.020
Fra:1 Mem:46.76M (Peak 77.21M) | Time:00:00.23 | Mem:0.95M, Peak:0.95M | Scene, ViewLayer | Updating Geometry BVH Altar outer moulding_voussoir_mesh.021 211/467 | Building BVH
Fra:1 Mem:46.76M (Peak 77.21M) | Time:00:00.23 | Mem:0.95M, Peak:0.95M | Scene, ViewLayer | Updating Geometry BVH Altar outer moulding_voussoir_mesh.021 211/467 | Building mesh BLAS |      12 tris | Altar outer moulding_voussoir_mesh.021
Fra:1 Mem:46.76M (Peak 77.21M) | Time:00:00.23 | Mem:0.95M, Peak:0.95M | Scene, ViewLayer | Updating Geometry BVH Cylinder.135 427/467 | Building BVH
Fra:1 Mem:46.76M (Peak 77.21M) | Time:00:00.23 | Mem:0.95M, Peak:0.95M | Scene, ViewLayer | Updating Geometry BVH Cylinder.135 427/467 | Building mesh BLAS |      12 tris | Altar outer moulding_voussoir_mesh.022
Fra:1 Mem:46.76M (Peak 77.21M) | Time:00:00.23 | Mem:0.95M, Peak:0.95M | Scene, ViewLayer | Updating Geometry BVH Altar outer moulding_voussoir_mesh.023 213/467 | Building BVH
Fra:1 Mem:46.76M (Peak 77.21M) | Time:00:00.23 | Mem:0.95M, Peak:0.95M | Scene, ViewLayer | Updating Geometry BVH Altar outer moulding_voussoir_mesh.023 213/467 | Building mesh BLAS |      24 tris | Cylinder.135
Fra:1 Mem:46.76M (Peak 77.21M) | Time:00:00.23 | Mem:0.95M, Peak:0.95M | Scene, ViewLayer | Updating Geometry BVH Altar outer moulding_voussoir_mesh.023 213/467 | Building mesh BLAS |      12 tris | Altar outer moulding_voussoir_mesh.023
Fra:1 Mem:46.76M (Peak 77.21M) | Time:00:00.23 | Mem:0.95M, Peak:0.95M | Scene, ViewLayer | Updating Geometry BVH Altar outer moulding_voussoir_mesh.024 214/467 | Building BVH
Fra:1 Mem:46.76M (Peak 77.21M) | Time:00:00.23 | Mem:0.95M, Peak:0.95M | Scene, ViewLayer | Updating Geometry BVH Altar outer moulding_voussoir_mesh.024 214/467 | Building mesh BLAS |      12 tris | Altar outer moulding_voussoir_mesh.024
Fra:1 Mem:46.76M (Peak 77.21M) | Time:00:00.23 | Mem:0.95M, Peak:0.95M | Scene, ViewLayer | Updating Geometry BVH Altar outer moulding_voussoir_mesh.025 215/467 | Building BVH
Fra:1 Mem:46.76M (Peak 77.21M) | Time:00:00.23 | Mem:0.95M, Peak:0.95M | Scene, ViewLayer | Updating Geometry BVH Cube.012 216/467 | Building BVH
Fra:1 Mem:46.76M (Peak 77.21M) | Time:00:00.23 | Mem:0.95M, Peak:0.95M | Scene, ViewLayer | Updating Geometry BVH Cube.012 216/467 | Building mesh BLAS |     108 tris | Cube.012
Fra:1 Mem:46.76M (Peak 77.21M) | Time:00:00.23 | Mem:0.95M, Peak:0.95M | Scene, ViewLayer | Updating Geometry BVH WallNiche_voussoir_mesh 217/467 | Building BVH
Fra:1 Mem:46.76M (Peak 77.21M) | Time:00:00.23 | Mem:0.95M, Peak:0.95M | Scene, ViewLayer | Updating Geometry BVH WallNiche_voussoir_mesh.001 218/467 | Building BVH
Fra:1 Mem:46.76M (Peak 77.21M) | Time:00:00.23 | Mem:0.95M, Peak:0.95M | Scene, ViewLayer | Updating Geometry BVH WallNiche_voussoir_mesh.001 218/467 | Building mesh BLAS |      12 tris | WallNiche_voussoir_mesh
Fra:1 Mem:46.76M (Peak 77.21M) | Time:00:00.23 | Mem:0.95M, Peak:0.95M | Scene, ViewLayer | Updating Geometry BVH WallNiche_voussoir_mesh.001 218/467 | Building mesh BLAS |      12 tris | WallNiche_voussoir_mesh.001
Fra:1 Mem:46.76M (Peak 77.21M) | Time:00:00.23 | Mem:0.95M, Peak:0.95M | Scene, ViewLayer | Updating Geometry BVH WallNiche_voussoir_mesh.002 219/467 | Building BVH
Fra:1 Mem:46.76M (Peak 77.21M) | Time:00:00.23 | Mem:0.95M, Peak:0.95M | Scene, ViewLayer | Updating Geometry BVH WallNiche_voussoir_mesh.002 219/467 | Building mesh BLAS |      12 tris | WallNiche_voussoir_mesh.002
Fra:1 Mem:46.76M (Peak 77.21M) | Time:00:00.23 | Mem:0.98M, Peak:0.98M | Scene, ViewLayer | Updating Geometry BVH WallNiche_voussoir_mesh.003 220/467 | Building BVH
Fra:1 Mem:46.76M (Peak 77.21M) | Time:00:00.23 | Mem:0.98M, Peak:0.98M | Scene, ViewLayer | Updating Geometry BVH WallNiche_voussoir_mesh.003 220/467 | Building mesh BLAS |      12 tris | WallNiche_voussoir_mesh.003
Fra:1 Mem:46.76M (Peak 77.21M) | Time:00:00.23 | Mem:0.98M, Peak:0.98M | Scene, ViewLayer | Updating Geometry BVH Niche_-1_drip_dish_mesh 426/467 | Building BVH
Fra:1 Mem:46.76M (Peak 77.21M) | Time:00:00.23 | Mem:0.99M, Peak:0.99M | Scene, ViewLayer | Updating Geometry BVH Niche_-1_drip_dish_mesh 426/467 | Building mesh BLAS |     200 tris | Niche_-1_drip_dish_mesh
Fra:1 Mem:46.76M (Peak 77.21M) | Time:00:00.23 | Mem:0.99M, Peak:0.99M | Scene, ViewLayer | Updating Geometry BVH WallNiche_voussoir_mesh.005 222/467 | Building BVH
Fra:1 Mem:46.76M (Peak 77.21M) | Time:00:00.23 | Mem:0.99M, Peak:0.99M | Scene, ViewLayer | Updating Geometry BVH WallNiche_voussoir_mesh.006 223/467 | Building BVH
Fra:1 Mem:46.76M (Peak 77.21M) | Time:00:00.23 | Mem:0.99M, Peak:0.99M | Scene, ViewLayer | Updating Geometry BVH WallNiche_voussoir_mesh.006 223/467 | Building mesh BLAS |      12 tris | WallNiche_voussoir_mesh.004
Fra:1 Mem:46.76M (Peak 77.21M) | Time:00:00.23 | Mem:0.99M, Peak:0.99M | Scene, ViewLayer | Updating Geometry BVH WallNiche_voussoir_mesh.006 223/467 | Building mesh BLAS |      12 tris | WallNiche_voussoir_mesh.005
Fra:1 Mem:46.76M (Peak 77.21M) | Time:00:00.23 | Mem:0.99M, Peak:0.99M | Scene, ViewLayer | Updating Geometry BVH WallNiche_voussoir_mesh.006 223/467 | Building mesh BLAS |      12 tris | WallNiche_voussoir_mesh.006
Fra:1 Mem:46.76M (Peak 77.21M) | Time:00:00.23 | Mem:0.99M, Peak:0.99M | Scene, ViewLayer | Updating Geometry BVH WallNiche_voussoir_mesh.007 224/467 | Building BVH
Fra:1 Mem:46.76M (Peak 77.21M) | Time:00:00.23 | Mem:0.99M, Peak:0.99M | Scene, ViewLayer | Updating Geometry BVH WallNiche_voussoir_mesh.007 224/467 | Building mesh BLAS |      12 tris | WallNiche_voussoir_mesh.007
Fra:1 Mem:46.76M (Peak 77.21M) | Time:00:00.23 | Mem:0.99M, Peak:0.99M | Scene, ViewLayer | Updating Geometry BVH WallNiche_voussoir_mesh.008 225/467 | Building BVH
Fra:1 Mem:46.76M (Peak 77.21M) | Time:00:00.23 | Mem:1.00M, Peak:1.00M | Scene, ViewLayer | Updating Geometry BVH WallNiche_voussoir_mesh.008 225/467 | Building mesh BLAS |      12 tris | WallNiche_voussoir_mesh.008
Fra:1 Mem:46.76M (Peak 77.21M) | Time:00:00.23 | Mem:1.00M, Peak:1.00M | Scene, ViewLayer | Updating Geometry BVH WallNiche_voussoir_mesh.009 226/467 | Building BVH
Fra:1 Mem:46.76M (Peak 77.21M) | Time:00:00.23 | Mem:1.00M, Peak:1.00M | Scene, ViewLayer | Updating Geometry BVH WallNiche_voussoir_mesh.009 226/467 | Building mesh BLAS |      12 tris | WallNiche_voussoir_mesh.009
Fra:1 Mem:46.76M (Peak 77.21M) | Time:00:00.23 | Mem:1.00M, Peak:1.00M | Scene, ViewLayer | Updating Geometry BVH WallNiche_voussoir_mesh.010 227/467 | Building BVH
Fra:1 Mem:46.76M (Peak 77.21M) | Time:00:00.23 | Mem:1.00M, Peak:1.00M | Scene, ViewLayer | Updating Geometry BVH WallNiche_voussoir_mesh.010 227/467 | Building mesh BLAS |      12 tris | WallNiche_voussoir_mesh.010
Fra:1 Mem:46.76M (Peak 77.21M) | Time:00:00.23 | Mem:1.00M, Peak:1.00M | Scene, ViewLayer | Updating Geometry BVH WallNiche_voussoir_mesh.012 229/467 | Building BVH
Fra:1 Mem:46.76M (Peak 77.21M) | Time:00:00.23 | Mem:1.00M, Peak:1.00M | Scene, ViewLayer | Updating Geometry BVH WallNiche_voussoir_mesh.011 228/467 | Building BVH
Fra:1 Mem:46.76M (Peak 77.21M) | Time:00:00.23 | Mem:1.00M, Peak:1.00M | Scene, ViewLayer | Updating Geometry BVH WallNiche_voussoir_mesh.011 228/467 | Building mesh BLAS |      12 tris | WallNiche_voussoir_mesh.012
Fra:1 Mem:46.76M (Peak 77.21M) | Time:00:00.23 | Mem:1.00M, Peak:1.00M | Scene, ViewLayer | Updating Geometry BVH WallNiche_voussoir_mesh.011 228/467 | Building mesh BLAS |      12 tris | WallNiche_voussoir_mesh.011
Fra:1 Mem:46.76M (Peak 77.21M) | Time:00:00.23 | Mem:1.00M, Peak:1.00M | Scene, ViewLayer | Updating Geometry BVH Cylinder.134 425/467 | Building BVH
Fra:1 Mem:46.76M (Peak 77.21M) | Time:00:00.23 | Mem:1.00M, Peak:1.00M | Scene, ViewLayer | Updating Geometry BVH Cylinder.134 425/467 | Building mesh BLAS |      60 tris | Cylinder.134
Fra:1 Mem:46.76M (Peak 77.21M) | Time:00:00.23 | Mem:1.00M, Peak:1.00M | Scene, ViewLayer | Updating Geometry BVH WallNiche_voussoir_mesh.013 230/467 | Building BVH
Fra:1 Mem:46.76M (Peak 77.21M) | Time:00:00.23 | Mem:1.00M, Peak:1.00M | Scene, ViewLayer | Updating Geometry BVH WallNiche_voussoir_mesh.013 230/467 | Building mesh BLAS |      12 tris | WallNiche_voussoir_mesh.013
Fra:1 Mem:46.76M (Peak 77.21M) | Time:00:00.23 | Mem:1.00M, Peak:1.00M | Scene, ViewLayer | Updating Geometry BVH WallNiche_voussoir_mesh.014 231/467 | Building BVH
Fra:1 Mem:46.76M (Peak 77.21M) | Time:00:00.23 | Mem:1.00M, Peak:1.00M | Scene, ViewLayer | Updating Geometry BVH WallNiche_voussoir_mesh.014 231/467 | Building mesh BLAS |      12 tris | WallNiche_voussoir_mesh.014
Fra:1 Mem:46.76M (Peak 77.21M) | Time:00:00.23 | Mem:1.00M, Peak:1.00M | Scene, ViewLayer | Updating Geometry BVH WallNiche_voussoir_mesh.015 232/467 | Building BVH
Fra:1 Mem:46.76M (Peak 77.21M) | Time:00:00.23 | Mem:1.00M, Peak:1.00M | Scene, ViewLayer | Updating Geometry BVH WallNiche_voussoir_mesh.015 232/467 | Building mesh BLAS |      12 tris | WallNiche_voussoir_mesh.015
Fra:1 Mem:46.76M (Peak 77.21M) | Time:00:00.23 | Mem:1.00M, Peak:1.00M | Scene, ViewLayer | Updating Geometry BVH WallNiche_voussoir_mesh.016 233/467 | Building BVH
Fra:1 Mem:46.76M (Peak 77.21M) | Time:00:00.23 | Mem:1.01M, Peak:1.01M | Scene, ViewLayer | Updating Geometry BVH WallNiche_voussoir_mesh.016 233/467 | Building mesh BLAS |      12 tris | WallNiche_voussoir_mesh.016
Fra:1 Mem:46.76M (Peak 77.21M) | Time:00:00.23 | Mem:1.01M, Peak:1.01M | Scene, ViewLayer | Updating Geometry BVH WallNiche_voussoir_mesh.017 234/467 | Building BVH
Fra:1 Mem:46.76M (Peak 77.21M) | Time:00:00.23 | Mem:1.01M, Peak:1.01M | Scene, ViewLayer | Updating Geometry BVH WallNiche_voussoir_mesh.017 234/467 | Building mesh BLAS |      12 tris | WallNiche_voussoir_mesh.017
Fra:1 Mem:46.76M (Peak 77.21M) | Time:00:00.23 | Mem:1.01M, Peak:1.01M | Scene, ViewLayer | Updating Geometry BVH WallNiche_voussoir_mesh.018 235/467 | Building BVH
Fra:1 Mem:46.76M (Peak 77.21M) | Time:00:00.23 | Mem:1.01M, Peak:1.01M | Scene, ViewLayer | Updating Geometry BVH WallNiche_voussoir_mesh.019 236/467 | Building BVH
Fra:1 Mem:46.76M (Peak 77.21M) | Time:00:00.23 | Mem:1.01M, Peak:1.01M | Scene, ViewLayer | Updating Geometry BVH Niche_-1_holder_mesh 424/467 | Building mesh BLAS |      12 tris | WallNiche_voussoir_mesh.019
Fra:1 Mem:46.76M (Peak 77.21M) | Time:00:00.23 | Mem:1.01M, Peak:1.01M | Scene, ViewLayer | Updating Geometry BVH WallNiche_voussoir_mesh.020 237/467 | Building BVH
Fra:1 Mem:46.76M (Peak 77.21M) | Time:00:00.23 | Mem:1.01M, Peak:1.01M | Scene, ViewLayer | Updating Geometry BVH WallNiche_voussoir_mesh.022 239/467 | Building BVH
Fra:1 Mem:46.76M (Peak 77.21M) | Time:00:00.23 | Mem:1.01M, Peak:1.01M | Scene, ViewLayer | Updating Geometry BVH WallNiche_voussoir_mesh.024 241/467 | Building BVH
Fra:1 Mem:46.76M (Peak 77.21M) | Time:00:00.23 | Mem:1.01M, Peak:1.01M | Scene, ViewLayer | Updating Geometry BVH WallNiche_voussoir_mesh.024 241/467 | Building mesh BLAS |     360 tris | Niche_-1_holder_mesh
Fra:1 Mem:46.76M (Peak 77.21M) | Time:00:00.23 | Mem:1.01M, Peak:1.01M | Scene, ViewLayer | Updating Geometry BVH WallNiche_voussoir_mesh.024 241/467 | Building mesh BLAS |      12 tris | WallNiche_voussoir_mesh.022
Fra:1 Mem:46.76M (Peak 77.21M) | Time:00:00.23 | Mem:1.01M, Peak:1.01M | Scene, ViewLayer | Updating Geometry BVH WallNiche_voussoir_mesh.026 243/467 | Building BVH
Fra:1 Mem:46.76M (Peak 77.21M) | Time:00:00.23 | Mem:1.01M, Peak:1.01M | Scene, ViewLayer | Updating Geometry BVH WallNiche_voussoir_mesh.026 243/467 | Building mesh BLAS |      12 tris | WallNiche_voussoir_mesh.021
Fra:1 Mem:46.76M (Peak 77.21M) | Time:00:00.23 | Mem:1.01M, Peak:1.01M | Scene, ViewLayer | Updating Geometry BVH WallNiche_voussoir_mesh.026 243/467 | Building mesh BLAS |      12 tris | WallNiche_voussoir_mesh.024
Fra:1 Mem:46.76M (Peak 77.21M) | Time:00:00.23 | Mem:1.01M, Peak:1.01M | Scene, ViewLayer | Updating Geometry BVH WallNiche_voussoir_mesh.026 243/467 | Building mesh BLAS |      12 tris | WallNiche_voussoir_mesh.026
Fra:1 Mem:46.76M (Peak 77.21M) | Time:00:00.23 | Mem:1.01M, Peak:1.01M | Scene, ViewLayer | Updating Geometry BVH WallNiche_voussoir_mesh.027 244/467 | Building BVH
Fra:1 Mem:46.76M (Peak 77.21M) | Time:00:00.23 | Mem:1.02M, Peak:1.02M | Scene, ViewLayer | Updating Geometry BVH WallNiche_voussoir_mesh.027 244/467 | Building mesh BLAS |      12 tris | WallNiche_voussoir_mesh.027
Fra:1 Mem:46.76M (Peak 77.21M) | Time:00:00.23 | Mem:1.03M, Peak:1.03M | Scene, ViewLayer | Updating Geometry BVH Altar_-1_flame_mesh 423/467 | Building BVH
Fra:1 Mem:46.76M (Peak 77.21M) | Time:00:00.23 | Mem:1.03M, Peak:1.03M | Scene, ViewLayer | Updating Geometry BVH Altar_-1_flame_mesh 423/467 | Building mesh BLAS |     120 tris | Altar_-1_flame_mesh
Fra:1 Mem:46.76M (Peak 77.21M) | Time:00:00.23 | Mem:1.03M, Peak:1.03M | Scene, ViewLayer | Updating Geometry BVH WallNiche_voussoir_mesh.028 245/467 | Building BVH
Fra:1 Mem:46.76M (Peak 77.21M) | Time:00:00.23 | Mem:1.03M, Peak:1.03M | Scene, ViewLayer | Updating Geometry BVH WallNiche_voussoir_mesh.028 245/467 | Building mesh BLAS |      12 tris | WallNiche_voussoir_mesh.028
Fra:1 Mem:46.76M (Peak 77.21M) | Time:00:00.23 | Mem:1.03M, Peak:1.03M | Scene, ViewLayer | Updating Geometry BVH WallNiche_voussoir_mesh.029 246/467 | Building BVH
Fra:1 Mem:46.76M (Peak 77.21M) | Time:00:00.23 | Mem:1.03M, Peak:1.03M | Scene, ViewLayer | Updating Geometry BVH WallNiche_voussoir_mesh.031 248/467 | Building BVH
Fra:1 Mem:46.76M (Peak 77.21M) | Time:00:00.23 | Mem:1.03M, Peak:1.03M | Scene, ViewLayer | Updating Geometry BVH WallNiche_voussoir_mesh.031 248/467 | Building mesh BLAS |      12 tris | WallNiche_voussoir_mesh.029
Fra:1 Mem:46.76M (Peak 77.21M) | Time:00:00.23 | Mem:1.03M, Peak:1.03M | Scene, ViewLayer | Updating Geometry BVH WallNiche_voussoir_mesh.032 249/467 | Building BVH
Fra:1 Mem:46.76M (Peak 77.21M) | Time:00:00.23 | Mem:1.03M, Peak:1.03M | Scene, ViewLayer | Updating Geometry BVH WallNiche_voussoir_mesh.032 249/467 | Building mesh BLAS |      12 tris | WallNiche_voussoir_mesh.030
Fra:1 Mem:46.76M (Peak 77.21M) | Time:00:00.23 | Mem:1.03M, Peak:1.03M | Scene, ViewLayer | Updating Geometry BVH WallNiche_voussoir_mesh.032 249/467 | Building mesh BLAS |      12 tris | WallNiche_voussoir_mesh.032
Fra:1 Mem:46.76M (Peak 77.21M) | Time:00:00.23 | Mem:1.03M, Peak:1.03M | Scene, ViewLayer | Updating Geometry BVH WallNiche_voussoir_mesh.033 250/467 | Building BVH
Fra:1 Mem:46.76M (Peak 77.21M) | Time:00:00.23 | Mem:1.03M, Peak:1.03M | Scene, ViewLayer | Updating Geometry BVH WallNiche_voussoir_mesh.033 250/467 | Building mesh BLAS |      12 tris | WallNiche_voussoir_mesh.033
Fra:1 Mem:46.76M (Peak 77.21M) | Time:00:00.23 | Mem:1.03M, Peak:1.03M | Scene, ViewLayer | Updating Geometry BVH WallNiche_voussoir_mesh.034 251/467 | Building BVH
Fra:1 Mem:46.76M (Peak 77.21M) | Time:00:00.23 | Mem:1.03M, Peak:1.03M | Scene, ViewLayer | Updating Geometry BVH WallNiche_voussoir_mesh.034 251/467 | Building mesh BLAS |      12 tris | WallNiche_voussoir_mesh.034
Fra:1 Mem:46.76M (Peak 77.21M) | Time:00:00.23 | Mem:1.03M, Peak:1.03M | Scene, ViewLayer | Updating Geometry BVH WallNiche_voussoir_mesh.035 252/467 | Building BVH
Fra:1 Mem:46.76M (Peak 77.21M) | Time:00:00.23 | Mem:1.03M, Peak:1.03M | Scene, ViewLayer | Updating Geometry BVH WallNiche_voussoir_mesh.035 252/467 | Building mesh BLAS |      12 tris | WallNiche_voussoir_mesh.035
Fra:1 Mem:46.76M (Peak 77.21M) | Time:00:00.23 | Mem:1.03M, Peak:1.03M | Scene, ViewLayer | Updating Geometry BVH WallNiche_voussoir_mesh.036 253/467 | Building BVH
Fra:1 Mem:46.76M (Peak 77.21M) | Time:00:00.23 | Mem:1.03M, Peak:1.03M | Scene, ViewLayer | Updating Geometry BVH WallNiche_voussoir_mesh.036 253/467 | Building mesh BLAS |      12 tris | WallNiche_voussoir_mesh.036
Fra:1 Mem:46.76M (Peak 77.21M) | Time:00:00.23 | Mem:1.03M, Peak:1.03M | Scene, ViewLayer | Updating Geometry BVH Cylinder.133 422/467 | Building BVH
Fra:1 Mem:46.76M (Peak 77.21M) | Time:00:00.23 | Mem:1.03M, Peak:1.03M | Scene, ViewLayer | Updating Geometry BVH Cylinder.133 422/467 | Building mesh BLAS |      24 tris | Cylinder.133
Fra:1 Mem:46.76M (Peak 77.21M) | Time:00:00.23 | Mem:1.03M, Peak:1.03M | Scene, ViewLayer | Updating Geometry BVH WallNiche_voussoir_mesh.037 254/467 | Building BVH
Fra:1 Mem:46.76M (Peak 77.21M) | Time:00:00.23 | Mem:1.03M, Peak:1.03M | Scene, ViewLayer | Updating Geometry BVH WallNiche_voussoir_mesh.037 254/467 | Building mesh BLAS |      12 tris | WallNiche_voussoir_mesh.037
Fra:1 Mem:46.76M (Peak 77.21M) | Time:00:00.23 | Mem:1.03M, Peak:1.03M | Scene, ViewLayer | Updating Geometry BVH WallNiche_voussoir_mesh.038 255/467 | Building BVH
Fra:1 Mem:46.76M (Peak 77.21M) | Time:00:00.23 | Mem:1.03M, Peak:1.03M | Scene, ViewLayer | Updating Geometry BVH WallNiche_voussoir_mesh.038 255/467 | Building mesh BLAS |      12 tris | WallNiche_voussoir_mesh.038
Fra:1 Mem:46.76M (Peak 77.21M) | Time:00:00.23 | Mem:1.03M, Peak:1.03M | Scene, ViewLayer | Updating Geometry BVH WallNiche_voussoir_mesh.039 256/467 | Building BVH
Fra:1 Mem:46.76M (Peak 77.21M) | Time:00:00.23 | Mem:1.03M, Peak:1.03M | Scene, ViewLayer | Updating Geometry BVH WallNiche_voussoir_mesh.039 256/467 | Building mesh BLAS |      12 tris | WallNiche_voussoir_mesh.039
Fra:1 Mem:46.76M (Peak 77.21M) | Time:00:00.23 | Mem:1.03M, Peak:1.03M | Scene, ViewLayer | Updating Geometry BVH WallNiche_voussoir_mesh.040 257/467 | Building BVH
Fra:1 Mem:46.76M (Peak 77.21M) | Time:00:00.23 | Mem:1.03M, Peak:1.03M | Scene, ViewLayer | Updating Geometry BVH WallNiche_voussoir_mesh.040 257/467 | Building mesh BLAS |      12 tris | WallNiche_voussoir_mesh.040
Fra:1 Mem:46.76M (Peak 77.21M) | Time:00:00.23 | Mem:1.03M, Peak:1.03M | Scene, ViewLayer | Updating Geometry BVH WallNiche_voussoir_mesh.041 258/467 | Building BVH
Fra:1 Mem:46.76M (Peak 77.21M) | Time:00:00.23 | Mem:1.03M, Peak:1.03M | Scene, ViewLayer | Updating Geometry BVH WallNiche_voussoir_mesh.041 258/467 | Building mesh BLAS |      12 tris | WallNiche_voussoir_mesh.041
Fra:1 Mem:46.76M (Peak 77.21M) | Time:00:00.23 | Mem:1.03M, Peak:1.03M | Scene, ViewLayer | Updating Geometry BVH WallNiche_voussoir_mesh.042 259/467 | Building BVH
Fra:1 Mem:46.76M (Peak 77.21M) | Time:00:00.23 | Mem:1.03M, Peak:1.03M | Scene, ViewLayer | Updating Geometry BVH WallNiche_voussoir_mesh.042 259/467 | Building mesh BLAS |      12 tris | WallNiche_voussoir_mesh.042
Fra:1 Mem:46.76M (Peak 77.21M) | Time:00:00.23 | Mem:1.03M, Peak:1.03M | Scene, ViewLayer | Updating Geometry BVH WallNiche_voussoir_mesh.043 260/467 | Building BVH
Fra:1 Mem:46.76M (Peak 77.21M) | Time:00:00.23 | Mem:1.04M, Peak:1.04M | Scene, ViewLayer | Updating Geometry BVH WallNiche_voussoir_mesh.043 260/467 | Building mesh BLAS |      12 tris | WallNiche_voussoir_mesh.043
Fra:1 Mem:46.76M (Peak 77.21M) | Time:00:00.23 | Mem:1.04M, Peak:1.04M | Scene, ViewLayer | Updating Geometry BVH WallNiche_voussoir_mesh.044 261/467 | Building BVH
Fra:1 Mem:46.76M (Peak 77.21M) | Time:00:00.23 | Mem:1.04M, Peak:1.04M | Scene, ViewLayer | Updating Geometry BVH WallNiche_voussoir_mesh.044 261/467 | Building mesh BLAS |      12 tris | WallNiche_voussoir_mesh.044
Fra:1 Mem:46.76M (Peak 77.21M) | Time:00:00.23 | Mem:1.04M, Peak:1.04M | Scene, ViewLayer | Updating Geometry BVH Altar_-1_drip_dish_mesh 421/467 | Building BVH
Fra:1 Mem:46.76M (Peak 77.21M) | Time:00:00.23 | Mem:1.04M, Peak:1.04M | Scene, ViewLayer | Updating Geometry BVH Altar_-1_drip_dish_mesh 421/467 | Building mesh BLAS |     200 tris | Altar_-1_drip_dish_mesh
Fra:1 Mem:46.76M (Peak 77.21M) | Time:00:00.23 | Mem:1.04M, Peak:1.04M | Scene, ViewLayer | Updating Geometry BVH WallNiche_voussoir_mesh.045 262/467 | Building BVH
Fra:1 Mem:46.76M (Peak 77.21M) | Time:00:00.23 | Mem:1.04M, Peak:1.04M | Scene, ViewLayer | Updating Geometry BVH WallNiche_voussoir_mesh.045 262/467 | Building mesh BLAS |      12 tris | WallNiche_voussoir_mesh.045
Fra:1 Mem:46.76M (Peak 77.21M) | Time:00:00.23 | Mem:1.04M, Peak:1.04M | Scene, ViewLayer | Updating Geometry BVH WallNiche_voussoir_mesh.046 263/467 | Building BVH
Fra:1 Mem:46.76M (Peak 77.21M) | Time:00:00.23 | Mem:1.04M, Peak:1.04M | Scene, ViewLayer | Updating Geometry BVH WallNiche_voussoir_mesh.046 263/467 | Building mesh BLAS |      12 tris | WallNiche_voussoir_mesh.046
Fra:1 Mem:46.76M (Peak 77.21M) | Time:00:00.23 | Mem:1.04M, Peak:1.04M | Scene, ViewLayer | Updating Geometry BVH WallNiche_voussoir_mesh.047 264/467 | Building BVH
Fra:1 Mem:46.76M (Peak 77.21M) | Time:00:00.23 | Mem:1.04M, Peak:1.04M | Scene, ViewLayer | Updating Geometry BVH WallNiche_voussoir_mesh.047 264/467 | Building mesh BLAS |      12 tris | WallNiche_voussoir_mesh.047
Fra:1 Mem:46.76M (Peak 77.21M) | Time:00:00.23 | Mem:1.04M, Peak:1.04M | Scene, ViewLayer | Updating Geometry BVH WallNiche_voussoir_mesh.048 265/467 | Building BVH
Fra:1 Mem:46.76M (Peak 77.21M) | Time:00:00.23 | Mem:1.04M, Peak:1.04M | Scene, ViewLayer | Updating Geometry BVH WallNiche_voussoir_mesh.049 266/467 | Building BVH
Fra:1 Mem:46.76M (Peak 77.21M) | Time:00:00.23 | Mem:1.04M, Peak:1.04M | Scene, ViewLayer | Updating Geometry BVH WallNiche_voussoir_mesh.049 266/467 | Building mesh BLAS |      12 tris | WallNiche_voussoir_mesh.048
Fra:1 Mem:46.76M (Peak 77.21M) | Time:00:00.23 | Mem:1.04M, Peak:1.04M | Scene, ViewLayer | Updating Geometry BVH WallNiche_voussoir_mesh.049 266/467 | Building mesh BLAS |      12 tris | WallNiche_voussoir_mesh.049
Fra:1 Mem:46.76M (Peak 77.21M) | Time:00:00.23 | Mem:1.04M, Peak:1.04M | Scene, ViewLayer | Updating Geometry BVH WallNiche_voussoir_mesh.050 267/467 | Building BVH
Fra:1 Mem:46.76M (Peak 77.21M) | Time:00:00.23 | Mem:1.04M, Peak:1.04M | Scene, ViewLayer | Updating Geometry BVH WallNiche_voussoir_mesh.050 267/467 | Building mesh BLAS |      12 tris | WallNiche_voussoir_mesh.050
Fra:1 Mem:46.76M (Peak 77.21M) | Time:00:00.23 | Mem:1.04M, Peak:1.04M | Scene, ViewLayer | Updating Geometry BVH WallNiche_voussoir_mesh.051 268/467 | Building BVH
Fra:1 Mem:46.76M (Peak 77.21M) | Time:00:00.23 | Mem:1.04M, Peak:1.04M | Scene, ViewLayer | Updating Geometry BVH WallNiche_voussoir_mesh.051 268/467 | Building mesh BLAS |      12 tris | WallNiche_voussoir_mesh.051
Fra:1 Mem:46.76M (Peak 77.21M) | Time:00:00.23 | Mem:1.08M, Peak:1.08M | Scene, ViewLayer | Updating Geometry BVH Altar recessed darkness_mesh 269/467 | Building BVH
Fra:1 Mem:46.76M (Peak 77.21M) | Time:00:00.23 | Mem:1.08M, Peak:1.08M | Scene, ViewLayer | Updating Geometry BVH Altar recessed darkness_mesh 269/467 | Building mesh BLAS |      33 tris | Altar recessed darkness_mesh
Fra:1 Mem:46.76M (Peak 77.21M) | Time:00:00.23 | Mem:1.08M, Peak:1.08M | Scene, ViewLayer | Updating Geometry BVH Cylinder.132 420/467 | Building BVH
Fra:1 Mem:46.76M (Peak 77.21M) | Time:00:00.23 | Mem:1.08M, Peak:1.08M | Scene, ViewLayer | Updating Geometry BVH Cylinder.132 420/467 | Building mesh BLAS |      60 tris | Cylinder.132
Fra:1 Mem:46.76M (Peak 77.21M) | Time:00:00.23 | Mem:1.08M, Peak:1.08M | Scene, ViewLayer | Updating Geometry BVH WallNiche shadow_mesh 270/467 | Building BVH
Fra:1 Mem:46.76M (Peak 77.21M) | Time:00:00.23 | Mem:1.08M, Peak:1.08M | Scene, ViewLayer | Updating Geometry BVH WallNiche shadow_mesh 270/467 | Building mesh BLAS |      33 tris | WallNiche shadow_mesh
Fra:1 Mem:46.76M (Peak 77.21M) | Time:00:00.23 | Mem:1.08M, Peak:1.08M | Scene, ViewLayer | Updating Geometry BVH Cylinder.072 271/467 | Building BVH
Fra:1 Mem:46.76M (Peak 77.21M) | Time:00:00.23 | Mem:1.08M, Peak:1.08M | Scene, ViewLayer | Updating Geometry BVH Cylinder.073 272/467 | Building BVH
Fra:1 Mem:46.76M (Peak 77.21M) | Time:00:00.23 | Mem:1.08M, Peak:1.08M | Scene, ViewLayer | Updating Geometry BVH Cube.013 273/467 | Building BVH
Fra:1 Mem:46.76M (Peak 77.21M) | Time:00:00.23 | Mem:1.08M, Peak:1.08M | Scene, ViewLayer | Updating Geometry BVH Cube.013 273/467 | Building mesh BLAS |     108 tris | Cube.013
Fra:1 Mem:46.76M (Peak 77.21M) | Time:00:00.23 | Mem:1.08M, Peak:1.08M | Scene, ViewLayer | Updating Geometry BVH WallNiche shadow_mesh.001 274/467 | Building BVH
Fra:1 Mem:46.76M (Peak 77.21M) | Time:00:00.23 | Mem:1.08M, Peak:1.08M | Scene, ViewLayer | Updating Geometry BVH WallNiche shadow_mesh.001 274/467 | Building mesh BLAS |      33 tris | WallNiche shadow_mesh.001
Fra:1 Mem:46.76M (Peak 77.21M) | Time:00:00.23 | Mem:1.08M, Peak:1.08M | Scene, ViewLayer | Updating Geometry BVH Cylinder.074 275/467 | Building BVH
Fra:1 Mem:46.76M (Peak 77.21M) | Time:00:00.23 | Mem:1.08M, Peak:1.08M | Scene, ViewLayer | Updating Geometry BVH Cylinder.074 275/467 | Building mesh BLAS |      44 tris | Cylinder.074
Fra:1 Mem:46.76M (Peak 77.21M) | Time:00:00.23 | Mem:1.08M, Peak:1.08M | Scene, ViewLayer | Updating Geometry BVH Cylinder.075 276/467 | Building BVH
Fra:1 Mem:46.76M (Peak 77.21M) | Time:00:00.23 | Mem:1.08M, Peak:1.08M | Scene, ViewLayer | Updating Geometry BVH Cylinder.075 276/467 | Building mesh BLAS |      44 tris | Cylinder.075
Fra:1 Mem:46.76M (Peak 77.21M) | Time:00:00.23 | Mem:1.08M, Peak:1.08M | Scene, ViewLayer | Updating Geometry BVH Cube.014 277/467 | Building BVH
Fra:1 Mem:46.76M (Peak 77.21M) | Time:00:00.23 | Mem:1.08M, Peak:1.08M | Scene, ViewLayer | Updating Geometry BVH Cube.014 277/467 | Building mesh BLAS |     108 tris | Cube.014
Fra:1 Mem:46.76M (Peak 77.21M) | Time:00:00.23 | Mem:1.09M, Peak:1.09M | Scene, ViewLayer | Updating Geometry BVH Altar_-1_holder_mesh 419/467 | Building BVH
Fra:1 Mem:46.76M (Peak 77.21M) | Time:00:00.23 | Mem:1.09M, Peak:1.09M | Scene, ViewLayer | Updating Geometry BVH Altar_-1_holder_mesh 419/467 | Building mesh BLAS |     360 tris | Altar_-1_holder_mesh
Fra:1 Mem:46.76M (Peak 77.21M) | Time:00:00.23 | Mem:1.09M, Peak:1.09M | Scene, ViewLayer | Updating Geometry BVH Cube.015 278/467 | Building BVH
Fra:1 Mem:46.76M (Peak 77.21M) | Time:00:00.23 | Mem:1.09M, Peak:1.09M | Scene, ViewLayer | Updating Geometry BVH Cube.015 278/467 | Building mesh BLAS |     108 tris | Cube.015
Fra:1 Mem:46.76M (Peak 77.21M) | Time:00:00.23 | Mem:1.09M, Peak:1.09M | Scene, ViewLayer | Updating Geometry BVH Cube.016 279/467 | Building BVH
Fra:1 Mem:46.76M (Peak 77.21M) | Time:00:00.23 | Mem:1.09M, Peak:1.09M | Scene, ViewLayer | Updating Geometry BVH Cube.017 280/467 | Building BVH
Fra:1 Mem:46.76M (Peak 77.21M) | Time:00:00.23 | Mem:1.09M, Peak:1.09M | Scene, ViewLayer | Updating Geometry BVH Cube.017 280/467 | Building mesh BLAS |     108 tris | Cube.017
Fra:1 Mem:46.76M (Peak 77.21M) | Time:00:00.23 | Mem:1.09M, Peak:1.09M | Scene, ViewLayer | Updating Geometry BVH Cube.018 281/467 | Building BVH
Fra:1 Mem:46.76M (Peak 77.21M) | Time:00:00.23 | Mem:1.09M, Peak:1.09M | Scene, ViewLayer | Updating Geometry BVH Cube.018 281/467 | Building mesh BLAS |      12 tris | Cube.018
Fra:1 Mem:46.76M (Peak 77.21M) | Time:00:00.23 | Mem:1.09M, Peak:1.09M | Scene, ViewLayer | Updating Geometry BVH Cube.035 282/467 | Building BVH
Fra:1 Mem:46.76M (Peak 77.21M) | Time:00:00.23 | Mem:1.09M, Peak:1.09M | Scene, ViewLayer | Updating Geometry BVH Cube.035 282/467 | Building mesh BLAS |     108 tris | Cube.035
Fra:1 Mem:46.76M (Peak 77.21M) | Time:00:00.23 | Mem:1.09M, Peak:1.09M | Scene, ViewLayer | Updating Geometry BVH Cube.019 283/467 | Building BVH
Fra:1 Mem:46.76M (Peak 77.21M) | Time:00:00.23 | Mem:1.09M, Peak:1.09M | Scene, ViewLayer | Updating Geometry BVH Cube.019 283/467 | Building mesh BLAS |     108 tris | Cube.019
Fra:1 Mem:46.76M (Peak 77.21M) | Time:00:00.23 | Mem:1.09M, Peak:1.09M | Scene, ViewLayer | Updating Geometry BVH Cube.020 284/467 | Building BVH
Fra:1 Mem:46.76M (Peak 77.21M) | Time:00:00.23 | Mem:1.09M, Peak:1.09M | Scene, ViewLayer | Updating Geometry BVH Cube.020 284/467 | Building mesh BLAS |     108 tris | Cube.020
Fra:1 Mem:46.76M (Peak 77.21M) | Time:00:00.23 | Mem:1.10M, Peak:1.10M | Scene, ViewLayer | Updating Geometry BVH Cube.021 285/467 | Building BVH
Fra:1 Mem:46.76M (Peak 77.21M) | Time:00:00.23 | Mem:1.10M, Peak:1.10M | Scene, ViewLayer | Updating Geometry BVH Cube.021 285/467 | Building mesh BLAS |     108 tris | Cube.021
Fra:1 Mem:46.76M (Peak 77.21M) | Time:00:00.23 | Mem:1.10M, Peak:1.10M | Scene, ViewLayer | Updating Geometry BVH Cube.022 286/467 | Building BVH
Fra:1 Mem:46.76M (Peak 77.21M) | Time:00:00.23 | Mem:1.10M, Peak:1.10M | Scene, ViewLayer | Updating Geometry BVH Cube.022 286/467 | Building mesh BLAS |     108 tris | Cube.022
Fra:1 Mem:46.76M (Peak 77.21M) | Time:00:00.23 | Mem:1.10M, Peak:1.10M | Scene, ViewLayer | Updating Geometry BVH Back_1_2_flame_mesh 418/467 | Building BVH
Fra:1 Mem:46.76M (Peak 77.21M) | Time:00:00.23 | Mem:1.10M, Peak:1.10M | Scene, ViewLayer | Updating Geometry BVH Back_1_2_flame_mesh 418/467 | Building mesh BLAS |     120 tris | Back_1_2_flame_mesh
Fra:1 Mem:46.76M (Peak 77.21M) | Time:00:00.23 | Mem:1.10M, Peak:1.10M | Scene, ViewLayer | Updating Geometry BVH Cube.023 287/467 | Building BVH
Fra:1 Mem:46.76M (Peak 77.21M) | Time:00:00.23 | Mem:1.10M, Peak:1.10M | Scene, ViewLayer | Updating Geometry BVH Cube.023 287/467 | Building mesh BLAS |     108 tris | Cube.023
Fra:1 Mem:46.76M (Peak 77.21M) | Time:00:00.23 | Mem:1.10M, Peak:1.10M | Scene, ViewLayer | Updating Geometry BVH Cube.024 288/467 | Building BVH
Fra:1 Mem:46.76M (Peak 77.21M) | Time:00:00.23 | Mem:1.10M, Peak:1.10M | Scene, ViewLayer | Updating Geometry BVH Cube.025 289/467 | Building BVH
Fra:1 Mem:46.76M (Peak 77.21M) | Time:00:00.23 | Mem:1.10M, Peak:1.10M | Scene, ViewLayer | Updating Geometry BVH Cube.025 289/467 | Building mesh BLAS |     108 tris | Cube.024
Fra:1 Mem:46.76M (Peak 77.21M) | Time:00:00.23 | Mem:1.10M, Peak:1.10M | Scene, ViewLayer | Updating Geometry BVH Cube.025 289/467 | Building mesh BLAS |     108 tris | Cube.025
Fra:1 Mem:46.76M (Peak 77.21M) | Time:00:00.23 | Mem:1.10M, Peak:1.10M | Scene, ViewLayer | Updating Geometry BVH Cube.026 290/467 | Building BVH
Fra:1 Mem:46.76M (Peak 77.21M) | Time:00:00.23 | Mem:1.10M, Peak:1.10M | Scene, ViewLayer | Updating Geometry BVH Cube.026 290/467 | Building mesh BLAS |     108 tris | Cube.026
Fra:1 Mem:46.76M (Peak 77.21M) | Time:00:00.23 | Mem:1.11M, Peak:1.11M | Scene, ViewLayer | Updating Geometry BVH Cube.027 291/467 | Building BVH
Fra:1 Mem:46.76M (Peak 77.21M) | Time:00:00.23 | Mem:1.11M, Peak:1.11M | Scene, ViewLayer | Updating Geometry BVH Cube.027 291/467 | Building mesh BLAS |     108 tris | Cube.027
Fra:1 Mem:46.76M (Peak 77.21M) | Time:00:00.23 | Mem:1.11M, Peak:1.11M | Scene, ViewLayer | Updating Geometry BVH Cube.028 292/467 | Building BVH
Fra:1 Mem:46.76M (Peak 77.21M) | Time:00:00.23 | Mem:1.11M, Peak:1.11M | Scene, ViewLayer | Updating Geometry BVH Cube.028 292/467 | Building mesh BLAS |     108 tris | Cube.028
Fra:1 Mem:46.76M (Peak 77.21M) | Time:00:00.23 | Mem:1.11M, Peak:1.11M | Scene, ViewLayer | Updating Geometry BVH Cube.029 293/467 | Building BVH
Fra:1 Mem:46.76M (Peak 77.21M) | Time:00:00.23 | Mem:1.11M, Peak:1.11M | Scene, ViewLayer | Updating Geometry BVH Cube.029 293/467 | Building mesh BLAS |     108 tris | Cube.029
Fra:1 Mem:46.76M (Peak 77.21M) | Time:00:00.23 | Mem:1.11M, Peak:1.11M | Scene, ViewLayer | Updating Geometry BVH Cube.030 294/467 | Building BVH
Fra:1 Mem:46.76M (Peak 77.21M) | Time:00:00.23 | Mem:1.11M, Peak:1.11M | Scene, ViewLayer | Updating Geometry BVH Cube.030 294/467 | Building mesh BLAS |     108 tris | Cube.030
Fra:1 Mem:46.76M (Peak 77.21M) | Time:00:00.23 | Mem:1.12M, Peak:1.12M | Scene, ViewLayer | Updating Geometry BVH Cube.031 295/467 | Building BVH
Fra:1 Mem:46.76M (Peak 77.21M) | Time:00:00.23 | Mem:1.12M, Peak:1.12M | Scene, ViewLayer | Updating Geometry BVH Cube.031 295/467 | Building mesh BLAS |     108 tris | Cube.031
Fra:1 Mem:46.76M (Peak 77.21M) | Time:00:00.24 | Mem:1.12M, Peak:1.12M | Scene, ViewLayer | Updating Geometry BVH Cube.032 296/467 | Building BVH
Fra:1 Mem:46.76M (Peak 77.21M) | Time:00:00.24 | Mem:1.12M, Peak:1.12M | Scene, ViewLayer | Updating Geometry BVH Cube.032 296/467 | Building mesh BLAS |     108 tris | Cube.032
Fra:1 Mem:46.76M (Peak 77.21M) | Time:00:00.24 | Mem:1.12M, Peak:1.12M | Scene, ViewLayer | Updating Geometry BVH Cylinder.131 417/467 | Building BVH
Fra:1 Mem:46.76M (Peak 77.21M) | Time:00:00.24 | Mem:1.12M, Peak:1.12M | Scene, ViewLayer | Updating Geometry BVH Cylinder.131 417/467 | Building mesh BLAS |      24 tris | Cylinder.131
Fra:1 Mem:46.76M (Peak 77.21M) | Time:00:00.24 | Mem:1.12M, Peak:1.12M | Scene, ViewLayer | Updating Geometry BVH Tribunal_1_cloaked_body_mesh 297/467 | Building BVH
Fra:1 Mem:46.76M (Peak 77.21M) | Time:00:00.24 | Mem:1.12M, Peak:1.12M | Scene, ViewLayer | Updating Geometry BVH Tribunal_1_cloaked_body_mesh 297/467 | Building mesh BLAS |     160 tris | Tribunal_1_cloaked_body_mesh
Fra:1 Mem:46.76M (Peak 77.21M) | Time:00:00.24 | Mem:1.12M, Peak:1.12M | Scene, ViewLayer | Updating Geometry BVH Tribunal_1_open_hood_mesh 298/467 | Building BVH
Fra:1 Mem:46.76M (Peak 77.21M) | Time:00:00.24 | Mem:1.12M, Peak:1.12M | Scene, ViewLayer | Updating Geometry BVH Icosphere 299/467 | Building BVH
Fra:1 Mem:46.76M (Peak 77.21M) | Time:00:00.24 | Mem:1.12M, Peak:1.12M | Scene, ViewLayer | Updating Geometry BVH Icosphere 299/467 | Building mesh BLAS |      80 tris | Icosphere
Fra:1 Mem:46.76M (Peak 77.21M) | Time:00:00.24 | Mem:1.13M, Peak:1.13M | Scene, ViewLayer | Updating Geometry BVH Cylinder.076 300/467 | Building BVH
Fra:1 Mem:46.76M (Peak 77.21M) | Time:00:00.24 | Mem:1.13M, Peak:1.13M | Scene, ViewLayer | Updating Geometry BVH Cylinder.076 300/467 | Building mesh BLAS |      36 tris | Cylinder.076
Fra:1 Mem:46.76M (Peak 77.21M) | Time:00:00.24 | Mem:1.13M, Peak:1.13M | Scene, ViewLayer | Updating Geometry BVH Cylinder.078 303/467 | Building BVH
Fra:1 Mem:46.76M (Peak 77.21M) | Time:00:00.24 | Mem:1.13M, Peak:1.13M | Scene, ViewLayer | Updating Geometry BVH Cylinder.079 304/467 | Building BVH
Fra:1 Mem:46.76M (Peak 77.21M) | Time:00:00.24 | Mem:1.13M, Peak:1.13M | Scene, ViewLayer | Updating Geometry BVH Cylinder.079 304/467 | Building mesh BLAS |      36 tris | Cylinder.078
Fra:1 Mem:46.76M (Peak 77.21M) | Time:00:00.24 | Mem:1.13M, Peak:1.13M | Scene, ViewLayer | Updating Geometry BVH Cylinder.079 304/467 | Building mesh BLAS |      20 tris | Icosphere.001
Fra:1 Mem:46.76M (Peak 77.21M) | Time:00:00.24 | Mem:1.13M, Peak:1.13M | Scene, ViewLayer | Updating Geometry BVH Cylinder.079 304/467 | Building mesh BLAS |      36 tris | Cylinder.077
Fra:1 Mem:46.76M (Peak 77.21M) | Time:00:00.24 | Mem:1.13M, Peak:1.13M | Scene, ViewLayer | Updating Geometry BVH Cylinder.079 304/467 | Building mesh BLAS |      36 tris | Cylinder.079
Fra:1 Mem:46.76M (Peak 77.21M) | Time:00:00.24 | Mem:1.13M, Peak:1.13M | Scene, ViewLayer | Updating Geometry BVH Icosphere.002 305/467 | Building BVH
Fra:1 Mem:46.76M (Peak 77.21M) | Time:00:00.24 | Mem:1.13M, Peak:1.13M | Scene, ViewLayer | Updating Geometry BVH Icosphere.002 305/467 | Building mesh BLAS |      20 tris | Icosphere.002
Fra:1 Mem:46.76M (Peak 77.21M) | Time:00:00.24 | Mem:1.13M, Peak:1.13M | Scene, ViewLayer | Updating Geometry BVH Cube.033 306/467 | Building BVH
Fra:1 Mem:46.76M (Peak 77.21M) | Time:00:00.24 | Mem:1.13M, Peak:1.13M | Scene, ViewLayer | Updating Geometry BVH Tribunal_2_cloaked_body_mesh 308/467 | Building BVH
Fra:1 Mem:46.76M (Peak 77.21M) | Time:00:00.24 | Mem:1.13M, Peak:1.13M | Scene, ViewLayer | Updating Geometry BVH Tribunal_2_cloaked_body_mesh 308/467 | Building mesh BLAS |     160 tris | Tribunal_2_cloaked_body_mesh
Fra:1 Mem:46.76M (Peak 77.21M) | Time:00:00.24 | Mem:1.13M, Peak:1.13M | Scene, ViewLayer | Updating Geometry BVH Tribunal_2_cloaked_body_mesh 308/467 | Building mesh BLAS |     108 tris | Cube.034
Fra:1 Mem:46.76M (Peak 77.21M) | Time:00:00.24 | Mem:1.13M, Peak:1.13M | Scene, ViewLayer | Updating Geometry BVH Tribunal_2_cloaked_body_mesh 308/467 | Building mesh BLAS |     108 tris | Cube.033
Fra:1 Mem:46.76M (Peak 77.21M) | Time:00:00.24 | Mem:1.13M, Peak:1.13M | Scene, ViewLayer | Updating Geometry BVH Tribunal_2_cloaked_body_mesh 308/467 | Building mesh BLAS |     200 tris | Back_1_2_drip_dish_mesh
Fra:1 Mem:46.76M (Peak 77.21M) | Time:00:00.24 | Mem:1.14M, Peak:1.14M | Scene, ViewLayer | Updating Geometry BVH Tribunal_2_open_hood_mesh 309/467 | Building BVH
Fra:1 Mem:46.76M (Peak 77.21M) | Time:00:00.24 | Mem:1.14M, Peak:1.14M | Scene, ViewLayer | Updating Geometry BVH Icosphere.003 310/467 | Building BVH
Fra:1 Mem:46.76M (Peak 77.21M) | Time:00:00.24 | Mem:1.14M, Peak:1.14M | Scene, ViewLayer | Updating Geometry BVH Icosphere.003 310/467 | Building mesh BLAS |      38 tris | Tribunal_2_open_hood_mesh
Fra:1 Mem:46.76M (Peak 77.21M) | Time:00:00.24 | Mem:1.14M, Peak:1.14M | Scene, ViewLayer | Updating Geometry BVH Cylinder.080 311/467 | Building BVH
Fra:1 Mem:46.76M (Peak 77.21M) | Time:00:00.24 | Mem:1.14M, Peak:1.14M | Scene, ViewLayer | Updating Geometry BVH Cylinder.080 311/467 | Building mesh BLAS |      36 tris | Cylinder.080
Fra:1 Mem:46.76M (Peak 77.21M) | Time:00:00.24 | Mem:1.17M, Peak:1.17M | Scene, ViewLayer | Updating Geometry BVH Cylinder.081 312/467 | Building BVH
Fra:1 Mem:46.76M (Peak 77.21M) | Time:00:00.24 | Mem:1.17M, Peak:1.17M | Scene, ViewLayer | Updating Geometry BVH Cylinder.081 312/467 | Building mesh BLAS |      36 tris | Cylinder.081
Fra:1 Mem:46.76M (Peak 77.21M) | Time:00:00.24 | Mem:1.17M, Peak:1.17M | Scene, ViewLayer | Updating Geometry BVH Icosphere.004 313/467 | Building BVH
Fra:1 Mem:46.76M (Peak 77.21M) | Time:00:00.24 | Mem:1.17M, Peak:1.17M | Scene, ViewLayer | Updating Geometry BVH Icosphere.004 313/467 | Building mesh BLAS |      20 tris | Icosphere.004
Fra:1 Mem:46.76M (Peak 77.21M) | Time:00:00.24 | Mem:1.17M, Peak:1.17M | Scene, ViewLayer | Updating Geometry BVH Cylinder.082 314/467 | Building BVH
Fra:1 Mem:46.76M (Peak 77.21M) | Time:00:00.24 | Mem:1.17M, Peak:1.17M | Scene, ViewLayer | Updating Geometry BVH Cylinder.082 314/467 | Building mesh BLAS |      36 tris | Cylinder.082
Fra:1 Mem:46.76M (Peak 77.21M) | Time:00:00.24 | Mem:1.18M, Peak:1.18M | Scene, ViewLayer | Updating Geometry BVH Cylinder.083 315/467 | Building BVH
Fra:1 Mem:46.76M (Peak 77.21M) | Time:00:00.24 | Mem:1.18M, Peak:1.18M | Scene, ViewLayer | Updating Geometry BVH Cylinder.083 315/467 | Building mesh BLAS |      36 tris | Cylinder.083
Fra:1 Mem:46.76M (Peak 77.21M) | Time:00:00.24 | Mem:1.18M, Peak:1.18M | Scene, ViewLayer | Updating Geometry BVH Icosphere.005 316/467 | Building BVH
Fra:1 Mem:46.76M (Peak 77.21M) | Time:00:00.24 | Mem:1.18M, Peak:1.18M | Scene, ViewLayer | Updating Geometry BVH Icosphere.005 316/467 | Building mesh BLAS |      20 tris | Icosphere.005
Fra:1 Mem:46.76M (Peak 77.21M) | Time:00:00.24 | Mem:1.18M, Peak:1.18M | Scene, ViewLayer | Updating Geometry BVH Cylinder.130 415/467 | Building BVH
Fra:1 Mem:46.76M (Peak 77.21M) | Time:00:00.24 | Mem:1.18M, Peak:1.18M | Scene, ViewLayer | Updating Geometry BVH Cylinder.130 415/467 | Building mesh BLAS |      60 tris | Cylinder.130
Fra:1 Mem:46.76M (Peak 77.21M) | Time:00:00.24 | Mem:1.18M, Peak:1.18M | Scene, ViewLayer | Updating Geometry BVH Tribunal_3_cloaked_body_mesh 317/467 | Building BVH
Fra:1 Mem:46.76M (Peak 77.21M) | Time:00:00.24 | Mem:1.18M, Peak:1.18M | Scene, ViewLayer | Updating Geometry BVH Tribunal_3_cloaked_body_mesh 317/467 | Building mesh BLAS |     160 tris | Tribunal_3_cloaked_body_mesh
Fra:1 Mem:46.76M (Peak 77.21M) | Time:00:00.24 | Mem:1.18M, Peak:1.18M | Scene, ViewLayer | Updating Geometry BVH Tribunal_3_open_hood_mesh 318/467 | Building BVH
Fra:1 Mem:46.76M (Peak 77.21M) | Time:00:00.24 | Mem:1.18M, Peak:1.18M | Scene, ViewLayer | Updating Geometry BVH Cylinder.085 321/467 | Building BVH
Fra:1 Mem:46.76M (Peak 77.21M) | Time:00:00.24 | Mem:1.18M, Peak:1.18M | Scene, ViewLayer | Updating Geometry BVH Icosphere.007 322/467 | Building BVH
Fra:1 Mem:46.76M (Peak 77.21M) | Time:00:00.24 | Mem:1.18M, Peak:1.18M | Scene, ViewLayer | Updating Geometry BVH Cylinder.086 323/467 | Building mesh BLAS |      80 tris | Icosphere.006
Fra:1 Mem:46.76M (Peak 77.21M) | Time:00:00.24 | Mem:1.18M, Peak:1.18M | Scene, ViewLayer | Updating Geometry BVH Cylinder.086 323/467 | Building mesh BLAS |      36 tris | Cylinder.085
Fra:1 Mem:46.76M (Peak 77.21M) | Time:00:00.24 | Mem:1.18M, Peak:1.18M | Scene, ViewLayer | Updating Geometry BVH Cylinder.086 323/467 | Building mesh BLAS |      36 tris | Cylinder.084
Fra:1 Mem:46.76M (Peak 77.21M) | Time:00:00.24 | Mem:1.18M, Peak:1.18M | Scene, ViewLayer | Updating Geometry BVH Cylinder.086 323/467 | Building mesh BLAS |      36 tris | Cylinder.086
Fra:1 Mem:46.76M (Peak 77.21M) | Time:00:00.24 | Mem:1.18M, Peak:1.18M | Scene, ViewLayer | Updating Geometry BVH Cylinder.087 324/467 | Building BVH
Fra:1 Mem:46.76M (Peak 77.21M) | Time:00:00.24 | Mem:1.19M, Peak:1.19M | Scene, ViewLayer | Updating Geometry BVH Icosphere.008 325/467 | Building BVH
Fra:1 Mem:46.76M (Peak 77.21M) | Time:00:00.24 | Mem:1.19M, Peak:1.19M | Scene, ViewLayer | Updating Geometry BVH Icosphere.008 325/467 | Building mesh BLAS |      36 tris | Cylinder.087
Fra:1 Mem:46.76M (Peak 77.21M) | Time:00:00.24 | Mem:1.19M, Peak:1.19M | Scene, ViewLayer | Updating Geometry BVH Cylinder.129 414/467 | Building mesh BLAS |      20 tris | Icosphere.008
Fra:1 Mem:46.76M (Peak 77.21M) | Time:00:00.24 | Mem:1.19M, Peak:1.19M | Scene, ViewLayer | Updating Geometry BVH Cylinder.129 414/467 | Building mesh BLAS |      36 tris | Cylinder.129
Fra:1 Mem:46.76M (Peak 77.21M) | Time:00:00.24 | Mem:1.19M, Peak:1.19M | Scene, ViewLayer | Updating Geometry BVH Tribunal_4_cloaked_body_mesh 326/467 | Building BVH
Fra:1 Mem:46.76M (Peak 77.21M) | Time:00:00.24 | Mem:1.19M, Peak:1.19M | Scene, ViewLayer | Updating Geometry BVH Tribunal_4_cloaked_body_mesh 326/467 | Building mesh BLAS |     160 tris | Tribunal_4_cloaked_body_mesh
Fra:1 Mem:46.76M (Peak 77.21M) | Time:00:00.24 | Mem:1.19M, Peak:1.19M | Scene, ViewLayer | Updating Geometry BVH Tribunal_4_open_hood_mesh 327/467 | Building BVH
Fra:1 Mem:46.76M (Peak 77.21M) | Time:00:00.24 | Mem:1.19M, Peak:1.19M | Scene, ViewLayer | Updating Geometry BVH Tribunal_4_open_hood_mesh 327/467 | Building mesh BLAS |      38 tris | Tribunal_4_open_hood_mesh
Fra:1 Mem:46.76M (Peak 77.21M) | Time:00:00.24 | Mem:1.19M, Peak:1.19M | Scene, ViewLayer | Updating Geometry BVH Icosphere.009 328/467 | Building BVH
Fra:1 Mem:46.76M (Peak 77.21M) | Time:00:00.24 | Mem:1.19M, Peak:1.19M | Scene, ViewLayer | Updating Geometry BVH Cylinder.088 329/467 | Building mesh BLAS |      80 tris | Icosphere.009
Fra:1 Mem:46.76M (Peak 77.21M) | Time:00:00.24 | Mem:1.19M, Peak:1.19M | Scene, ViewLayer | Updating Geometry BVH Cylinder.089 330/467 | Building BVH
Fra:1 Mem:46.76M (Peak 77.21M) | Time:00:00.24 | Mem:1.19M, Peak:1.19M | Scene, ViewLayer | Updating Geometry BVH Cylinder.089 330/467 | Building mesh BLAS |      36 tris | Cylinder.089
Fra:1 Mem:46.76M (Peak 77.21M) | Time:00:00.24 | Mem:1.19M, Peak:1.19M | Scene, ViewLayer | Updating Geometry BVH Cylinder.089 330/467 | Building mesh BLAS |      36 tris | Cylinder.088
Fra:1 Mem:46.76M (Peak 77.21M) | Time:00:00.24 | Mem:1.19M, Peak:1.19M | Scene, ViewLayer | Updating Geometry BVH Icosphere.010 331/467 | Building BVH
Fra:1 Mem:46.76M (Peak 77.21M) | Time:00:00.24 | Mem:1.20M, Peak:1.20M | Scene, ViewLayer | Updating Geometry BVH Icosphere.011 334/467 | Building BVH
Fra:1 Mem:46.76M (Peak 77.21M) | Time:00:00.24 | Mem:1.20M, Peak:1.20M | Scene, ViewLayer | Updating Geometry BVH Icosphere.011 334/467 | Building mesh BLAS |      20 tris | Icosphere.010
Fra:1 Mem:46.76M (Peak 77.21M) | Time:00:00.24 | Mem:1.20M, Peak:1.20M | Scene, ViewLayer | Updating Geometry BVH Icosphere.011 334/467 | Building mesh BLAS |      36 tris | Cylinder.090
Fra:1 Mem:46.76M (Peak 77.21M) | Time:00:00.24 | Mem:1.20M, Peak:1.20M | Scene, ViewLayer | Updating Geometry BVH Icosphere.011 334/467 | Building mesh BLAS |      36 tris | Cylinder.091
Fra:1 Mem:46.76M (Peak 77.21M) | Time:00:00.24 | Mem:1.20M, Peak:1.20M | Scene, ViewLayer | Updating Geometry BVH Icosphere.011 334/467 | Building mesh BLAS |      20 tris | Icosphere.011
Fra:1 Mem:46.76M (Peak 77.21M) | Time:00:00.24 | Mem:1.20M, Peak:1.20M | Scene, ViewLayer | Updating Geometry BVH Icosphere.011 334/467 | Building mesh BLAS |     120 tris | Back_1_1_flame_mesh
Fra:1 Mem:46.76M (Peak 77.21M) | Time:00:00.24 | Mem:1.21M, Peak:1.21M | Scene, ViewLayer | Updating Geometry BVH Tribunal_5_cloaked_body_mesh 335/467 | Building BVH
Fra:1 Mem:46.76M (Peak 77.21M) | Time:00:00.24 | Mem:1.21M, Peak:1.21M | Scene, ViewLayer | Updating Geometry BVH Tribunal_5_open_hood_mesh 336/467 | Building BVH
Fra:1 Mem:46.76M (Peak 77.21M) | Time:00:00.24 | Mem:1.21M, Peak:1.21M | Scene, ViewLayer | Updating Geometry BVH Icosphere.012 337/467 | Building BVH
Fra:1 Mem:46.76M (Peak 77.21M) | Time:00:00.24 | Mem:1.21M, Peak:1.21M | Scene, ViewLayer | Updating Geometry BVH Icosphere.012 337/467 | Building mesh BLAS |      38 tris | Tribunal_5_open_hood_mesh
Fra:1 Mem:46.76M (Peak 77.21M) | Time:00:00.24 | Mem:1.21M, Peak:1.21M | Scene, ViewLayer | Updating Geometry BVH Cylinder.092 338/467 | Building mesh BLAS |      80 tris | Icosphere.012
Fra:1 Mem:46.76M (Peak 77.21M) | Time:00:00.24 | Mem:1.21M, Peak:1.21M | Scene, ViewLayer | Updating Geometry BVH Cylinder.093 339/467 | Building BVH
Fra:1 Mem:46.76M (Peak 77.21M) | Time:00:00.24 | Mem:1.21M, Peak:1.21M | Scene, ViewLayer | Updating Geometry BVH Cylinder.093 339/467 | Building mesh BLAS |      36 tris | Cylinder.093
Fra:1 Mem:46.76M (Peak 77.21M) | Time:00:00.24 | Mem:1.21M, Peak:1.21M | Scene, ViewLayer | Updating Geometry BVH Icosphere.013 340/467 | Building BVH
Fra:1 Mem:46.76M (Peak 77.21M) | Time:00:00.24 | Mem:1.21M, Peak:1.21M | Scene, ViewLayer | Updating Geometry BVH Cylinder.094 341/467 | Building BVH
Fra:1 Mem:46.76M (Peak 77.21M) | Time:00:00.24 | Mem:1.21M, Peak:1.21M | Scene, ViewLayer | Updating Geometry BVH Cylinder.094 341/467 | Building mesh BLAS |      20 tris | Icosphere.013
Fra:1 Mem:46.76M (Peak 77.21M) | Time:00:00.24 | Mem:1.21M, Peak:1.21M | Scene, ViewLayer | Updating Geometry BVH Cylinder.094 341/467 | Building mesh BLAS |      36 tris | Cylinder.094
Fra:1 Mem:46.76M (Peak 77.21M) | Time:00:00.24 | Mem:1.21M, Peak:1.21M | Scene, ViewLayer | Updating Geometry BVH Cylinder.095 342/467 | Building BVH
Fra:1 Mem:46.76M (Peak 77.21M) | Time:00:00.24 | Mem:1.21M, Peak:1.21M | Scene, ViewLayer | Updating Geometry BVH Cylinder.095 342/467 | Building mesh BLAS |      36 tris | Cylinder.095
Fra:1 Mem:46.76M (Peak 77.21M) | Time:00:00.24 | Mem:1.21M, Peak:1.21M | Scene, ViewLayer | Updating Geometry BVH Icosphere.014 343/467 | Building BVH
Fra:1 Mem:46.76M (Peak 77.21M) | Time:00:00.24 | Mem:1.22M, Peak:1.22M | Scene, ViewLayer | Updating Geometry BVH Icosphere.014 343/467 | Building mesh BLAS |      20 tris | Icosphere.014
Fra:1 Mem:46.76M (Peak 77.21M) | Time:00:00.24 | Mem:1.22M, Peak:1.22M | Scene, ViewLayer | Updating Geometry BVH Cylinder.128 412/467 | Building BVH
Fra:1 Mem:46.76M (Peak 77.21M) | Time:00:00.24 | Mem:1.22M, Peak:1.22M | Scene, ViewLayer | Updating Geometry BVH Cylinder.128 412/467 | Building mesh BLAS |      24 tris | Cylinder.128
Fra:1 Mem:46.76M (Peak 77.21M) | Time:00:00.24 | Mem:1.22M, Peak:1.22M | Scene, ViewLayer | Updating Geometry BVH Tribunal_6_cloaked_body_mesh 344/467 | Building BVH
Fra:1 Mem:46.76M (Peak 77.21M) | Time:00:00.24 | Mem:1.22M, Peak:1.22M | Scene, ViewLayer | Updating Geometry BVH Tribunal_6_cloaked_body_mesh 344/467 | Building mesh BLAS |     160 tris | Tribunal_6_cloaked_body_mesh
Fra:1 Mem:46.76M (Peak 77.21M) | Time:00:00.24 | Mem:1.23M, Peak:1.23M | Scene, ViewLayer | Updating Geometry BVH Tribunal_6_open_hood_mesh 345/467 | Building BVH
Fra:1 Mem:46.76M (Peak 77.21M) | Time:00:00.24 | Mem:1.23M, Peak:1.23M | Scene, ViewLayer | Updating Geometry BVH Tribunal_6_open_hood_mesh 345/467 | Building mesh BLAS |      38 tris | Tribunal_6_open_hood_mesh
Fra:1 Mem:46.76M (Peak 77.21M) | Time:00:00.24 | Mem:1.23M, Peak:1.23M | Scene, ViewLayer | Updating Geometry BVH Icosphere.015 346/467 | Building BVH
Fra:1 Mem:46.76M (Peak 77.21M) | Time:00:00.24 | Mem:1.23M, Peak:1.23M | Scene, ViewLayer | Updating Geometry BVH Icosphere.015 346/467 | Building mesh BLAS |      80 tris | Icosphere.015
Fra:1 Mem:46.76M (Peak 77.21M) | Time:00:00.24 | Mem:1.23M, Peak:1.23M | Scene, ViewLayer | Updating Geometry BVH Cylinder.097 348/467 | Building BVH
Fra:1 Mem:46.76M (Peak 77.21M) | Time:00:00.24 | Mem:1.23M, Peak:1.23M | Scene, ViewLayer | Updating Geometry BVH Cylinder.097 348/467 | Building mesh BLAS |      36 tris | Cylinder.097
Fra:1 Mem:46.76M (Peak 77.21M) | Time:00:00.24 | Mem:1.23M, Peak:1.23M | Scene, ViewLayer | Updating Geometry BVH Cylinder.097 348/467 | Building mesh BLAS |      36 tris | Cylinder.096
Fra:1 Mem:46.76M (Peak 77.21M) | Time:00:00.24 | Mem:1.23M, Peak:1.23M | Scene, ViewLayer | Updating Geometry BVH Icosphere.016 349/467 | Building BVH
Fra:1 Mem:46.76M (Peak 77.21M) | Time:00:00.24 | Mem:1.23M, Peak:1.23M | Scene, ViewLayer | Updating Geometry BVH Cylinder.098 350/467 | Building BVH
Fra:1 Mem:46.76M (Peak 77.21M) | Time:00:00.24 | Mem:1.23M, Peak:1.23M | Scene, ViewLayer | Updating Geometry BVH Cylinder.098 350/467 | Building mesh BLAS |      36 tris | Cylinder.098
Fra:1 Mem:46.76M (Peak 77.21M) | Time:00:00.24 | Mem:1.23M, Peak:1.23M | Scene, ViewLayer | Updating Geometry BVH Cylinder.099 351/467 | Building BVH
Fra:1 Mem:46.76M (Peak 77.21M) | Time:00:00.24 | Mem:1.23M, Peak:1.23M | Scene, ViewLayer | Updating Geometry BVH Cylinder.099 351/467 | Building mesh BLAS |      36 tris | Cylinder.099
Fra:1 Mem:46.76M (Peak 77.21M) | Time:00:00.24 | Mem:1.27M, Peak:1.27M | Scene, ViewLayer | Updating Geometry BVH Icosphere.017 352/467 | Building BVH
Fra:1 Mem:46.76M (Peak 77.21M) | Time:00:00.24 | Mem:1.27M, Peak:1.27M | Scene, ViewLayer | Updating Geometry BVH Icosphere.017 352/467 | Building mesh BLAS |      20 tris | Icosphere.017
Fra:1 Mem:46.76M (Peak 77.21M) | Time:00:00.24 | Mem:1.27M, Peak:1.27M | Scene, ViewLayer | Updating Geometry BVH Back_1_1_drip_dish_mesh 411/467 | Building BVH
Fra:1 Mem:46.76M (Peak 77.21M) | Time:00:00.24 | Mem:1.28M, Peak:1.28M | Scene, ViewLayer | Updating Geometry BVH Back_1_1_drip_dish_mesh 411/467 | Building mesh BLAS |     200 tris | Back_1_1_drip_dish_mesh
Fra:1 Mem:46.76M (Peak 77.21M) | Time:00:00.24 | Mem:1.28M, Peak:1.28M | Scene, ViewLayer | Updating Geometry BVH Tribunal_7_open_hood_mesh 354/467 | Building BVH
Fra:1 Mem:46.76M (Peak 77.21M) | Time:00:00.24 | Mem:1.28M, Peak:1.28M | Scene, ViewLayer | Updating Geometry BVH Tribunal_7_open_hood_mesh 354/467 | Building mesh BLAS |      38 tris | Tribunal_7_open_hood_mesh
Fra:1 Mem:46.76M (Peak 77.21M) | Time:00:00.24 | Mem:1.28M, Peak:1.28M | Scene, ViewLayer | Updating Geometry BVH Tribunal_7_open_hood_mesh 354/467 | Building mesh BLAS |     160 tris | Tribunal_7_cloaked_body_mesh
Fra:1 Mem:46.76M (Peak 77.21M) | Time:00:00.24 | Mem:1.29M, Peak:1.29M | Scene, ViewLayer | Updating Geometry BVH Icosphere.018 355/467 | Building BVH
Fra:1 Mem:46.76M (Peak 77.21M) | Time:00:00.24 | Mem:1.29M, Peak:1.29M | Scene, ViewLayer | Updating Geometry BVH Cylinder.100 356/467 | Building BVH
Fra:1 Mem:46.76M (Peak 77.21M) | Time:00:00.24 | Mem:1.29M, Peak:1.29M | Scene, ViewLayer | Updating Geometry BVH Cylinder.100 356/467 | Building mesh BLAS |      80 tris | Icosphere.018
Fra:1 Mem:46.76M (Peak 77.21M) | Time:00:00.24 | Mem:1.29M, Peak:1.29M | Scene, ViewLayer | Updating Geometry BVH Cylinder.101 357/467 | Building BVH
Fra:1 Mem:46.76M (Peak 77.21M) | Time:00:00.24 | Mem:1.29M, Peak:1.29M | Scene, ViewLayer | Updating Geometry BVH Cylinder.101 357/467 | Building mesh BLAS |      36 tris | Cylinder.101
Fra:1 Mem:46.76M (Peak 77.21M) | Time:00:00.24 | Mem:1.30M, Peak:1.30M | Scene, ViewLayer | Updating Geometry BVH Icosphere.019 358/467 | Building BVH
Fra:1 Mem:46.76M (Peak 77.21M) | Time:00:00.24 | Mem:1.30M, Peak:1.30M | Scene, ViewLayer | Updating Geometry BVH Icosphere.019 358/467 | Building mesh BLAS |      20 tris | Icosphere.019
Fra:1 Mem:46.76M (Peak 77.21M) | Time:00:00.24 | Mem:1.30M, Peak:1.30M | Scene, ViewLayer | Updating Geometry BVH Cylinder.102 359/467 | Building BVH
Fra:1 Mem:46.76M (Peak 77.21M) | Time:00:00.24 | Mem:1.30M, Peak:1.30M | Scene, ViewLayer | Updating Geometry BVH Cylinder.102 359/467 | Building mesh BLAS |      36 tris | Cylinder.102
Fra:1 Mem:46.76M (Peak 77.21M) | Time:00:00.24 | Mem:1.31M, Peak:1.31M | Scene, ViewLayer | Updating Geometry BVH Cylinder.103 360/467 | Building BVH
Fra:1 Mem:46.76M (Peak 77.21M) | Time:00:00.24 | Mem:1.31M, Peak:1.31M | Scene, ViewLayer | Updating Geometry BVH Cylinder.103 360/467 | Building mesh BLAS |      36 tris | Cylinder.103
Fra:1 Mem:46.76M (Peak 77.21M) | Time:00:00.24 | Mem:1.31M, Peak:1.31M | Scene, ViewLayer | Updating Geometry BVH Icosphere.020 361/467 | Building BVH
Fra:1 Mem:46.76M (Peak 77.21M) | Time:00:00.24 | Mem:1.31M, Peak:1.31M | Scene, ViewLayer | Updating Geometry BVH Icosphere.020 361/467 | Building mesh BLAS |      20 tris | Icosphere.020
Fra:1 Mem:46.76M (Peak 77.21M) | Time:00:00.24 | Mem:1.32M, Peak:1.32M | Scene, ViewLayer | Updating Geometry BVH FrontLeft_tall_holder_mesh 362/467 | Building BVH
Fra:1 Mem:46.76M (Peak 77.21M) | Time:00:00.24 | Mem:1.32M, Peak:1.32M | Scene, ViewLayer | Updating Geometry BVH FrontLeft_tall_holder_mesh 362/467 | Building mesh BLAS |     360 tris | FrontLeft_tall_holder_mesh
Fra:1 Mem:46.76M (Peak 77.21M) | Time:00:00.24 | Mem:1.32M, Peak:1.32M | Scene, ViewLayer | Updating Geometry BVH Cylinder.104 363/467 | Building BVH
Fra:1 Mem:46.76M (Peak 77.21M) | Time:00:00.24 | Mem:1.35M, Peak:1.35M | Scene, ViewLayer | Updating Geometry BVH Cylinder.127 410/467 | Building BVH
Fra:1 Mem:46.76M (Peak 77.21M) | Time:00:00.24 | Mem:1.35M, Peak:1.35M | Scene, ViewLayer | Updating Geometry BVH Cylinder.127 410/467 | Building mesh BLAS |      60 tris | Cylinder.104
Fra:1 Mem:46.76M (Peak 77.21M) | Time:00:00.24 | Mem:1.35M, Peak:1.35M | Scene, ViewLayer | Updating Geometry BVH FrontLeft_tall_flame_mesh 366/467 | Building BVH
Fra:1 Mem:46.76M (Peak 77.21M) | Time:00:00.24 | Mem:1.36M, Peak:1.36M | Scene, ViewLayer | Updating Geometry BVH FrontLeft_tall_flame_mesh 366/467 | Building mesh BLAS |     120 tris | FrontLeft_tall_flame_mesh
Fra:1 Mem:46.76M (Peak 77.21M) | Time:00:00.24 | Mem:1.36M, Peak:1.36M | Scene, ViewLayer | Updating Geometry BVH FrontLeft_low_holder_mesh 367/467 | Building BVH
Fra:1 Mem:46.76M (Peak 77.21M) | Time:00:00.24 | Mem:1.36M, Peak:1.36M | Scene, ViewLayer | Updating Geometry BVH FrontLeft_low_holder_mesh 367/467 | Building mesh BLAS |     360 tris | FrontLeft_low_holder_mesh
Fra:1 Mem:46.76M (Peak 77.21M) | Time:00:00.24 | Mem:1.36M, Peak:1.36M | Scene, ViewLayer | Updating Geometry BVH FrontLeft_low_holder_mesh 367/467 | Building mesh BLAS |      24 tris | Cylinder.105
Fra:1 Mem:46.76M (Peak 77.21M) | Time:00:00.24 | Mem:1.36M, Peak:1.36M | Scene, ViewLayer | Updating Geometry BVH FrontLeft_low_holder_mesh 367/467 | Building mesh BLAS |     200 tris | FrontLeft_tall_drip_dish_mesh
Fra:1 Mem:46.76M (Peak 77.21M) | Time:00:00.24 | Mem:1.37M, Peak:1.37M | Scene, ViewLayer | Updating Geometry BVH Cylinder.106 368/467 | Building BVH
Fra:1 Mem:46.76M (Peak 77.21M) | Time:00:00.24 | Mem:1.37M, Peak:1.37M | Scene, ViewLayer | Updating Geometry BVH Cylinder.106 368/467 | Building mesh BLAS |      60 tris | Cylinder.106
Fra:1 Mem:46.76M (Peak 77.21M) | Time:00:00.24 | Mem:1.37M, Peak:1.37M | Scene, ViewLayer | Updating Geometry BVH FrontLeft_low_drip_dish_mesh 369/467 | Building BVH
Fra:1 Mem:46.76M (Peak 77.21M) | Time:00:00.24 | Mem:1.37M, Peak:1.37M | Scene, ViewLayer | Updating Geometry BVH FrontLeft_low_drip_dish_mesh 369/467 | Building mesh BLAS |     200 tris | FrontLeft_low_drip_dish_mesh
Fra:1 Mem:46.76M (Peak 77.21M) | Time:00:00.24 | Mem:1.37M, Peak:1.37M | Scene, ViewLayer | Updating Geometry BVH Cylinder.107 370/467 | Building BVH
Fra:1 Mem:46.76M (Peak 77.21M) | Time:00:00.24 | Mem:1.37M, Peak:1.37M | Scene, ViewLayer | Updating Geometry BVH Cylinder.107 370/467 | Building mesh BLAS |      24 tris | Cylinder.107
Fra:1 Mem:46.76M (Peak 77.21M) | Time:00:00.24 | Mem:1.38M, Peak:1.38M | Scene, ViewLayer | Updating Geometry BVH FrontLeft_low_flame_mesh 371/467 | Building BVH
Fra:1 Mem:46.76M (Peak 77.21M) | Time:00:00.24 | Mem:1.38M, Peak:1.38M | Scene, ViewLayer | Updating Geometry BVH FrontLeft_low_flame_mesh 371/467 | Building mesh BLAS |     120 tris | FrontLeft_low_flame_mesh
Fra:1 Mem:46.76M (Peak 77.21M) | Time:00:00.24 | Mem:1.39M, Peak:1.39M | Scene, ViewLayer | Updating Geometry BVH FrontLeft_stump_holder_mesh 372/467 | Building BVH
Fra:1 Mem:46.76M (Peak 77.21M) | Time:00:00.24 | Mem:1.39M, Peak:1.39M | Scene, ViewLayer | Updating Geometry BVH Cylinder.108 373/467 | Building BVH
Fra:1 Mem:46.76M (Peak 77.21M) | Time:00:00.24 | Mem:1.39M, Peak:1.39M | Scene, ViewLayer | Updating Geometry BVH Cylinder.108 373/467 | Building mesh BLAS |     360 tris | FrontLeft_stump_holder_mesh
Fra:1 Mem:46.76M (Peak 77.21M) | Time:00:00.24 | Mem:1.39M, Peak:1.39M | Scene, ViewLayer | Updating Geometry BVH Cylinder.108 373/467 | Building mesh BLAS |      60 tris | Cylinder.108
Fra:1 Mem:46.76M (Peak 77.21M) | Time:00:00.24 | Mem:1.39M, Peak:1.39M | Scene, ViewLayer | Updating Geometry BVH FrontLeft_stump_drip_dish_mesh 374/467 | Building BVH
Fra:1 Mem:46.76M (Peak 77.21M) | Time:00:00.24 | Mem:1.39M, Peak:1.39M | Scene, ViewLayer | Updating Geometry BVH Cylinder.126 409/467 | Building BVH
Fra:1 Mem:46.76M (Peak 77.21M) | Time:00:00.24 | Mem:1.39M, Peak:1.39M | Scene, ViewLayer | Updating Geometry BVH Cylinder.109 375/467 | Building BVH
Fra:1 Mem:46.77M (Peak 77.21M) | Time:00:00.24 | Mem:1.39M, Peak:1.39M | Scene, ViewLayer | Updating Geometry BVH FrontLeft_stump_flame_mesh 376/467 | Building BVH
Fra:1 Mem:46.77M (Peak 77.21M) | Time:00:00.24 | Mem:1.39M, Peak:1.39M | Scene, ViewLayer | Updating Geometry BVH FrontLeft_stump_flame_mesh 376/467 | Building mesh BLAS |      24 tris | Cylinder.109
Fra:1 Mem:46.77M (Peak 77.21M) | Time:00:00.24 | Mem:1.39M, Peak:1.39M | Scene, ViewLayer | Updating Geometry BVH FrontLeft_stump_flame_mesh 376/467 | Building mesh BLAS |      36 tris | Cylinder.126
Fra:1 Mem:46.77M (Peak 77.21M) | Time:00:00.24 | Mem:1.40M, Peak:1.40M | Scene, ViewLayer | Updating Geometry BVH Cylinder.110 378/467 | Building BVH
Fra:1 Mem:46.77M (Peak 77.21M) | Time:00:00.24 | Mem:1.40M, Peak:1.40M | Scene, ViewLayer | Updating Geometry BVH FrontRight_tall_holder_mesh 377/467 | Building BVH
Fra:1 Mem:46.77M (Peak 77.21M) | Time:00:00.24 | Mem:1.40M, Peak:1.40M | Scene, ViewLayer | Updating Geometry BVH FrontRight_tall_holder_mesh 377/467 | Building mesh BLAS |      60 tris | Cylinder.110
Fra:1 Mem:46.77M (Peak 77.21M) | Time:00:00.24 | Mem:1.40M, Peak:1.40M | Scene, ViewLayer | Updating Geometry BVH FrontRight_tall_holder_mesh 377/467 | Building mesh BLAS |     360 tris | FrontRight_tall_holder_mesh
Fra:1 Mem:46.77M (Peak 77.21M) | Time:00:00.24 | Mem:1.40M, Peak:1.40M | Scene, ViewLayer | Updating Geometry BVH FrontRight_tall_drip_dish_mesh 379/467 | Building BVH
Fra:1 Mem:46.77M (Peak 77.21M) | Time:00:00.24 | Mem:1.40M, Peak:1.40M | Scene, ViewLayer | Updating Geometry BVH FrontRight_tall_drip_dish_mesh 379/467 | Building mesh BLAS |     200 tris | FrontRight_tall_drip_dish_mesh
Fra:1 Mem:46.77M (Peak 77.21M) | Time:00:00.24 | Mem:1.41M, Peak:1.41M | Scene, ViewLayer | Updating Geometry BVH Cylinder.111 380/467 | Building BVH
Fra:1 Mem:46.77M (Peak 77.21M) | Time:00:00.24 | Mem:1.41M, Peak:1.41M | Scene, ViewLayer | Updating Geometry BVH FrontRight_tall_flame_mesh 381/467 | Building BVH
Fra:1 Mem:46.77M (Peak 77.21M) | Time:00:00.24 | Mem:1.41M, Peak:1.41M | Scene, ViewLayer | Updating Geometry BVH FrontRight_tall_flame_mesh 381/467 | Building mesh BLAS |      24 tris | Cylinder.111
Fra:1 Mem:46.77M (Peak 77.21M) | Time:00:00.24 | Mem:1.41M, Peak:1.41M | Scene, ViewLayer | Updating Geometry BVH FrontRight_tall_flame_mesh 381/467 | Building mesh BLAS |     120 tris | FrontRight_tall_flame_mesh
Fra:1 Mem:46.77M (Peak 77.21M) | Time:00:00.24 | Mem:1.41M, Peak:1.41M | Scene, ViewLayer | Updating Geometry BVH FrontRight_low_holder_mesh 382/467 | Building BVH
Fra:1 Mem:46.77M (Peak 77.21M) | Time:00:00.24 | Mem:1.41M, Peak:1.41M | Scene, ViewLayer | Updating Geometry BVH FrontRight_low_holder_mesh 382/467 | Building mesh BLAS |     360 tris | FrontRight_low_holder_mesh
Fra:1 Mem:46.77M (Peak 77.21M) | Time:00:00.24 | Mem:1.43M, Peak:1.43M | Scene, ViewLayer | Updating Geometry BVH Cylinder.112 383/467 | Building BVH
Fra:1 Mem:46.77M (Peak 77.21M) | Time:00:00.24 | Mem:1.43M, Peak:1.43M | Scene, ViewLayer | Updating Geometry BVH Cylinder.112 383/467 | Building mesh BLAS |      60 tris | Cylinder.112
Fra:1 Mem:46.77M (Peak 77.21M) | Time:00:00.24 | Mem:1.44M, Peak:1.44M | Scene, ViewLayer | Updating Geometry BVH FrontRight_low_drip_dish_mesh 384/467 | Building BVH
Fra:1 Mem:46.77M (Peak 77.21M) | Time:00:00.24 | Mem:1.44M, Peak:1.44M | Scene, ViewLayer | Updating Geometry BVH FrontRight_low_drip_dish_mesh 384/467 | Building mesh BLAS |     200 tris | FrontRight_low_drip_dish_mesh
Fra:1 Mem:46.77M (Peak 77.21M) | Time:00:00.24 | Mem:1.44M, Peak:1.44M | Scene, ViewLayer | Updating Geometry BVH Cylinder.113 385/467 | Building BVH
Fra:1 Mem:46.77M (Peak 77.21M) | Time:00:00.24 | Mem:1.44M, Peak:1.44M | Scene, ViewLayer | Updating Geometry BVH Cylinder.113 385/467 | Building mesh BLAS |      24 tris | Cylinder.113
Fra:1 Mem:46.77M (Peak 77.21M) | Time:00:00.24 | Mem:1.44M, Peak:1.44M | Scene, ViewLayer | Updating Geometry BVH FrontRight_low_flame_mesh 386/467 | Building BVH
Fra:1 Mem:46.77M (Peak 77.21M) | Time:00:00.24 | Mem:1.44M, Peak:1.44M | Scene, ViewLayer | Updating Geometry BVH Back_1_0_flame_mesh 408/467 | Building BVH
Fra:1 Mem:46.77M (Peak 77.21M) | Time:00:00.24 | Mem:1.44M, Peak:1.44M | Scene, ViewLayer | Updating Geometry BVH Back_1_0_flame_mesh 408/467 | Building mesh BLAS |     120 tris | FrontRight_low_flame_mesh
Fra:1 Mem:46.77M (Peak 77.21M) | Time:00:00.24 | Mem:1.44M, Peak:1.44M | Scene, ViewLayer | Updating Geometry BVH Back_1_0_flame_mesh 408/467 | Building mesh BLAS |     120 tris | Back_1_0_flame_mesh
Fra:1 Mem:46.77M (Peak 77.21M) | Time:00:00.24 | Mem:1.44M, Peak:1.44M | Scene, ViewLayer | Updating Geometry BVH Back iron floor stand_mesh 387/467 | Building BVH
Fra:1 Mem:46.77M (Peak 77.21M) | Time:00:00.24 | Mem:1.44M, Peak:1.44M | Scene, ViewLayer | Updating Geometry BVH Back iron floor stand_mesh 387/467 | Building mesh BLAS |     224 tris | Back iron floor stand_mesh
Fra:1 Mem:46.77M (Peak 77.21M) | Time:00:00.24 | Mem:1.44M, Peak:1.44M | Scene, ViewLayer | Updating Geometry BVH Cylinder.114 388/467 | Building BVH
Fra:1 Mem:46.77M (Peak 77.21M) | Time:00:00.24 | Mem:1.44M, Peak:1.44M | Scene, ViewLayer | Updating Geometry BVH Cylinder.114 388/467 | Building mesh BLAS |      36 tris | Cylinder.114
Fra:1 Mem:46.77M (Peak 77.21M) | Time:00:00.24 | Mem:1.45M, Peak:1.45M | Scene, ViewLayer | Updating Geometry BVH Cylinder.115 389/467 | Building BVH
Fra:1 Mem:46.77M (Peak 77.21M) | Time:00:00.24 | Mem:1.45M, Peak:1.45M | Scene, ViewLayer | Updating Geometry BVH Cylinder.115 389/467 | Building mesh BLAS |      60 tris | Cylinder.115
Fra:1 Mem:46.77M (Peak 77.21M) | Time:00:00.24 | Mem:1.45M, Peak:1.45M | Scene, ViewLayer | Updating Geometry BVH Back_-1_0_drip_dish_mesh 390/467 | Building BVH
Fra:1 Mem:46.77M (Peak 77.21M) | Time:00:00.24 | Mem:1.45M, Peak:1.45M | Scene, ViewLayer | Updating Geometry BVH Back_-1_0_drip_dish_mesh 390/467 | Building mesh BLAS |     200 tris | Back_-1_0_drip_dish_mesh
Fra:1 Mem:46.77M (Peak 77.21M) | Time:00:00.24 | Mem:1.45M, Peak:1.45M | Scene, ViewLayer | Updating Geometry BVH Cylinder.116 391/467 | Building BVH
Fra:1 Mem:46.77M (Peak 77.21M) | Time:00:00.24 | Mem:1.45M, Peak:1.45M | Scene, ViewLayer | Updating Geometry BVH Cylinder.116 391/467 | Building mesh BLAS |      24 tris | Cylinder.116
Fra:1 Mem:46.77M (Peak 77.21M) | Time:00:00.24 | Mem:1.45M, Peak:1.45M | Scene, ViewLayer | Updating Geometry BVH Back_-1_0_flame_mesh 392/467 | Building BVH
Fra:1 Mem:46.77M (Peak 77.21M) | Time:00:00.24 | Mem:1.45M, Peak:1.45M | Scene, ViewLayer | Updating Geometry BVH Back_-1_0_flame_mesh 392/467 | Building mesh BLAS |     120 tris | Back_-1_0_flame_mesh
Fra:1 Mem:46.77M (Peak 77.21M) | Time:00:00.24 | Mem:1.46M, Peak:1.46M | Scene, ViewLayer | Updating Geometry BVH Cylinder.117 393/467 | Building BVH
Fra:1 Mem:46.77M (Peak 77.21M) | Time:00:00.24 | Mem:1.46M, Peak:1.46M | Scene, ViewLayer | Updating Geometry BVH Cylinder.117 393/467 | Building mesh BLAS |      36 tris | Cylinder.117
Fra:1 Mem:46.77M (Peak 77.21M) | Time:00:00.24 | Mem:1.47M, Peak:1.47M | Scene, ViewLayer | Updating Geometry BVH Cylinder.118 394/467 | Building BVH
Fra:1 Mem:46.77M (Peak 77.21M) | Time:00:00.24 | Mem:1.47M, Peak:1.47M | Scene, ViewLayer | Updating Geometry BVH Cylinder.118 394/467 | Building mesh BLAS |      60 tris | Cylinder.118
Fra:1 Mem:46.77M (Peak 77.21M) | Time:00:00.24 | Mem:1.47M, Peak:1.47M | Scene, ViewLayer | Updating Geometry BVH Back_-1_1_drip_dish_mesh 395/467 | Building BVH
Fra:1 Mem:46.77M (Peak 77.21M) | Time:00:00.24 | Mem:1.47M, Peak:1.47M | Scene, ViewLayer | Updating Geometry BVH Cylinder.119 396/467 | Building BVH
Fra:1 Mem:46.77M (Peak 77.21M) | Time:00:00.24 | Mem:1.47M, Peak:1.47M | Scene, ViewLayer | Updating Geometry BVH Cylinder.119 396/467 | Building mesh BLAS |     200 tris | Back_-1_1_drip_dish_mesh
Fra:1 Mem:46.77M (Peak 77.21M) | Time:00:00.24 | Mem:1.47M, Peak:1.47M | Scene, ViewLayer | Updating Geometry BVH Back_-1_1_flame_mesh 397/467 | Building BVH
Fra:1 Mem:46.77M (Peak 77.21M) | Time:00:00.24 | Mem:1.47M, Peak:1.47M | Scene, ViewLayer | Updating Geometry BVH Back_-1_1_flame_mesh 397/467 | Building mesh BLAS |     120 tris | Back_-1_1_flame_mesh
Fra:1 Mem:46.77M (Peak 77.21M) | Time:00:00.24 | Mem:1.47M, Peak:1.47M | Scene, ViewLayer | Updating Geometry BVH Back_-1_1_flame_mesh 397/467 | Building mesh BLAS |      24 tris | Cylinder.125
Fra:1 Mem:46.77M (Peak 77.21M) | Time:00:00.24 | Mem:1.47M, Peak:1.47M | Scene, ViewLayer | Updating Geometry BVH Cylinder.120 398/467 | Building BVH
Fra:1 Mem:46.77M (Peak 77.21M) | Time:00:00.24 | Mem:1.47M, Peak:1.47M | Scene, ViewLayer | Updating Geometry BVH Cylinder.120 398/467 | Building mesh BLAS |      36 tris | Cylinder.120
Fra:1 Mem:46.77M (Peak 77.21M) | Time:00:00.24 | Mem:1.48M, Peak:1.48M | Scene, ViewLayer | Updating Geometry BVH Cylinder.121 399/467 | Building BVH
Fra:1 Mem:46.77M (Peak 77.21M) | Time:00:00.24 | Mem:1.48M, Peak:1.48M | Scene, ViewLayer | Updating Geometry BVH Cylinder.121 399/467 | Building mesh BLAS |      60 tris | Cylinder.121
Fra:1 Mem:46.77M (Peak 77.21M) | Time:00:00.24 | Mem:1.48M, Peak:1.48M | Scene, ViewLayer | Updating Geometry BVH Back_-1_2_drip_dish_mesh 400/467 | Building BVH
Fra:1 Mem:46.77M (Peak 77.21M) | Time:00:00.24 | Mem:1.48M, Peak:1.48M | Scene, ViewLayer | Updating Geometry BVH Back_-1_2_drip_dish_mesh 400/467 | Building mesh BLAS |     200 tris | Back_-1_2_drip_dish_mesh
Fra:1 Mem:46.77M (Peak 77.21M) | Time:00:00.24 | Mem:1.48M, Peak:1.48M | Scene, ViewLayer | Updating Geometry BVH Cylinder.122 401/467 | Building BVH
Fra:1 Mem:46.77M (Peak 77.21M) | Time:00:00.24 | Mem:1.48M, Peak:1.48M | Scene, ViewLayer | Updating Geometry BVH Cylinder.122 401/467 | Building mesh BLAS |      24 tris | Cylinder.122
Fra:1 Mem:46.77M (Peak 77.21M) | Time:00:00.25 | Mem:1.48M, Peak:1.48M | Scene, ViewLayer | Updating Geometry BVH Back_-1_2_flame_mesh 402/467 | Building BVH
Fra:1 Mem:46.77M (Peak 77.21M) | Time:00:00.25 | Mem:1.49M, Peak:1.49M | Scene, ViewLayer | Updating Geometry BVH Back_-1_2_flame_mesh 402/467 | Building mesh BLAS |     120 tris | Back_-1_2_flame_mesh
Fra:1 Mem:46.77M (Peak 77.21M) | Time:00:00.25 | Mem:1.49M, Peak:1.49M | Scene, ViewLayer | Updating Geometry BVH Back iron floor stand_mesh.001 403/467 | Building BVH
Fra:1 Mem:46.77M (Peak 77.21M) | Time:00:00.25 | Mem:1.49M, Peak:1.49M | Scene, ViewLayer | Updating Geometry BVH Back iron floor stand_mesh.001 403/467 | Building mesh BLAS |     224 tris | Back iron floor stand_mesh.001
Fra:1 Mem:46.77M (Peak 77.21M) | Time:00:00.25 | Mem:1.50M, Peak:1.50M | Scene, ViewLayer | Updating Geometry BVH Cylinder.123 404/467 | Building BVH
Fra:1 Mem:46.77M (Peak 77.21M) | Time:00:00.25 | Mem:1.50M, Peak:1.50M | Scene, ViewLayer | Updating Geometry BVH Cylinder.123 404/467 | Building mesh BLAS |      36 tris | Cylinder.123
Fra:1 Mem:46.77M (Peak 77.21M) | Time:00:00.25 | Mem:1.50M, Peak:1.50M | Scene, ViewLayer | Updating Geometry BVH Cylinder.124 405/467 | Building BVH
Fra:1 Mem:46.77M (Peak 77.21M) | Time:00:00.25 | Mem:1.50M, Peak:1.50M | Scene, ViewLayer | Updating Geometry BVH Back_1_0_drip_dish_mesh 406/467 | Building mesh BLAS |      60 tris | Cylinder.124
Fra:1 Mem:46.77M (Peak 77.21M) | Time:00:00.25 | Mem:1.51M, Peak:1.51M | Scene, ViewLayer | Updating Geometry BVH Back_1_0_drip_dish_mesh 406/467 | Building mesh BLAS |     200 tris | Back_1_0_drip_dish_mesh
Fra:1 Mem:46.77M (Peak 77.21M) | Time:00:00.25 | Mem:1.53M, Peak:1.53M | Scene, ViewLayer | Updating Scene BVH | Building
Fra:1 Mem:46.79M (Peak 77.21M) | Time:00:00.26 | Mem:1.98M, Peak:1.98M | Scene, ViewLayer | Updating Scene BVH | Building TLAS      |    1326 instances
Fra:1 Mem:46.80M (Peak 77.21M) | Time:00:00.26 | Mem:2.27M, Peak:2.27M | Scene, ViewLayer | Updating Scene BVH | Copying BVH to device
Fra:1 Mem:46.80M (Peak 77.21M) | Time:00:00.26 | Mem:2.27M, Peak:2.27M | Scene, ViewLayer | Updating Mesh | Computing normals
Fra:1 Mem:47.47M (Peak 77.21M) | Time:00:00.26 | Mem:2.27M, Peak:2.27M | Scene, ViewLayer | Updating Mesh | Copying Mesh to device
Fra:1 Mem:46.80M (Peak 77.21M) | Time:00:00.26 | Mem:2.99M, Peak:2.99M | Scene, ViewLayer | Updating Objects Flags
Fra:1 Mem:46.79M (Peak 77.21M) | Time:00:00.26 | Mem:3.00M, Peak:3.00M | Scene, ViewLayer | Updating Primitive Offsets
Fra:1 Mem:46.79M (Peak 77.21M) | Time:00:00.26 | Mem:3.00M, Peak:3.00M | Scene, ViewLayer | Updating Images
Fra:1 Mem:46.79M (Peak 77.21M) | Time:00:00.26 | Mem:3.00M, Peak:3.00M | Scene, ViewLayer | Updating Camera Volume
Fra:1 Mem:46.79M (Peak 77.21M) | Time:00:00.26 | Mem:3.00M, Peak:3.00M | Scene, ViewLayer | Updating Lookup Tables
Fra:1 Mem:46.70M (Peak 77.21M) | Time:00:00.26 | Mem:3.09M, Peak:3.09M | Scene, ViewLayer | Updating Lights
Fra:1 Mem:46.70M (Peak 77.21M) | Time:00:00.26 | Mem:3.10M, Peak:3.10M | Scene, ViewLayer | Updating Lights | Computing tree
Fra:1 Mem:46.70M (Peak 77.21M) | Time:00:00.26 | Mem:3.47M, Peak:3.47M | Scene, ViewLayer | Updating Integrator
Fra:1 Mem:46.70M (Peak 77.21M) | Time:00:00.26 | Mem:3.47M, Peak:3.47M | Scene, ViewLayer | Updating Film
Fra:1 Mem:46.79M (Peak 77.21M) | Time:00:00.26 | Mem:3.38M, Peak:3.47M | Scene, ViewLayer | Updating Lookup Tables
Fra:1 Mem:46.70M (Peak 77.21M) | Time:00:00.26 | Mem:3.47M, Peak:3.47M | Scene, ViewLayer | Updating Baking
Fra:1 Mem:46.70M (Peak 77.21M) | Time:00:00.26 | Mem:3.47M, Peak:3.47M | Scene, ViewLayer | Updating Device | Writing constant memory
Fra:1 Mem:46.73M (Peak 77.21M) | Time:00:00.28 | Mem:3.47M, Peak:3.47M | Scene, ViewLayer | Loading denoising kernels (may take a few minutes the first time)
Fra:1 Mem:46.73M (Peak 78.73M) | Time:00:00.29 | Mem:3523.51M, Peak:3523.51M | Scene, ViewLayer | Sample 0/64 (Using optimized kernels)
Fra:1 Mem:46.73M (Peak 162.70M) | Time:00:01.71 | Remaining:01:29.68 | Mem:3639.49M, Peak:3639.49M | Scene, ViewLayer | Sample 1/64 (1 kernels to optimize)
Fra:1 Mem:46.73M (Peak 162.70M) | Time:00:11.31 | Remaining:00:15.10 | Mem:3639.50M, Peak:3639.50M | Scene, ViewLayer | Sample 27/64 (1 kernels to optimize)
Fra:1 Mem:46.73M (Peak 162.70M) | Time:00:18.70 | Remaining:00:06.13 | Mem:3639.50M, Peak:3639.50M | Scene, ViewLayer | Sample 48/64 (Using optimized kernels)
Fra:1 Mem:95.56M (Peak 168.81M) | Time:00:23.87 | Mem:3639.50M, Peak:3639.50M | Scene, ViewLayer | Sample 64/64 (Using optimized kernels)
Fra:1 Mem:95.56M (Peak 168.81M) | Time:00:23.87 | Mem:3639.50M, Peak:3639.50M | Scene, ViewLayer | Finished
Fra:1 Mem:94.45M (Peak 168.81M) | Time:00:23.94 | Compositing
Saved: '/Users/jiayaochen/Desktop/avalon/renders/chapel_blockout.png'
Time: 00:24.19 (Saving: 00:00.13)

Info: Saved as "black_chapel.blend"
CHAPEL_STATISTICS {"stage": "blockout", "blender": "4.5.3 LTS", "triangles_evaluated": 116593, "triangles_unique_meshes": 23821, "triangles_by_collection": {"01 Floor": 16308, "02 Walls": 65340, "04 Columns": 4128, "03 Arches": 11256, "05 Altar": 1151, "06 Council table": 2160, "07 Hooded placeholders": 4746, "08 Candles": 11492, "10 Atmosphere": 12}, "objects": 1326, "materials": 14, "external_image_textures": 0, "external_texture_memory_bytes": 0, "texture_memory_note": "All surface textures are procedural. Render buffers and GPU working memory excluded.", "render_samples": 64, "render_resolution": [1600, 1000], "denoising": true, "light_count": 18, "render_device": "GPU", "parameters": {"room_m": [9.0, 14.0, 8.2], "table_m": [6.1, 3.0, 0.82], "camera_mm": 39.0, "camera_location": [0.045, -4.7, 1.59], "camera_target": [0.0, 2.5, 1.02], "candle_power_w": 110.0, "fog_density": 0.012, "candle_color": [1.0, 0.38, 0.13], "red_accent_power_w": 8.0, "world_strength": 0.004, "exposure": -1.0}, "godot_note": "Modular meshes, metres, Principled materials, no subdivision. Procedural shaders need baking or recreation; Cycles atmosphere and grading need recreation in Godot. No engine integration performed."}
CHAPEL_STAGE_COMPLETE blockout
CHAPEL_VALIDATION_OK lighting
RNA_float_set: NodeSocket.default_value not found.
Fra:1 Mem:80.03M (Peak 80.03M) | Time:00:00.04 | Mem:0.02M, Peak:0.02M | Scene, ViewLayer | Synchronizing object | Floor foundation
Fra:1 Mem:80.03M (Peak 80.03M) | Time:00:00.04 | Mem:0.02M, Peak:0.02M | Scene, ViewLayer | Synchronizing object | FloorTile_00_00
Fra:1 Mem:80.08M (Peak 80.08M) | Time:00:00.04 | Mem:0.02M, Peak:0.02M | Scene, ViewLayer | Synchronizing object | Back wall mass
Fra:1 Mem:80.08M (Peak 80.08M) | Time:00:00.04 | Mem:0.02M, Peak:0.02M | Scene, ViewLayer | Synchronizing object | StoneWall_Back_00_00
Fra:1 Mem:80.09M (Peak 80.09M) | Time:00:00.04 | Mem:0.02M, Peak:0.02M | Scene, ViewLayer | Synchronizing object | StoneWall_Side_-1_00_00
Fra:1 Mem:80.28M (Peak 80.28M) | Time:00:00.04 | Mem:0.02M, Peak:0.02M | Scene, ViewLayer | Synchronizing object | StoneColumn_square_plinth
Fra:1 Mem:80.28M (Peak 80.28M) | Time:00:00.04 | Mem:0.02M, Peak:0.02M | Scene, ViewLayer | Synchronizing object | StoneColumn_shaft_module.003
Fra:1 Mem:80.29M (Peak 80.29M) | Time:00:00.04 | Mem:0.02M, Peak:0.02M | Scene, ViewLayer | Synchronizing object | StoneColumn_shaft_module.005
Fra:1 Mem:80.29M (Peak 80.29M) | Time:00:00.04 | Mem:0.02M, Peak:0.02M | Scene, ViewLayer | Synchronizing object | StoneColumn_attached_shaft
Fra:1 Mem:80.29M (Peak 80.29M) | Time:00:00.04 | Mem:0.02M, Peak:0.02M | Scene, ViewLayer | Synchronizing object | StoneColumn_attached_shaft.001
Fra:1 Mem:80.30M (Peak 80.30M) | Time:00:00.04 | Mem:0.02M, Peak:0.02M | Scene, ViewLayer | Synchronizing object | StoneColumn_attached_shaft.002
Fra:1 Mem:80.30M (Peak 80.30M) | Time:00:00.04 | Mem:0.02M, Peak:0.02M | Scene, ViewLayer | Synchronizing object | StoneColumn_capital
Fra:1 Mem:80.30M (Peak 80.30M) | Time:00:00.04 | Mem:0.02M, Peak:0.02M | Scene, ViewLayer | Synchronizing object | StoneColumn_octagonal_foot.001
Fra:1 Mem:80.31M (Peak 80.31M) | Time:00:00.04 | Mem:0.02M, Peak:0.02M | Scene, ViewLayer | Synchronizing object | StoneColumn_shaft_module.007
Fra:1 Mem:80.31M (Peak 80.31M) | Time:00:00.04 | Mem:0.02M, Peak:0.02M | Scene, ViewLayer | Synchronizing object | StoneColumn_shaft_module.009
Fra:1 Mem:80.32M (Peak 80.32M) | Time:00:00.04 | Mem:0.02M, Peak:0.02M | Scene, ViewLayer | Synchronizing object | StoneColumn_shaft_module.010
Fra:1 Mem:80.33M (Peak 80.33M) | Time:00:00.04 | Mem:0.02M, Peak:0.02M | Scene, ViewLayer | Synchronizing object | StoneColumn_shaft_module.011
Fra:1 Mem:80.33M (Peak 80.33M) | Time:00:00.04 | Mem:0.02M, Peak:0.02M | Scene, ViewLayer | Synchronizing object | StoneColumn_attached_shaft.003
Fra:1 Mem:80.34M (Peak 80.34M) | Time:00:00.04 | Mem:0.02M, Peak:0.02M | Scene, ViewLayer | Synchronizing object | StoneColumn_attached_shaft.004
Fra:1 Mem:80.35M (Peak 80.35M) | Time:00:00.04 | Mem:0.02M, Peak:0.02M | Scene, ViewLayer | Synchronizing object | StoneColumn_attached_shaft.005
Fra:1 Mem:80.35M (Peak 80.35M) | Time:00:00.04 | Mem:0.02M, Peak:0.02M | Scene, ViewLayer | Synchronizing object | StoneColumn_capital_neck.001
Fra:1 Mem:80.35M (Peak 80.35M) | Time:00:00.04 | Mem:0.02M, Peak:0.02M | Scene, ViewLayer | Synchronizing object | StoneColumn_shaft_module.015
Fra:1 Mem:80.35M (Peak 80.35M) | Time:00:00.04 | Mem:0.02M, Peak:0.02M | Scene, ViewLayer | Synchronizing object | StoneColumn_shaft_module.016
Fra:1 Mem:80.36M (Peak 80.36M) | Time:00:00.04 | Mem:0.02M, Peak:0.02M | Scene, ViewLayer | Synchronizing object | StoneColumn_shaft_module.018
Fra:1 Mem:80.36M (Peak 80.36M) | Time:00:00.04 | Mem:0.02M, Peak:0.02M | Scene, ViewLayer | Synchronizing object | StoneColumn_shaft_module.019
Fra:1 Mem:80.37M (Peak 80.37M) | Time:00:00.04 | Mem:0.02M, Peak:0.02M | Scene, ViewLayer | Synchronizing object | StoneColumn_shaft_module.020
Fra:1 Mem:80.38M (Peak 80.38M) | Time:00:00.04 | Mem:0.02M, Peak:0.02M | Scene, ViewLayer | Synchronizing object | StoneColumn_attached_shaft.007
Fra:1 Mem:80.38M (Peak 80.38M) | Time:00:00.04 | Mem:0.02M, Peak:0.02M | Scene, ViewLayer | Synchronizing object | StoneColumn_attached_shaft.008
Fra:1 Mem:80.38M (Peak 80.38M) | Time:00:00.04 | Mem:0.02M, Peak:0.02M | Scene, ViewLayer | Synchronizing object | StoneColumn_capital_neck.002
Fra:1 Mem:80.39M (Peak 80.39M) | Time:00:00.04 | Mem:0.02M, Peak:0.02M | Scene, ViewLayer | Synchronizing object | StoneColumn_shaft_module.022
Fra:1 Mem:80.39M (Peak 80.39M) | Time:00:00.04 | Mem:0.02M, Peak:0.02M | Scene, ViewLayer | Synchronizing object | StoneColumn_shaft_module.023
Fra:1 Mem:80.39M (Peak 80.39M) | Time:00:00.04 | Mem:0.02M, Peak:0.02M | Scene, ViewLayer | Synchronizing object | StoneColumn_shaft_module.024
Fra:1 Mem:80.40M (Peak 80.40M) | Time:00:00.04 | Mem:0.02M, Peak:0.02M | Scene, ViewLayer | Synchronizing object | StoneColumn_shaft_module.025
Fra:1 Mem:80.40M (Peak 80.40M) | Time:00:00.04 | Mem:0.02M, Peak:0.02M | Scene, ViewLayer | Synchronizing object | StoneColumn_shaft_module.026
Fra:1 Mem:80.40M (Peak 80.40M) | Time:00:00.04 | Mem:0.02M, Peak:0.02M | Scene, ViewLayer | Synchronizing object | StoneColumn_shaft_module.027
Fra:1 Mem:80.41M (Peak 80.41M) | Time:00:00.04 | Mem:0.02M, Peak:0.02M | Scene, ViewLayer | Synchronizing object | StoneColumn_attached_shaft.009
Fra:1 Mem:80.42M (Peak 80.42M) | Time:00:00.04 | Mem:0.02M, Peak:0.02M | Scene, ViewLayer | Synchronizing object | StoneColumn_attached_shaft.010
Fra:1 Mem:80.42M (Peak 80.42M) | Time:00:00.04 | Mem:0.02M, Peak:0.02M | Scene, ViewLayer | Synchronizing object | StoneColumn_attached_shaft.011
Fra:1 Mem:80.42M (Peak 80.42M) | Time:00:00.04 | Mem:0.02M, Peak:0.02M | Scene, ViewLayer | Synchronizing object | StoneColumn_shaft_module.028
Fra:1 Mem:80.43M (Peak 80.43M) | Time:00:00.04 | Mem:0.02M, Peak:0.02M | Scene, ViewLayer | Synchronizing object | StoneColumn_shaft_module.029
Fra:1 Mem:80.43M (Peak 80.43M) | Time:00:00.04 | Mem:0.02M, Peak:0.02M | Scene, ViewLayer | Synchronizing object | StoneColumn_shaft_module.031
Fra:1 Mem:80.44M (Peak 80.44M) | Time:00:00.04 | Mem:0.02M, Peak:0.02M | Scene, ViewLayer | Synchronizing object | StoneColumn_shaft_module.033
Fra:1 Mem:80.45M (Peak 80.45M) | Time:00:00.04 | Mem:0.02M, Peak:0.02M | Scene, ViewLayer | Synchronizing object | StoneColumn_shaft_module.034
Fra:1 Mem:80.45M (Peak 80.45M) | Time:00:00.04 | Mem:0.02M, Peak:0.02M | Scene, ViewLayer | Synchronizing object | StoneColumn_attached_shaft.012
Fra:1 Mem:80.46M (Peak 80.46M) | Time:00:00.04 | Mem:0.02M, Peak:0.02M | Scene, ViewLayer | Synchronizing object | StoneColumn_capital_neck.004
Fra:1 Mem:80.46M (Peak 80.46M) | Time:00:00.04 | Mem:0.02M, Peak:0.02M | Scene, ViewLayer | Synchronizing object | StoneColumn_octagonal_foot.005
Fra:1 Mem:80.46M (Peak 80.46M) | Time:00:00.04 | Mem:0.02M, Peak:0.02M | Scene, ViewLayer | Synchronizing object | StoneColumn_shaft_module.035
Fra:1 Mem:80.46M (Peak 80.46M) | Time:00:00.04 | Mem:0.02M, Peak:0.02M | Scene, ViewLayer | Synchronizing object | StoneColumn_shaft_module.036
Fra:1 Mem:80.47M (Peak 80.47M) | Time:00:00.04 | Mem:0.02M, Peak:0.02M | Scene, ViewLayer | Synchronizing object | StoneColumn_shaft_module.037
Fra:1 Mem:80.47M (Peak 80.47M) | Time:00:00.04 | Mem:0.02M, Peak:0.02M | Scene, ViewLayer | Synchronizing object | StoneColumn_shaft_module.038
Fra:1 Mem:80.48M (Peak 80.48M) | Time:00:00.04 | Mem:0.02M, Peak:0.02M | Scene, ViewLayer | Synchronizing object | StoneColumn_shaft_module.039
Fra:1 Mem:80.48M (Peak 80.48M) | Time:00:00.04 | Mem:0.02M, Peak:0.02M | Scene, ViewLayer | Synchronizing object | StoneColumn_shaft_module.040
Fra:1 Mem:80.48M (Peak 80.48M) | Time:00:00.04 | Mem:0.02M, Peak:0.02M | Scene, ViewLayer | Synchronizing object | StoneColumn_shaft_module.041
Fra:1 Mem:80.49M (Peak 80.49M) | Time:00:00.04 | Mem:0.02M, Peak:0.02M | Scene, ViewLayer | Synchronizing object | StoneColumn_attached_shaft.015
Fra:1 Mem:80.49M (Peak 80.49M) | Time:00:00.04 | Mem:0.02M, Peak:0.02M | Scene, ViewLayer | Synchronizing object | StoneColumn_attached_shaft.016
Fra:1 Mem:80.49M (Peak 80.49M) | Time:00:00.04 | Mem:0.02M, Peak:0.02M | Scene, ViewLayer | Synchronizing object | StoneColumn_capital_neck.005
Fra:1 Mem:80.50M (Peak 80.50M) | Time:00:00.04 | Mem:0.02M, Peak:0.02M | Scene, ViewLayer | Synchronizing object | GothicRib_pier
Fra:1 Mem:80.50M (Peak 80.50M) | Time:00:00.04 | Mem:0.02M, Peak:0.02M | Scene, ViewLayer | Synchronizing object | GothicRib_voussoir
Fra:1 Mem:80.50M (Peak 80.50M) | Time:00:00.04 | Mem:0.02M, Peak:0.02M | Scene, ViewLayer | Synchronizing object | GothicRib_voussoir.001
Fra:1 Mem:80.50M (Peak 80.50M) | Time:00:00.04 | Mem:0.02M, Peak:0.02M | Scene, ViewLayer | Synchronizing object | GothicRib_voussoir.004
Fra:1 Mem:80.51M (Peak 80.51M) | Time:00:00.04 | Mem:0.02M, Peak:0.02M | Scene, ViewLayer | Synchronizing object | GothicRib_voussoir.003
Fra:1 Mem:80.51M (Peak 80.51M) | Time:00:00.04 | Mem:0.02M, Peak:0.02M | Scene, ViewLayer | Synchronizing object | GothicRib_voussoir.006
Fra:1 Mem:80.51M (Peak 80.51M) | Time:00:00.04 | Mem:0.02M, Peak:0.02M | Scene, ViewLayer | Synchronizing object | GothicRib_voussoir.007
Fra:1 Mem:80.51M (Peak 80.51M) | Time:00:00.04 | Mem:0.02M, Peak:0.02M | Scene, ViewLayer | Synchronizing object | GothicRib_voussoir.008
Fra:1 Mem:80.52M (Peak 80.52M) | Time:00:00.04 | Mem:0.02M, Peak:0.02M | Scene, ViewLayer | Synchronizing object | GothicRib_voussoir.010
Fra:1 Mem:80.52M (Peak 80.52M) | Time:00:00.04 | Mem:0.02M, Peak:0.02M | Scene, ViewLayer | Synchronizing object | GothicRib_voussoir.012
Fra:1 Mem:80.52M (Peak 80.52M) | Time:00:00.04 | Mem:0.02M, Peak:0.02M | Scene, ViewLayer | Synchronizing object | GothicRib_voussoir.013
Fra:1 Mem:80.52M (Peak 80.52M) | Time:00:00.04 | Mem:0.02M, Peak:0.02M | Scene, ViewLayer | Synchronizing object | GothicRib_voussoir.014
Fra:1 Mem:80.53M (Peak 80.53M) | Time:00:00.04 | Mem:0.02M, Peak:0.02M | Scene, ViewLayer | Synchronizing object | GothicRib_voussoir.015
Fra:1 Mem:80.53M (Peak 80.53M) | Time:00:00.04 | Mem:0.02M, Peak:0.02M | Scene, ViewLayer | Synchronizing object | GothicRib_voussoir.017
Fra:1 Mem:80.53M (Peak 80.53M) | Time:00:00.04 | Mem:0.02M, Peak:0.02M | Scene, ViewLayer | Synchronizing object | GothicRib_voussoir.018
Fra:1 Mem:80.54M (Peak 80.54M) | Time:00:00.04 | Mem:0.02M, Peak:0.02M | Scene, ViewLayer | Synchronizing object | GothicRib_voussoir.019
Fra:1 Mem:80.54M (Peak 80.54M) | Time:00:00.04 | Mem:0.02M, Peak:0.02M | Scene, ViewLayer | Synchronizing object | GothicRib_voussoir.020
Fra:1 Mem:80.54M (Peak 80.54M) | Time:00:00.04 | Mem:0.02M, Peak:0.02M | Scene, ViewLayer | Synchronizing object | GothicRib_voussoir.021
Fra:1 Mem:80.54M (Peak 80.54M) | Time:00:00.04 | Mem:0.02M, Peak:0.02M | Scene, ViewLayer | Synchronizing object | GothicRib_voussoir.022
Fra:1 Mem:80.54M (Peak 80.54M) | Time:00:00.04 | Mem:0.02M, Peak:0.02M | Scene, ViewLayer | Synchronizing object | GothicRib_voussoir.023
Fra:1 Mem:80.54M (Peak 80.54M) | Time:00:00.04 | Mem:0.02M, Peak:0.02M | Scene, ViewLayer | Synchronizing object | GothicRib_voussoir.025
Fra:1 Mem:80.55M (Peak 80.55M) | Time:00:00.04 | Mem:0.02M, Peak:0.02M | Scene, ViewLayer | Synchronizing object | GothicRib_voussoir.026
Fra:1 Mem:80.55M (Peak 80.55M) | Time:00:00.04 | Mem:0.02M, Peak:0.02M | Scene, ViewLayer | Synchronizing object | GothicRib_voussoir.028
Fra:1 Mem:80.55M (Peak 80.55M) | Time:00:00.04 | Mem:0.02M, Peak:0.02M | Scene, ViewLayer | Synchronizing object | GothicRib_voussoir.030
Fra:1 Mem:80.55M (Peak 80.55M) | Time:00:00.04 | Mem:0.02M, Peak:0.02M | Scene, ViewLayer | Synchronizing object | GothicRib_voussoir.032
Fra:1 Mem:80.56M (Peak 80.56M) | Time:00:00.04 | Mem:0.02M, Peak:0.02M | Scene, ViewLayer | Synchronizing object | GothicRib_voussoir.033
Fra:1 Mem:80.56M (Peak 80.56M) | Time:00:00.04 | Mem:0.02M, Peak:0.02M | Scene, ViewLayer | Synchronizing object | GothicRib_voussoir.034
Fra:1 Mem:80.56M (Peak 80.56M) | Time:00:00.04 | Mem:0.02M, Peak:0.02M | Scene, ViewLayer | Synchronizing object | GothicRib_voussoir.036
Fra:1 Mem:80.56M (Peak 80.56M) | Time:00:00.04 | Mem:0.02M, Peak:0.02M | Scene, ViewLayer | Synchronizing object | GothicRib_voussoir.037
Fra:1 Mem:80.56M (Peak 80.56M) | Time:00:00.04 | Mem:0.02M, Peak:0.02M | Scene, ViewLayer | Synchronizing object | GothicRib_voussoir.038
Fra:1 Mem:80.56M (Peak 80.56M) | Time:00:00.04 | Mem:0.02M, Peak:0.02M | Scene, ViewLayer | Synchronizing object | GothicRib_voussoir.039
Fra:1 Mem:80.56M (Peak 80.56M) | Time:00:00.04 | Mem:0.02M, Peak:0.02M | Scene, ViewLayer | Synchronizing object | GothicRib_voussoir.041
Fra:1 Mem:80.57M (Peak 80.57M) | Time:00:00.04 | Mem:0.02M, Peak:0.02M | Scene, ViewLayer | Synchronizing object | GothicRib_voussoir.042
Fra:1 Mem:80.57M (Peak 80.57M) | Time:00:00.04 | Mem:0.02M, Peak:0.02M | Scene, ViewLayer | Synchronizing object | GothicRib_voussoir.043
Fra:1 Mem:80.57M (Peak 80.57M) | Time:00:00.04 | Mem:0.02M, Peak:0.02M | Scene, ViewLayer | Synchronizing object | GothicRib_voussoir.046
Fra:1 Mem:80.57M (Peak 80.57M) | Time:00:00.04 | Mem:0.02M, Peak:0.02M | Scene, ViewLayer | Synchronizing object | GothicRib_voussoir.047
Fra:1 Mem:80.58M (Peak 80.58M) | Time:00:00.04 | Mem:0.02M, Peak:0.02M | Scene, ViewLayer | Synchronizing object | GothicRib_voussoir.049
Fra:1 Mem:80.58M (Peak 80.58M) | Time:00:00.04 | Mem:0.02M, Peak:0.02M | Scene, ViewLayer | Synchronizing object | GothicRib_voussoir.051
Fra:1 Mem:80.58M (Peak 80.58M) | Time:00:00.04 | Mem:0.02M, Peak:0.02M | Scene, ViewLayer | Synchronizing object | GothicRib_voussoir.052
Fra:1 Mem:80.58M (Peak 80.58M) | Time:00:00.04 | Mem:0.02M, Peak:0.02M | Scene, ViewLayer | Synchronizing object | GothicRib_voussoir.053
Fra:1 Mem:80.58M (Peak 80.58M) | Time:00:00.04 | Mem:0.02M, Peak:0.02M | Scene, ViewLayer | Synchronizing object | GothicRib_voussoir.054
Fra:1 Mem:80.59M (Peak 80.59M) | Time:00:00.04 | Mem:0.02M, Peak:0.02M | Scene, ViewLayer | Synchronizing object | GothicRib_voussoir.055
Fra:1 Mem:80.59M (Peak 80.59M) | Time:00:00.04 | Mem:0.02M, Peak:0.02M | Scene, ViewLayer | Synchronizing object | GothicRib_voussoir.057
Fra:1 Mem:80.59M (Peak 80.59M) | Time:00:00.04 | Mem:0.02M, Peak:0.02M | Scene, ViewLayer | Synchronizing object | GothicRib_voussoir.058
Fra:1 Mem:80.60M (Peak 80.60M) | Time:00:00.04 | Mem:0.02M, Peak:0.02M | Scene, ViewLayer | Synchronizing object | GothicRib_voussoir.060
Fra:1 Mem:80.60M (Peak 80.60M) | Time:00:00.04 | Mem:0.02M, Peak:0.02M | Scene, ViewLayer | Synchronizing object | GothicRib_voussoir.063
Fra:1 Mem:80.60M (Peak 80.60M) | Time:00:00.04 | Mem:0.02M, Peak:0.02M | Scene, ViewLayer | Synchronizing object | GothicRib_voussoir.064
Fra:1 Mem:80.60M (Peak 80.60M) | Time:00:00.04 | Mem:0.02M, Peak:0.02M | Scene, ViewLayer | Synchronizing object | GothicRib_voussoir.066
Fra:1 Mem:80.60M (Peak 80.60M) | Time:00:00.04 | Mem:0.02M, Peak:0.02M | Scene, ViewLayer | Synchronizing object | GothicRib_voussoir.068
Fra:1 Mem:80.60M (Peak 80.60M) | Time:00:00.04 | Mem:0.02M, Peak:0.02M | Scene, ViewLayer | Synchronizing object | GothicRib_voussoir.069
Fra:1 Mem:80.61M (Peak 80.61M) | Time:00:00.04 | Mem:0.02M, Peak:0.02M | Scene, ViewLayer | Synchronizing object | GothicRib_voussoir.070
Fra:1 Mem:80.61M (Peak 80.61M) | Time:00:00.04 | Mem:0.02M, Peak:0.02M | Scene, ViewLayer | Synchronizing object | GothicRib_voussoir.072
Fra:1 Mem:80.61M (Peak 80.61M) | Time:00:00.04 | Mem:0.02M, Peak:0.02M | Scene, ViewLayer | Synchronizing object | GothicRib_voussoir.073
Fra:1 Mem:80.63M (Peak 80.63M) | Time:00:00.04 | Mem:0.02M, Peak:0.02M | Scene, ViewLayer | Synchronizing object | GothicRib_voussoir.074
Fra:1 Mem:80.62M (Peak 80.63M) | Time:00:00.04 | Mem:0.02M, Peak:0.02M | Scene, ViewLayer | Synchronizing object | GothicRib_voussoir.076
Fra:1 Mem:80.62M (Peak 80.63M) | Time:00:00.04 | Mem:0.02M, Peak:0.02M | Scene, ViewLayer | Synchronizing object | GothicRib_voussoir.077
Fra:1 Mem:80.63M (Peak 80.63M) | Time:00:00.04 | Mem:0.02M, Peak:0.02M | Scene, ViewLayer | Synchronizing object | Great altar pointed arch_pier
Fra:1 Mem:80.63M (Peak 80.63M) | Time:00:00.04 | Mem:0.02M, Peak:0.02M | Scene, ViewLayer | Synchronizing object | Great altar pointed arch_voussoir
Fra:1 Mem:80.63M (Peak 80.63M) | Time:00:00.04 | Mem:0.02M, Peak:0.02M | Scene, ViewLayer | Synchronizing object | Great altar pointed arch_voussoir.001
Fra:1 Mem:80.63M (Peak 80.63M) | Time:00:00.04 | Mem:0.02M, Peak:0.02M | Scene, ViewLayer | Synchronizing object | Great altar pointed arch_voussoir.002
Fra:1 Mem:80.63M (Peak 80.63M) | Time:00:00.04 | Mem:0.02M, Peak:0.02M | Scene, ViewLayer | Synchronizing object | Great altar pointed arch_voussoir.003
Fra:1 Mem:80.63M (Peak 80.63M) | Time:00:00.04 | Mem:0.02M, Peak:0.02M | Scene, ViewLayer | Synchronizing object | Great altar pointed arch_voussoir.004
Fra:1 Mem:80.64M (Peak 80.64M) | Time:00:00.04 | Mem:0.02M, Peak:0.02M | Scene, ViewLayer | Synchronizing object | Great altar pointed arch_voussoir.005
Fra:1 Mem:80.64M (Peak 80.64M) | Time:00:00.04 | Mem:0.02M, Peak:0.02M | Scene, ViewLayer | Synchronizing object | Great altar pointed arch_voussoir.006
Fra:1 Mem:80.64M (Peak 80.64M) | Time:00:00.04 | Mem:0.02M, Peak:0.02M | Scene, ViewLayer | Synchronizing object | Great altar pointed arch_voussoir.007
Fra:1 Mem:80.65M (Peak 80.65M) | Time:00:00.04 | Mem:0.02M, Peak:0.02M | Scene, ViewLayer | Synchronizing object | Great altar pointed arch_voussoir.008
Fra:1 Mem:80.65M (Peak 80.65M) | Time:00:00.04 | Mem:0.02M, Peak:0.02M | Scene, ViewLayer | Synchronizing object | Great altar pointed arch_voussoir.010
Fra:1 Mem:80.65M (Peak 80.65M) | Time:00:00.04 | Mem:0.02M, Peak:0.02M | Scene, ViewLayer | Synchronizing object | Great altar pointed arch_voussoir.012
Fra:1 Mem:80.65M (Peak 80.65M) | Time:00:00.04 | Mem:0.02M, Peak:0.02M | Scene, ViewLayer | Synchronizing object | Great altar pointed arch_voussoir.013
Fra:1 Mem:80.65M (Peak 80.65M) | Time:00:00.04 | Mem:0.02M, Peak:0.02M | Scene, ViewLayer | Synchronizing object | Great altar pointed arch_voussoir.015
Fra:1 Mem:80.66M (Peak 80.66M) | Time:00:00.04 | Mem:0.02M, Peak:0.02M | Scene, ViewLayer | Synchronizing object | Great altar pointed arch_voussoir.016
Fra:1 Mem:80.66M (Peak 80.66M) | Time:00:00.04 | Mem:0.02M, Peak:0.02M | Scene, ViewLayer | Synchronizing object | Great altar pointed arch_voussoir.020
Fra:1 Mem:80.66M (Peak 80.66M) | Time:00:00.04 | Mem:0.02M, Peak:0.02M | Scene, ViewLayer | Synchronizing object | Great altar pointed arch_voussoir.019
Fra:1 Mem:80.66M (Peak 80.66M) | Time:00:00.04 | Mem:0.02M, Peak:0.02M | Scene, ViewLayer | Synchronizing object | Great altar pointed arch_voussoir.021
Fra:1 Mem:80.66M (Peak 80.66M) | Time:00:00.04 | Mem:0.02M, Peak:0.02M | Scene, ViewLayer | Synchronizing object | Great altar pointed arch_voussoir.022
Fra:1 Mem:80.67M (Peak 80.67M) | Time:00:00.04 | Mem:0.02M, Peak:0.02M | Scene, ViewLayer | Synchronizing object | Great altar pointed arch_voussoir.024
Fra:1 Mem:80.67M (Peak 80.67M) | Time:00:00.04 | Mem:0.02M, Peak:0.02M | Scene, ViewLayer | Synchronizing object | Great altar pointed arch_voussoir.025
Fra:1 Mem:80.67M (Peak 80.67M) | Time:00:00.04 | Mem:0.02M, Peak:0.02M | Scene, ViewLayer | Synchronizing object | Altar outer moulding_voussoir
Fra:1 Mem:80.67M (Peak 80.67M) | Time:00:00.04 | Mem:0.02M, Peak:0.02M | Scene, ViewLayer | Synchronizing object | Altar outer moulding_voussoir.001
Fra:1 Mem:80.68M (Peak 80.68M) | Time:00:00.04 | Mem:0.02M, Peak:0.02M | Scene, ViewLayer | Synchronizing object | Altar outer moulding_voussoir.002
Fra:1 Mem:80.69M (Peak 80.69M) | Time:00:00.04 | Mem:0.02M, Peak:0.02M | Scene, ViewLayer | Synchronizing object | Altar outer moulding_voussoir.003
Fra:1 Mem:80.69M (Peak 80.69M) | Time:00:00.04 | Mem:0.02M, Peak:0.02M | Scene, ViewLayer | Synchronizing object | Altar outer moulding_voussoir.004
Fra:1 Mem:80.69M (Peak 80.69M) | Time:00:00.04 | Mem:0.02M, Peak:0.02M | Scene, ViewLayer | Synchronizing object | Altar outer moulding_voussoir.005
Fra:1 Mem:80.69M (Peak 80.69M) | Time:00:00.04 | Mem:0.02M, Peak:0.02M | Scene, ViewLayer | Synchronizing object | Altar outer moulding_voussoir.010
Fra:1 Mem:80.70M (Peak 80.70M) | Time:00:00.04 | Mem:0.02M, Peak:0.02M | Scene, ViewLayer | Synchronizing object | Altar outer moulding_voussoir.011
Fra:1 Mem:80.70M (Peak 80.70M) | Time:00:00.04 | Mem:0.02M, Peak:0.02M | Scene, ViewLayer | Synchronizing object | Altar outer moulding_voussoir.012
Fra:1 Mem:80.70M (Peak 80.70M) | Time:00:00.04 | Mem:0.02M, Peak:0.02M | Scene, ViewLayer | Synchronizing object | Altar outer moulding_voussoir.013
Fra:1 Mem:80.70M (Peak 80.70M) | Time:00:00.04 | Mem:0.02M, Peak:0.02M | Scene, ViewLayer | Synchronizing object | Altar outer moulding_voussoir.016
Fra:1 Mem:80.70M (Peak 80.70M) | Time:00:00.04 | Mem:0.02M, Peak:0.02M | Scene, ViewLayer | Synchronizing object | Altar outer moulding_voussoir.017
Fra:1 Mem:80.71M (Peak 80.71M) | Time:00:00.04 | Mem:0.02M, Peak:0.02M | Scene, ViewLayer | Synchronizing object | Altar outer moulding_voussoir.019
Fra:1 Mem:80.71M (Peak 80.71M) | Time:00:00.04 | Mem:0.02M, Peak:0.02M | Scene, ViewLayer | Synchronizing object | Altar outer moulding_voussoir.020
Fra:1 Mem:80.71M (Peak 80.71M) | Time:00:00.04 | Mem:0.02M, Peak:0.02M | Scene, ViewLayer | Synchronizing object | Altar outer moulding_voussoir.021
Fra:1 Mem:80.71M (Peak 80.71M) | Time:00:00.04 | Mem:0.02M, Peak:0.02M | Scene, ViewLayer | Synchronizing object | Altar outer moulding_voussoir.022
Fra:1 Mem:80.71M (Peak 80.71M) | Time:00:00.04 | Mem:0.02M, Peak:0.02M | Scene, ViewLayer | Synchronizing object | Altar outer moulding_voussoir.023
Fra:1 Mem:80.71M (Peak 80.71M) | Time:00:00.04 | Mem:0.02M, Peak:0.02M | Scene, ViewLayer | Synchronizing object | Altar outer moulding_voussoir.025
Fra:1 Mem:80.72M (Peak 80.72M) | Time:00:00.04 | Mem:0.02M, Peak:0.02M | Scene, ViewLayer | Synchronizing object | WallNiche_pier
Fra:1 Mem:80.72M (Peak 80.72M) | Time:00:00.04 | Mem:0.02M, Peak:0.02M | Scene, ViewLayer | Synchronizing object | WallNiche_voussoir
Fra:1 Mem:80.72M (Peak 80.72M) | Time:00:00.04 | Mem:0.02M, Peak:0.02M | Scene, ViewLayer | Synchronizing object | WallNiche_voussoir.001
Fra:1 Mem:80.73M (Peak 80.73M) | Time:00:00.04 | Mem:0.02M, Peak:0.02M | Scene, ViewLayer | Synchronizing object | WallNiche_voussoir.002
Fra:1 Mem:80.73M (Peak 80.73M) | Time:00:00.04 | Mem:0.02M, Peak:0.02M | Scene, ViewLayer | Synchronizing object | WallNiche_voussoir.004
Fra:1 Mem:80.73M (Peak 80.73M) | Time:00:00.04 | Mem:0.02M, Peak:0.02M | Scene, ViewLayer | Synchronizing object | WallNiche_voussoir.005
Fra:1 Mem:80.73M (Peak 80.73M) | Time:00:00.04 | Mem:0.02M, Peak:0.02M | Scene, ViewLayer | Synchronizing object | WallNiche_voussoir.007
Fra:1 Mem:80.74M (Peak 80.74M) | Time:00:00.04 | Mem:0.02M, Peak:0.02M | Scene, ViewLayer | Synchronizing object | WallNiche_voussoir.011
Fra:1 Mem:80.74M (Peak 80.74M) | Time:00:00.04 | Mem:0.02M, Peak:0.02M | Scene, ViewLayer | Synchronizing object | WallNiche_voussoir.013
Fra:1 Mem:80.74M (Peak 80.74M) | Time:00:00.04 | Mem:0.02M, Peak:0.02M | Scene, ViewLayer | Synchronizing object | WallNiche_voussoir.014
Fra:1 Mem:80.74M (Peak 80.74M) | Time:00:00.04 | Mem:0.02M, Peak:0.02M | Scene, ViewLayer | Synchronizing object | WallNiche_voussoir.015
Fra:1 Mem:80.75M (Peak 80.75M) | Time:00:00.04 | Mem:0.02M, Peak:0.02M | Scene, ViewLayer | Synchronizing object | WallNiche_voussoir.016
Fra:1 Mem:80.75M (Peak 80.75M) | Time:00:00.04 | Mem:0.02M, Peak:0.02M | Scene, ViewLayer | Synchronizing object | WallNiche_voussoir.018
Fra:1 Mem:80.75M (Peak 80.75M) | Time:00:00.04 | Mem:0.02M, Peak:0.02M | Scene, ViewLayer | Synchronizing object | WallNiche_voussoir.019
Fra:1 Mem:80.75M (Peak 80.75M) | Time:00:00.04 | Mem:0.02M, Peak:0.02M | Scene, ViewLayer | Synchronizing object | WallNiche_voussoir.021
Fra:1 Mem:80.75M (Peak 80.75M) | Time:00:00.04 | Mem:0.02M, Peak:0.02M | Scene, ViewLayer | Synchronizing object | WallNiche_voussoir.022
Fra:1 Mem:80.75M (Peak 80.75M) | Time:00:00.04 | Mem:0.02M, Peak:0.02M | Scene, ViewLayer | Synchronizing object | WallNiche_voussoir.023
Fra:1 Mem:80.76M (Peak 80.76M) | Time:00:00.04 | Mem:0.02M, Peak:0.02M | Scene, ViewLayer | Synchronizing object | WallNiche_voussoir.024
Fra:1 Mem:80.76M (Peak 80.76M) | Time:00:00.04 | Mem:0.02M, Peak:0.02M | Scene, ViewLayer | Synchronizing object | WallNiche_voussoir.025
Fra:1 Mem:80.76M (Peak 80.76M) | Time:00:00.04 | Mem:0.02M, Peak:0.02M | Scene, ViewLayer | Synchronizing object | WallNiche_voussoir.026
Fra:1 Mem:80.76M (Peak 80.76M) | Time:00:00.04 | Mem:0.02M, Peak:0.02M | Scene, ViewLayer | Synchronizing object | WallNiche_voussoir.027
Fra:1 Mem:80.76M (Peak 80.76M) | Time:00:00.04 | Mem:0.02M, Peak:0.02M | Scene, ViewLayer | Synchronizing object | WallNiche_voussoir.028
Fra:1 Mem:80.76M (Peak 80.76M) | Time:00:00.04 | Mem:0.02M, Peak:0.02M | Scene, ViewLayer | Synchronizing object | WallNiche_voussoir.029
Fra:1 Mem:80.77M (Peak 80.77M) | Time:00:00.04 | Mem:0.02M, Peak:0.02M | Scene, ViewLayer | Synchronizing object | WallNiche_voussoir.031
Fra:1 Mem:80.77M (Peak 80.77M) | Time:00:00.04 | Mem:0.02M, Peak:0.02M | Scene, ViewLayer | Synchronizing object | WallNiche_voussoir.032
Fra:1 Mem:80.77M (Peak 80.77M) | Time:00:00.04 | Mem:0.02M, Peak:0.02M | Scene, ViewLayer | Synchronizing object | WallNiche_voussoir.033
Fra:1 Mem:80.77M (Peak 80.77M) | Time:00:00.04 | Mem:0.02M, Peak:0.02M | Scene, ViewLayer | Synchronizing object | WallNiche_voussoir.034
Fra:1 Mem:80.77M (Peak 80.77M) | Time:00:00.04 | Mem:0.02M, Peak:0.02M | Scene, ViewLayer | Synchronizing object | WallNiche_voussoir.035
Fra:1 Mem:80.77M (Peak 80.77M) | Time:00:00.04 | Mem:0.02M, Peak:0.02M | Scene, ViewLayer | Synchronizing object | WallNiche_voussoir.037
Fra:1 Mem:80.78M (Peak 80.78M) | Time:00:00.04 | Mem:0.02M, Peak:0.02M | Scene, ViewLayer | Synchronizing object | WallNiche_voussoir.040
Fra:1 Mem:80.78M (Peak 80.78M) | Time:00:00.04 | Mem:0.02M, Peak:0.02M | Scene, ViewLayer | Synchronizing object | WallNiche_voussoir.043
Fra:1 Mem:80.78M (Peak 80.78M) | Time:00:00.04 | Mem:0.02M, Peak:0.02M | Scene, ViewLayer | Synchronizing object | WallNiche_voussoir.044
Fra:1 Mem:80.79M (Peak 80.79M) | Time:00:00.04 | Mem:0.02M, Peak:0.02M | Scene, ViewLayer | Synchronizing object | WallNiche_voussoir.045
Fra:1 Mem:80.79M (Peak 80.79M) | Time:00:00.04 | Mem:0.02M, Peak:0.02M | Scene, ViewLayer | Synchronizing object | WallNiche_voussoir.047
Fra:1 Mem:80.79M (Peak 80.79M) | Time:00:00.04 | Mem:0.02M, Peak:0.02M | Scene, ViewLayer | Synchronizing object | WallNiche_voussoir.048
Fra:1 Mem:80.79M (Peak 80.79M) | Time:00:00.04 | Mem:0.02M, Peak:0.02M | Scene, ViewLayer | Synchronizing object | WallNiche_voussoir.050
Fra:1 Mem:80.79M (Peak 80.79M) | Time:00:00.04 | Mem:0.02M, Peak:0.02M | Scene, ViewLayer | Synchronizing object | WallNiche_voussoir.051
Fra:1 Mem:80.80M (Peak 80.80M) | Time:00:00.04 | Mem:0.02M, Peak:0.02M | Scene, ViewLayer | Synchronizing object | WallNiche shadow
Fra:1 Mem:80.80M (Peak 80.80M) | Time:00:00.04 | Mem:0.02M, Peak:0.02M | Scene, ViewLayer | Synchronizing object | Altar colonette
Fra:1 Mem:80.80M (Peak 80.80M) | Time:00:00.04 | Mem:0.02M, Peak:0.02M | Scene, ViewLayer | Synchronizing object | Altar column capital
Fra:1 Mem:80.80M (Peak 80.80M) | Time:00:00.04 | Mem:0.02M, Peak:0.02M | Scene, ViewLayer | Synchronizing object | WallNiche shadow.001
Fra:1 Mem:80.80M (Peak 80.80M) | Time:00:00.04 | Mem:0.02M, Peak:0.02M | Scene, ViewLayer | Synchronizing object | Altar colonette.002
Fra:1 Mem:80.81M (Peak 80.81M) | Time:00:00.04 | Mem:0.02M, Peak:0.02M | Scene, ViewLayer | Synchronizing object | Altar colonette.003
Fra:1 Mem:80.82M (Peak 80.82M) | Time:00:00.04 | Mem:0.02M, Peak:0.02M | Scene, ViewLayer | Synchronizing object | Altar upper step
Fra:1 Mem:80.83M (Peak 80.83M) | Time:00:00.04 | Mem:0.02M, Peak:0.02M | Scene, ViewLayer | Synchronizing object | Altar lower step
Fra:1 Mem:80.84M (Peak 80.84M) | Time:00:00.04 | Mem:0.02M, Peak:0.02M | Scene, ViewLayer | Synchronizing object | Crimson in the recess
Fra:1 Mem:80.84M (Peak 80.84M) | Time:00:00.04 | Mem:0.02M, Peak:0.02M | Scene, ViewLayer | Synchronizing object | Low stone candle shelf
Fra:1 Mem:80.84M (Peak 80.84M) | Time:00:00.04 | Mem:0.02M, Peak:0.02M | Scene, ViewLayer | Synchronizing object | TableTop_OakPlank_00
Fra:1 Mem:80.86M (Peak 80.86M) | Time:00:00.04 | Mem:0.02M, Peak:0.02M | Scene, ViewLayer | Synchronizing object | TableTop_OakPlank_02
Fra:1 Mem:80.88M (Peak 80.88M) | Time:00:00.04 | Mem:0.02M, Peak:0.02M | Scene, ViewLayer | Synchronizing object | TableTop_OakPlank_04
Fra:1 Mem:80.89M (Peak 80.89M) | Time:00:00.04 | Mem:0.02M, Peak:0.02M | Scene, ViewLayer | Synchronizing object | TableTop_OakPlank_07
Fra:1 Mem:80.89M (Peak 80.89M) | Time:00:00.04 | Mem:0.02M, Peak:0.02M | Scene, ViewLayer | Synchronizing object | Table endgrain breadboard
Fra:1 Mem:80.90M (Peak 80.90M) | Time:00:00.04 | Mem:0.02M, Peak:0.02M | Scene, ViewLayer | Synchronizing object | Table oak leg
Fra:1 Mem:80.91M (Peak 80.91M) | Time:00:00.04 | Mem:0.02M, Peak:0.02M | Scene, ViewLayer | Synchronizing object | Table trestle foot
Fra:1 Mem:80.92M (Peak 80.92M) | Time:00:00.04 | Mem:0.02M, Peak:0.02M | Scene, ViewLayer | Synchronizing object | Table low stretcher
Fra:1 Mem:80.92M (Peak 80.92M) | Time:00:00.04 | Mem:0.02M, Peak:0.02M | Scene, ViewLayer | Synchronizing object | Tribunal_1_cloaked_body
Fra:1 Mem:80.94M (Peak 80.94M) | Time:00:00.04 | Mem:0.02M, Peak:0.02M | Scene, ViewLayer | Synchronizing object | Tribunal_1_open_hood
Fra:1 Mem:80.94M (Peak 80.94M) | Time:00:00.04 | Mem:0.02M, Peak:0.02M | Scene, ViewLayer | Synchronizing object | Bent draped upper sleeve
Fra:1 Mem:80.95M (Peak 80.95M) | Time:00:00.04 | Mem:0.02M, Peak:0.02M | Scene, ViewLayer | Synchronizing object | Forearm resting on table
Fra:1 Mem:80.96M (Peak 80.96M) | Time:00:00.04 | Mem:0.02M, Peak:0.02M | Scene, ViewLayer | Synchronizing object | Simple dark glove
Fra:1 Mem:80.97M (Peak 80.97M) | Time:00:00.04 | Mem:0.02M, Peak:0.02M | Scene, ViewLayer | Synchronizing object | Bent draped upper sleeve.001
Fra:1 Mem:80.97M (Peak 80.97M) | Time:00:00.04 | Mem:0.02M, Peak:0.02M | Scene, ViewLayer | Synchronizing object | Simple dark glove.001
Fra:1 Mem:80.98M (Peak 80.98M) | Time:00:00.04 | Mem:0.02M, Peak:0.02M | Scene, ViewLayer | Synchronizing object | Tribunal_2_cloaked_body
Fra:1 Mem:80.98M (Peak 80.98M) | Time:00:00.04 | Mem:0.02M, Peak:0.02M | Scene, ViewLayer | Synchronizing object | Tribunal_2_open_hood
Fra:1 Mem:81.00M (Peak 81.00M) | Time:00:00.04 | Mem:0.02M, Peak:0.02M | Scene, ViewLayer | Synchronizing object | Tribunal_2_shadowed_face
Fra:1 Mem:81.00M (Peak 81.00M) | Time:00:00.04 | Mem:0.02M, Peak:0.02M | Scene, ViewLayer | Synchronizing object | Bent draped upper sleeve.002
Fra:1 Mem:81.01M (Peak 81.01M) | Time:00:00.04 | Mem:0.02M, Peak:0.02M | Scene, ViewLayer | Synchronizing object | Simple dark glove.002
Fra:1 Mem:81.02M (Peak 81.02M) | Time:00:00.04 | Mem:0.02M, Peak:0.02M | Scene, ViewLayer | Synchronizing object | Bent draped upper sleeve.003
Fra:1 Mem:81.02M (Peak 81.02M) | Time:00:00.04 | Mem:0.02M, Peak:0.02M | Scene, ViewLayer | Synchronizing object | Forearm resting on table.003
Fra:1 Mem:81.03M (Peak 81.03M) | Time:00:00.04 | Mem:0.02M, Peak:0.02M | Scene, ViewLayer | Synchronizing object | Simple dark glove.003
Fra:1 Mem:81.04M (Peak 81.04M) | Time:00:00.04 | Mem:0.02M, Peak:0.02M | Scene, ViewLayer | Synchronizing object | Tribunal_3_cloaked_body
Fra:1 Mem:81.05M (Peak 81.05M) | Time:00:00.04 | Mem:0.02M, Peak:0.02M | Scene, ViewLayer | Synchronizing object | Tribunal_3_open_hood
Fra:1 Mem:81.05M (Peak 81.05M) | Time:00:00.04 | Mem:0.02M, Peak:0.02M | Scene, ViewLayer | Synchronizing object | Tribunal_3_shadowed_face
Fra:1 Mem:81.07M (Peak 81.07M) | Time:00:00.04 | Mem:0.02M, Peak:0.02M | Scene, ViewLayer | Synchronizing object | Bent draped upper sleeve.004
Fra:1 Mem:81.07M (Peak 81.07M) | Time:00:00.04 | Mem:0.02M, Peak:0.02M | Scene, ViewLayer | Synchronizing object | Forearm resting on table.005
Fra:1 Mem:81.08M (Peak 81.08M) | Time:00:00.04 | Mem:0.02M, Peak:0.02M | Scene, ViewLayer | Synchronizing object | Simple dark glove.005
Fra:1 Mem:81.08M (Peak 81.08M) | Time:00:00.04 | Mem:0.02M, Peak:0.02M | Scene, ViewLayer | Synchronizing object | Tribunal_4_cloaked_body
Fra:1 Mem:81.09M (Peak 81.09M) | Time:00:00.04 | Mem:0.02M, Peak:0.02M | Scene, ViewLayer | Synchronizing object | Tribunal_4_open_hood
Fra:1 Mem:81.09M (Peak 81.09M) | Time:00:00.04 | Mem:0.02M, Peak:0.02M | Scene, ViewLayer | Synchronizing object | Tribunal_4_shadowed_face
Fra:1 Mem:81.09M (Peak 81.09M) | Time:00:00.04 | Mem:0.02M, Peak:0.02M | Scene, ViewLayer | Synchronizing object | Forearm resting on table.006
Fra:1 Mem:81.10M (Peak 81.10M) | Time:00:00.04 | Mem:0.02M, Peak:0.02M | Scene, ViewLayer | Synchronizing object | Simple dark glove.006
Fra:1 Mem:81.10M (Peak 81.10M) | Time:00:00.04 | Mem:0.02M, Peak:0.02M | Scene, ViewLayer | Synchronizing object | Forearm resting on table.007
Fra:1 Mem:81.10M (Peak 81.10M) | Time:00:00.04 | Mem:0.02M, Peak:0.02M | Scene, ViewLayer | Synchronizing object | Simple dark glove.007
Fra:1 Mem:81.11M (Peak 81.11M) | Time:00:00.04 | Mem:0.02M, Peak:0.02M | Scene, ViewLayer | Synchronizing object | Tribunal_5_open_hood
Fra:1 Mem:81.13M (Peak 81.13M) | Time:00:00.04 | Mem:0.02M, Peak:0.02M | Scene, ViewLayer | Synchronizing object | Tribunal_5_shadowed_face
Fra:1 Mem:81.13M (Peak 81.13M) | Time:00:00.04 | Mem:0.02M, Peak:0.02M | Scene, ViewLayer | Synchronizing object | Forearm resting on table.008
Fra:1 Mem:81.13M (Peak 81.13M) | Time:00:00.04 | Mem:0.02M, Peak:0.02M | Scene, ViewLayer | Synchronizing object | Simple dark glove.008
Fra:1 Mem:81.14M (Peak 81.14M) | Time:00:00.04 | Mem:0.02M, Peak:0.02M | Scene, ViewLayer | Synchronizing object | Forearm resting on table.009
Fra:1 Mem:81.15M (Peak 81.15M) | Time:00:00.04 | Mem:0.02M, Peak:0.02M | Scene, ViewLayer | Synchronizing object | Tribunal_6_open_hood
Fra:1 Mem:81.15M (Peak 81.15M) | Time:00:00.04 | Mem:0.02M, Peak:0.02M | Scene, ViewLayer | Synchronizing object | Tribunal_6_shadowed_face
Fra:1 Mem:81.16M (Peak 81.16M) | Time:00:00.04 | Mem:0.02M, Peak:0.02M | Scene, ViewLayer | Synchronizing object | Bent draped upper sleeve.010
Fra:1 Mem:81.16M (Peak 81.16M) | Time:00:00.04 | Mem:0.02M, Peak:0.02M | Scene, ViewLayer | Synchronizing object | Forearm resting on table.010
Fra:1 Mem:81.16M (Peak 81.16M) | Time:00:00.04 | Mem:0.02M, Peak:0.02M | Scene, ViewLayer | Synchronizing object | Bent draped upper sleeve.011
Fra:1 Mem:81.17M (Peak 81.17M) | Time:00:00.04 | Mem:0.02M, Peak:0.02M | Scene, ViewLayer | Synchronizing object | Forearm resting on table.011
Fra:1 Mem:81.17M (Peak 81.17M) | Time:00:00.04 | Mem:0.02M, Peak:0.02M | Scene, ViewLayer | Synchronizing object | Simple dark glove.011
Fra:1 Mem:81.17M (Peak 81.17M) | Time:00:00.04 | Mem:0.02M, Peak:0.02M | Scene, ViewLayer | Synchronizing object | Tribunal_7_cloaked_body
Fra:1 Mem:81.19M (Peak 81.19M) | Time:00:00.04 | Mem:0.02M, Peak:0.02M | Scene, ViewLayer | Synchronizing object | Tribunal_7_open_hood
Fra:1 Mem:81.19M (Peak 81.19M) | Time:00:00.04 | Mem:0.02M, Peak:0.02M | Scene, ViewLayer | Synchronizing object | Bent draped upper sleeve.012
Fra:1 Mem:81.19M (Peak 81.19M) | Time:00:00.04 | Mem:0.02M, Peak:0.02M | Scene, ViewLayer | Synchronizing object | Forearm resting on table.012
Fra:1 Mem:81.19M (Peak 81.19M) | Time:00:00.04 | Mem:0.02M, Peak:0.02M | Scene, ViewLayer | Synchronizing object | Rear_bench_1_light
Fra:1 Mem:81.19M (Peak 81.19M) | Time:00:00.04 | Mem:0.02M, Peak:0.02M | Scene, ViewLayer | Synchronizing object | Bent draped upper sleeve.013
Fra:1 Mem:81.20M (Peak 81.20M) | Time:00:00.04 | Mem:0.02M, Peak:0.02M | Scene, ViewLayer | Synchronizing object | Simple dark glove.013
Fra:1 Mem:81.20M (Peak 81.20M) | Time:00:00.04 | Mem:0.02M, Peak:0.02M | Scene, ViewLayer | Synchronizing object | FrontLeft_tall_holder
Fra:1 Mem:81.21M (Peak 81.21M) | Time:00:00.04 | Mem:0.02M, Peak:0.02M | Scene, ViewLayer | Synchronizing object | Niche_1_light
Fra:1 Mem:81.21M (Peak 81.21M) | Time:00:00.04 | Mem:0.02M, Peak:0.02M | Scene, ViewLayer | Synchronizing object | FrontLeft_tall_wax
Fra:1 Mem:81.21M (Peak 81.21M) | Time:00:00.04 | Mem:0.02M, Peak:0.02M | Scene, ViewLayer | Synchronizing object | Altar_1_light
Fra:1 Mem:81.22M (Peak 81.22M) | Time:00:00.04 | Mem:0.02M, Peak:0.02M | Scene, ViewLayer | Synchronizing object | FrontLeft_tall_wick
Fra:1 Mem:81.22M (Peak 81.22M) | Time:00:00.04 | Mem:0.02M, Peak:0.02M | Scene, ViewLayer | Synchronizing object | FrontLeft_tall_flame
Fra:1 Mem:81.24M (Peak 81.24M) | Time:00:00.04 | Mem:0.02M, Peak:0.02M | Scene, ViewLayer | Synchronizing object | FrontLeft_low_holder
Fra:1 Mem:81.24M (Peak 81.24M) | Time:00:00.04 | Mem:0.02M, Peak:0.02M | Scene, ViewLayer | Synchronizing object | FrontLeft_low_wax
Fra:1 Mem:81.27M (Peak 81.27M) | Time:00:00.04 | Mem:0.02M, Peak:0.02M | Scene, ViewLayer | Synchronizing object | Rear_bench_-1_light
Fra:1 Mem:81.27M (Peak 81.27M) | Time:00:00.04 | Mem:0.02M, Peak:0.02M | Scene, ViewLayer | Synchronizing object | FrontLeft_stump_wax
Fra:1 Mem:81.28M (Peak 81.28M) | Time:00:00.04 | Mem:0.02M, Peak:0.02M | Scene, ViewLayer | Synchronizing object | Niche_-1_light
Fra:1 Mem:81.28M (Peak 81.29M) | Time:00:00.04 | Mem:0.02M, Peak:0.02M | Scene, ViewLayer | Synchronizing object | FrontLeft_stump_wick
Fra:1 Mem:81.33M (Peak 81.33M) | Time:00:00.04 | Mem:0.02M, Peak:0.02M | Scene, ViewLayer | Synchronizing object | FrontRight_tall_holder
Fra:1 Mem:81.37M (Peak 81.37M) | Time:00:00.04 | Mem:0.02M, Peak:0.02M | Scene, ViewLayer | Synchronizing object | FrontRight_tall_wax
Fra:1 Mem:81.39M (Peak 81.39M) | Time:00:00.04 | Mem:0.02M, Peak:0.02M | Scene, ViewLayer | Synchronizing object | FrontRight_tall_wick
Fra:1 Mem:81.40M (Peak 81.40M) | Time:00:00.04 | Mem:0.02M, Peak:0.02M | Scene, ViewLayer | Synchronizing object | FrontRight_tall_flame
Fra:1 Mem:81.41M (Peak 81.41M) | Time:00:00.04 | Mem:0.02M, Peak:0.02M | Scene, ViewLayer | Synchronizing object | FrontRight_low_holder
Fra:1 Mem:81.42M (Peak 81.42M) | Time:00:00.04 | Mem:0.02M, Peak:0.02M | Scene, ViewLayer | Synchronizing object | FrontRight_low_wick
Fra:1 Mem:81.42M (Peak 81.42M) | Time:00:00.04 | Mem:0.02M, Peak:0.02M | Scene, ViewLayer | Synchronizing object | FrontRight_low_flame
Fra:1 Mem:81.44M (Peak 81.44M) | Time:00:00.04 | Mem:0.02M, Peak:0.02M | Scene, ViewLayer | Synchronizing object | Back iron floor stand
Fra:1 Mem:81.44M (Peak 81.44M) | Time:00:00.04 | Mem:0.02M, Peak:0.02M | Scene, ViewLayer | Synchronizing object | Candelabrum arm
Fra:1 Mem:81.45M (Peak 81.45M) | Time:00:00.04 | Mem:0.02M, Peak:0.02M | Scene, ViewLayer | Synchronizing object | Back_-1_0_wax
Fra:1 Mem:81.46M (Peak 81.46M) | Time:00:00.04 | Mem:0.02M, Peak:0.02M | Scene, ViewLayer | Synchronizing object | Back_-1_0_wick
Fra:1 Mem:81.46M (Peak 81.46M) | Time:00:00.04 | Mem:0.02M, Peak:0.02M | Scene, ViewLayer | Synchronizing object | Back_-1_0_flame
Fra:1 Mem:81.47M (Peak 81.47M) | Time:00:00.04 | Mem:0.02M, Peak:0.02M | Scene, ViewLayer | Synchronizing object | Candelabrum arm.001
Fra:1 Mem:81.48M (Peak 81.48M) | Time:00:00.04 | Mem:0.02M, Peak:0.02M | Scene, ViewLayer | Synchronizing object | Back_-1_1_wax
Fra:1 Mem:81.49M (Peak 81.49M) | Time:00:00.04 | Mem:0.02M, Peak:0.02M | Scene, ViewLayer | Synchronizing object | Back_-1_1_drip_dish
Fra:1 Mem:81.49M (Peak 81.49M) | Time:00:00.04 | Mem:0.02M, Peak:0.02M | Scene, ViewLayer | Synchronizing object | Back_-1_1_wick
Fra:1 Mem:81.51M (Peak 81.51M) | Time:00:00.04 | Mem:0.02M, Peak:0.02M | Scene, ViewLayer | Synchronizing object | Back_-1_2_wax
Fra:1 Mem:81.52M (Peak 81.52M) | Time:00:00.04 | Mem:0.02M, Peak:0.02M | Scene, ViewLayer | Synchronizing object | Back_1_2_light
Fra:1 Mem:81.53M (Peak 81.53M) | Time:00:00.04 | Mem:0.02M, Peak:0.02M | Scene, ViewLayer | Synchronizing object | Back_1_1_light
Fra:1 Mem:81.53M (Peak 81.53M) | Time:00:00.04 | Mem:0.02M, Peak:0.02M | Scene, ViewLayer | Synchronizing object | Back_1_0_light
Fra:1 Mem:81.53M (Peak 81.53M) | Time:00:00.04 | Mem:0.02M, Peak:0.02M | Scene, ViewLayer | Synchronizing object | Back_-1_2_light
Fra:1 Mem:81.53M (Peak 81.53M) | Time:00:00.04 | Mem:0.02M, Peak:0.02M | Scene, ViewLayer | Synchronizing object | Back_-1_1_light
Fra:1 Mem:81.53M (Peak 81.53M) | Time:00:00.04 | Mem:0.02M, Peak:0.02M | Scene, ViewLayer | Synchronizing object | Back_-1_0_light
Fra:1 Mem:81.53M (Peak 81.53M) | Time:00:00.04 | Mem:0.02M, Peak:0.02M | Scene, ViewLayer | Synchronizing object | FrontRight_low_light
Fra:1 Mem:81.53M (Peak 81.53M) | Time:00:00.04 | Mem:0.02M, Peak:0.02M | Scene, ViewLayer | Synchronizing object | FrontRight_tall_light
Fra:1 Mem:81.53M (Peak 81.53M) | Time:00:00.04 | Mem:0.02M, Peak:0.02M | Scene, ViewLayer | Synchronizing object | FrontLeft_stump_light
Fra:1 Mem:81.53M (Peak 81.53M) | Time:00:00.04 | Mem:0.02M, Peak:0.02M | Scene, ViewLayer | Synchronizing object | FrontLeft_low_light
Fra:1 Mem:81.53M (Peak 81.53M) | Time:00:00.04 | Mem:0.02M, Peak:0.02M | Scene, ViewLayer | Synchronizing object | FrontLeft_tall_light
Fra:1 Mem:81.53M (Peak 81.53M) | Time:00:00.04 | Mem:0.02M, Peak:0.02M | Scene, ViewLayer | Synchronizing object | Atmosphere volume (render only)
Fra:1 Mem:81.54M (Peak 81.54M) | Time:00:00.04 | Mem:0.02M, Peak:0.02M | Scene, ViewLayer | Synchronizing object | Rear_bench_1_flame
Fra:1 Mem:81.54M (Peak 81.54M) | Time:00:00.04 | Mem:0.02M, Peak:0.02M | Scene, ViewLayer | Synchronizing object | Back iron floor stand.001
Fra:1 Mem:81.55M (Peak 81.55M) | Time:00:00.04 | Mem:0.02M, Peak:0.02M | Scene, ViewLayer | Synchronizing object | Candelabrum arm.003
Fra:1 Mem:81.56M (Peak 81.56M) | Time:00:00.04 | Mem:0.02M, Peak:0.02M | Scene, ViewLayer | Synchronizing object | Rear_bench_1_wick
Fra:1 Mem:81.58M (Peak 81.58M) | Time:00:00.04 | Mem:0.02M, Peak:0.02M | Scene, ViewLayer | Synchronizing object | Back_1_0_wax
Fra:1 Mem:81.59M (Peak 81.59M) | Time:00:00.04 | Mem:0.02M, Peak:0.02M | Scene, ViewLayer | Synchronizing object | Back_1_0_drip_dish
Fra:1 Mem:81.60M (Peak 81.60M) | Time:00:00.04 | Mem:0.02M, Peak:0.02M | Scene, ViewLayer | Synchronizing object | Back_1_0_wick
Fra:1 Mem:81.61M (Peak 81.61M) | Time:00:00.04 | Mem:0.02M, Peak:0.02M | Scene, ViewLayer | Synchronizing object | Back_1_0_flame
Fra:1 Mem:81.61M (Peak 81.61M) | Time:00:00.04 | Mem:0.02M, Peak:0.02M | Scene, ViewLayer | Synchronizing object | Back_1_1_wax
Fra:1 Mem:81.61M (Peak 81.61M) | Time:00:00.04 | Mem:0.02M, Peak:0.02M | Scene, ViewLayer | Synchronizing object | Back_1_1_drip_dish
Fra:1 Mem:81.63M (Peak 81.63M) | Time:00:00.04 | Mem:0.02M, Peak:0.02M | Scene, ViewLayer | Synchronizing object | Back_1_1_wick
Fra:1 Mem:81.65M (Peak 81.65M) | Time:00:00.04 | Mem:0.02M, Peak:0.02M | Scene, ViewLayer | Synchronizing object | Back_1_2_wax
Fra:1 Mem:81.66M (Peak 81.66M) | Time:00:00.04 | Mem:0.02M, Peak:0.02M | Scene, ViewLayer | Synchronizing object | Back_1_2_drip_dish
Fra:1 Mem:81.66M (Peak 81.66M) | Time:00:00.04 | Mem:0.02M, Peak:0.02M | Scene, ViewLayer | Synchronizing object | Back_1_2_wick
Fra:1 Mem:81.68M (Peak 81.68M) | Time:00:00.04 | Mem:0.02M, Peak:0.02M | Scene, ViewLayer | Synchronizing object | Back_1_2_flame
Fra:1 Mem:81.69M (Peak 81.69M) | Time:00:00.04 | Mem:0.02M, Peak:0.02M | Scene, ViewLayer | Synchronizing object | Altar_-1_drip_dish
Fra:1 Mem:81.70M (Peak 81.70M) | Time:00:00.04 | Mem:0.02M, Peak:0.02M | Scene, ViewLayer | Synchronizing object | Altar_-1_wick
Fra:1 Mem:81.70M (Peak 81.70M) | Time:00:00.04 | Mem:0.02M, Peak:0.02M | Scene, ViewLayer | Synchronizing object | Niche_-1_holder
Fra:1 Mem:81.71M (Peak 81.71M) | Time:00:00.04 | Mem:0.02M, Peak:0.02M | Scene, ViewLayer | Synchronizing object | Niche_-1_wax
Fra:1 Mem:81.74M (Peak 81.74M) | Time:00:00.04 | Mem:0.02M, Peak:0.02M | Scene, ViewLayer | Synchronizing object | Niche_-1_drip_dish
Fra:1 Mem:81.75M (Peak 81.75M) | Time:00:00.04 | Mem:0.02M, Peak:0.02M | Scene, ViewLayer | Synchronizing object | Rear_bench_-1_holder
Fra:1 Mem:81.75M (Peak 81.75M) | Time:00:00.04 | Mem:0.02M, Peak:0.02M | Scene, ViewLayer | Synchronizing object | Rear_bench_1_holder
Fra:1 Mem:81.77M (Peak 81.77M) | Time:00:00.04 | Mem:0.02M, Peak:0.02M | Scene, ViewLayer | Synchronizing object | Rear_bench_-1_wax
Fra:1 Mem:81.79M (Peak 81.79M) | Time:00:00.04 | Mem:0.02M, Peak:0.02M | Scene, ViewLayer | Synchronizing object | Rear_bench_-1_drip_dish
Fra:1 Mem:81.81M (Peak 81.81M) | Time:00:00.04 | Mem:0.02M, Peak:0.02M | Scene, ViewLayer | Synchronizing object | Niche_1_flame
Fra:1 Mem:81.85M (Peak 81.85M) | Time:00:00.04 | Mem:0.02M, Peak:0.02M | Scene, ViewLayer | Synchronizing object | Niche_1_wick
Fra:1 Mem:81.89M (Peak 81.89M) | Time:00:00.04 | Mem:0.02M, Peak:0.02M | Scene, ViewLayer | Synchronizing object | Altar_1_drip_dish
Fra:1 Mem:81.89M (Peak 81.89M) | Time:00:00.04 | Mem:0.02M, Peak:0.02M | Scene, ViewLayer | Synchronizing object | Altar_1_wick
Fra:1 Mem:81.91M (Peak 81.91M) | Time:00:00.04 | Mem:0.02M, Peak:0.02M | Scene, ViewLayer | Synchronizing object | Niche_1_holder
Fra:1 Mem:81.91M (Peak 81.91M) | Time:00:00.04 | Mem:0.02M, Peak:0.02M | Scene, ViewLayer | Synchronizing object | Altar_1_flame
Fra:1 Mem:81.93M (Peak 81.93M) | Time:00:00.04 | Mem:0.02M, Peak:0.02M | Scene, ViewLayer | Synchronizing object | Niche_1_wax
Fra:1 Mem:82.01M (Peak 82.01M) | Time:00:00.04 | Mem:0.02M, Peak:0.02M | Scene, ViewLayer | Initializing
Fra:1 Mem:50.70M (Peak 82.01M) | Time:00:00.05 | Mem:0.02M, Peak:0.02M | Scene, ViewLayer | Waiting for render to start
Fra:1 Mem:50.70M (Peak 82.01M) | Time:00:00.05 | Mem:0.02M, Peak:0.02M | Scene, ViewLayer | Updating Scene
Fra:1 Mem:50.70M (Peak 82.01M) | Time:00:00.05 | Mem:0.02M, Peak:0.02M | Scene, ViewLayer | Updating Shaders
Fra:1 Mem:50.70M (Peak 82.01M) | Time:00:00.05 | Mem:0.02M, Peak:0.02M | Scene, ViewLayer | Loading render kernels (may take a few minutes the first time)
Fra:1 Mem:50.79M (Peak 82.01M) | Time:00:00.11 | Mem:0.09M, Peak:0.09M | Scene, ViewLayer | Updating Procedurals
Fra:1 Mem:50.79M (Peak 82.01M) | Time:00:00.11 | Mem:0.09M, Peak:0.09M | Scene, ViewLayer | Updating Background
Fra:1 Mem:50.79M (Peak 82.01M) | Time:00:00.11 | Mem:0.09M, Peak:0.09M | Scene, ViewLayer | Updating Camera
Fra:1 Mem:50.79M (Peak 82.01M) | Time:00:00.11 | Mem:0.09M, Peak:0.09M | Scene, ViewLayer | Updating Meshes Flags
Fra:1 Mem:50.79M (Peak 82.01M) | Time:00:00.11 | Mem:0.09M, Peak:0.09M | Scene, ViewLayer | Updating Objects
Fra:1 Mem:50.79M (Peak 82.01M) | Time:00:00.11 | Mem:0.09M, Peak:0.09M | Scene, ViewLayer | Updating Objects | Copying Transformations to device
Fra:1 Mem:50.80M (Peak 82.01M) | Time:00:00.11 | Mem:0.40M, Peak:0.40M | Scene, ViewLayer | Updating Particle Systems
Fra:1 Mem:50.80M (Peak 82.01M) | Time:00:00.11 | Mem:0.40M, Peak:0.40M | Scene, ViewLayer | Updating Particle Systems | Copying Particles to device
Fra:1 Mem:50.80M (Peak 82.01M) | Time:00:00.11 | Mem:0.40M, Peak:0.40M | Scene, ViewLayer | Updating Meshes
Fra:1 Mem:50.80M (Peak 82.01M) | Time:00:00.11 | Mem:0.40M, Peak:0.40M | Scene, ViewLayer | Updating Objects | Applying Static Transformations
Fra:1 Mem:50.80M (Peak 82.01M) | Time:00:00.11 | Mem:0.40M, Peak:0.40M | Scene, ViewLayer | Updating Mesh | Computing attributes
Fra:1 Mem:51.07M (Peak 82.01M) | Time:00:00.11 | Mem:0.43M, Peak:0.43M | Scene, ViewLayer | Updating Mesh | Copying Attributes to device
Fra:1 Mem:50.80M (Peak 82.01M) | Time:00:00.18 | Mem:0.60M, Peak:0.60M | Scene, ViewLayer | Updating Geometry BVH Cube 2/129 | Building BVH
Fra:1 Mem:50.80M (Peak 82.01M) | Time:00:00.18 | Mem:0.60M, Peak:0.60M | Scene, ViewLayer | Updating Geometry BVH Cube.006 8/454 | Building BVH
Fra:1 Mem:50.80M (Peak 82.01M) | Time:00:00.18 | Mem:0.60M, Peak:0.60M | Scene, ViewLayer | Updating Geometry BVH Cube.007 9/467 | Building BVH
Fra:1 Mem:50.80M (Peak 82.01M) | Time:00:00.18 | Mem:0.60M, Peak:0.60M | Scene, ViewLayer | Updating Geometry BVH Cube.007 9/467 | Building mesh BLAS |     108 tris | Cube
Fra:1 Mem:50.80M (Peak 82.01M) | Time:00:00.18 | Mem:0.60M, Peak:0.60M | Scene, ViewLayer | Updating Geometry BVH Cube.007 9/467 | Building mesh BLAS |     108 tris | Cube.007
Fra:1 Mem:50.80M (Peak 82.01M) | Time:00:00.18 | Mem:0.60M, Peak:0.60M | Scene, ViewLayer | Updating Geometry BVH Faint crimson above altar 467/467 | Building BVH
Fra:1 Mem:50.80M (Peak 82.01M) | Time:00:00.18 | Mem:0.60M, Peak:0.60M | Scene, ViewLayer | Updating Geometry BVH Rear_bench_1_light 466/467 | Building BVH
Fra:1 Mem:50.80M (Peak 82.01M) | Time:00:00.18 | Mem:0.60M, Peak:0.60M | Scene, ViewLayer | Updating Geometry BVH Niche_1_light 465/467 | Building BVH
Fra:1 Mem:50.80M (Peak 82.01M) | Time:00:00.18 | Mem:0.60M, Peak:0.60M | Scene, ViewLayer | Updating Geometry BVH Altar_1_light 464/467 | Building BVH
Fra:1 Mem:50.80M (Peak 82.01M) | Time:00:00.18 | Mem:0.60M, Peak:0.60M | Scene, ViewLayer | Updating Geometry BVH Rear_bench_-1_light 463/467 | Building BVH
Fra:1 Mem:50.80M (Peak 82.01M) | Time:00:00.18 | Mem:0.60M, Peak:0.60M | Scene, ViewLayer | Updating Geometry BVH Niche_-1_light 462/467 | Building BVH
Fra:1 Mem:50.80M (Peak 82.01M) | Time:00:00.18 | Mem:0.60M, Peak:0.60M | Scene, ViewLayer | Updating Geometry BVH Altar_-1_light 461/467 | Building BVH
Fra:1 Mem:50.80M (Peak 82.01M) | Time:00:00.18 | Mem:0.60M, Peak:0.60M | Scene, ViewLayer | Updating Geometry BVH Back_1_2_light 460/467 | Building BVH
Fra:1 Mem:50.80M (Peak 82.01M) | Time:00:00.18 | Mem:0.60M, Peak:0.60M | Scene, ViewLayer | Updating Geometry BVH Cylinder 10/467 | Building BVH
Fra:1 Mem:50.80M (Peak 82.01M) | Time:00:00.18 | Mem:0.60M, Peak:0.60M | Scene, ViewLayer | Updating Geometry BVH Back_1_1_light 459/467 | Building BVH
Fra:1 Mem:50.80M (Peak 82.01M) | Time:00:00.18 | Mem:0.60M, Peak:0.60M | Scene, ViewLayer | Updating Geometry BVH Back_1_1_light 459/467 | Building mesh BLAS |      28 tris | Cylinder
Fra:1 Mem:50.80M (Peak 82.01M) | Time:00:00.18 | Mem:0.60M, Peak:0.60M | Scene, ViewLayer | Updating Geometry BVH Back_1_1_light 459/467 | Building mesh BLAS |     108 tris | Cube.003
Fra:1 Mem:50.80M (Peak 82.01M) | Time:00:00.18 | Mem:0.60M, Peak:0.60M | Scene, ViewLayer | Updating Geometry BVH Back_1_1_light 459/467 | Building mesh BLAS |     108 tris | Cube.005
Fra:1 Mem:50.80M (Peak 82.01M) | Time:00:00.18 | Mem:0.60M, Peak:0.60M | Scene, ViewLayer | Updating Geometry BVH Back_1_1_light 459/467 | Building mesh BLAS |     108 tris | Cube.004
Fra:1 Mem:50.80M (Peak 82.01M) | Time:00:00.18 | Mem:0.60M, Peak:0.60M | Scene, ViewLayer | Updating Geometry BVH Back_1_1_light 459/467 | Building mesh BLAS |     108 tris | Cube.001
Fra:1 Mem:50.80M (Peak 82.01M) | Time:00:00.18 | Mem:0.60M, Peak:0.60M | Scene, ViewLayer | Updating Geometry BVH Back_1_0_light 458/467 | Building BVH
Fra:1 Mem:50.80M (Peak 82.01M) | Time:00:00.18 | Mem:0.60M, Peak:0.60M | Scene, ViewLayer | Updating Geometry BVH Back_1_0_light 458/467 | Building mesh BLAS |     108 tris | Cube.002
Fra:1 Mem:50.80M (Peak 82.01M) | Time:00:00.18 | Mem:0.60M, Peak:0.60M | Scene, ViewLayer | Updating Geometry BVH Back_-1_2_light 457/467 | Building BVH
Fra:1 Mem:50.80M (Peak 82.01M) | Time:00:00.18 | Mem:0.60M, Peak:0.60M | Scene, ViewLayer | Updating Geometry BVH Back_-1_1_light 456/467 | Building BVH
Fra:1 Mem:50.80M (Peak 82.01M) | Time:00:00.18 | Mem:0.60M, Peak:0.60M | Scene, ViewLayer | Updating Geometry BVH Back_-1_0_light 455/467 | Building BVH
Fra:1 Mem:50.80M (Peak 82.01M) | Time:00:00.18 | Mem:0.60M, Peak:0.60M | Scene, ViewLayer | Updating Geometry BVH FrontRight_low_light 454/467 | Building BVH
Fra:1 Mem:50.80M (Peak 82.01M) | Time:00:00.18 | Mem:0.60M, Peak:0.60M | Scene, ViewLayer | Updating Geometry BVH FrontRight_tall_light 453/467 | Building BVH
Fra:1 Mem:50.80M (Peak 82.01M) | Time:00:00.18 | Mem:0.60M, Peak:0.60M | Scene, ViewLayer | Updating Geometry BVH FrontLeft_stump_light 452/467 | Building BVH
Fra:1 Mem:50.80M (Peak 82.01M) | Time:00:00.18 | Mem:0.60M, Peak:0.60M | Scene, ViewLayer | Updating Geometry BVH FrontLeft_low_light 451/467 | Building BVH
Fra:1 Mem:50.80M (Peak 82.01M) | Time:00:00.18 | Mem:0.60M, Peak:0.60M | Scene, ViewLayer | Updating Geometry BVH FrontLeft_tall_light 450/467 | Building BVH
Fra:1 Mem:50.80M (Peak 82.01M) | Time:00:00.18 | Mem:0.60M, Peak:0.60M | Scene, ViewLayer | Updating Geometry BVH Cube.036 449/467 | Building BVH
Fra:1 Mem:50.80M (Peak 82.01M) | Time:00:00.18 | Mem:0.60M, Peak:0.60M | Scene, ViewLayer | Updating Geometry BVH Cube.036 449/467 | Building mesh BLAS |      12 tris | Cube.036
Fra:1 Mem:50.80M (Peak 82.01M) | Time:00:00.18 | Mem:0.60M, Peak:0.60M | Scene, ViewLayer | Updating Geometry BVH Cylinder.002 12/467 | Building BVH
Fra:1 Mem:50.80M (Peak 82.01M) | Time:00:00.18 | Mem:0.60M, Peak:0.60M | Scene, ViewLayer | Updating Geometry BVH Cylinder.003 13/467 | Building BVH
Fra:1 Mem:50.80M (Peak 82.01M) | Time:00:00.18 | Mem:0.60M, Peak:0.60M | Scene, ViewLayer | Updating Geometry BVH Cylinder.004 14/467 | Building BVH
Fra:1 Mem:50.80M (Peak 82.01M) | Time:00:00.18 | Mem:0.60M, Peak:0.60M | Scene, ViewLayer | Updating Geometry BVH Cylinder.004 14/467 | Building mesh BLAS |      44 tris | Cylinder.001
Fra:1 Mem:50.80M (Peak 82.01M) | Time:00:00.18 | Mem:0.60M, Peak:0.60M | Scene, ViewLayer | Updating Geometry BVH Cylinder.005 15/467 | Building BVH
Fra:1 Mem:50.80M (Peak 82.01M) | Time:00:00.18 | Mem:0.60M, Peak:0.60M | Scene, ViewLayer | Updating Geometry BVH Cylinder.005 15/467 | Building mesh BLAS |      44 tris | Cylinder.004
Fra:1 Mem:50.80M (Peak 82.01M) | Time:00:00.18 | Mem:0.60M, Peak:0.60M | Scene, ViewLayer | Updating Geometry BVH Cylinder.006 16/467 | Building BVH
Fra:1 Mem:50.80M (Peak 82.01M) | Time:00:00.18 | Mem:0.60M, Peak:0.60M | Scene, ViewLayer | Updating Geometry BVH Rear_bench_1_flame_mesh 448/467 | Building BVH
Fra:1 Mem:50.80M (Peak 82.01M) | Time:00:00.18 | Mem:0.60M, Peak:0.60M | Scene, ViewLayer | Updating Geometry BVH Cylinder.007 17/467 | Building mesh BLAS |      44 tris | Cylinder.006
Fra:1 Mem:50.80M (Peak 82.01M) | Time:00:00.18 | Mem:0.60M, Peak:0.60M | Scene, ViewLayer | Updating Geometry BVH Cylinder.007 17/467 | Building mesh BLAS |     120 tris | Rear_bench_1_flame_mesh
Fra:1 Mem:50.80M (Peak 82.01M) | Time:00:00.18 | Mem:0.60M, Peak:0.60M | Scene, ViewLayer | Updating Geometry BVH Cylinder.008 18/467 | Building BVH
Fra:1 Mem:50.80M (Peak 82.01M) | Time:00:00.18 | Mem:0.60M, Peak:0.60M | Scene, ViewLayer | Updating Geometry BVH Cylinder.008 18/467 | Building mesh BLAS |      36 tris | Cylinder.008
Fra:1 Mem:50.80M (Peak 82.01M) | Time:00:00.18 | Mem:0.60M, Peak:0.60M | Scene, ViewLayer | Updating Geometry BVH Cylinder.009 19/467 | Building BVH
Fra:1 Mem:50.80M (Peak 82.01M) | Time:00:00.18 | Mem:0.60M, Peak:0.60M | Scene, ViewLayer | Updating Geometry BVH Cylinder.009 19/467 | Building mesh BLAS |      36 tris | Cylinder.009
Fra:1 Mem:50.80M (Peak 82.01M) | Time:00:00.18 | Mem:0.60M, Peak:0.60M | Scene, ViewLayer | Updating Geometry BVH Cylinder.010 20/467 | Building BVH
Fra:1 Mem:50.80M (Peak 82.01M) | Time:00:00.18 | Mem:0.60M, Peak:0.60M | Scene, ViewLayer | Updating Geometry BVH Cylinder.010 20/467 | Building mesh BLAS |      36 tris | Cylinder.010
Fra:1 Mem:50.80M (Peak 82.01M) | Time:00:00.18 | Mem:0.60M, Peak:0.60M | Scene, ViewLayer | Updating Geometry BVH Cube.008 21/467 | Building BVH
Fra:1 Mem:50.80M (Peak 82.01M) | Time:00:00.18 | Mem:0.60M, Peak:0.60M | Scene, ViewLayer | Updating Geometry BVH Cube.008 21/467 | Building mesh BLAS |     108 tris | Cube.008
Fra:1 Mem:50.80M (Peak 82.01M) | Time:00:00.18 | Mem:0.60M, Peak:0.60M | Scene, ViewLayer | Updating Geometry BVH Cylinder.011 22/467 | Building BVH
Fra:1 Mem:50.80M (Peak 82.01M) | Time:00:00.18 | Mem:0.60M, Peak:0.60M | Scene, ViewLayer | Updating Geometry BVH Cylinder.011 22/467 | Building mesh BLAS |      28 tris | Cylinder.011
Fra:1 Mem:50.80M (Peak 82.01M) | Time:00:00.18 | Mem:0.60M, Peak:0.60M | Scene, ViewLayer | Updating Geometry BVH Cylinder.012 23/467 | Building BVH
Fra:1 Mem:50.80M (Peak 82.01M) | Time:00:00.18 | Mem:0.60M, Peak:0.60M | Scene, ViewLayer | Updating Geometry BVH Cylinder.012 23/467 | Building mesh BLAS |      28 tris | Cylinder.012
Fra:1 Mem:50.80M (Peak 82.01M) | Time:00:00.18 | Mem:0.60M, Peak:0.60M | Scene, ViewLayer | Updating Geometry BVH Cylinder.013 24/467 | Building BVH
Fra:1 Mem:50.80M (Peak 82.01M) | Time:00:00.18 | Mem:0.60M, Peak:0.60M | Scene, ViewLayer | Updating Geometry BVH Cylinder.013 24/467 | Building mesh BLAS |      44 tris | Cylinder.013
Fra:1 Mem:50.80M (Peak 82.01M) | Time:00:00.18 | Mem:0.60M, Peak:0.60M | Scene, ViewLayer | Updating Geometry BVH Cylinder.015 26/467 | Building BVH
Fra:1 Mem:50.80M (Peak 82.01M) | Time:00:00.18 | Mem:0.60M, Peak:0.60M | Scene, ViewLayer | Updating Geometry BVH Cylinder.015 26/467 | Building mesh BLAS |      44 tris | Cylinder.015
Fra:1 Mem:50.80M (Peak 82.01M) | Time:00:00.18 | Mem:0.60M, Peak:0.60M | Scene, ViewLayer | Updating Geometry BVH Cylinder.015 26/467 | Building mesh BLAS |      44 tris | Cylinder.007
Fra:1 Mem:50.80M (Peak 82.01M) | Time:00:00.18 | Mem:0.60M, Peak:0.60M | Scene, ViewLayer | Updating Geometry BVH Cylinder.016 27/467 | Building BVH
Fra:1 Mem:50.80M (Peak 82.01M) | Time:00:00.18 | Mem:0.60M, Peak:0.60M | Scene, ViewLayer | Updating Geometry BVH Cylinder.016 27/467 | Building mesh BLAS |      44 tris | Cylinder.016
Fra:1 Mem:50.80M (Peak 82.01M) | Time:00:00.18 | Mem:0.60M, Peak:0.60M | Scene, ViewLayer | Updating Geometry BVH Cylinder.143 447/467 | Building BVH
Fra:1 Mem:50.80M (Peak 82.01M) | Time:00:00.18 | Mem:0.60M, Peak:0.60M | Scene, ViewLayer | Updating Geometry BVH Cylinder.143 447/467 | Building mesh BLAS |      24 tris | Cylinder.143
Fra:1 Mem:50.80M (Peak 82.01M) | Time:00:00.18 | Mem:0.60M, Peak:0.60M | Scene, ViewLayer | Updating Geometry BVH Cylinder.018 29/467 | Building BVH
Fra:1 Mem:50.80M (Peak 82.01M) | Time:00:00.18 | Mem:0.60M, Peak:0.60M | Scene, ViewLayer | Updating Geometry BVH Cylinder.017 28/467 | Building BVH
Fra:1 Mem:50.80M (Peak 82.01M) | Time:00:00.18 | Mem:0.60M, Peak:0.60M | Scene, ViewLayer | Updating Geometry BVH Cylinder.020 31/467 | Building mesh BLAS |      44 tris | Cylinder.017
Fra:1 Mem:50.80M (Peak 82.01M) | Time:00:00.18 | Mem:0.60M, Peak:0.60M | Scene, ViewLayer | Updating Geometry BVH Cylinder.020 31/467 | Building mesh BLAS |     200 tris | Rear_bench_1_drip_dish_mesh
Fra:1 Mem:50.80M (Peak 82.01M) | Time:00:00.18 | Mem:0.60M, Peak:0.60M | Scene, ViewLayer | Updating Geometry BVH Cylinder.024 35/467 | Building BVH
Fra:1 Mem:50.80M (Peak 82.01M) | Time:00:00.18 | Mem:0.60M, Peak:0.60M | Scene, ViewLayer | Updating Geometry BVH Cylinder.024 35/467 | Building mesh BLAS |      28 tris | Cylinder.024
Fra:1 Mem:50.80M (Peak 82.01M) | Time:00:00.18 | Mem:0.60M, Peak:0.60M | Scene, ViewLayer | Updating Geometry BVH Cylinder.142 445/467 | Building BVH
Fra:1 Mem:50.80M (Peak 82.01M) | Time:00:00.18 | Mem:0.60M, Peak:0.60M | Scene, ViewLayer | Updating Geometry BVH Cylinder.142 445/467 | Building mesh BLAS |      28 tris | Cylinder.023
Fra:1 Mem:50.80M (Peak 82.01M) | Time:00:00.18 | Mem:0.60M, Peak:0.60M | Scene, ViewLayer | Updating Geometry BVH Cylinder.026 37/467 | Building BVH
Fra:1 Mem:50.80M (Peak 82.01M) | Time:00:00.18 | Mem:0.60M, Peak:0.60M | Scene, ViewLayer | Updating Geometry BVH Cylinder.026 37/467 | Building mesh BLAS |      36 tris | Cylinder.022
Fra:1 Mem:50.80M (Peak 82.01M) | Time:00:00.18 | Mem:0.60M, Peak:0.60M | Scene, ViewLayer | Updating Geometry BVH Cylinder.027 38/467 | Building BVH
Fra:1 Mem:50.80M (Peak 82.01M) | Time:00:00.18 | Mem:0.60M, Peak:0.60M | Scene, ViewLayer | Updating Geometry BVH Cylinder.028 39/467 | Building BVH
Fra:1 Mem:50.80M (Peak 82.01M) | Time:00:00.18 | Mem:0.60M, Peak:0.60M | Scene, ViewLayer | Updating Geometry BVH Cylinder.028 39/467 | Building mesh BLAS |      44 tris | Cylinder.027
Fra:1 Mem:50.80M (Peak 82.01M) | Time:00:00.18 | Mem:0.60M, Peak:0.60M | Scene, ViewLayer | Updating Geometry BVH Cylinder.028 39/467 | Building mesh BLAS |      44 tris | Cylinder.019
Fra:1 Mem:50.80M (Peak 82.01M) | Time:00:00.18 | Mem:0.60M, Peak:0.60M | Scene, ViewLayer | Updating Geometry BVH Cylinder.028 39/467 | Building mesh BLAS |      44 tris | Cylinder.026
Fra:1 Mem:50.80M (Peak 82.01M) | Time:00:00.18 | Mem:0.60M, Peak:0.60M | Scene, ViewLayer | Updating Geometry BVH Cylinder.028 39/467 | Building mesh BLAS |      36 tris | Cylinder.021
Fra:1 Mem:50.80M (Peak 82.01M) | Time:00:00.18 | Mem:0.60M, Peak:0.60M | Scene, ViewLayer | Updating Geometry BVH Cylinder.028 39/467 | Building mesh BLAS |      44 tris | Cylinder.025
Fra:1 Mem:50.80M (Peak 82.01M) | Time:00:00.18 | Mem:0.60M, Peak:0.60M | Scene, ViewLayer | Updating Geometry BVH Cylinder.029 40/467 | Building BVH
Fra:1 Mem:50.80M (Peak 82.01M) | Time:00:00.18 | Mem:0.60M, Peak:0.60M | Scene, ViewLayer | Updating Geometry BVH Cylinder.029 40/467 | Building mesh BLAS |      44 tris | Cylinder.029
Fra:1 Mem:50.80M (Peak 82.01M) | Time:00:00.18 | Mem:0.60M, Peak:0.60M | Scene, ViewLayer | Updating Geometry BVH Rear_bench_1_holder_mesh 444/467 | Building BVH
Fra:1 Mem:50.80M (Peak 82.01M) | Time:00:00.18 | Mem:0.60M, Peak:0.60M | Scene, ViewLayer | Updating Geometry BVH Rear_bench_1_holder_mesh 444/467 | Building mesh BLAS |     360 tris | Rear_bench_1_holder_mesh
Fra:1 Mem:50.80M (Peak 82.01M) | Time:00:00.19 | Mem:0.60M, Peak:0.60M | Scene, ViewLayer | Updating Geometry BVH Cylinder.030 41/467 | Building BVH
Fra:1 Mem:50.80M (Peak 82.01M) | Time:00:00.19 | Mem:0.60M, Peak:0.60M | Scene, ViewLayer | Updating Geometry BVH Cylinder.030 41/467 | Building mesh BLAS |      44 tris | Cylinder.030
Fra:1 Mem:50.80M (Peak 82.01M) | Time:00:00.19 | Mem:0.60M, Peak:0.60M | Scene, ViewLayer | Updating Geometry BVH Cylinder.031 42/467 | Building BVH
Fra:1 Mem:50.80M (Peak 82.01M) | Time:00:00.19 | Mem:0.60M, Peak:0.60M | Scene, ViewLayer | Updating Geometry BVH Cylinder.031 42/467 | Building mesh BLAS |      44 tris | Cylinder.031
Fra:1 Mem:50.80M (Peak 82.01M) | Time:00:00.19 | Mem:0.60M, Peak:0.60M | Scene, ViewLayer | Updating Geometry BVH Cylinder.033 44/467 | Building BVH
Fra:1 Mem:50.80M (Peak 82.01M) | Time:00:00.19 | Mem:0.60M, Peak:0.60M | Scene, ViewLayer | Updating Geometry BVH Cylinder.035 46/467 | Building BVH
Fra:1 Mem:50.80M (Peak 82.01M) | Time:00:00.19 | Mem:0.60M, Peak:0.60M | Scene, ViewLayer | Updating Geometry BVH Cylinder.035 46/467 | Building mesh BLAS |      28 tris | Cylinder.035
Fra:1 Mem:50.80M (Peak 82.01M) | Time:00:00.19 | Mem:0.60M, Peak:0.60M | Scene, ViewLayer | Updating Geometry BVH Cylinder.035 46/467 | Building mesh BLAS |      36 tris | Cylinder.033
Fra:1 Mem:50.80M (Peak 82.01M) | Time:00:00.19 | Mem:0.60M, Peak:0.60M | Scene, ViewLayer | Updating Geometry BVH Cylinder.036 47/467 | Building BVH
Fra:1 Mem:50.80M (Peak 82.01M) | Time:00:00.19 | Mem:0.60M, Peak:0.60M | Scene, ViewLayer | Updating Geometry BVH Cylinder.036 47/467 | Building mesh BLAS |      36 tris | Cylinder.032
Fra:1 Mem:50.80M (Peak 82.01M) | Time:00:00.19 | Mem:0.60M, Peak:0.60M | Scene, ViewLayer | Updating Geometry BVH Cylinder.038 49/467 | Building BVH
Fra:1 Mem:50.80M (Peak 82.01M) | Time:00:00.19 | Mem:0.60M, Peak:0.60M | Scene, ViewLayer | Updating Geometry BVH Cylinder.038 49/467 | Building mesh BLAS |      44 tris | Cylinder.038
Fra:1 Mem:50.80M (Peak 82.01M) | Time:00:00.19 | Mem:0.60M, Peak:0.60M | Scene, ViewLayer | Updating Geometry BVH Cylinder.038 49/467 | Building mesh BLAS |      28 tris | Cylinder.036
Fra:1 Mem:50.80M (Peak 82.01M) | Time:00:00.19 | Mem:0.60M, Peak:0.60M | Scene, ViewLayer | Updating Geometry BVH Cylinder.039 50/467 | Building BVH
Fra:1 Mem:50.80M (Peak 82.01M) | Time:00:00.19 | Mem:0.60M, Peak:0.60M | Scene, ViewLayer | Updating Geometry BVH Cylinder.039 50/467 | Building mesh BLAS |      44 tris | Cylinder.039
Fra:1 Mem:50.80M (Peak 82.01M) | Time:00:00.19 | Mem:0.60M, Peak:0.60M | Scene, ViewLayer | Updating Geometry BVH Cylinder.040 51/467 | Building BVH
Fra:1 Mem:50.80M (Peak 82.01M) | Time:00:00.19 | Mem:0.60M, Peak:0.60M | Scene, ViewLayer | Updating Geometry BVH Cylinder.040 51/467 | Building mesh BLAS |      44 tris | Cylinder.040
Fra:1 Mem:50.80M (Peak 82.01M) | Time:00:00.19 | Mem:0.60M, Peak:0.60M | Scene, ViewLayer | Updating Geometry BVH Cylinder.040 51/467 | Building mesh BLAS |      44 tris | Cylinder.037
Fra:1 Mem:50.80M (Peak 82.01M) | Time:00:00.19 | Mem:0.60M, Peak:0.60M | Scene, ViewLayer | Updating Geometry BVH Cylinder.041 52/467 | Building BVH
Fra:1 Mem:50.80M (Peak 82.01M) | Time:00:00.19 | Mem:0.60M, Peak:0.60M | Scene, ViewLayer | Updating Geometry BVH Cylinder.042 53/467 | Building BVH
Fra:1 Mem:50.80M (Peak 82.01M) | Time:00:00.19 | Mem:0.60M, Peak:0.60M | Scene, ViewLayer | Updating Geometry BVH Cylinder.043 54/467 | Building mesh BLAS |      44 tris | Cylinder.042
Fra:1 Mem:50.80M (Peak 82.01M) | Time:00:00.19 | Mem:0.60M, Peak:0.60M | Scene, ViewLayer | Updating Geometry BVH Niche_1_flame_mesh 443/467 | Building BVH
Fra:1 Mem:50.80M (Peak 82.01M) | Time:00:00.19 | Mem:0.60M, Peak:0.60M | Scene, ViewLayer | Updating Geometry BVH Niche_1_flame_mesh 443/467 | Building mesh BLAS |      44 tris | Cylinder.041
Fra:1 Mem:50.80M (Peak 82.01M) | Time:00:00.19 | Mem:0.60M, Peak:0.60M | Scene, ViewLayer | Updating Geometry BVH Niche_1_flame_mesh 443/467 | Building mesh BLAS |      44 tris | Cylinder.043
Fra:1 Mem:50.80M (Peak 82.01M) | Time:00:00.19 | Mem:0.60M, Peak:0.60M | Scene, ViewLayer | Updating Geometry BVH Niche_1_flame_mesh 443/467 | Building mesh BLAS |     120 tris | Niche_1_flame_mesh
Fra:1 Mem:50.80M (Peak 82.01M) | Time:00:00.19 | Mem:0.60M, Peak:0.60M | Scene, ViewLayer | Updating Geometry BVH Cylinder.044 55/467 | Building BVH
Fra:1 Mem:50.80M (Peak 82.01M) | Time:00:00.19 | Mem:0.60M, Peak:0.60M | Scene, ViewLayer | Updating Geometry BVH Cylinder.045 56/467 | Building BVH
Fra:1 Mem:50.80M (Peak 82.01M) | Time:00:00.19 | Mem:0.60M, Peak:0.60M | Scene, ViewLayer | Updating Geometry BVH Cylinder.045 56/467 | Building mesh BLAS |      36 tris | Cylinder.045
Fra:1 Mem:50.80M (Peak 82.01M) | Time:00:00.19 | Mem:0.60M, Peak:0.60M | Scene, ViewLayer | Updating Geometry BVH Cylinder.048 59/467 | Building BVH
Fra:1 Mem:50.80M (Peak 82.01M) | Time:00:00.19 | Mem:0.60M, Peak:0.60M | Scene, ViewLayer | Updating Geometry BVH Cylinder.048 59/467 | Building mesh BLAS |      28 tris | Cylinder.048
Fra:1 Mem:50.80M (Peak 82.01M) | Time:00:00.19 | Mem:0.60M, Peak:0.60M | Scene, ViewLayer | Updating Geometry BVH Cylinder.141 442/467 | Building BVH
Fra:1 Mem:50.80M (Peak 82.01M) | Time:00:00.19 | Mem:0.60M, Peak:0.60M | Scene, ViewLayer | Updating Geometry BVH Cylinder.141 442/467 | Building mesh BLAS |      24 tris | Cylinder.141
Fra:1 Mem:50.80M (Peak 82.01M) | Time:00:00.19 | Mem:0.60M, Peak:0.60M | Scene, ViewLayer | Updating Geometry BVH Cylinder.049 60/467 | Building BVH
Fra:1 Mem:50.80M (Peak 82.01M) | Time:00:00.19 | Mem:0.60M, Peak:0.60M | Scene, ViewLayer | Updating Geometry BVH Cylinder.049 60/467 | Building mesh BLAS |      44 tris | Cylinder.049
Fra:1 Mem:50.80M (Peak 82.01M) | Time:00:00.19 | Mem:0.60M, Peak:0.60M | Scene, ViewLayer | Updating Geometry BVH Cylinder.049 60/467 | Building mesh BLAS |      36 tris | Cylinder.046
Fra:1 Mem:50.80M (Peak 82.01M) | Time:00:00.19 | Mem:0.60M, Peak:0.60M | Scene, ViewLayer | Updating Geometry BVH Cylinder.050 61/467 | Building BVH
Fra:1 Mem:50.80M (Peak 82.01M) | Time:00:00.19 | Mem:0.60M, Peak:0.60M | Scene, ViewLayer | Updating Geometry BVH Cylinder.050 61/467 | Building mesh BLAS |      44 tris | Cylinder.050
Fra:1 Mem:50.80M (Peak 82.01M) | Time:00:00.19 | Mem:0.60M, Peak:0.60M | Scene, ViewLayer | Updating Geometry BVH Cylinder.051 62/467 | Building BVH
Fra:1 Mem:50.80M (Peak 82.01M) | Time:00:00.19 | Mem:0.60M, Peak:0.60M | Scene, ViewLayer | Updating Geometry BVH Niche_1_drip_dish_mesh 441/467 | Building BVH
Fra:1 Mem:50.80M (Peak 82.01M) | Time:00:00.19 | Mem:0.60M, Peak:0.60M | Scene, ViewLayer | Updating Geometry BVH Niche_1_drip_dish_mesh 441/467 | Building mesh BLAS |      44 tris | Cylinder.051
Fra:1 Mem:50.80M (Peak 82.01M) | Time:00:00.19 | Mem:0.60M, Peak:0.60M | Scene, ViewLayer | Updating Geometry BVH Cylinder.056 67/467 | Building BVH
Fra:1 Mem:50.80M (Peak 82.01M) | Time:00:00.19 | Mem:0.60M, Peak:0.60M | Scene, ViewLayer | Updating Geometry BVH Cylinder.056 67/467 | Building mesh BLAS |     200 tris | Niche_1_drip_dish_mesh
Fra:1 Mem:50.80M (Peak 82.01M) | Time:00:00.19 | Mem:0.60M, Peak:0.60M | Scene, ViewLayer | Updating Geometry BVH Cylinder.056 67/467 | Building mesh BLAS |      36 tris | Cylinder.056
Fra:1 Mem:50.80M (Peak 82.01M) | Time:00:00.19 | Mem:0.60M, Peak:0.60M | Scene, ViewLayer | Updating Geometry BVH Cylinder.057 68/467 | Building BVH
Fra:1 Mem:50.80M (Peak 82.01M) | Time:00:00.19 | Mem:0.60M, Peak:0.60M | Scene, ViewLayer | Updating Geometry BVH Cylinder.058 69/467 | Building BVH
Fra:1 Mem:50.80M (Peak 82.01M) | Time:00:00.19 | Mem:0.60M, Peak:0.60M | Scene, ViewLayer | Updating Geometry BVH Cylinder.058 69/467 | Building mesh BLAS |      44 tris | Cylinder.055
Fra:1 Mem:50.80M (Peak 82.01M) | Time:00:00.19 | Mem:0.60M, Peak:0.60M | Scene, ViewLayer | Updating Geometry BVH Cylinder.058 69/467 | Building mesh BLAS |      36 tris | Cylinder.058
Fra:1 Mem:50.80M (Peak 82.01M) | Time:00:00.19 | Mem:0.60M, Peak:0.60M | Scene, ViewLayer | Updating Geometry BVH Cylinder.059 70/467 | Building BVH
Fra:1 Mem:50.80M (Peak 82.01M) | Time:00:00.19 | Mem:0.60M, Peak:0.60M | Scene, ViewLayer | Updating Geometry BVH Cylinder.059 70/467 | Building mesh BLAS |      36 tris | Cylinder.057
Fra:1 Mem:50.80M (Peak 82.01M) | Time:00:00.19 | Mem:0.60M, Peak:0.60M | Scene, ViewLayer | Updating Geometry BVH Cylinder.059 70/467 | Building mesh BLAS |      44 tris | Cylinder.054
Fra:1 Mem:50.80M (Peak 82.01M) | Time:00:00.19 | Mem:0.60M, Peak:0.60M | Scene, ViewLayer | Updating Geometry BVH Cylinder.059 70/467 | Building mesh BLAS |      28 tris | Cylinder.059
Fra:1 Mem:50.80M (Peak 82.01M) | Time:00:00.19 | Mem:0.60M, Peak:0.60M | Scene, ViewLayer | Updating Geometry BVH Cylinder.140 440/467 | Building BVH
Fra:1 Mem:50.80M (Peak 82.01M) | Time:00:00.19 | Mem:0.60M, Peak:0.60M | Scene, ViewLayer | Updating Geometry BVH Cylinder.140 440/467 | Building mesh BLAS |      60 tris | Cylinder.140
Fra:1 Mem:50.80M (Peak 82.01M) | Time:00:00.19 | Mem:0.60M, Peak:0.60M | Scene, ViewLayer | Updating Geometry BVH Cylinder.060 71/467 | Building BVH
Fra:1 Mem:50.80M (Peak 82.01M) | Time:00:00.19 | Mem:0.60M, Peak:0.60M | Scene, ViewLayer | Updating Geometry BVH Cylinder.060 71/467 | Building mesh BLAS |      28 tris | Cylinder.060
Fra:1 Mem:50.80M (Peak 82.01M) | Time:00:00.19 | Mem:0.60M, Peak:0.60M | Scene, ViewLayer | Updating Geometry BVH Cylinder.061 72/467 | Building BVH
Fra:1 Mem:50.80M (Peak 82.01M) | Time:00:00.19 | Mem:0.60M, Peak:0.60M | Scene, ViewLayer | Updating Geometry BVH Cylinder.061 72/467 | Building mesh BLAS |      44 tris | Cylinder.061
Fra:1 Mem:50.80M (Peak 82.01M) | Time:00:00.19 | Mem:0.60M, Peak:0.60M | Scene, ViewLayer | Updating Geometry BVH Cylinder.062 73/467 | Building BVH
Fra:1 Mem:50.80M (Peak 82.01M) | Time:00:00.19 | Mem:0.60M, Peak:0.60M | Scene, ViewLayer | Updating Geometry BVH Cylinder.062 73/467 | Building mesh BLAS |      44 tris | Cylinder.062
Fra:1 Mem:50.80M (Peak 82.01M) | Time:00:00.19 | Mem:0.60M, Peak:0.60M | Scene, ViewLayer | Updating Geometry BVH Cylinder.063 74/467 | Building BVH
Fra:1 Mem:50.80M (Peak 82.01M) | Time:00:00.19 | Mem:0.60M, Peak:0.60M | Scene, ViewLayer | Updating Geometry BVH Cylinder.063 74/467 | Building mesh BLAS |      44 tris | Cylinder.063
Fra:1 Mem:50.80M (Peak 82.01M) | Time:00:00.19 | Mem:0.60M, Peak:0.60M | Scene, ViewLayer | Updating Geometry BVH Cylinder.064 75/467 | Building BVH
Fra:1 Mem:50.80M (Peak 82.01M) | Time:00:00.19 | Mem:0.60M, Peak:0.60M | Scene, ViewLayer | Updating Geometry BVH Cylinder.064 75/467 | Building mesh BLAS |      44 tris | Cylinder.064
Fra:1 Mem:50.80M (Peak 82.01M) | Time:00:00.19 | Mem:0.60M, Peak:0.60M | Scene, ViewLayer | Updating Geometry BVH Cylinder.065 76/467 | Building BVH
Fra:1 Mem:50.80M (Peak 82.01M) | Time:00:00.19 | Mem:0.60M, Peak:0.60M | Scene, ViewLayer | Updating Geometry BVH Cylinder.065 76/467 | Building mesh BLAS |      44 tris | Cylinder.065
Fra:1 Mem:50.80M (Peak 82.01M) | Time:00:00.19 | Mem:0.60M, Peak:0.60M | Scene, ViewLayer | Updating Geometry BVH Cylinder.066 77/467 | Building BVH
Fra:1 Mem:50.80M (Peak 82.01M) | Time:00:00.19 | Mem:0.60M, Peak:0.60M | Scene, ViewLayer | Updating Geometry BVH Cylinder.066 77/467 | Building mesh BLAS |      44 tris | Cylinder.066
Fra:1 Mem:50.80M (Peak 82.01M) | Time:00:00.19 | Mem:0.60M, Peak:0.60M | Scene, ViewLayer | Updating Geometry BVH Cylinder.067 78/467 | Building BVH
Fra:1 Mem:50.80M (Peak 82.01M) | Time:00:00.19 | Mem:0.60M, Peak:0.60M | Scene, ViewLayer | Updating Geometry BVH Cylinder.067 78/467 | Building mesh BLAS |      44 tris | Cylinder.067
Fra:1 Mem:50.80M (Peak 82.01M) | Time:00:00.19 | Mem:0.60M, Peak:0.60M | Scene, ViewLayer | Updating Geometry BVH Cylinder.068 79/467 | Building BVH
Fra:1 Mem:50.80M (Peak 82.01M) | Time:00:00.19 | Mem:0.60M, Peak:0.60M | Scene, ViewLayer | Updating Geometry BVH Cylinder.068 79/467 | Building mesh BLAS |      36 tris | Cylinder.068
Fra:1 Mem:50.80M (Peak 82.01M) | Time:00:00.19 | Mem:0.60M, Peak:0.60M | Scene, ViewLayer | Updating Geometry BVH Niche_1_holder_mesh 439/467 | Building BVH
Fra:1 Mem:50.80M (Peak 82.01M) | Time:00:00.19 | Mem:0.60M, Peak:0.60M | Scene, ViewLayer | Updating Geometry BVH Niche_1_holder_mesh 439/467 | Building mesh BLAS |     360 tris | Niche_1_holder_mesh
Fra:1 Mem:50.80M (Peak 82.01M) | Time:00:00.19 | Mem:0.60M, Peak:0.60M | Scene, ViewLayer | Updating Geometry BVH Cylinder.069 80/467 | Building BVH
Fra:1 Mem:50.80M (Peak 82.01M) | Time:00:00.19 | Mem:0.60M, Peak:0.60M | Scene, ViewLayer | Updating Geometry BVH Cylinder.069 80/467 | Building mesh BLAS |      36 tris | Cylinder.069
Fra:1 Mem:50.80M (Peak 82.01M) | Time:00:00.19 | Mem:0.60M, Peak:0.60M | Scene, ViewLayer | Updating Geometry BVH Cylinder.070 81/467 | Building BVH
Fra:1 Mem:50.80M (Peak 82.01M) | Time:00:00.19 | Mem:0.60M, Peak:0.60M | Scene, ViewLayer | Updating Geometry BVH Cylinder.070 81/467 | Building mesh BLAS |      36 tris | Cylinder.070
Fra:1 Mem:50.80M (Peak 82.01M) | Time:00:00.19 | Mem:0.60M, Peak:0.60M | Scene, ViewLayer | Updating Geometry BVH Cylinder.071 82/467 | Building BVH
Fra:1 Mem:50.80M (Peak 82.01M) | Time:00:00.19 | Mem:0.60M, Peak:0.60M | Scene, ViewLayer | Updating Geometry BVH Cylinder.071 82/467 | Building mesh BLAS |      28 tris | Cylinder.071
Fra:1 Mem:50.80M (Peak 82.01M) | Time:00:00.19 | Mem:0.60M, Peak:0.60M | Scene, ViewLayer | Updating Geometry BVH Cube.009 83/467 | Building BVH
Fra:1 Mem:50.80M (Peak 82.01M) | Time:00:00.19 | Mem:0.60M, Peak:0.60M | Scene, ViewLayer | Updating Geometry BVH Cube.009 83/467 | Building mesh BLAS |     108 tris | Cube.009
Fra:1 Mem:50.80M (Peak 82.01M) | Time:00:00.19 | Mem:0.60M, Peak:0.60M | Scene, ViewLayer | Updating Geometry BVH GothicRib_voussoir_mesh 84/467 | Building BVH
Fra:1 Mem:50.80M (Peak 82.01M) | Time:00:00.19 | Mem:0.60M, Peak:0.60M | Scene, ViewLayer | Updating Geometry BVH GothicRib_voussoir_mesh 84/467 | Building mesh BLAS |      12 tris | GothicRib_voussoir_mesh
Fra:1 Mem:50.80M (Peak 82.01M) | Time:00:00.19 | Mem:0.61M, Peak:0.61M | Scene, ViewLayer | Updating Geometry BVH GothicRib_voussoir_mesh.001 85/467 | Building BVH
Fra:1 Mem:50.80M (Peak 82.01M) | Time:00:00.19 | Mem:0.61M, Peak:0.61M | Scene, ViewLayer | Updating Geometry BVH GothicRib_voussoir_mesh.001 85/467 | Building mesh BLAS |      12 tris | GothicRib_voussoir_mesh.001
Fra:1 Mem:50.80M (Peak 82.01M) | Time:00:00.19 | Mem:0.61M, Peak:0.61M | Scene, ViewLayer | Updating Geometry BVH GothicRib_voussoir_mesh.002 86/467 | Building BVH
Fra:1 Mem:50.80M (Peak 82.01M) | Time:00:00.19 | Mem:0.61M, Peak:0.61M | Scene, ViewLayer | Updating Geometry BVH GothicRib_voussoir_mesh.002 86/467 | Building mesh BLAS |      12 tris | GothicRib_voussoir_mesh.002
Fra:1 Mem:50.80M (Peak 82.01M) | Time:00:00.19 | Mem:0.61M, Peak:0.61M | Scene, ViewLayer | Updating Geometry BVH GothicRib_voussoir_mesh.003 87/467 | Building BVH
Fra:1 Mem:50.80M (Peak 82.01M) | Time:00:00.19 | Mem:0.61M, Peak:0.61M | Scene, ViewLayer | Updating Geometry BVH GothicRib_voussoir_mesh.003 87/467 | Building mesh BLAS |      12 tris | GothicRib_voussoir_mesh.003
Fra:1 Mem:50.80M (Peak 82.01M) | Time:00:00.19 | Mem:0.61M, Peak:0.61M | Scene, ViewLayer | Updating Geometry BVH GothicRib_voussoir_mesh.004 88/467 | Building BVH
Fra:1 Mem:50.80M (Peak 82.01M) | Time:00:00.19 | Mem:0.61M, Peak:0.61M | Scene, ViewLayer | Updating Geometry BVH GothicRib_voussoir_mesh.004 88/467 | Building mesh BLAS |      12 tris | GothicRib_voussoir_mesh.004
Fra:1 Mem:50.80M (Peak 82.01M) | Time:00:00.19 | Mem:0.61M, Peak:0.61M | Scene, ViewLayer | Updating Geometry BVH Altar_1_flame_mesh 438/467 | Building BVH
Fra:1 Mem:50.80M (Peak 82.01M) | Time:00:00.19 | Mem:0.61M, Peak:0.61M | Scene, ViewLayer | Updating Geometry BVH Altar_1_flame_mesh 438/467 | Building mesh BLAS |     120 tris | Altar_1_flame_mesh
Fra:1 Mem:50.80M (Peak 82.01M) | Time:00:00.19 | Mem:0.61M, Peak:0.61M | Scene, ViewLayer | Updating Geometry BVH GothicRib_voussoir_mesh.005 89/467 | Building BVH
Fra:1 Mem:50.80M (Peak 82.01M) | Time:00:00.19 | Mem:0.61M, Peak:0.61M | Scene, ViewLayer | Updating Geometry BVH GothicRib_voussoir_mesh.005 89/467 | Building mesh BLAS |      12 tris | GothicRib_voussoir_mesh.005
Fra:1 Mem:50.80M (Peak 82.01M) | Time:00:00.20 | Mem:0.61M, Peak:0.61M | Scene, ViewLayer | Updating Geometry BVH GothicRib_voussoir_mesh.006 90/467 | Building BVH
Fra:1 Mem:50.80M (Peak 82.01M) | Time:00:00.20 | Mem:0.61M, Peak:0.61M | Scene, ViewLayer | Updating Geometry BVH GothicRib_voussoir_mesh.006 90/467 | Building mesh BLAS |      12 tris | GothicRib_voussoir_mesh.006
Fra:1 Mem:50.80M (Peak 82.01M) | Time:00:00.20 | Mem:0.62M, Peak:0.62M | Scene, ViewLayer | Updating Geometry BVH GothicRib_voussoir_mesh.007 91/467 | Building BVH
Fra:1 Mem:50.80M (Peak 82.01M) | Time:00:00.20 | Mem:0.62M, Peak:0.62M | Scene, ViewLayer | Updating Geometry BVH GothicRib_voussoir_mesh.007 91/467 | Building mesh BLAS |      12 tris | GothicRib_voussoir_mesh.007
Fra:1 Mem:50.80M (Peak 82.01M) | Time:00:00.20 | Mem:0.62M, Peak:0.62M | Scene, ViewLayer | Updating Geometry BVH GothicRib_voussoir_mesh.008 92/467 | Building BVH
Fra:1 Mem:50.80M (Peak 82.01M) | Time:00:00.20 | Mem:0.62M, Peak:0.62M | Scene, ViewLayer | Updating Geometry BVH GothicRib_voussoir_mesh.008 92/467 | Building mesh BLAS |      12 tris | GothicRib_voussoir_mesh.008
Fra:1 Mem:50.80M (Peak 82.01M) | Time:00:00.20 | Mem:0.65M, Peak:0.65M | Scene, ViewLayer | Updating Geometry BVH GothicRib_voussoir_mesh.009 93/467 | Building BVH
Fra:1 Mem:50.80M (Peak 82.01M) | Time:00:00.20 | Mem:0.65M, Peak:0.65M | Scene, ViewLayer | Updating Geometry BVH GothicRib_voussoir_mesh.009 93/467 | Building mesh BLAS |      12 tris | GothicRib_voussoir_mesh.009
Fra:1 Mem:50.80M (Peak 82.01M) | Time:00:00.20 | Mem:0.65M, Peak:0.65M | Scene, ViewLayer | Updating Geometry BVH GothicRib_voussoir_mesh.010 94/467 | Building BVH
Fra:1 Mem:50.80M (Peak 82.01M) | Time:00:00.20 | Mem:0.65M, Peak:0.65M | Scene, ViewLayer | Updating Geometry BVH GothicRib_voussoir_mesh.011 95/467 | Building BVH
Fra:1 Mem:50.80M (Peak 82.01M) | Time:00:00.20 | Mem:0.65M, Peak:0.65M | Scene, ViewLayer | Updating Geometry BVH GothicRib_voussoir_mesh.011 95/467 | Building mesh BLAS |      12 tris | GothicRib_voussoir_mesh.010
Fra:1 Mem:50.80M (Peak 82.01M) | Time:00:00.20 | Mem:0.65M, Peak:0.65M | Scene, ViewLayer | Updating Geometry BVH GothicRib_voussoir_mesh.011 95/467 | Building mesh BLAS |      12 tris | GothicRib_voussoir_mesh.011
Fra:1 Mem:50.80M (Peak 82.01M) | Time:00:00.20 | Mem:0.65M, Peak:0.65M | Scene, ViewLayer | Updating Geometry BVH GothicRib_voussoir_mesh.012 96/467 | Building BVH
Fra:1 Mem:50.80M (Peak 82.01M) | Time:00:00.20 | Mem:0.65M, Peak:0.65M | Scene, ViewLayer | Updating Geometry BVH GothicRib_voussoir_mesh.012 96/467 | Building mesh BLAS |      12 tris | GothicRib_voussoir_mesh.012
Fra:1 Mem:50.80M (Peak 82.01M) | Time:00:00.20 | Mem:0.66M, Peak:0.66M | Scene, ViewLayer | Updating Geometry BVH GothicRib_voussoir_mesh.013 97/467 | Building BVH
Fra:1 Mem:50.80M (Peak 82.01M) | Time:00:00.20 | Mem:0.66M, Peak:0.66M | Scene, ViewLayer | Updating Geometry BVH GothicRib_voussoir_mesh.013 97/467 | Building mesh BLAS |      12 tris | GothicRib_voussoir_mesh.013
Fra:1 Mem:50.80M (Peak 82.01M) | Time:00:00.20 | Mem:0.66M, Peak:0.66M | Scene, ViewLayer | Updating Geometry BVH Cylinder.139 437/467 | Building BVH
Fra:1 Mem:50.80M (Peak 82.01M) | Time:00:00.20 | Mem:0.66M, Peak:0.66M | Scene, ViewLayer | Updating Geometry BVH Cylinder.139 437/467 | Building mesh BLAS |      24 tris | Cylinder.139
Fra:1 Mem:50.80M (Peak 82.01M) | Time:00:00.20 | Mem:0.67M, Peak:0.67M | Scene, ViewLayer | Updating Geometry BVH GothicRib_voussoir_mesh.014 98/467 | Building BVH
Fra:1 Mem:50.80M (Peak 82.01M) | Time:00:00.20 | Mem:0.67M, Peak:0.67M | Scene, ViewLayer | Updating Geometry BVH GothicRib_voussoir_mesh.014 98/467 | Building mesh BLAS |      12 tris | GothicRib_voussoir_mesh.014
Fra:1 Mem:50.80M (Peak 82.01M) | Time:00:00.20 | Mem:0.68M, Peak:0.68M | Scene, ViewLayer | Updating Geometry BVH GothicRib_voussoir_mesh.015 99/467 | Building BVH
Fra:1 Mem:50.80M (Peak 82.01M) | Time:00:00.20 | Mem:0.69M, Peak:0.69M | Scene, ViewLayer | Updating Geometry BVH GothicRib_voussoir_mesh.016 100/467 | Building BVH
Fra:1 Mem:50.80M (Peak 82.01M) | Time:00:00.20 | Mem:0.69M, Peak:0.69M | Scene, ViewLayer | Updating Geometry BVH GothicRib_voussoir_mesh.016 100/467 | Building mesh BLAS |      12 tris | GothicRib_voussoir_mesh.016
Fra:1 Mem:50.80M (Peak 82.01M) | Time:00:00.20 | Mem:0.69M, Peak:0.69M | Scene, ViewLayer | Updating Geometry BVH GothicRib_voussoir_mesh.016 100/467 | Building mesh BLAS |      12 tris | GothicRib_voussoir_mesh.015
Fra:1 Mem:50.80M (Peak 82.01M) | Time:00:00.20 | Mem:0.69M, Peak:0.69M | Scene, ViewLayer | Updating Geometry BVH GothicRib_voussoir_mesh.017 101/467 | Building BVH
Fra:1 Mem:50.80M (Peak 82.01M) | Time:00:00.20 | Mem:0.69M, Peak:0.69M | Scene, ViewLayer | Updating Geometry BVH GothicRib_voussoir_mesh.018 102/467 | Building BVH
Fra:1 Mem:50.80M (Peak 82.01M) | Time:00:00.20 | Mem:0.69M, Peak:0.69M | Scene, ViewLayer | Updating Geometry BVH GothicRib_voussoir_mesh.018 102/467 | Building mesh BLAS |      12 tris | GothicRib_voussoir_mesh.017
Fra:1 Mem:50.80M (Peak 82.01M) | Time:00:00.20 | Mem:0.69M, Peak:0.69M | Scene, ViewLayer | Updating Geometry BVH GothicRib_voussoir_mesh.018 102/467 | Building mesh BLAS |      12 tris | GothicRib_voussoir_mesh.018
Fra:1 Mem:50.80M (Peak 82.01M) | Time:00:00.20 | Mem:0.69M, Peak:0.69M | Scene, ViewLayer | Updating Geometry BVH GothicRib_voussoir_mesh.019 103/467 | Building BVH
Fra:1 Mem:50.80M (Peak 82.01M) | Time:00:00.20 | Mem:0.69M, Peak:0.69M | Scene, ViewLayer | Updating Geometry BVH GothicRib_voussoir_mesh.019 103/467 | Building mesh BLAS |      12 tris | GothicRib_voussoir_mesh.019
Fra:1 Mem:50.80M (Peak 82.01M) | Time:00:00.20 | Mem:0.69M, Peak:0.69M | Scene, ViewLayer | Updating Geometry BVH GothicRib_voussoir_mesh.020 104/467 | Building BVH
Fra:1 Mem:50.80M (Peak 82.01M) | Time:00:00.20 | Mem:0.69M, Peak:0.69M | Scene, ViewLayer | Updating Geometry BVH GothicRib_voussoir_mesh.020 104/467 | Building mesh BLAS |      12 tris | GothicRib_voussoir_mesh.020
Fra:1 Mem:50.80M (Peak 82.01M) | Time:00:00.20 | Mem:0.71M, Peak:0.71M | Scene, ViewLayer | Updating Geometry BVH GothicRib_voussoir_mesh.021 105/467 | Building BVH
Fra:1 Mem:50.80M (Peak 82.01M) | Time:00:00.20 | Mem:0.71M, Peak:0.71M | Scene, ViewLayer | Updating Geometry BVH GothicRib_voussoir_mesh.022 106/467 | Building BVH
Fra:1 Mem:50.80M (Peak 82.01M) | Time:00:00.20 | Mem:0.71M, Peak:0.71M | Scene, ViewLayer | Updating Geometry BVH GothicRib_voussoir_mesh.022 106/467 | Building mesh BLAS |      12 tris | GothicRib_voussoir_mesh.021
Fra:1 Mem:50.80M (Peak 82.01M) | Time:00:00.20 | Mem:0.71M, Peak:0.71M | Scene, ViewLayer | Updating Geometry BVH GothicRib_voussoir_mesh.022 106/467 | Building mesh BLAS |      12 tris | GothicRib_voussoir_mesh.022
Fra:1 Mem:50.80M (Peak 82.01M) | Time:00:00.20 | Mem:0.72M, Peak:0.72M | Scene, ViewLayer | Updating Geometry BVH Altar_1_drip_dish_mesh 436/467 | Building BVH
Fra:1 Mem:50.80M (Peak 82.01M) | Time:00:00.20 | Mem:0.72M, Peak:0.72M | Scene, ViewLayer | Updating Geometry BVH Altar_1_drip_dish_mesh 436/467 | Building mesh BLAS |     200 tris | Altar_1_drip_dish_mesh
Fra:1 Mem:50.80M (Peak 82.01M) | Time:00:00.20 | Mem:0.73M, Peak:0.73M | Scene, ViewLayer | Updating Geometry BVH GothicRib_voussoir_mesh.023 107/467 | Building BVH
Fra:1 Mem:50.80M (Peak 82.01M) | Time:00:00.20 | Mem:0.73M, Peak:0.73M | Scene, ViewLayer | Updating Geometry BVH GothicRib_voussoir_mesh.023 107/467 | Building mesh BLAS |      12 tris | GothicRib_voussoir_mesh.023
Fra:1 Mem:50.80M (Peak 82.01M) | Time:00:00.20 | Mem:0.74M, Peak:0.74M | Scene, ViewLayer | Updating Geometry BVH GothicRib_voussoir_mesh.024 108/467 | Building BVH
Fra:1 Mem:50.80M (Peak 82.01M) | Time:00:00.20 | Mem:0.74M, Peak:0.74M | Scene, ViewLayer | Updating Geometry BVH GothicRib_voussoir_mesh.025 109/467 | Building BVH
Fra:1 Mem:50.80M (Peak 82.01M) | Time:00:00.20 | Mem:0.74M, Peak:0.74M | Scene, ViewLayer | Updating Geometry BVH GothicRib_voussoir_mesh.025 109/467 | Building mesh BLAS |      12 tris | GothicRib_voussoir_mesh.024
Fra:1 Mem:50.80M (Peak 82.01M) | Time:00:00.20 | Mem:0.74M, Peak:0.74M | Scene, ViewLayer | Updating Geometry BVH GothicRib_voussoir_mesh.025 109/467 | Building mesh BLAS |      12 tris | GothicRib_voussoir_mesh.025
Fra:1 Mem:50.80M (Peak 82.01M) | Time:00:00.20 | Mem:0.74M, Peak:0.74M | Scene, ViewLayer | Updating Geometry BVH GothicRib_voussoir_mesh.026 110/467 | Building BVH
Fra:1 Mem:50.80M (Peak 82.01M) | Time:00:00.20 | Mem:0.74M, Peak:0.74M | Scene, ViewLayer | Updating Geometry BVH GothicRib_voussoir_mesh.026 110/467 | Building mesh BLAS |      12 tris | GothicRib_voussoir_mesh.026
Fra:1 Mem:50.80M (Peak 82.01M) | Time:00:00.20 | Mem:0.74M, Peak:0.74M | Scene, ViewLayer | Updating Geometry BVH GothicRib_voussoir_mesh.027 111/467 | Building BVH
Fra:1 Mem:50.80M (Peak 82.01M) | Time:00:00.20 | Mem:0.74M, Peak:0.74M | Scene, ViewLayer | Updating Geometry BVH GothicRib_voussoir_mesh.027 111/467 | Building mesh BLAS |      12 tris | GothicRib_voussoir_mesh.027
Fra:1 Mem:50.80M (Peak 82.01M) | Time:00:00.20 | Mem:0.75M, Peak:0.75M | Scene, ViewLayer | Updating Geometry BVH GothicRib_voussoir_mesh.028 112/467 | Building BVH
Fra:1 Mem:50.80M (Peak 82.01M) | Time:00:00.20 | Mem:0.75M, Peak:0.75M | Scene, ViewLayer | Updating Geometry BVH GothicRib_voussoir_mesh.028 112/467 | Building mesh BLAS |      12 tris | GothicRib_voussoir_mesh.028
Fra:1 Mem:50.80M (Peak 82.01M) | Time:00:00.20 | Mem:0.75M, Peak:0.75M | Scene, ViewLayer | Updating Geometry BVH GothicRib_voussoir_mesh.029 113/467 | Building BVH
Fra:1 Mem:50.80M (Peak 82.01M) | Time:00:00.20 | Mem:0.75M, Peak:0.75M | Scene, ViewLayer | Updating Geometry BVH GothicRib_voussoir_mesh.029 113/467 | Building mesh BLAS |      12 tris | GothicRib_voussoir_mesh.029
Fra:1 Mem:50.80M (Peak 82.01M) | Time:00:00.20 | Mem:0.75M, Peak:0.75M | Scene, ViewLayer | Updating Geometry BVH GothicRib_voussoir_mesh.030 114/467 | Building BVH
Fra:1 Mem:50.80M (Peak 82.01M) | Time:00:00.20 | Mem:0.76M, Peak:0.76M | Scene, ViewLayer | Updating Geometry BVH GothicRib_voussoir_mesh.031 115/467 | Building mesh BLAS |      12 tris | GothicRib_voussoir_mesh.030
Fra:1 Mem:50.80M (Peak 82.01M) | Time:00:00.20 | Mem:0.76M, Peak:0.76M | Scene, ViewLayer | Updating Geometry BVH Cylinder.138 435/467 | Building BVH
Fra:1 Mem:50.80M (Peak 82.01M) | Time:00:00.20 | Mem:0.80M, Peak:0.80M | Scene, ViewLayer | Updating Geometry BVH GothicRib_voussoir_mesh.035 119/467 | Building BVH
Fra:1 Mem:50.80M (Peak 82.01M) | Time:00:00.20 | Mem:0.80M, Peak:0.80M | Scene, ViewLayer | Updating Geometry BVH GothicRib_voussoir_mesh.036 120/467 | Building BVH
Fra:1 Mem:50.80M (Peak 82.01M) | Time:00:00.20 | Mem:0.80M, Peak:0.80M | Scene, ViewLayer | Updating Geometry BVH GothicRib_voussoir_mesh.036 120/467 | Building mesh BLAS |      12 tris | GothicRib_voussoir_mesh.031
Fra:1 Mem:50.80M (Peak 82.01M) | Time:00:00.20 | Mem:0.80M, Peak:0.80M | Scene, ViewLayer | Updating Geometry BVH GothicRib_voussoir_mesh.036 120/467 | Building mesh BLAS |      12 tris | GothicRib_voussoir_mesh.033
Fra:1 Mem:50.80M (Peak 82.01M) | Time:00:00.20 | Mem:0.81M, Peak:0.81M | Scene, ViewLayer | Updating Geometry BVH GothicRib_voussoir_mesh.037 121/467 | Building BVH
Fra:1 Mem:50.80M (Peak 82.01M) | Time:00:00.20 | Mem:0.81M, Peak:0.81M | Scene, ViewLayer | Updating Geometry BVH GothicRib_voussoir_mesh.038 122/467 | Building BVH
Fra:1 Mem:50.80M (Peak 82.01M) | Time:00:00.20 | Mem:0.81M, Peak:0.81M | Scene, ViewLayer | Updating Geometry BVH GothicRib_voussoir_mesh.038 122/467 | Building mesh BLAS |      60 tris | Cylinder.138
Fra:1 Mem:50.80M (Peak 82.01M) | Time:00:00.20 | Mem:0.81M, Peak:0.81M | Scene, ViewLayer | Updating Geometry BVH GothicRib_voussoir_mesh.038 122/467 | Building mesh BLAS |      12 tris | GothicRib_voussoir_mesh.038
Fra:1 Mem:50.80M (Peak 82.01M) | Time:00:00.20 | Mem:0.82M, Peak:0.82M | Scene, ViewLayer | Updating Geometry BVH GothicRib_voussoir_mesh.038 122/467 | Building mesh BLAS |      12 tris | GothicRib_voussoir_mesh.034
Fra:1 Mem:50.80M (Peak 82.01M) | Time:00:00.20 | Mem:0.82M, Peak:0.82M | Scene, ViewLayer | Updating Geometry BVH GothicRib_voussoir_mesh.039 123/467 | Building BVH
Fra:1 Mem:50.80M (Peak 82.01M) | Time:00:00.20 | Mem:0.82M, Peak:0.82M | Scene, ViewLayer | Updating Geometry BVH GothicRib_voussoir_mesh.039 123/467 | Building mesh BLAS |      12 tris | GothicRib_voussoir_mesh.039
Fra:1 Mem:50.80M (Peak 82.01M) | Time:00:00.20 | Mem:0.82M, Peak:0.82M | Scene, ViewLayer | Updating Geometry BVH GothicRib_voussoir_mesh.039 123/467 | Building mesh BLAS |      12 tris | GothicRib_voussoir_mesh.037
Fra:1 Mem:50.80M (Peak 82.01M) | Time:00:00.20 | Mem:0.83M, Peak:0.83M | Scene, ViewLayer | Updating Geometry BVH Altar_1_holder_mesh 434/467 | Building BVH
Fra:1 Mem:50.80M (Peak 82.01M) | Time:00:00.20 | Mem:0.83M, Peak:0.83M | Scene, ViewLayer | Updating Geometry BVH Altar_1_holder_mesh 434/467 | Building mesh BLAS |     360 tris | Altar_1_holder_mesh
Fra:1 Mem:50.80M (Peak 82.01M) | Time:00:00.20 | Mem:0.83M, Peak:0.83M | Scene, ViewLayer | Updating Geometry BVH GothicRib_voussoir_mesh.040 124/467 | Building BVH
Fra:1 Mem:50.80M (Peak 82.01M) | Time:00:00.20 | Mem:0.83M, Peak:0.83M | Scene, ViewLayer | Updating Geometry BVH GothicRib_voussoir_mesh.040 124/467 | Building mesh BLAS |      12 tris | GothicRib_voussoir_mesh.040
Fra:1 Mem:50.80M (Peak 82.01M) | Time:00:00.20 | Mem:0.83M, Peak:0.83M | Scene, ViewLayer | Updating Geometry BVH GothicRib_voussoir_mesh.041 125/467 | Building BVH
Fra:1 Mem:50.80M (Peak 82.01M) | Time:00:00.20 | Mem:0.83M, Peak:0.83M | Scene, ViewLayer | Updating Geometry BVH GothicRib_voussoir_mesh.042 126/467 | Building BVH
Fra:1 Mem:50.80M (Peak 82.01M) | Time:00:00.20 | Mem:0.83M, Peak:0.83M | Scene, ViewLayer | Updating Geometry BVH GothicRib_voussoir_mesh.043 127/467 | Building BVH
Fra:1 Mem:50.80M (Peak 82.01M) | Time:00:00.20 | Mem:0.83M, Peak:0.83M | Scene, ViewLayer | Updating Geometry BVH GothicRib_voussoir_mesh.044 128/467 | Building BVH
Fra:1 Mem:50.80M (Peak 82.01M) | Time:00:00.20 | Mem:0.83M, Peak:0.83M | Scene, ViewLayer | Updating Geometry BVH GothicRib_voussoir_mesh.045 129/467 | Building BVH
Fra:1 Mem:50.80M (Peak 82.01M) | Time:00:00.20 | Mem:0.83M, Peak:0.83M | Scene, ViewLayer | Updating Geometry BVH GothicRib_voussoir_mesh.045 129/467 | Building mesh BLAS |      12 tris | GothicRib_voussoir_mesh.043
Fra:1 Mem:50.80M (Peak 82.01M) | Time:00:00.20 | Mem:0.83M, Peak:0.83M | Scene, ViewLayer | Updating Geometry BVH GothicRib_voussoir_mesh.045 129/467 | Building mesh BLAS |      12 tris | GothicRib_voussoir_mesh.045
Fra:1 Mem:50.80M (Peak 82.01M) | Time:00:00.20 | Mem:0.83M, Peak:0.83M | Scene, ViewLayer | Updating Geometry BVH GothicRib_voussoir_mesh.045 129/467 | Building mesh BLAS |      12 tris | GothicRib_voussoir_mesh.044
Fra:1 Mem:50.80M (Peak 82.01M) | Time:00:00.20 | Mem:0.84M, Peak:0.84M | Scene, ViewLayer | Updating Geometry BVH GothicRib_voussoir_mesh.046 130/467 | Building BVH
Fra:1 Mem:50.80M (Peak 82.01M) | Time:00:00.20 | Mem:0.84M, Peak:0.84M | Scene, ViewLayer | Updating Geometry BVH GothicRib_voussoir_mesh.046 130/467 | Building mesh BLAS |      12 tris | GothicRib_voussoir_mesh.046
Fra:1 Mem:50.80M (Peak 82.01M) | Time:00:00.20 | Mem:0.84M, Peak:0.84M | Scene, ViewLayer | Updating Geometry BVH GothicRib_voussoir_mesh.047 131/467 | Building BVH
Fra:1 Mem:50.80M (Peak 82.01M) | Time:00:00.20 | Mem:0.85M, Peak:0.85M | Scene, ViewLayer | Updating Geometry BVH GothicRib_voussoir_mesh.048 132/467 | Building BVH
Fra:1 Mem:50.80M (Peak 82.01M) | Time:00:00.20 | Mem:0.85M, Peak:0.85M | Scene, ViewLayer | Updating Geometry BVH Rear_bench_-1_flame_mesh 433/467 | Building BVH
Fra:1 Mem:50.80M (Peak 82.01M) | Time:00:00.20 | Mem:0.85M, Peak:0.85M | Scene, ViewLayer | Updating Geometry BVH GothicRib_voussoir_mesh.051 135/467 | Building mesh BLAS |      12 tris | GothicRib_voussoir_mesh.048
Fra:1 Mem:50.80M (Peak 82.01M) | Time:00:00.20 | Mem:0.85M, Peak:0.85M | Scene, ViewLayer | Updating Geometry BVH GothicRib_voussoir_mesh.051 135/467 | Building mesh BLAS |     120 tris | Rear_bench_-1_flame_mesh
Fra:1 Mem:50.80M (Peak 82.01M) | Time:00:00.20 | Mem:0.85M, Peak:0.85M | Scene, ViewLayer | Updating Geometry BVH GothicRib_voussoir_mesh.051 135/467 | Building mesh BLAS |      12 tris | GothicRib_voussoir_mesh.049
Fra:1 Mem:50.80M (Peak 82.01M) | Time:00:00.20 | Mem:0.85M, Peak:0.85M | Scene, ViewLayer | Updating Geometry BVH GothicRib_voussoir_mesh.051 135/467 | Building mesh BLAS |      12 tris | GothicRib_voussoir_mesh.050
Fra:1 Mem:50.80M (Peak 82.01M) | Time:00:00.20 | Mem:0.85M, Peak:0.85M | Scene, ViewLayer | Updating Geometry BVH GothicRib_voussoir_mesh.051 135/467 | Building mesh BLAS |      12 tris | GothicRib_voussoir_mesh.051
Fra:1 Mem:50.80M (Peak 82.01M) | Time:00:00.20 | Mem:0.86M, Peak:0.86M | Scene, ViewLayer | Updating Geometry BVH GothicRib_voussoir_mesh.052 136/467 | Building BVH
Fra:1 Mem:50.80M (Peak 82.01M) | Time:00:00.20 | Mem:0.86M, Peak:0.86M | Scene, ViewLayer | Updating Geometry BVH GothicRib_voussoir_mesh.052 136/467 | Building mesh BLAS |      12 tris | GothicRib_voussoir_mesh.052
Fra:1 Mem:50.80M (Peak 82.01M) | Time:00:00.20 | Mem:0.87M, Peak:0.87M | Scene, ViewLayer | Updating Geometry BVH GothicRib_voussoir_mesh.053 137/467 | Building BVH
Fra:1 Mem:50.80M (Peak 82.01M) | Time:00:00.20 | Mem:0.87M, Peak:0.87M | Scene, ViewLayer | Updating Geometry BVH GothicRib_voussoir_mesh.053 137/467 | Building mesh BLAS |      12 tris | GothicRib_voussoir_mesh.053
Fra:1 Mem:50.80M (Peak 82.01M) | Time:00:00.20 | Mem:0.87M, Peak:0.87M | Scene, ViewLayer | Updating Geometry BVH GothicRib_voussoir_mesh.054 138/467 | Building BVH
Fra:1 Mem:50.80M (Peak 82.01M) | Time:00:00.20 | Mem:0.87M, Peak:0.87M | Scene, ViewLayer | Updating Geometry BVH GothicRib_voussoir_mesh.054 138/467 | Building mesh BLAS |      12 tris | GothicRib_voussoir_mesh.054
Fra:1 Mem:50.80M (Peak 82.01M) | Time:00:00.20 | Mem:0.87M, Peak:0.87M | Scene, ViewLayer | Updating Geometry BVH GothicRib_voussoir_mesh.055 139/467 | Building BVH
Fra:1 Mem:50.80M (Peak 82.01M) | Time:00:00.20 | Mem:0.87M, Peak:0.87M | Scene, ViewLayer | Updating Geometry BVH GothicRib_voussoir_mesh.055 139/467 | Building mesh BLAS |      12 tris | GothicRib_voussoir_mesh.055
Fra:1 Mem:50.80M (Peak 82.01M) | Time:00:00.20 | Mem:0.88M, Peak:0.88M | Scene, ViewLayer | Updating Geometry BVH GothicRib_voussoir_mesh.056 140/467 | Building BVH
Fra:1 Mem:50.80M (Peak 82.01M) | Time:00:00.20 | Mem:0.88M, Peak:0.88M | Scene, ViewLayer | Updating Geometry BVH GothicRib_voussoir_mesh.057 141/467 | Building BVH
Fra:1 Mem:50.80M (Peak 82.01M) | Time:00:00.20 | Mem:0.88M, Peak:0.88M | Scene, ViewLayer | Updating Geometry BVH GothicRib_voussoir_mesh.059 143/467 | Building BVH
Fra:1 Mem:50.80M (Peak 82.01M) | Time:00:00.20 | Mem:0.88M, Peak:0.88M | Scene, ViewLayer | Updating Geometry BVH GothicRib_voussoir_mesh.059 143/467 | Building mesh BLAS |      12 tris | GothicRib_voussoir_mesh.057
Fra:1 Mem:50.80M (Peak 82.01M) | Time:00:00.20 | Mem:0.88M, Peak:0.88M | Scene, ViewLayer | Updating Geometry BVH GothicRib_voussoir_mesh.060 144/467 | Building BVH
Fra:1 Mem:50.80M (Peak 82.01M) | Time:00:00.20 | Mem:0.88M, Peak:0.88M | Scene, ViewLayer | Updating Geometry BVH GothicRib_voussoir_mesh.061 145/467 | Building BVH
Fra:1 Mem:50.80M (Peak 82.01M) | Time:00:00.20 | Mem:0.88M, Peak:0.88M | Scene, ViewLayer | Updating Geometry BVH GothicRib_voussoir_mesh.061 145/467 | Building mesh BLAS |      12 tris | GothicRib_voussoir_mesh.059
Fra:1 Mem:50.80M (Peak 82.01M) | Time:00:00.20 | Mem:0.88M, Peak:0.88M | Scene, ViewLayer | Updating Geometry BVH GothicRib_voussoir_mesh.061 145/467 | Building mesh BLAS |      12 tris | GothicRib_voussoir_mesh.061
Fra:1 Mem:50.80M (Peak 82.01M) | Time:00:00.20 | Mem:0.88M, Peak:0.88M | Scene, ViewLayer | Updating Geometry BVH GothicRib_voussoir_mesh.061 145/467 | Building mesh BLAS |      12 tris | GothicRib_voussoir_mesh.060
Fra:1 Mem:50.80M (Peak 82.01M) | Time:00:00.20 | Mem:0.88M, Peak:0.88M | Scene, ViewLayer | Updating Geometry BVH GothicRib_voussoir_mesh.061 145/467 | Building mesh BLAS |      24 tris | Cylinder.137
Fra:1 Mem:50.80M (Peak 82.01M) | Time:00:00.20 | Mem:0.89M, Peak:0.89M | Scene, ViewLayer | Updating Geometry BVH GothicRib_voussoir_mesh.062 146/467 | Building BVH
Fra:1 Mem:50.80M (Peak 82.01M) | Time:00:00.20 | Mem:0.89M, Peak:0.89M | Scene, ViewLayer | Updating Geometry BVH GothicRib_voussoir_mesh.062 146/467 | Building mesh BLAS |      12 tris | GothicRib_voussoir_mesh.062
Fra:1 Mem:50.80M (Peak 82.01M) | Time:00:00.20 | Mem:0.89M, Peak:0.89M | Scene, ViewLayer | Updating Geometry BVH GothicRib_voussoir_mesh.063 147/467 | Building BVH
Fra:1 Mem:50.80M (Peak 82.01M) | Time:00:00.20 | Mem:0.89M, Peak:0.89M | Scene, ViewLayer | Updating Geometry BVH GothicRib_voussoir_mesh.064 148/467 | Building BVH
Fra:1 Mem:50.80M (Peak 82.01M) | Time:00:00.20 | Mem:0.89M, Peak:0.89M | Scene, ViewLayer | Updating Geometry BVH GothicRib_voussoir_mesh.064 148/467 | Building mesh BLAS |      12 tris | GothicRib_voussoir_mesh.064
Fra:1 Mem:50.80M (Peak 82.01M) | Time:00:00.20 | Mem:0.89M, Peak:0.89M | Scene, ViewLayer | Updating Geometry BVH GothicRib_voussoir_mesh.065 149/467 | Building BVH
Fra:1 Mem:50.80M (Peak 82.01M) | Time:00:00.20 | Mem:0.89M, Peak:0.89M | Scene, ViewLayer | Updating Geometry BVH GothicRib_voussoir_mesh.065 149/467 | Building mesh BLAS |      12 tris | GothicRib_voussoir_mesh.065
Fra:1 Mem:50.80M (Peak 82.01M) | Time:00:00.20 | Mem:0.89M, Peak:0.89M | Scene, ViewLayer | Updating Geometry BVH GothicRib_voussoir_mesh.066 150/467 | Building BVH
Fra:1 Mem:50.80M (Peak 82.01M) | Time:00:00.20 | Mem:0.89M, Peak:0.89M | Scene, ViewLayer | Updating Geometry BVH GothicRib_voussoir_mesh.066 150/467 | Building mesh BLAS |      12 tris | GothicRib_voussoir_mesh.066
Fra:1 Mem:50.80M (Peak 82.01M) | Time:00:00.20 | Mem:0.89M, Peak:0.89M | Scene, ViewLayer | Updating Geometry BVH GothicRib_voussoir_mesh.067 151/467 | Building BVH
Fra:1 Mem:50.80M (Peak 82.01M) | Time:00:00.20 | Mem:0.89M, Peak:0.89M | Scene, ViewLayer | Updating Geometry BVH GothicRib_voussoir_mesh.067 151/467 | Building mesh BLAS |      12 tris | GothicRib_voussoir_mesh.067
Fra:1 Mem:50.80M (Peak 82.01M) | Time:00:00.21 | Mem:0.89M, Peak:0.89M | Scene, ViewLayer | Updating Geometry BVH GothicRib_voussoir_mesh.068 152/467 | Building BVH
Fra:1 Mem:50.80M (Peak 82.01M) | Time:00:00.21 | Mem:0.89M, Peak:0.89M | Scene, ViewLayer | Updating Geometry BVH GothicRib_voussoir_mesh.068 152/467 | Building mesh BLAS |      12 tris | GothicRib_voussoir_mesh.068
Fra:1 Mem:50.80M (Peak 82.01M) | Time:00:00.21 | Mem:0.90M, Peak:0.90M | Scene, ViewLayer | Updating Geometry BVH GothicRib_voussoir_mesh.069 153/467 | Building BVH
Fra:1 Mem:50.80M (Peak 82.01M) | Time:00:00.21 | Mem:0.90M, Peak:0.90M | Scene, ViewLayer | Updating Geometry BVH GothicRib_voussoir_mesh.069 153/467 | Building mesh BLAS |      12 tris | GothicRib_voussoir_mesh.069
Fra:1 Mem:50.80M (Peak 82.01M) | Time:00:00.21 | Mem:0.90M, Peak:0.90M | Scene, ViewLayer | Updating Geometry BVH GothicRib_voussoir_mesh.070 154/467 | Building BVH
Fra:1 Mem:50.80M (Peak 82.01M) | Time:00:00.21 | Mem:0.93M, Peak:0.93M | Scene, ViewLayer | Updating Geometry BVH GothicRib_voussoir_mesh.071 155/467 | Building mesh BLAS |      12 tris | GothicRib_voussoir_mesh.070
Fra:1 Mem:50.80M (Peak 82.01M) | Time:00:00.21 | Mem:0.93M, Peak:0.93M | Scene, ViewLayer | Updating Geometry BVH GothicRib_voussoir_mesh.072 156/467 | Building BVH
Fra:1 Mem:50.80M (Peak 82.01M) | Time:00:00.21 | Mem:0.93M, Peak:0.93M | Scene, ViewLayer | Updating Geometry BVH GothicRib_voussoir_mesh.072 156/467 | Building mesh BLAS |      12 tris | GothicRib_voussoir_mesh.072
Fra:1 Mem:50.80M (Peak 82.01M) | Time:00:00.21 | Mem:0.94M, Peak:0.94M | Scene, ViewLayer | Updating Geometry BVH GothicRib_voussoir_mesh.073 157/467 | Building BVH
Fra:1 Mem:50.80M (Peak 82.01M) | Time:00:00.21 | Mem:0.94M, Peak:0.94M | Scene, ViewLayer | Updating Geometry BVH GothicRib_voussoir_mesh.073 157/467 | Building mesh BLAS |      12 tris | GothicRib_voussoir_mesh.073
Fra:1 Mem:50.80M (Peak 82.01M) | Time:00:00.21 | Mem:0.94M, Peak:0.94M | Scene, ViewLayer | Updating Geometry BVH GothicRib_voussoir_mesh.074 158/467 | Building BVH
Fra:1 Mem:50.80M (Peak 82.01M) | Time:00:00.21 | Mem:0.94M, Peak:0.94M | Scene, ViewLayer | Updating Geometry BVH GothicRib_voussoir_mesh.074 158/467 | Building mesh BLAS |      12 tris | GothicRib_voussoir_mesh.074
Fra:1 Mem:50.80M (Peak 82.01M) | Time:00:00.21 | Mem:0.94M, Peak:0.94M | Scene, ViewLayer | Updating Geometry BVH GothicRib_voussoir_mesh.074 158/467 | Building mesh BLAS |      12 tris | GothicRib_voussoir_mesh.071
Fra:1 Mem:50.80M (Peak 82.01M) | Time:00:00.21 | Mem:0.94M, Peak:0.94M | Scene, ViewLayer | Updating Geometry BVH GothicRib_voussoir_mesh.076 160/467 | Building BVH
Fra:1 Mem:50.80M (Peak 82.01M) | Time:00:00.21 | Mem:0.94M, Peak:0.94M | Scene, ViewLayer | Updating Geometry BVH GothicRib_voussoir_mesh.076 160/467 | Building mesh BLAS |      12 tris | GothicRib_voussoir_mesh.075
Fra:1 Mem:50.80M (Peak 82.01M) | Time:00:00.21 | Mem:0.94M, Peak:0.94M | Scene, ViewLayer | Updating Geometry BVH GothicRib_voussoir_mesh.076 160/467 | Building mesh BLAS |     200 tris | Rear_bench_-1_drip_dish_mesh
Fra:1 Mem:50.80M (Peak 82.01M) | Time:00:00.21 | Mem:0.94M, Peak:0.94M | Scene, ViewLayer | Updating Geometry BVH GothicRib_voussoir_mesh.076 160/467 | Building mesh BLAS |      12 tris | GothicRib_voussoir_mesh.077
Fra:1 Mem:50.80M (Peak 82.01M) | Time:00:00.21 | Mem:0.94M, Peak:0.94M | Scene, ViewLayer | Updating Geometry BVH Great altar pointed arch_voussoir_mesh 163/467 | Building BVH
Fra:1 Mem:50.80M (Peak 82.01M) | Time:00:00.21 | Mem:0.94M, Peak:0.94M | Scene, ViewLayer | Updating Geometry BVH Great altar pointed arch_voussoir_mesh 163/467 | Building mesh BLAS |     108 tris | Cube.010
Fra:1 Mem:50.80M (Peak 82.01M) | Time:00:00.21 | Mem:0.94M, Peak:0.94M | Scene, ViewLayer | Updating Geometry BVH Great altar pointed arch_voussoir_mesh 163/467 | Building mesh BLAS |      12 tris | Great altar pointed arch_voussoir_mesh
Fra:1 Mem:50.80M (Peak 82.01M) | Time:00:00.21 | Mem:0.94M, Peak:0.94M | Scene, ViewLayer | Updating Geometry BVH Great altar pointed arch_voussoir_mesh.001 164/467 | Building BVH
Fra:1 Mem:50.80M (Peak 82.01M) | Time:00:00.21 | Mem:0.94M, Peak:0.94M | Scene, ViewLayer | Updating Geometry BVH Great altar pointed arch_voussoir_mesh.001 164/467 | Building mesh BLAS |      12 tris | Great altar pointed arch_voussoir_mesh.001
Fra:1 Mem:50.80M (Peak 82.01M) | Time:00:00.21 | Mem:0.95M, Peak:0.95M | Scene, ViewLayer | Updating Geometry BVH Great altar pointed arch_voussoir_mesh.002 165/467 | Building BVH
Fra:1 Mem:50.80M (Peak 82.01M) | Time:00:00.21 | Mem:0.95M, Peak:0.95M | Scene, ViewLayer | Updating Geometry BVH Great altar pointed arch_voussoir_mesh.002 165/467 | Building mesh BLAS |      12 tris | Great altar pointed arch_voussoir_mesh.002
Fra:1 Mem:50.80M (Peak 82.01M) | Time:00:00.21 | Mem:0.95M, Peak:0.95M | Scene, ViewLayer | Updating Geometry BVH Great altar pointed arch_voussoir_mesh.003 166/467 | Building BVH
Fra:1 Mem:50.80M (Peak 82.01M) | Time:00:00.21 | Mem:0.95M, Peak:0.95M | Scene, ViewLayer | Updating Geometry BVH Great altar pointed arch_voussoir_mesh.003 166/467 | Building mesh BLAS |      12 tris | Great altar pointed arch_voussoir_mesh.003
Fra:1 Mem:50.80M (Peak 82.01M) | Time:00:00.21 | Mem:0.95M, Peak:0.95M | Scene, ViewLayer | Updating Geometry BVH Great altar pointed arch_voussoir_mesh.004 167/467 | Building BVH
Fra:1 Mem:50.80M (Peak 82.01M) | Time:00:00.21 | Mem:0.95M, Peak:0.95M | Scene, ViewLayer | Updating Geometry BVH Great altar pointed arch_voussoir_mesh.005 168/467 | Building mesh BLAS |      12 tris | Great altar pointed arch_voussoir_mesh.004
Fra:1 Mem:50.80M (Peak 82.01M) | Time:00:00.21 | Mem:0.95M, Peak:0.95M | Scene, ViewLayer | Updating Geometry BVH Great altar pointed arch_voussoir_mesh.006 169/467 | Building BVH
Fra:1 Mem:50.80M (Peak 82.01M) | Time:00:00.21 | Mem:0.95M, Peak:0.95M | Scene, ViewLayer | Updating Geometry BVH Great altar pointed arch_voussoir_mesh.006 169/467 | Building mesh BLAS |      12 tris | Great altar pointed arch_voussoir_mesh.005
Fra:1 Mem:50.80M (Peak 82.01M) | Time:00:00.21 | Mem:0.95M, Peak:0.95M | Scene, ViewLayer | Updating Geometry BVH Great altar pointed arch_voussoir_mesh.006 169/467 | Building mesh BLAS |      12 tris | Great altar pointed arch_voussoir_mesh.006
Fra:1 Mem:50.80M (Peak 82.01M) | Time:00:00.21 | Mem:0.95M, Peak:0.95M | Scene, ViewLayer | Updating Geometry BVH Great altar pointed arch_voussoir_mesh.006 169/467 | Building mesh BLAS |      60 tris | Cylinder.136
Fra:1 Mem:50.80M (Peak 82.01M) | Time:00:00.21 | Mem:0.95M, Peak:0.95M | Scene, ViewLayer | Updating Geometry BVH Great altar pointed arch_voussoir_mesh.007 170/467 | Building BVH
Fra:1 Mem:50.80M (Peak 82.01M) | Time:00:00.21 | Mem:0.95M, Peak:0.95M | Scene, ViewLayer | Updating Geometry BVH Great altar pointed arch_voussoir_mesh.007 170/467 | Building mesh BLAS |      12 tris | Great altar pointed arch_voussoir_mesh.007
Fra:1 Mem:50.80M (Peak 82.01M) | Time:00:00.21 | Mem:0.95M, Peak:0.95M | Scene, ViewLayer | Updating Geometry BVH Great altar pointed arch_voussoir_mesh.008 171/467 | Building BVH
Fra:1 Mem:50.80M (Peak 82.01M) | Time:00:00.21 | Mem:0.95M, Peak:0.95M | Scene, ViewLayer | Updating Geometry BVH Great altar pointed arch_voussoir_mesh.009 172/467 | Building BVH
Fra:1 Mem:50.80M (Peak 82.01M) | Time:00:00.21 | Mem:0.95M, Peak:0.95M | Scene, ViewLayer | Updating Geometry BVH Great altar pointed arch_voussoir_mesh.009 172/467 | Building mesh BLAS |      12 tris | Great altar pointed arch_voussoir_mesh.008
Fra:1 Mem:50.80M (Peak 82.01M) | Time:00:00.21 | Mem:0.95M, Peak:0.95M | Scene, ViewLayer | Updating Geometry BVH Great altar pointed arch_voussoir_mesh.009 172/467 | Building mesh BLAS |      12 tris | Great altar pointed arch_voussoir_mesh.009
Fra:1 Mem:50.80M (Peak 82.01M) | Time:00:00.21 | Mem:0.95M, Peak:0.95M | Scene, ViewLayer | Updating Geometry BVH Great altar pointed arch_voussoir_mesh.010 173/467 | Building BVH
Fra:1 Mem:50.80M (Peak 82.01M) | Time:00:00.21 | Mem:0.95M, Peak:0.95M | Scene, ViewLayer | Updating Geometry BVH Great altar pointed arch_voussoir_mesh.010 173/467 | Building mesh BLAS |      12 tris | Great altar pointed arch_voussoir_mesh.010
Fra:1 Mem:50.80M (Peak 82.01M) | Time:00:00.21 | Mem:0.95M, Peak:0.95M | Scene, ViewLayer | Updating Geometry BVH Great altar pointed arch_voussoir_mesh.011 174/467 | Building BVH
Fra:1 Mem:50.80M (Peak 82.01M) | Time:00:00.21 | Mem:0.95M, Peak:0.95M | Scene, ViewLayer | Updating Geometry BVH Great altar pointed arch_voussoir_mesh.011 174/467 | Building mesh BLAS |      12 tris | Great altar pointed arch_voussoir_mesh.011
Fra:1 Mem:50.80M (Peak 82.01M) | Time:00:00.21 | Mem:0.95M, Peak:0.95M | Scene, ViewLayer | Updating Geometry BVH Great altar pointed arch_voussoir_mesh.012 175/467 | Building BVH
Fra:1 Mem:50.80M (Peak 82.01M) | Time:00:00.21 | Mem:0.95M, Peak:0.95M | Scene, ViewLayer | Updating Geometry BVH Great altar pointed arch_voussoir_mesh.012 175/467 | Building mesh BLAS |      12 tris | Great altar pointed arch_voussoir_mesh.012
Fra:1 Mem:50.80M (Peak 82.01M) | Time:00:00.21 | Mem:0.95M, Peak:0.95M | Scene, ViewLayer | Updating Geometry BVH Great altar pointed arch_voussoir_mesh.013 176/467 | Building BVH
Fra:1 Mem:50.80M (Peak 82.01M) | Time:00:00.21 | Mem:0.95M, Peak:0.95M | Scene, ViewLayer | Updating Geometry BVH Great altar pointed arch_voussoir_mesh.015 178/467 | Building mesh BLAS |      12 tris | Great altar pointed arch_voussoir_mesh.013
Fra:1 Mem:50.80M (Peak 82.01M) | Time:00:00.21 | Mem:0.95M, Peak:0.95M | Scene, ViewLayer | Updating Geometry BVH Rear_bench_-1_holder_mesh 429/467 | Building BVH
Fra:1 Mem:50.80M (Peak 82.01M) | Time:00:00.21 | Mem:0.95M, Peak:0.95M | Scene, ViewLayer | Updating Geometry BVH Great altar pointed arch_voussoir_mesh.016 179/467 | Building BVH
Fra:1 Mem:50.80M (Peak 82.01M) | Time:00:00.21 | Mem:0.95M, Peak:0.95M | Scene, ViewLayer | Updating Geometry BVH Great altar pointed arch_voussoir_mesh.016 179/467 | Building mesh BLAS |     360 tris | Rear_bench_-1_holder_mesh
Fra:1 Mem:50.80M (Peak 82.01M) | Time:00:00.21 | Mem:0.95M, Peak:0.95M | Scene, ViewLayer | Updating Geometry BVH Great altar pointed arch_voussoir_mesh.016 179/467 | Building mesh BLAS |      12 tris | Great altar pointed arch_voussoir_mesh.014
Fra:1 Mem:50.80M (Peak 82.01M) | Time:00:00.21 | Mem:0.95M, Peak:0.95M | Scene, ViewLayer | Updating Geometry BVH Great altar pointed arch_voussoir_mesh.017 180/467 | Building BVH
Fra:1 Mem:50.80M (Peak 82.01M) | Time:00:00.21 | Mem:0.95M, Peak:0.95M | Scene, ViewLayer | Updating Geometry BVH Great altar pointed arch_voussoir_mesh.017 180/467 | Building mesh BLAS |      12 tris | Great altar pointed arch_voussoir_mesh.017
Fra:1 Mem:50.80M (Peak 82.01M) | Time:00:00.21 | Mem:0.95M, Peak:0.95M | Scene, ViewLayer | Updating Geometry BVH Great altar pointed arch_voussoir_mesh.018 181/467 | Building BVH
Fra:1 Mem:50.80M (Peak 82.01M) | Time:00:00.21 | Mem:0.95M, Peak:0.95M | Scene, ViewLayer | Updating Geometry BVH Great altar pointed arch_voussoir_mesh.019 182/467 | Building BVH
Fra:1 Mem:50.80M (Peak 82.01M) | Time:00:00.21 | Mem:0.95M, Peak:0.95M | Scene, ViewLayer | Updating Geometry BVH Great altar pointed arch_voussoir_mesh.019 182/467 | Building mesh BLAS |      12 tris | Great altar pointed arch_voussoir_mesh.018
Fra:1 Mem:50.80M (Peak 82.01M) | Time:00:00.21 | Mem:0.95M, Peak:0.95M | Scene, ViewLayer | Updating Geometry BVH Great altar pointed arch_voussoir_mesh.019 182/467 | Building mesh BLAS |      12 tris | Great altar pointed arch_voussoir_mesh.019
Fra:1 Mem:50.80M (Peak 82.01M) | Time:00:00.21 | Mem:0.97M, Peak:0.97M | Scene, ViewLayer | Updating Geometry BVH Great altar pointed arch_voussoir_mesh.020 183/467 | Building BVH
Fra:1 Mem:50.80M (Peak 82.01M) | Time:00:00.21 | Mem:0.97M, Peak:0.97M | Scene, ViewLayer | Updating Geometry BVH Great altar pointed arch_voussoir_mesh.021 184/467 | Building mesh BLAS |      12 tris | Great altar pointed arch_voussoir_mesh.020
Fra:1 Mem:50.80M (Peak 82.01M) | Time:00:00.21 | Mem:0.97M, Peak:0.97M | Scene, ViewLayer | Updating Geometry BVH Great altar pointed arch_voussoir_mesh.021 184/467 | Building mesh BLAS |      12 tris | Great altar pointed arch_voussoir_mesh.021
Fra:1 Mem:50.80M (Peak 82.01M) | Time:00:00.21 | Mem:0.97M, Peak:0.97M | Scene, ViewLayer | Updating Geometry BVH Great altar pointed arch_voussoir_mesh.022 185/467 | Building BVH
Fra:1 Mem:50.80M (Peak 82.01M) | Time:00:00.21 | Mem:0.97M, Peak:0.97M | Scene, ViewLayer | Updating Geometry BVH Great altar pointed arch_voussoir_mesh.022 185/467 | Building mesh BLAS |      12 tris | Great altar pointed arch_voussoir_mesh.022
Fra:1 Mem:50.80M (Peak 82.01M) | Time:00:00.21 | Mem:0.97M, Peak:0.97M | Scene, ViewLayer | Updating Geometry BVH Niche_-1_flame_mesh 428/467 | Building BVH
Fra:1 Mem:50.80M (Peak 82.01M) | Time:00:00.21 | Mem:0.97M, Peak:0.97M | Scene, ViewLayer | Updating Geometry BVH Niche_-1_flame_mesh 428/467 | Building mesh BLAS |     120 tris | Niche_-1_flame_mesh
Fra:1 Mem:50.80M (Peak 82.01M) | Time:00:00.21 | Mem:0.97M, Peak:0.97M | Scene, ViewLayer | Updating Geometry BVH Great altar pointed arch_voussoir_mesh.023 186/467 | Building BVH
Fra:1 Mem:50.80M (Peak 82.01M) | Time:00:00.21 | Mem:0.97M, Peak:0.97M | Scene, ViewLayer | Updating Geometry BVH Great altar pointed arch_voussoir_mesh.023 186/467 | Building mesh BLAS |      12 tris | Great altar pointed arch_voussoir_mesh.023
Fra:1 Mem:50.80M (Peak 82.01M) | Time:00:00.21 | Mem:0.97M, Peak:0.97M | Scene, ViewLayer | Updating Geometry BVH Great altar pointed arch_voussoir_mesh.024 187/467 | Building BVH
Fra:1 Mem:50.80M (Peak 82.01M) | Time:00:00.21 | Mem:0.97M, Peak:0.97M | Scene, ViewLayer | Updating Geometry BVH Great altar pointed arch_voussoir_mesh.024 187/467 | Building mesh BLAS |      12 tris | Great altar pointed arch_voussoir_mesh.024
Fra:1 Mem:50.80M (Peak 82.01M) | Time:00:00.21 | Mem:0.97M, Peak:0.97M | Scene, ViewLayer | Updating Geometry BVH Great altar pointed arch_voussoir_mesh.025 188/467 | Building BVH
Fra:1 Mem:50.80M (Peak 82.01M) | Time:00:00.21 | Mem:0.97M, Peak:0.97M | Scene, ViewLayer | Updating Geometry BVH Great altar pointed arch_voussoir_mesh.025 188/467 | Building mesh BLAS |      12 tris | Great altar pointed arch_voussoir_mesh.025
Fra:1 Mem:50.80M (Peak 82.01M) | Time:00:00.21 | Mem:0.98M, Peak:0.98M | Scene, ViewLayer | Updating Geometry BVH Cube.011 189/467 | Building BVH
Fra:1 Mem:50.80M (Peak 82.01M) | Time:00:00.21 | Mem:0.98M, Peak:0.98M | Scene, ViewLayer | Updating Geometry BVH Cube.011 189/467 | Building mesh BLAS |     108 tris | Cube.011
Fra:1 Mem:50.80M (Peak 82.01M) | Time:00:00.21 | Mem:0.98M, Peak:0.98M | Scene, ViewLayer | Updating Geometry BVH Altar outer moulding_voussoir_mesh 190/467 | Building BVH
Fra:1 Mem:50.80M (Peak 82.01M) | Time:00:00.21 | Mem:0.98M, Peak:0.98M | Scene, ViewLayer | Updating Geometry BVH Altar outer moulding_voussoir_mesh 190/467 | Building mesh BLAS |      12 tris | Altar outer moulding_voussoir_mesh
Fra:1 Mem:50.80M (Peak 82.01M) | Time:00:00.21 | Mem:0.98M, Peak:0.98M | Scene, ViewLayer | Updating Geometry BVH Altar outer moulding_voussoir_mesh.001 191/467 | Building BVH
Fra:1 Mem:50.80M (Peak 82.01M) | Time:00:00.21 | Mem:0.98M, Peak:0.98M | Scene, ViewLayer | Updating Geometry BVH Altar outer moulding_voussoir_mesh.001 191/467 | Building mesh BLAS |      12 tris | Altar outer moulding_voussoir_mesh.001
Fra:1 Mem:50.80M (Peak 82.01M) | Time:00:00.21 | Mem:0.98M, Peak:0.98M | Scene, ViewLayer | Updating Geometry BVH Altar outer moulding_voussoir_mesh.002 192/467 | Building BVH
Fra:1 Mem:50.80M (Peak 82.01M) | Time:00:00.21 | Mem:0.98M, Peak:0.98M | Scene, ViewLayer | Updating Geometry BVH Altar outer moulding_voussoir_mesh.002 192/467 | Building mesh BLAS |      12 tris | Altar outer moulding_voussoir_mesh.002
Fra:1 Mem:50.80M (Peak 82.01M) | Time:00:00.21 | Mem:0.98M, Peak:0.98M | Scene, ViewLayer | Updating Geometry BVH Altar outer moulding_voussoir_mesh.003 193/467 | Building BVH
Fra:1 Mem:50.80M (Peak 82.01M) | Time:00:00.21 | Mem:0.98M, Peak:0.98M | Scene, ViewLayer | Updating Geometry BVH Altar outer moulding_voussoir_mesh.003 193/467 | Building mesh BLAS |      12 tris | Altar outer moulding_voussoir_mesh.003
Fra:1 Mem:50.80M (Peak 82.01M) | Time:00:00.21 | Mem:0.98M, Peak:0.98M | Scene, ViewLayer | Updating Geometry BVH Altar outer moulding_voussoir_mesh.004 194/467 | Building BVH
Fra:1 Mem:50.80M (Peak 82.01M) | Time:00:00.21 | Mem:0.98M, Peak:0.98M | Scene, ViewLayer | Updating Geometry BVH Altar outer moulding_voussoir_mesh.004 194/467 | Building mesh BLAS |      12 tris | Altar outer moulding_voussoir_mesh.004
Fra:1 Mem:50.80M (Peak 82.01M) | Time:00:00.21 | Mem:0.98M, Peak:0.98M | Scene, ViewLayer | Updating Geometry BVH Cylinder.135 427/467 | Building BVH
Fra:1 Mem:50.80M (Peak 82.01M) | Time:00:00.21 | Mem:0.98M, Peak:0.98M | Scene, ViewLayer | Updating Geometry BVH Cylinder.135 427/467 | Building mesh BLAS |      24 tris | Cylinder.135
Fra:1 Mem:50.80M (Peak 82.01M) | Time:00:00.21 | Mem:0.98M, Peak:0.98M | Scene, ViewLayer | Updating Geometry BVH Altar outer moulding_voussoir_mesh.005 195/467 | Building BVH
Fra:1 Mem:50.80M (Peak 82.01M) | Time:00:00.21 | Mem:0.98M, Peak:0.98M | Scene, ViewLayer | Updating Geometry BVH Altar outer moulding_voussoir_mesh.005 195/467 | Building mesh BLAS |      12 tris | Altar outer moulding_voussoir_mesh.005
Fra:1 Mem:50.80M (Peak 82.01M) | Time:00:00.21 | Mem:0.98M, Peak:0.98M | Scene, ViewLayer | Updating Geometry BVH Altar outer moulding_voussoir_mesh.006 196/467 | Building BVH
Fra:1 Mem:50.80M (Peak 82.01M) | Time:00:00.21 | Mem:0.98M, Peak:0.98M | Scene, ViewLayer | Updating Geometry BVH Altar outer moulding_voussoir_mesh.006 196/467 | Building mesh BLAS |      12 tris | Altar outer moulding_voussoir_mesh.006
Fra:1 Mem:50.80M (Peak 82.01M) | Time:00:00.21 | Mem:0.98M, Peak:0.98M | Scene, ViewLayer | Updating Geometry BVH Altar outer moulding_voussoir_mesh.007 197/467 | Building BVH
Fra:1 Mem:50.80M (Peak 82.01M) | Time:00:00.21 | Mem:1.02M, Peak:1.02M | Scene, ViewLayer | Updating Geometry BVH Altar outer moulding_voussoir_mesh.008 198/467 | Building BVH
Fra:1 Mem:50.80M (Peak 82.01M) | Time:00:00.21 | Mem:1.02M, Peak:1.02M | Scene, ViewLayer | Updating Geometry BVH Altar outer moulding_voussoir_mesh.008 198/467 | Building mesh BLAS |      12 tris | Altar outer moulding_voussoir_mesh.007
Fra:1 Mem:50.80M (Peak 82.01M) | Time:00:00.21 | Mem:1.02M, Peak:1.02M | Scene, ViewLayer | Updating Geometry BVH Altar outer moulding_voussoir_mesh.009 199/467 | Building BVH
Fra:1 Mem:50.80M (Peak 82.01M) | Time:00:00.21 | Mem:1.02M, Peak:1.02M | Scene, ViewLayer | Updating Geometry BVH Altar outer moulding_voussoir_mesh.010 200/467 | Building BVH
Fra:1 Mem:50.80M (Peak 82.01M) | Time:00:00.21 | Mem:1.02M, Peak:1.02M | Scene, ViewLayer | Updating Geometry BVH Altar outer moulding_voussoir_mesh.010 200/467 | Building mesh BLAS |      12 tris | Altar outer moulding_voussoir_mesh.009
Fra:1 Mem:50.80M (Peak 82.01M) | Time:00:00.21 | Mem:1.02M, Peak:1.02M | Scene, ViewLayer | Updating Geometry BVH Altar outer moulding_voussoir_mesh.010 200/467 | Building mesh BLAS |      12 tris | Altar outer moulding_voussoir_mesh.010
Fra:1 Mem:50.80M (Peak 82.01M) | Time:00:00.21 | Mem:1.02M, Peak:1.02M | Scene, ViewLayer | Updating Geometry BVH Altar outer moulding_voussoir_mesh.011 201/467 | Building BVH
Fra:1 Mem:50.80M (Peak 82.01M) | Time:00:00.21 | Mem:1.02M, Peak:1.02M | Scene, ViewLayer | Updating Geometry BVH Altar outer moulding_voussoir_mesh.011 201/467 | Building mesh BLAS |      12 tris | Altar outer moulding_voussoir_mesh.011
Fra:1 Mem:50.80M (Peak 82.01M) | Time:00:00.21 | Mem:1.02M, Peak:1.02M | Scene, ViewLayer | Updating Geometry BVH Altar outer moulding_voussoir_mesh.012 202/467 | Building BVH
Fra:1 Mem:50.80M (Peak 82.01M) | Time:00:00.21 | Mem:1.02M, Peak:1.02M | Scene, ViewLayer | Updating Geometry BVH Altar outer moulding_voussoir_mesh.014 204/467 | Building BVH
Fra:1 Mem:50.80M (Peak 82.01M) | Time:00:00.21 | Mem:1.02M, Peak:1.02M | Scene, ViewLayer | Updating Geometry BVH Altar outer moulding_voussoir_mesh.014 204/467 | Building mesh BLAS |      12 tris | Altar outer moulding_voussoir_mesh.012
Fra:1 Mem:50.80M (Peak 82.01M) | Time:00:00.21 | Mem:1.02M, Peak:1.02M | Scene, ViewLayer | Updating Geometry BVH Altar outer moulding_voussoir_mesh.015 205/467 | Building BVH
Fra:1 Mem:50.80M (Peak 82.01M) | Time:00:00.21 | Mem:1.02M, Peak:1.02M | Scene, ViewLayer | Updating Geometry BVH Altar outer moulding_voussoir_mesh.015 205/467 | Building mesh BLAS |      12 tris | Altar outer moulding_voussoir_mesh.015
Fra:1 Mem:50.80M (Peak 82.01M) | Time:00:00.21 | Mem:1.02M, Peak:1.02M | Scene, ViewLayer | Updating Geometry BVH Altar outer moulding_voussoir_mesh.015 205/467 | Building mesh BLAS |      12 tris | Altar outer moulding_voussoir_mesh.014
Fra:1 Mem:50.80M (Peak 82.01M) | Time:00:00.21 | Mem:1.03M, Peak:1.03M | Scene, ViewLayer | Updating Geometry BVH Altar outer moulding_voussoir_mesh.016 206/467 | Building BVH
Fra:1 Mem:50.80M (Peak 82.01M) | Time:00:00.21 | Mem:1.03M, Peak:1.03M | Scene, ViewLayer | Updating Geometry BVH Altar outer moulding_voussoir_mesh.016 206/467 | Building mesh BLAS |      12 tris | Altar outer moulding_voussoir_mesh.016
Fra:1 Mem:50.80M (Peak 82.01M) | Time:00:00.21 | Mem:1.03M, Peak:1.03M | Scene, ViewLayer | Updating Geometry BVH Altar outer moulding_voussoir_mesh.018 208/467 | Building BVH
Fra:1 Mem:50.80M (Peak 82.01M) | Time:00:00.21 | Mem:1.03M, Peak:1.03M | Scene, ViewLayer | Updating Geometry BVH Altar outer moulding_voussoir_mesh.018 208/467 | Building mesh BLAS |      12 tris | Altar outer moulding_voussoir_mesh.017
Fra:1 Mem:50.80M (Peak 82.01M) | Time:00:00.21 | Mem:1.03M, Peak:1.03M | Scene, ViewLayer | Updating Geometry BVH Altar outer moulding_voussoir_mesh.018 208/467 | Building mesh BLAS |      12 tris | Altar outer moulding_voussoir_mesh.018
Fra:1 Mem:50.80M (Peak 82.01M) | Time:00:00.21 | Mem:1.03M, Peak:1.03M | Scene, ViewLayer | Updating Geometry BVH Altar outer moulding_voussoir_mesh.019 209/467 | Building BVH
Fra:1 Mem:50.80M (Peak 82.01M) | Time:00:00.21 | Mem:1.03M, Peak:1.03M | Scene, ViewLayer | Updating Geometry BVH Altar outer moulding_voussoir_mesh.019 209/467 | Building mesh BLAS |      12 tris | Altar outer moulding_voussoir_mesh.019
Fra:1 Mem:50.80M (Peak 82.01M) | Time:00:00.21 | Mem:1.03M, Peak:1.03M | Scene, ViewLayer | Updating Geometry BVH Altar outer moulding_voussoir_mesh.020 210/467 | Building BVH
Fra:1 Mem:50.80M (Peak 82.01M) | Time:00:00.21 | Mem:1.03M, Peak:1.03M | Scene, ViewLayer | Updating Geometry BVH Altar outer moulding_voussoir_mesh.021 211/467 | Building BVH
Fra:1 Mem:50.80M (Peak 82.01M) | Time:00:00.21 | Mem:1.03M, Peak:1.03M | Scene, ViewLayer | Updating Geometry BVH Altar outer moulding_voussoir_mesh.021 211/467 | Building mesh BLAS |      12 tris | Altar outer moulding_voussoir_mesh.020
Fra:1 Mem:50.80M (Peak 82.01M) | Time:00:00.21 | Mem:1.03M, Peak:1.03M | Scene, ViewLayer | Updating Geometry BVH Altar outer moulding_voussoir_mesh.021 211/467 | Building mesh BLAS |      12 tris | Altar outer moulding_voussoir_mesh.021
Fra:1 Mem:50.80M (Peak 82.01M) | Time:00:00.21 | Mem:1.03M, Peak:1.03M | Scene, ViewLayer | Updating Geometry BVH Altar outer moulding_voussoir_mesh.022 212/467 | Building BVH
Fra:1 Mem:50.80M (Peak 82.01M) | Time:00:00.21 | Mem:1.03M, Peak:1.03M | Scene, ViewLayer | Updating Geometry BVH Altar outer moulding_voussoir_mesh.022 212/467 | Building mesh BLAS |      12 tris | Altar outer moulding_voussoir_mesh.022
Fra:1 Mem:50.80M (Peak 82.01M) | Time:00:00.21 | Mem:1.03M, Peak:1.03M | Scene, ViewLayer | Updating Geometry BVH Altar outer moulding_voussoir_mesh.023 213/467 | Building BVH
Fra:1 Mem:50.80M (Peak 82.01M) | Time:00:00.21 | Mem:1.03M, Peak:1.03M | Scene, ViewLayer | Updating Geometry BVH Altar outer moulding_voussoir_mesh.023 213/467 | Building mesh BLAS |      12 tris | Altar outer moulding_voussoir_mesh.023
Fra:1 Mem:50.80M (Peak 82.01M) | Time:00:00.21 | Mem:1.04M, Peak:1.04M | Scene, ViewLayer | Updating Geometry BVH Cylinder.134 425/467 | Building BVH
Fra:1 Mem:50.80M (Peak 82.01M) | Time:00:00.21 | Mem:1.04M, Peak:1.04M | Scene, ViewLayer | Updating Geometry BVH Cylinder.134 425/467 | Building mesh BLAS |      60 tris | Cylinder.134
Fra:1 Mem:50.80M (Peak 82.01M) | Time:00:00.21 | Mem:1.04M, Peak:1.04M | Scene, ViewLayer | Updating Geometry BVH Altar outer moulding_voussoir_mesh.024 214/467 | Building BVH
Fra:1 Mem:50.80M (Peak 82.01M) | Time:00:00.21 | Mem:1.04M, Peak:1.04M | Scene, ViewLayer | Updating Geometry BVH Altar outer moulding_voussoir_mesh.024 214/467 | Building mesh BLAS |      12 tris | Altar outer moulding_voussoir_mesh.024
Fra:1 Mem:50.80M (Peak 82.01M) | Time:00:00.21 | Mem:1.04M, Peak:1.04M | Scene, ViewLayer | Updating Geometry BVH Altar outer moulding_voussoir_mesh.025 215/467 | Building BVH
Fra:1 Mem:50.80M (Peak 82.01M) | Time:00:00.21 | Mem:1.04M, Peak:1.04M | Scene, ViewLayer | Updating Geometry BVH WallNiche_voussoir_mesh.002 219/467 | Building BVH
Fra:1 Mem:50.80M (Peak 82.01M) | Time:00:00.21 | Mem:1.04M, Peak:1.04M | Scene, ViewLayer | Updating Geometry BVH WallNiche_voussoir_mesh.004 221/467 | Building BVH
Fra:1 Mem:50.80M (Peak 82.01M) | Time:00:00.21 | Mem:1.04M, Peak:1.04M | Scene, ViewLayer | Updating Geometry BVH WallNiche_voussoir_mesh.005 222/467 | Building mesh BLAS |      12 tris | WallNiche_voussoir_mesh.002
Fra:1 Mem:50.80M (Peak 82.01M) | Time:00:00.21 | Mem:1.04M, Peak:1.04M | Scene, ViewLayer | Updating Geometry BVH WallNiche_voussoir_mesh.005 222/467 | Building mesh BLAS |      12 tris | WallNiche_voussoir_mesh
Fra:1 Mem:50.80M (Peak 82.01M) | Time:00:00.21 | Mem:1.04M, Peak:1.04M | Scene, ViewLayer | Updating Geometry BVH Niche_-1_holder_mesh 424/467 | Building BVH
Fra:1 Mem:50.80M (Peak 82.01M) | Time:00:00.21 | Mem:1.04M, Peak:1.04M | Scene, ViewLayer | Updating Geometry BVH Niche_-1_holder_mesh 424/467 | Building mesh BLAS |      12 tris | WallNiche_voussoir_mesh.003
Fra:1 Mem:50.80M (Peak 82.01M) | Time:00:00.21 | Mem:1.04M, Peak:1.04M | Scene, ViewLayer | Updating Geometry BVH Niche_-1_holder_mesh 424/467 | Building mesh BLAS |     360 tris | Niche_-1_holder_mesh
Fra:1 Mem:50.80M (Peak 82.01M) | Time:00:00.21 | Mem:1.04M, Peak:1.04M | Scene, ViewLayer | Updating Geometry BVH Niche_-1_holder_mesh 424/467 | Building mesh BLAS |      12 tris | WallNiche_voussoir_mesh.005
Fra:1 Mem:50.80M (Peak 82.01M) | Time:00:00.21 | Mem:1.04M, Peak:1.04M | Scene, ViewLayer | Updating Geometry BVH Niche_-1_holder_mesh 424/467 | Building mesh BLAS |      12 tris | WallNiche_voussoir_mesh.001
Fra:1 Mem:50.80M (Peak 82.01M) | Time:00:00.21 | Mem:1.04M, Peak:1.04M | Scene, ViewLayer | Updating Geometry BVH Niche_-1_holder_mesh 424/467 | Building mesh BLAS |      12 tris | WallNiche_voussoir_mesh.004
Fra:1 Mem:50.80M (Peak 82.01M) | Time:00:00.21 | Mem:1.04M, Peak:1.04M | Scene, ViewLayer | Updating Geometry BVH Niche_-1_holder_mesh 424/467 | Building mesh BLAS |     108 tris | Cube.012
Fra:1 Mem:50.80M (Peak 82.01M) | Time:00:00.21 | Mem:1.05M, Peak:1.05M | Scene, ViewLayer | Updating Geometry BVH WallNiche_voussoir_mesh.006 223/467 | Building BVH
Fra:1 Mem:50.80M (Peak 82.01M) | Time:00:00.21 | Mem:1.05M, Peak:1.05M | Scene, ViewLayer | Updating Geometry BVH WallNiche_voussoir_mesh.006 223/467 | Building mesh BLAS |      12 tris | WallNiche_voussoir_mesh.006
Fra:1 Mem:50.80M (Peak 82.01M) | Time:00:00.21 | Mem:1.05M, Peak:1.05M | Scene, ViewLayer | Updating Geometry BVH WallNiche_voussoir_mesh.007 224/467 | Building BVH
Fra:1 Mem:50.80M (Peak 82.01M) | Time:00:00.21 | Mem:1.05M, Peak:1.05M | Scene, ViewLayer | Updating Geometry BVH WallNiche_voussoir_mesh.007 224/467 | Building mesh BLAS |      12 tris | WallNiche_voussoir_mesh.007
Fra:1 Mem:50.80M (Peak 82.01M) | Time:00:00.21 | Mem:1.05M, Peak:1.05M | Scene, ViewLayer | Updating Geometry BVH Altar_-1_flame_mesh 423/467 | Building BVH
Fra:1 Mem:50.80M (Peak 82.01M) | Time:00:00.21 | Mem:1.05M, Peak:1.05M | Scene, ViewLayer | Updating Geometry BVH WallNiche_voussoir_mesh.008 225/467 | Building BVH
Fra:1 Mem:50.80M (Peak 82.01M) | Time:00:00.21 | Mem:1.05M, Peak:1.05M | Scene, ViewLayer | Updating Geometry BVH WallNiche_voussoir_mesh.008 225/467 | Building mesh BLAS |     120 tris | Altar_-1_flame_mesh
Fra:1 Mem:50.80M (Peak 82.01M) | Time:00:00.21 | Mem:1.05M, Peak:1.05M | Scene, ViewLayer | Updating Geometry BVH WallNiche_voussoir_mesh.008 225/467 | Building mesh BLAS |      12 tris | WallNiche_voussoir_mesh.008
Fra:1 Mem:50.80M (Peak 82.01M) | Time:00:00.21 | Mem:1.05M, Peak:1.05M | Scene, ViewLayer | Updating Geometry BVH WallNiche_voussoir_mesh.009 226/467 | Building BVH
Fra:1 Mem:50.80M (Peak 82.01M) | Time:00:00.21 | Mem:1.05M, Peak:1.05M | Scene, ViewLayer | Updating Geometry BVH WallNiche_voussoir_mesh.009 226/467 | Building mesh BLAS |      12 tris | WallNiche_voussoir_mesh.009
Fra:1 Mem:50.80M (Peak 82.01M) | Time:00:00.21 | Mem:1.05M, Peak:1.05M | Scene, ViewLayer | Updating Geometry BVH WallNiche_voussoir_mesh.010 227/467 | Building BVH
Fra:1 Mem:50.80M (Peak 82.01M) | Time:00:00.21 | Mem:1.05M, Peak:1.05M | Scene, ViewLayer | Updating Geometry BVH WallNiche_voussoir_mesh.011 228/467 | Building mesh BLAS |      12 tris | WallNiche_voussoir_mesh.010
Fra:1 Mem:50.80M (Peak 82.01M) | Time:00:00.21 | Mem:1.05M, Peak:1.05M | Scene, ViewLayer | Updating Geometry BVH WallNiche_voussoir_mesh.011 228/467 | Building mesh BLAS |      12 tris | WallNiche_voussoir_mesh.011
Fra:1 Mem:50.80M (Peak 82.01M) | Time:00:00.21 | Mem:1.05M, Peak:1.05M | Scene, ViewLayer | Updating Geometry BVH WallNiche_voussoir_mesh.012 229/467 | Building BVH
Fra:1 Mem:50.80M (Peak 82.01M) | Time:00:00.21 | Mem:1.05M, Peak:1.05M | Scene, ViewLayer | Updating Geometry BVH WallNiche_voussoir_mesh.012 229/467 | Building mesh BLAS |      12 tris | WallNiche_voussoir_mesh.012
Fra:1 Mem:50.80M (Peak 82.01M) | Time:00:00.21 | Mem:1.05M, Peak:1.05M | Scene, ViewLayer | Updating Geometry BVH WallNiche_voussoir_mesh.013 230/467 | Building BVH
Fra:1 Mem:50.80M (Peak 82.01M) | Time:00:00.21 | Mem:1.05M, Peak:1.05M | Scene, ViewLayer | Updating Geometry BVH WallNiche_voussoir_mesh.013 230/467 | Building mesh BLAS |      12 tris | WallNiche_voussoir_mesh.013
Fra:1 Mem:50.80M (Peak 82.01M) | Time:00:00.21 | Mem:1.05M, Peak:1.05M | Scene, ViewLayer | Updating Geometry BVH WallNiche_voussoir_mesh.014 231/467 | Building BVH
Fra:1 Mem:50.80M (Peak 82.01M) | Time:00:00.21 | Mem:1.05M, Peak:1.05M | Scene, ViewLayer | Updating Geometry BVH WallNiche_voussoir_mesh.014 231/467 | Building mesh BLAS |      12 tris | WallNiche_voussoir_mesh.014
Fra:1 Mem:50.80M (Peak 82.01M) | Time:00:00.21 | Mem:1.06M, Peak:1.06M | Scene, ViewLayer | Updating Geometry BVH Cylinder.133 422/467 | Building BVH
Fra:1 Mem:50.80M (Peak 82.01M) | Time:00:00.21 | Mem:1.06M, Peak:1.06M | Scene, ViewLayer | Updating Geometry BVH WallNiche_voussoir_mesh.015 232/467 | Building BVH
Fra:1 Mem:50.80M (Peak 82.01M) | Time:00:00.21 | Mem:1.06M, Peak:1.06M | Scene, ViewLayer | Updating Geometry BVH WallNiche_voussoir_mesh.015 232/467 | Building mesh BLAS |      12 tris | WallNiche_voussoir_mesh.015
Fra:1 Mem:50.80M (Peak 82.01M) | Time:00:00.21 | Mem:1.06M, Peak:1.06M | Scene, ViewLayer | Updating Geometry BVH WallNiche_voussoir_mesh.015 232/467 | Building mesh BLAS |      24 tris | Cylinder.133
Fra:1 Mem:50.80M (Peak 82.01M) | Time:00:00.21 | Mem:1.07M, Peak:1.07M | Scene, ViewLayer | Updating Geometry BVH WallNiche_voussoir_mesh.016 233/467 | Building BVH
Fra:1 Mem:50.80M (Peak 82.01M) | Time:00:00.21 | Mem:1.07M, Peak:1.07M | Scene, ViewLayer | Updating Geometry BVH WallNiche_voussoir_mesh.017 234/467 | Building BVH
Fra:1 Mem:50.80M (Peak 82.01M) | Time:00:00.21 | Mem:1.07M, Peak:1.07M | Scene, ViewLayer | Updating Geometry BVH WallNiche_voussoir_mesh.017 234/467 | Building mesh BLAS |      12 tris | WallNiche_voussoir_mesh.016
Fra:1 Mem:50.80M (Peak 82.01M) | Time:00:00.21 | Mem:1.07M, Peak:1.07M | Scene, ViewLayer | Updating Geometry BVH WallNiche_voussoir_mesh.020 237/467 | Building BVH
Fra:1 Mem:50.80M (Peak 82.01M) | Time:00:00.21 | Mem:1.07M, Peak:1.07M | Scene, ViewLayer | Updating Geometry BVH WallNiche_voussoir_mesh.021 238/467 | Building BVH
Fra:1 Mem:50.80M (Peak 82.01M) | Time:00:00.21 | Mem:1.07M, Peak:1.07M | Scene, ViewLayer | Updating Geometry BVH WallNiche_voussoir_mesh.023 240/467 | Building BVH
Fra:1 Mem:50.80M (Peak 82.01M) | Time:00:00.21 | Mem:1.08M, Peak:1.08M | Scene, ViewLayer | Updating Geometry BVH WallNiche_voussoir_mesh.023 240/467 | Building mesh BLAS |      12 tris | WallNiche_voussoir_mesh.018
Fra:1 Mem:50.80M (Peak 82.01M) | Time:00:00.21 | Mem:1.08M, Peak:1.08M | Scene, ViewLayer | Updating Geometry BVH WallNiche_voussoir_mesh.024 241/467 | Building BVH
Fra:1 Mem:50.80M (Peak 82.01M) | Time:00:00.21 | Mem:1.08M, Peak:1.08M | Scene, ViewLayer | Updating Geometry BVH WallNiche_voussoir_mesh.024 241/467 | Building mesh BLAS |      12 tris | WallNiche_voussoir_mesh.023
Fra:1 Mem:50.80M (Peak 82.01M) | Time:00:00.21 | Mem:1.08M, Peak:1.08M | Scene, ViewLayer | Updating Geometry BVH WallNiche_voussoir_mesh.024 241/467 | Building mesh BLAS |      12 tris | WallNiche_voussoir_mesh.024
Fra:1 Mem:50.80M (Peak 82.01M) | Time:00:00.21 | Mem:1.08M, Peak:1.08M | Scene, ViewLayer | Updating Geometry BVH WallNiche_voussoir_mesh.024 241/467 | Building mesh BLAS |      12 tris | WallNiche_voussoir_mesh.021
Fra:1 Mem:50.80M (Peak 82.01M) | Time:00:00.21 | Mem:1.08M, Peak:1.08M | Scene, ViewLayer | Updating Geometry BVH WallNiche_voussoir_mesh.025 242/467 | Building mesh BLAS |      12 tris | WallNiche_voussoir_mesh.019
Fra:1 Mem:50.80M (Peak 82.01M) | Time:00:00.21 | Mem:1.08M, Peak:1.08M | Scene, ViewLayer | Updating Geometry BVH WallNiche_voussoir_mesh.025 242/467 | Building mesh BLAS |     200 tris | Altar_-1_drip_dish_mesh
Fra:1 Mem:50.80M (Peak 82.01M) | Time:00:00.21 | Mem:1.08M, Peak:1.08M | Scene, ViewLayer | Updating Geometry BVH WallNiche_voussoir_mesh.025 242/467 | Building mesh BLAS |      12 tris | WallNiche_voussoir_mesh.022
Fra:1 Mem:50.80M (Peak 82.01M) | Time:00:00.21 | Mem:1.08M, Peak:1.08M | Scene, ViewLayer | Updating Geometry BVH WallNiche_voussoir_mesh.025 242/467 | Building mesh BLAS |      12 tris | WallNiche_voussoir_mesh.025
Fra:1 Mem:50.80M (Peak 82.01M) | Time:00:00.21 | Mem:1.08M, Peak:1.08M | Scene, ViewLayer | Updating Geometry BVH WallNiche_voussoir_mesh.028 245/467 | Building BVH
Fra:1 Mem:50.80M (Peak 82.01M) | Time:00:00.21 | Mem:1.08M, Peak:1.08M | Scene, ViewLayer | Updating Geometry BVH WallNiche_voussoir_mesh.029 246/467 | Building BVH
Fra:1 Mem:50.80M (Peak 82.01M) | Time:00:00.21 | Mem:1.08M, Peak:1.08M | Scene, ViewLayer | Updating Geometry BVH WallNiche_voussoir_mesh.029 246/467 | Building mesh BLAS |      12 tris | WallNiche_voussoir_mesh.028
Fra:1 Mem:50.80M (Peak 82.01M) | Time:00:00.21 | Mem:1.08M, Peak:1.08M | Scene, ViewLayer | Updating Geometry BVH WallNiche_voussoir_mesh.029 246/467 | Building mesh BLAS |      12 tris | WallNiche_voussoir_mesh.026
Fra:1 Mem:50.80M (Peak 82.01M) | Time:00:00.21 | Mem:1.08M, Peak:1.08M | Scene, ViewLayer | Updating Geometry BVH WallNiche_voussoir_mesh.029 246/467 | Building mesh BLAS |      12 tris | WallNiche_voussoir_mesh.027
Fra:1 Mem:50.80M (Peak 82.01M) | Time:00:00.21 | Mem:1.08M, Peak:1.08M | Scene, ViewLayer | Updating Geometry BVH WallNiche_voussoir_mesh.029 246/467 | Building mesh BLAS |      12 tris | WallNiche_voussoir_mesh.029
Fra:1 Mem:50.80M (Peak 82.01M) | Time:00:00.21 | Mem:1.08M, Peak:1.08M | Scene, ViewLayer | Updating Geometry BVH WallNiche_voussoir_mesh.030 247/467 | Building BVH
Fra:1 Mem:50.80M (Peak 82.01M) | Time:00:00.21 | Mem:1.08M, Peak:1.08M | Scene, ViewLayer | Updating Geometry BVH WallNiche_voussoir_mesh.030 247/467 | Building mesh BLAS |      12 tris | WallNiche_voussoir_mesh.030
Fra:1 Mem:50.80M (Peak 82.01M) | Time:00:00.21 | Mem:1.11M, Peak:1.11M | Scene, ViewLayer | Updating Geometry BVH WallNiche_voussoir_mesh.031 248/467 | Building BVH
Fra:1 Mem:50.80M (Peak 82.01M) | Time:00:00.21 | Mem:1.11M, Peak:1.11M | Scene, ViewLayer | Updating Geometry BVH WallNiche_voussoir_mesh.032 249/467 | Building BVH
Fra:1 Mem:50.80M (Peak 82.01M) | Time:00:00.21 | Mem:1.11M, Peak:1.11M | Scene, ViewLayer | Updating Geometry BVH WallNiche_voussoir_mesh.032 249/467 | Building mesh BLAS |      12 tris | WallNiche_voussoir_mesh.031
Fra:1 Mem:50.80M (Peak 82.01M) | Time:00:00.21 | Mem:1.11M, Peak:1.11M | Scene, ViewLayer | Updating Geometry BVH Cylinder.132 420/467 | Building BVH
Fra:1 Mem:50.80M (Peak 82.01M) | Time:00:00.21 | Mem:1.12M, Peak:1.12M | Scene, ViewLayer | Updating Geometry BVH WallNiche_voussoir_mesh.033 250/467 | Building BVH
Fra:1 Mem:50.80M (Peak 82.01M) | Time:00:00.21 | Mem:1.12M, Peak:1.12M | Scene, ViewLayer | Updating Geometry BVH WallNiche_voussoir_mesh.035 252/467 | Building BVH
Fra:1 Mem:50.80M (Peak 82.01M) | Time:00:00.21 | Mem:1.12M, Peak:1.12M | Scene, ViewLayer | Updating Geometry BVH WallNiche_voussoir_mesh.035 252/467 | Building mesh BLAS |      12 tris | WallNiche_voussoir_mesh.033
Fra:1 Mem:50.80M (Peak 82.01M) | Time:00:00.21 | Mem:1.12M, Peak:1.12M | Scene, ViewLayer | Updating Geometry BVH WallNiche_voussoir_mesh.035 252/467 | Building mesh BLAS |      12 tris | WallNiche_voussoir_mesh.034
Fra:1 Mem:50.80M (Peak 82.01M) | Time:00:00.21 | Mem:1.12M, Peak:1.12M | Scene, ViewLayer | Updating Geometry BVH WallNiche_voussoir_mesh.035 252/467 | Building mesh BLAS |      12 tris | WallNiche_voussoir_mesh.035
Fra:1 Mem:50.80M (Peak 82.01M) | Time:00:00.22 | Mem:1.12M, Peak:1.12M | Scene, ViewLayer | Updating Geometry BVH WallNiche_voussoir_mesh.036 253/467 | Building BVH
Fra:1 Mem:50.80M (Peak 82.01M) | Time:00:00.22 | Mem:1.12M, Peak:1.12M | Scene, ViewLayer | Updating Geometry BVH WallNiche_voussoir_mesh.036 253/467 | Building mesh BLAS |      12 tris | WallNiche_voussoir_mesh.036
Fra:1 Mem:50.80M (Peak 82.01M) | Time:00:00.22 | Mem:1.12M, Peak:1.12M | Scene, ViewLayer | Updating Geometry BVH WallNiche_voussoir_mesh.037 254/467 | Building BVH
Fra:1 Mem:50.80M (Peak 82.01M) | Time:00:00.22 | Mem:1.12M, Peak:1.12M | Scene, ViewLayer | Updating Geometry BVH WallNiche_voussoir_mesh.038 255/467 | Building BVH
Fra:1 Mem:50.80M (Peak 82.01M) | Time:00:00.22 | Mem:1.12M, Peak:1.12M | Scene, ViewLayer | Updating Geometry BVH WallNiche_voussoir_mesh.038 255/467 | Building mesh BLAS |      12 tris | WallNiche_voussoir_mesh.037
Fra:1 Mem:50.80M (Peak 82.01M) | Time:00:00.22 | Mem:1.12M, Peak:1.12M | Scene, ViewLayer | Updating Geometry BVH WallNiche_voussoir_mesh.038 255/467 | Building mesh BLAS |      12 tris | WallNiche_voussoir_mesh.038
Fra:1 Mem:50.80M (Peak 82.01M) | Time:00:00.22 | Mem:1.12M, Peak:1.12M | Scene, ViewLayer | Updating Geometry BVH WallNiche_voussoir_mesh.039 256/467 | Building BVH
Fra:1 Mem:50.80M (Peak 82.01M) | Time:00:00.22 | Mem:1.12M, Peak:1.12M | Scene, ViewLayer | Updating Geometry BVH WallNiche_voussoir_mesh.039 256/467 | Building mesh BLAS |      12 tris | WallNiche_voussoir_mesh.039
Fra:1 Mem:50.80M (Peak 82.01M) | Time:00:00.22 | Mem:1.12M, Peak:1.12M | Scene, ViewLayer | Updating Geometry BVH WallNiche_voussoir_mesh.040 257/467 | Building BVH
Fra:1 Mem:50.80M (Peak 82.01M) | Time:00:00.22 | Mem:1.12M, Peak:1.12M | Scene, ViewLayer | Updating Geometry BVH WallNiche_voussoir_mesh.041 258/467 | Building BVH
Fra:1 Mem:50.80M (Peak 82.01M) | Time:00:00.22 | Mem:1.12M, Peak:1.12M | Scene, ViewLayer | Updating Geometry BVH WallNiche_voussoir_mesh.041 258/467 | Building mesh BLAS |      12 tris | WallNiche_voussoir_mesh.040
Fra:1 Mem:50.80M (Peak 82.01M) | Time:00:00.22 | Mem:1.12M, Peak:1.12M | Scene, ViewLayer | Updating Geometry BVH WallNiche_voussoir_mesh.041 258/467 | Building mesh BLAS |      12 tris | WallNiche_voussoir_mesh.041
Fra:1 Mem:50.80M (Peak 82.01M) | Time:00:00.22 | Mem:1.13M, Peak:1.13M | Scene, ViewLayer | Updating Geometry BVH Altar_-1_holder_mesh 419/467 | Building BVH
Fra:1 Mem:50.80M (Peak 82.01M) | Time:00:00.22 | Mem:1.13M, Peak:1.13M | Scene, ViewLayer | Updating Geometry BVH Altar_-1_holder_mesh 419/467 | Building mesh BLAS |     360 tris | Altar_-1_holder_mesh
Fra:1 Mem:50.80M (Peak 82.01M) | Time:00:00.22 | Mem:1.13M, Peak:1.13M | Scene, ViewLayer | Updating Geometry BVH WallNiche_voussoir_mesh.042 259/467 | Building BVH
Fra:1 Mem:50.80M (Peak 82.01M) | Time:00:00.22 | Mem:1.13M, Peak:1.13M | Scene, ViewLayer | Updating Geometry BVH WallNiche_voussoir_mesh.043 260/467 | Building mesh BLAS |      12 tris | WallNiche_voussoir_mesh.042
Fra:1 Mem:50.80M (Peak 82.01M) | Time:00:00.22 | Mem:1.13M, Peak:1.13M | Scene, ViewLayer | Updating Geometry BVH WallNiche_voussoir_mesh.043 260/467 | Building mesh BLAS |      12 tris | WallNiche_voussoir_mesh.043
Fra:1 Mem:50.80M (Peak 82.01M) | Time:00:00.22 | Mem:1.13M, Peak:1.13M | Scene, ViewLayer | Updating Geometry BVH WallNiche_voussoir_mesh.044 261/467 | Building BVH
Fra:1 Mem:50.80M (Peak 82.01M) | Time:00:00.22 | Mem:1.13M, Peak:1.13M | Scene, ViewLayer | Updating Geometry BVH WallNiche_voussoir_mesh.044 261/467 | Building mesh BLAS |      12 tris | WallNiche_voussoir_mesh.044
Fra:1 Mem:50.80M (Peak 82.01M) | Time:00:00.22 | Mem:1.13M, Peak:1.13M | Scene, ViewLayer | Updating Geometry BVH WallNiche_voussoir_mesh.045 262/467 | Building BVH
Fra:1 Mem:50.80M (Peak 82.01M) | Time:00:00.22 | Mem:1.13M, Peak:1.13M | Scene, ViewLayer | Updating Geometry BVH WallNiche_voussoir_mesh.045 262/467 | Building mesh BLAS |      12 tris | WallNiche_voussoir_mesh.045
Fra:1 Mem:50.80M (Peak 82.01M) | Time:00:00.22 | Mem:1.13M, Peak:1.13M | Scene, ViewLayer | Updating Geometry BVH WallNiche_voussoir_mesh.046 263/467 | Building BVH
Fra:1 Mem:50.80M (Peak 82.01M) | Time:00:00.22 | Mem:1.13M, Peak:1.13M | Scene, ViewLayer | Updating Geometry BVH WallNiche_voussoir_mesh.046 263/467 | Building mesh BLAS |      12 tris | WallNiche_voussoir_mesh.046
Fra:1 Mem:50.80M (Peak 82.01M) | Time:00:00.22 | Mem:1.13M, Peak:1.13M | Scene, ViewLayer | Updating Geometry BVH WallNiche_voussoir_mesh.047 264/467 | Building BVH
Fra:1 Mem:50.80M (Peak 82.01M) | Time:00:00.22 | Mem:1.13M, Peak:1.13M | Scene, ViewLayer | Updating Geometry BVH WallNiche_voussoir_mesh.047 264/467 | Building mesh BLAS |      12 tris | WallNiche_voussoir_mesh.047
Fra:1 Mem:50.80M (Peak 82.01M) | Time:00:00.22 | Mem:1.14M, Peak:1.14M | Scene, ViewLayer | Updating Geometry BVH WallNiche_voussoir_mesh.048 265/467 | Building BVH
Fra:1 Mem:50.80M (Peak 82.01M) | Time:00:00.22 | Mem:1.14M, Peak:1.14M | Scene, ViewLayer | Updating Geometry BVH WallNiche_voussoir_mesh.048 265/467 | Building mesh BLAS |      12 tris | WallNiche_voussoir_mesh.048
Fra:1 Mem:50.80M (Peak 82.01M) | Time:00:00.22 | Mem:1.14M, Peak:1.14M | Scene, ViewLayer | Updating Geometry BVH WallNiche_voussoir_mesh.049 266/467 | Building BVH
Fra:1 Mem:50.80M (Peak 82.01M) | Time:00:00.22 | Mem:1.14M, Peak:1.14M | Scene, ViewLayer | Updating Geometry BVH WallNiche_voussoir_mesh.049 266/467 | Building mesh BLAS |      12 tris | WallNiche_voussoir_mesh.049
Fra:1 Mem:50.80M (Peak 82.01M) | Time:00:00.22 | Mem:1.14M, Peak:1.14M | Scene, ViewLayer | Updating Geometry BVH WallNiche_voussoir_mesh.050 267/467 | Building BVH
Fra:1 Mem:50.80M (Peak 82.01M) | Time:00:00.22 | Mem:1.14M, Peak:1.14M | Scene, ViewLayer | Updating Geometry BVH WallNiche_voussoir_mesh.050 267/467 | Building mesh BLAS |      12 tris | WallNiche_voussoir_mesh.050
Fra:1 Mem:50.80M (Peak 82.01M) | Time:00:00.22 | Mem:1.14M, Peak:1.14M | Scene, ViewLayer | Updating Geometry BVH Back_1_2_flame_mesh 418/467 | Building BVH
Fra:1 Mem:50.80M (Peak 82.01M) | Time:00:00.22 | Mem:1.14M, Peak:1.14M | Scene, ViewLayer | Updating Geometry BVH Back_1_2_flame_mesh 418/467 | Building mesh BLAS |     120 tris | Back_1_2_flame_mesh
Fra:1 Mem:50.80M (Peak 82.01M) | Time:00:00.22 | Mem:1.14M, Peak:1.14M | Scene, ViewLayer | Updating Geometry BVH WallNiche_voussoir_mesh.051 268/467 | Building BVH
Fra:1 Mem:50.80M (Peak 82.01M) | Time:00:00.22 | Mem:1.14M, Peak:1.14M | Scene, ViewLayer | Updating Geometry BVH WallNiche_voussoir_mesh.051 268/467 | Building mesh BLAS |      12 tris | WallNiche_voussoir_mesh.051
Fra:1 Mem:50.80M (Peak 82.01M) | Time:00:00.22 | Mem:1.14M, Peak:1.14M | Scene, ViewLayer | Updating Geometry BVH Altar recessed darkness_mesh 269/467 | Building BVH
Fra:1 Mem:50.80M (Peak 82.01M) | Time:00:00.22 | Mem:1.14M, Peak:1.14M | Scene, ViewLayer | Updating Geometry BVH WallNiche shadow_mesh 270/467 | Building BVH
Fra:1 Mem:50.80M (Peak 82.01M) | Time:00:00.22 | Mem:1.14M, Peak:1.14M | Scene, ViewLayer | Updating Geometry BVH Cylinder.072 271/467 | Building BVH
Fra:1 Mem:50.80M (Peak 82.01M) | Time:00:00.22 | Mem:1.14M, Peak:1.14M | Scene, ViewLayer | Updating Geometry BVH Cylinder.072 271/467 | Building mesh BLAS |      33 tris | WallNiche shadow_mesh
Fra:1 Mem:50.80M (Peak 82.01M) | Time:00:00.22 | Mem:1.14M, Peak:1.14M | Scene, ViewLayer | Updating Geometry BVH Cylinder.072 271/467 | Building mesh BLAS |      44 tris | Cylinder.072
Fra:1 Mem:50.80M (Peak 82.01M) | Time:00:00.22 | Mem:1.14M, Peak:1.14M | Scene, ViewLayer | Updating Geometry BVH Cylinder.073 272/467 | Building BVH
Fra:1 Mem:50.80M (Peak 82.01M) | Time:00:00.22 | Mem:1.14M, Peak:1.14M | Scene, ViewLayer | Updating Geometry BVH Cylinder.073 272/467 | Building mesh BLAS |      44 tris | Cylinder.073
Fra:1 Mem:50.80M (Peak 82.01M) | Time:00:00.22 | Mem:1.14M, Peak:1.14M | Scene, ViewLayer | Updating Geometry BVH Cube.013 273/467 | Building BVH
Fra:1 Mem:50.80M (Peak 82.01M) | Time:00:00.22 | Mem:1.14M, Peak:1.14M | Scene, ViewLayer | Updating Geometry BVH Cube.013 273/467 | Building mesh BLAS |     108 tris | Cube.013
Fra:1 Mem:50.80M (Peak 82.01M) | Time:00:00.22 | Mem:1.14M, Peak:1.14M | Scene, ViewLayer | Updating Geometry BVH WallNiche shadow_mesh.001 274/467 | Building BVH
Fra:1 Mem:50.80M (Peak 82.01M) | Time:00:00.22 | Mem:1.15M, Peak:1.15M | Scene, ViewLayer | Updating Geometry BVH WallNiche shadow_mesh.001 274/467 | Building mesh BLAS |      33 tris | WallNiche shadow_mesh.001
Fra:1 Mem:50.80M (Peak 82.01M) | Time:00:00.22 | Mem:1.15M, Peak:1.15M | Scene, ViewLayer | Updating Geometry BVH Cylinder.074 275/467 | Building BVH
Fra:1 Mem:50.80M (Peak 82.01M) | Time:00:00.22 | Mem:1.15M, Peak:1.15M | Scene, ViewLayer | Updating Geometry BVH Cylinder.074 275/467 | Building mesh BLAS |      44 tris | Cylinder.074
Fra:1 Mem:50.80M (Peak 82.01M) | Time:00:00.22 | Mem:1.15M, Peak:1.15M | Scene, ViewLayer | Updating Geometry BVH Cylinder.075 276/467 | Building BVH
Fra:1 Mem:50.80M (Peak 82.01M) | Time:00:00.22 | Mem:1.16M, Peak:1.16M | Scene, ViewLayer | Updating Geometry BVH Cylinder.075 276/467 | Building mesh BLAS |      44 tris | Cylinder.075
Fra:1 Mem:50.80M (Peak 82.01M) | Time:00:00.22 | Mem:1.16M, Peak:1.16M | Scene, ViewLayer | Updating Geometry BVH Cube.014 277/467 | Building BVH
Fra:1 Mem:50.80M (Peak 82.01M) | Time:00:00.22 | Mem:1.16M, Peak:1.16M | Scene, ViewLayer | Updating Geometry BVH Cylinder.131 417/467 | Building BVH
Fra:1 Mem:50.80M (Peak 82.01M) | Time:00:00.22 | Mem:1.16M, Peak:1.16M | Scene, ViewLayer | Updating Geometry BVH Cube.015 278/467 | Building BVH
Fra:1 Mem:50.80M (Peak 82.01M) | Time:00:00.22 | Mem:1.16M, Peak:1.16M | Scene, ViewLayer | Updating Geometry BVH Cube.017 280/467 | Building BVH
Fra:1 Mem:50.80M (Peak 82.01M) | Time:00:00.22 | Mem:1.16M, Peak:1.16M | Scene, ViewLayer | Updating Geometry BVH Cube.017 280/467 | Building mesh BLAS |     108 tris | Cube.015
Fra:1 Mem:50.80M (Peak 82.01M) | Time:00:00.22 | Mem:1.16M, Peak:1.16M | Scene, ViewLayer | Updating Geometry BVH Cube.018 281/467 | Building BVH
Fra:1 Mem:50.80M (Peak 82.01M) | Time:00:00.22 | Mem:1.16M, Peak:1.16M | Scene, ViewLayer | Updating Geometry BVH Cube.018 281/467 | Building mesh BLAS |     108 tris | Cube.016
Fra:1 Mem:50.80M (Peak 82.01M) | Time:00:00.22 | Mem:1.16M, Peak:1.16M | Scene, ViewLayer | Updating Geometry BVH Cube.018 281/467 | Building mesh BLAS |      12 tris | Cube.018
Fra:1 Mem:50.80M (Peak 82.01M) | Time:00:00.22 | Mem:1.16M, Peak:1.16M | Scene, ViewLayer | Updating Geometry BVH Cube.035 282/467 | Building BVH
Fra:1 Mem:50.80M (Peak 82.01M) | Time:00:00.22 | Mem:1.16M, Peak:1.16M | Scene, ViewLayer | Updating Geometry BVH Cube.035 282/467 | Building mesh BLAS |     108 tris | Cube.035
Fra:1 Mem:50.80M (Peak 82.01M) | Time:00:00.22 | Mem:1.16M, Peak:1.16M | Scene, ViewLayer | Updating Geometry BVH Cube.019 283/467 | Building BVH
Fra:1 Mem:50.80M (Peak 82.01M) | Time:00:00.22 | Mem:1.16M, Peak:1.16M | Scene, ViewLayer | Updating Geometry BVH Cube.020 284/467 | Building BVH
Fra:1 Mem:50.80M (Peak 82.01M) | Time:00:00.22 | Mem:1.16M, Peak:1.16M | Scene, ViewLayer | Updating Geometry BVH Cube.020 284/467 | Building mesh BLAS |     108 tris | Cube.020
Fra:1 Mem:50.80M (Peak 82.01M) | Time:00:00.22 | Mem:1.16M, Peak:1.16M | Scene, ViewLayer | Updating Geometry BVH Cube.021 285/467 | Building BVH
Fra:1 Mem:50.80M (Peak 82.01M) | Time:00:00.22 | Mem:1.16M, Peak:1.16M | Scene, ViewLayer | Updating Geometry BVH Cube.021 285/467 | Building mesh BLAS |     108 tris | Cube.021
Fra:1 Mem:50.80M (Peak 82.01M) | Time:00:00.22 | Mem:1.17M, Peak:1.17M | Scene, ViewLayer | Updating Geometry BVH Back_1_2_drip_dish_mesh 416/467 | Building BVH
Fra:1 Mem:50.80M (Peak 82.01M) | Time:00:00.22 | Mem:1.17M, Peak:1.17M | Scene, ViewLayer | Updating Geometry BVH Back_1_2_drip_dish_mesh 416/467 | Building mesh BLAS |     200 tris | Back_1_2_drip_dish_mesh
Fra:1 Mem:50.80M (Peak 82.01M) | Time:00:00.22 | Mem:1.17M, Peak:1.17M | Scene, ViewLayer | Updating Geometry BVH Cube.022 286/467 | Building BVH
Fra:1 Mem:50.80M (Peak 82.01M) | Time:00:00.22 | Mem:1.17M, Peak:1.17M | Scene, ViewLayer | Updating Geometry BVH Cube.022 286/467 | Building mesh BLAS |     108 tris | Cube.022
Fra:1 Mem:50.80M (Peak 82.01M) | Time:00:00.22 | Mem:1.17M, Peak:1.17M | Scene, ViewLayer | Updating Geometry BVH Cube.023 287/467 | Building BVH
Fra:1 Mem:50.80M (Peak 82.01M) | Time:00:00.22 | Mem:1.17M, Peak:1.17M | Scene, ViewLayer | Updating Geometry BVH Cube.024 288/467 | Building BVH
Fra:1 Mem:50.80M (Peak 82.01M) | Time:00:00.22 | Mem:1.17M, Peak:1.17M | Scene, ViewLayer | Updating Geometry BVH Cube.024 288/467 | Building mesh BLAS |     108 tris | Cube.023
Fra:1 Mem:50.80M (Peak 82.01M) | Time:00:00.22 | Mem:1.17M, Peak:1.17M | Scene, ViewLayer | Updating Geometry BVH Cube.024 288/467 | Building mesh BLAS |     108 tris | Cube.024
Fra:1 Mem:50.80M (Peak 82.01M) | Time:00:00.22 | Mem:1.17M, Peak:1.17M | Scene, ViewLayer | Updating Geometry BVH Cube.025 289/467 | Building BVH
Fra:1 Mem:50.80M (Peak 82.01M) | Time:00:00.22 | Mem:1.17M, Peak:1.17M | Scene, ViewLayer | Updating Geometry BVH Cube.025 289/467 | Building mesh BLAS |     108 tris | Cube.025
Fra:1 Mem:50.80M (Peak 82.01M) | Time:00:00.22 | Mem:1.17M, Peak:1.17M | Scene, ViewLayer | Updating Geometry BVH Cube.026 290/467 | Building BVH
Fra:1 Mem:50.80M (Peak 82.01M) | Time:00:00.22 | Mem:1.17M, Peak:1.17M | Scene, ViewLayer | Updating Geometry BVH Cube.026 290/467 | Building mesh BLAS |     108 tris | Cube.026
Fra:1 Mem:50.80M (Peak 82.01M) | Time:00:00.22 | Mem:1.17M, Peak:1.17M | Scene, ViewLayer | Updating Geometry BVH Cube.027 291/467 | Building BVH
Fra:1 Mem:50.80M (Peak 82.01M) | Time:00:00.22 | Mem:1.17M, Peak:1.17M | Scene, ViewLayer | Updating Geometry BVH Cube.027 291/467 | Building mesh BLAS |     108 tris | Cube.027
Fra:1 Mem:50.80M (Peak 82.01M) | Time:00:00.22 | Mem:1.20M, Peak:1.20M | Scene, ViewLayer | Updating Geometry BVH Cube.028 292/467 | Building BVH
Fra:1 Mem:50.80M (Peak 82.01M) | Time:00:00.22 | Mem:1.20M, Peak:1.20M | Scene, ViewLayer | Updating Geometry BVH Cube.028 292/467 | Building mesh BLAS |     108 tris | Cube.028
Fra:1 Mem:50.80M (Peak 82.01M) | Time:00:00.22 | Mem:1.20M, Peak:1.20M | Scene, ViewLayer | Updating Geometry BVH Cube.029 293/467 | Building BVH
Fra:1 Mem:50.80M (Peak 82.01M) | Time:00:00.22 | Mem:1.20M, Peak:1.20M | Scene, ViewLayer | Updating Geometry BVH Cube.030 294/467 | Building BVH
Fra:1 Mem:50.80M (Peak 82.01M) | Time:00:00.22 | Mem:1.20M, Peak:1.20M | Scene, ViewLayer | Updating Geometry BVH Cube.030 294/467 | Building mesh BLAS |     108 tris | Cube.029
Fra:1 Mem:50.80M (Peak 82.01M) | Time:00:00.22 | Mem:1.20M, Peak:1.20M | Scene, ViewLayer | Updating Geometry BVH Cube.030 294/467 | Building mesh BLAS |     108 tris | Cube.030
Fra:1 Mem:50.80M (Peak 82.01M) | Time:00:00.22 | Mem:1.20M, Peak:1.20M | Scene, ViewLayer | Updating Geometry BVH Cylinder.130 415/467 | Building BVH
Fra:1 Mem:50.80M (Peak 82.01M) | Time:00:00.22 | Mem:1.20M, Peak:1.20M | Scene, ViewLayer | Updating Geometry BVH Cylinder.130 415/467 | Building mesh BLAS |      60 tris | Cylinder.130
Fra:1 Mem:50.80M (Peak 82.01M) | Time:00:00.22 | Mem:1.21M, Peak:1.21M | Scene, ViewLayer | Updating Geometry BVH Cube.032 296/467 | Building BVH
Fra:1 Mem:50.80M (Peak 82.01M) | Time:00:00.22 | Mem:1.21M, Peak:1.21M | Scene, ViewLayer | Updating Geometry BVH Tribunal_1_cloaked_body_mesh 297/467 | Building BVH
Fra:1 Mem:50.80M (Peak 82.01M) | Time:00:00.22 | Mem:1.21M, Peak:1.21M | Scene, ViewLayer | Updating Geometry BVH Tribunal_1_cloaked_body_mesh 297/467 | Building mesh BLAS |     160 tris | Tribunal_1_cloaked_body_mesh
Fra:1 Mem:50.80M (Peak 82.01M) | Time:00:00.22 | Mem:1.21M, Peak:1.21M | Scene, ViewLayer | Updating Geometry BVH Tribunal_1_cloaked_body_mesh 297/467 | Building mesh BLAS |     108 tris | Cube.031
Fra:1 Mem:50.80M (Peak 82.01M) | Time:00:00.22 | Mem:1.21M, Peak:1.21M | Scene, ViewLayer | Updating Geometry BVH Tribunal_1_open_hood_mesh 298/467 | Building BVH
Fra:1 Mem:50.80M (Peak 82.01M) | Time:00:00.22 | Mem:1.22M, Peak:1.22M | Scene, ViewLayer | Updating Geometry BVH Icosphere 299/467 | Building BVH
Fra:1 Mem:50.80M (Peak 82.01M) | Time:00:00.22 | Mem:1.22M, Peak:1.22M | Scene, ViewLayer | Updating Geometry BVH Icosphere 299/467 | Building mesh BLAS |      80 tris | Icosphere
Fra:1 Mem:50.80M (Peak 82.01M) | Time:00:00.22 | Mem:1.22M, Peak:1.22M | Scene, ViewLayer | Updating Geometry BVH Cylinder.076 300/467 | Building BVH
Fra:1 Mem:50.80M (Peak 82.01M) | Time:00:00.22 | Mem:1.22M, Peak:1.22M | Scene, ViewLayer | Updating Geometry BVH Cylinder.076 300/467 | Building mesh BLAS |      36 tris | Cylinder.076
Fra:1 Mem:50.80M (Peak 82.01M) | Time:00:00.22 | Mem:1.22M, Peak:1.22M | Scene, ViewLayer | Updating Geometry BVH Cylinder.077 301/467 | Building BVH
Fra:1 Mem:50.80M (Peak 82.01M) | Time:00:00.22 | Mem:1.22M, Peak:1.22M | Scene, ViewLayer | Updating Geometry BVH Cylinder.078 303/467 | Building BVH
Fra:1 Mem:50.80M (Peak 82.01M) | Time:00:00.22 | Mem:1.22M, Peak:1.22M | Scene, ViewLayer | Updating Geometry BVH Cylinder.129 414/467 | Building BVH
Fra:1 Mem:50.80M (Peak 82.01M) | Time:00:00.22 | Mem:1.22M, Peak:1.22M | Scene, ViewLayer | Updating Geometry BVH Cylinder.129 414/467 | Building mesh BLAS |      36 tris | Cylinder.077
Fra:1 Mem:50.80M (Peak 82.01M) | Time:00:00.22 | Mem:1.22M, Peak:1.22M | Scene, ViewLayer | Updating Geometry BVH Cylinder.129 414/467 | Building mesh BLAS |      20 tris | Icosphere.001
Fra:1 Mem:50.80M (Peak 82.01M) | Time:00:00.22 | Mem:1.22M, Peak:1.22M | Scene, ViewLayer | Updating Geometry BVH Cylinder.129 414/467 | Building mesh BLAS |      36 tris | Cylinder.078
Fra:1 Mem:50.80M (Peak 82.01M) | Time:00:00.22 | Mem:1.22M, Peak:1.22M | Scene, ViewLayer | Updating Geometry BVH Cylinder.079 304/467 | Building BVH
Fra:1 Mem:50.80M (Peak 82.01M) | Time:00:00.22 | Mem:1.22M, Peak:1.22M | Scene, ViewLayer | Updating Geometry BVH Cylinder.079 304/467 | Building mesh BLAS |      36 tris | Cylinder.079
Fra:1 Mem:50.80M (Peak 82.01M) | Time:00:00.22 | Mem:1.22M, Peak:1.22M | Scene, ViewLayer | Updating Geometry BVH Icosphere.002 305/467 | Building BVH
Fra:1 Mem:50.80M (Peak 82.01M) | Time:00:00.22 | Mem:1.22M, Peak:1.22M | Scene, ViewLayer | Updating Geometry BVH Icosphere.002 305/467 | Building mesh BLAS |      20 tris | Icosphere.002
Fra:1 Mem:50.80M (Peak 82.01M) | Time:00:00.22 | Mem:1.22M, Peak:1.22M | Scene, ViewLayer | Updating Geometry BVH Cube.033 306/467 | Building BVH
Fra:1 Mem:50.80M (Peak 82.01M) | Time:00:00.22 | Mem:1.22M, Peak:1.22M | Scene, ViewLayer | Updating Geometry BVH Cube.033 306/467 | Building mesh BLAS |     108 tris | Cube.033
Fra:1 Mem:50.80M (Peak 82.01M) | Time:00:00.22 | Mem:1.22M, Peak:1.22M | Scene, ViewLayer | Updating Geometry BVH Cube.034 307/467 | Building BVH
Fra:1 Mem:50.80M (Peak 82.01M) | Time:00:00.22 | Mem:1.22M, Peak:1.22M | Scene, ViewLayer | Updating Geometry BVH Cube.034 307/467 | Building mesh BLAS |     108 tris | Cube.034
Fra:1 Mem:50.80M (Peak 82.01M) | Time:00:00.22 | Mem:1.22M, Peak:1.22M | Scene, ViewLayer | Updating Geometry BVH Tribunal_2_cloaked_body_mesh 308/467 | Building BVH
Fra:1 Mem:50.80M (Peak 82.01M) | Time:00:00.22 | Mem:1.22M, Peak:1.22M | Scene, ViewLayer | Updating Geometry BVH Tribunal_2_open_hood_mesh 309/467 | Building BVH
Fra:1 Mem:50.80M (Peak 82.01M) | Time:00:00.22 | Mem:1.22M, Peak:1.22M | Scene, ViewLayer | Updating Geometry BVH Tribunal_2_open_hood_mesh 309/467 | Building mesh BLAS |     160 tris | Tribunal_2_cloaked_body_mesh
Fra:1 Mem:50.80M (Peak 82.01M) | Time:00:00.22 | Mem:1.22M, Peak:1.22M | Scene, ViewLayer | Updating Geometry BVH Tribunal_2_open_hood_mesh 309/467 | Building mesh BLAS |      38 tris | Tribunal_2_open_hood_mesh
Fra:1 Mem:50.80M (Peak 82.01M) | Time:00:00.22 | Mem:1.22M, Peak:1.22M | Scene, ViewLayer | Updating Geometry BVH Icosphere.003 310/467 | Building BVH
Fra:1 Mem:50.80M (Peak 82.01M) | Time:00:00.22 | Mem:1.22M, Peak:1.22M | Scene, ViewLayer | Updating Geometry BVH Back_1_1_flame_mesh 413/467 | Building BVH
Fra:1 Mem:50.80M (Peak 82.01M) | Time:00:00.22 | Mem:1.22M, Peak:1.22M | Scene, ViewLayer | Updating Geometry BVH Back_1_1_flame_mesh 413/467 | Building mesh BLAS |      80 tris | Icosphere.003
Fra:1 Mem:50.80M (Peak 82.01M) | Time:00:00.22 | Mem:1.23M, Peak:1.23M | Scene, ViewLayer | Updating Geometry BVH Back_1_1_flame_mesh 413/467 | Building mesh BLAS |     120 tris | Back_1_1_flame_mesh
Fra:1 Mem:50.80M (Peak 82.01M) | Time:00:00.22 | Mem:1.23M, Peak:1.23M | Scene, ViewLayer | Updating Geometry BVH Cylinder.082 314/467 | Building BVH
Fra:1 Mem:50.80M (Peak 82.01M) | Time:00:00.22 | Mem:1.23M, Peak:1.23M | Scene, ViewLayer | Updating Geometry BVH Cylinder.083 315/467 | Building BVH
Fra:1 Mem:50.80M (Peak 82.01M) | Time:00:00.22 | Mem:1.23M, Peak:1.23M | Scene, ViewLayer | Updating Geometry BVH Cylinder.083 315/467 | Building mesh BLAS |      36 tris | Cylinder.081
Fra:1 Mem:50.80M (Peak 82.01M) | Time:00:00.22 | Mem:1.23M, Peak:1.23M | Scene, ViewLayer | Updating Geometry BVH Cylinder.083 315/467 | Building mesh BLAS |      36 tris | Cylinder.080
Fra:1 Mem:50.80M (Peak 82.01M) | Time:00:00.22 | Mem:1.23M, Peak:1.23M | Scene, ViewLayer | Updating Geometry BVH Icosphere.005 316/467 | Building BVH
Fra:1 Mem:50.80M (Peak 82.01M) | Time:00:00.22 | Mem:1.23M, Peak:1.23M | Scene, ViewLayer | Updating Geometry BVH Icosphere.005 316/467 | Building mesh BLAS |      36 tris | Cylinder.083
Fra:1 Mem:50.80M (Peak 82.01M) | Time:00:00.22 | Mem:1.23M, Peak:1.23M | Scene, ViewLayer | Updating Geometry BVH Icosphere.005 316/467 | Building mesh BLAS |      20 tris | Icosphere.005
Fra:1 Mem:50.80M (Peak 82.01M) | Time:00:00.22 | Mem:1.24M, Peak:1.24M | Scene, ViewLayer | Updating Geometry BVH Tribunal_3_cloaked_body_mesh 317/467 | Building BVH
Fra:1 Mem:50.80M (Peak 82.01M) | Time:00:00.22 | Mem:1.24M, Peak:1.24M | Scene, ViewLayer | Updating Geometry BVH Tribunal_3_cloaked_body_mesh 317/467 | Building mesh BLAS |     160 tris | Tribunal_3_cloaked_body_mesh
Fra:1 Mem:50.80M (Peak 82.01M) | Time:00:00.22 | Mem:1.24M, Peak:1.24M | Scene, ViewLayer | Updating Geometry BVH Tribunal_3_open_hood_mesh 318/467 | Building BVH
Fra:1 Mem:50.80M (Peak 82.01M) | Time:00:00.22 | Mem:1.24M, Peak:1.24M | Scene, ViewLayer | Updating Geometry BVH Tribunal_3_open_hood_mesh 318/467 | Building mesh BLAS |      38 tris | Tribunal_3_open_hood_mesh
Fra:1 Mem:50.80M (Peak 82.01M) | Time:00:00.22 | Mem:1.24M, Peak:1.24M | Scene, ViewLayer | Updating Geometry BVH Icosphere.006 319/467 | Building BVH
Fra:1 Mem:50.80M (Peak 82.01M) | Time:00:00.22 | Mem:1.24M, Peak:1.24M | Scene, ViewLayer | Updating Geometry BVH Cylinder.128 412/467 | Building BVH
Fra:1 Mem:50.80M (Peak 82.01M) | Time:00:00.22 | Mem:1.24M, Peak:1.24M | Scene, ViewLayer | Updating Geometry BVH Cylinder.128 412/467 | Building mesh BLAS |      80 tris | Icosphere.006
Fra:1 Mem:50.80M (Peak 82.01M) | Time:00:00.22 | Mem:1.24M, Peak:1.24M | Scene, ViewLayer | Updating Geometry BVH Cylinder.128 412/467 | Building mesh BLAS |      24 tris | Cylinder.128
Fra:1 Mem:50.80M (Peak 82.01M) | Time:00:00.22 | Mem:1.25M, Peak:1.25M | Scene, ViewLayer | Updating Geometry BVH Cylinder.084 320/467 | Building BVH
Fra:1 Mem:50.80M (Peak 82.01M) | Time:00:00.22 | Mem:1.25M, Peak:1.25M | Scene, ViewLayer | Updating Geometry BVH Cylinder.084 320/467 | Building mesh BLAS |      36 tris | Cylinder.084
Fra:1 Mem:50.80M (Peak 82.01M) | Time:00:00.22 | Mem:1.25M, Peak:1.25M | Scene, ViewLayer | Updating Geometry BVH Cylinder.085 321/467 | Building BVH
Fra:1 Mem:50.80M (Peak 82.01M) | Time:00:00.22 | Mem:1.25M, Peak:1.25M | Scene, ViewLayer | Updating Geometry BVH Cylinder.087 324/467 | Building BVH
Fra:1 Mem:50.80M (Peak 82.01M) | Time:00:00.22 | Mem:1.25M, Peak:1.25M | Scene, ViewLayer | Updating Geometry BVH Back_1_1_drip_dish_mesh 411/467 | Building mesh BLAS |      36 tris | Cylinder.085
Fra:1 Mem:50.80M (Peak 82.01M) | Time:00:00.22 | Mem:1.25M, Peak:1.25M | Scene, ViewLayer | Updating Geometry BVH Back_1_1_drip_dish_mesh 411/467 | Building mesh BLAS |      20 tris | Icosphere.007
Fra:1 Mem:50.80M (Peak 82.01M) | Time:00:00.22 | Mem:1.25M, Peak:1.25M | Scene, ViewLayer | Updating Geometry BVH Icosphere.008 325/467 | Building BVH
Fra:1 Mem:50.80M (Peak 82.01M) | Time:00:00.22 | Mem:1.25M, Peak:1.25M | Scene, ViewLayer | Updating Geometry BVH Icosphere.008 325/467 | Building mesh BLAS |     200 tris | Back_1_1_drip_dish_mesh
Fra:1 Mem:50.80M (Peak 82.01M) | Time:00:00.22 | Mem:1.25M, Peak:1.25M | Scene, ViewLayer | Updating Geometry BVH Icosphere.008 325/467 | Building mesh BLAS |      20 tris | Icosphere.008
Fra:1 Mem:50.80M (Peak 82.01M) | Time:00:00.22 | Mem:1.25M, Peak:1.25M | Scene, ViewLayer | Updating Geometry BVH Icosphere.008 325/467 | Building mesh BLAS |      36 tris | Cylinder.087
Fra:1 Mem:50.80M (Peak 82.01M) | Time:00:00.22 | Mem:1.25M, Peak:1.25M | Scene, ViewLayer | Updating Geometry BVH Tribunal_4_cloaked_body_mesh 326/467 | Building BVH
Fra:1 Mem:50.80M (Peak 82.01M) | Time:00:00.22 | Mem:1.25M, Peak:1.25M | Scene, ViewLayer | Updating Geometry BVH Tribunal_4_open_hood_mesh 327/467 | Building mesh BLAS |     160 tris | Tribunal_4_cloaked_body_mesh
Fra:1 Mem:50.80M (Peak 82.01M) | Time:00:00.22 | Mem:1.25M, Peak:1.25M | Scene, ViewLayer | Updating Geometry BVH Cylinder.088 329/467 | Building BVH
Fra:1 Mem:50.80M (Peak 82.01M) | Time:00:00.22 | Mem:1.25M, Peak:1.25M | Scene, ViewLayer | Updating Geometry BVH Cylinder.088 329/467 | Building mesh BLAS |      36 tris | Cylinder.088
Fra:1 Mem:50.80M (Peak 82.01M) | Time:00:00.22 | Mem:1.29M, Peak:1.29M | Scene, ViewLayer | Updating Geometry BVH Cylinder.088 329/467 | Building mesh BLAS |      36 tris | Cylinder.086
Fra:1 Mem:50.80M (Peak 82.01M) | Time:00:00.22 | Mem:1.29M, Peak:1.29M | Scene, ViewLayer | Updating Geometry BVH Cylinder.088 329/467 | Building mesh BLAS |      38 tris | Tribunal_4_open_hood_mesh
Fra:1 Mem:50.80M (Peak 82.01M) | Time:00:00.22 | Mem:1.29M, Peak:1.29M | Scene, ViewLayer | Updating Geometry BVH Cylinder.089 330/467 | Building BVH
Fra:1 Mem:50.80M (Peak 82.01M) | Time:00:00.22 | Mem:1.29M, Peak:1.29M | Scene, ViewLayer | Updating Geometry BVH Cylinder.089 330/467 | Building mesh BLAS |      80 tris | Icosphere.009
Fra:1 Mem:50.80M (Peak 82.01M) | Time:00:00.22 | Mem:1.29M, Peak:1.29M | Scene, ViewLayer | Updating Geometry BVH Icosphere.010 331/467 | Building BVH
Fra:1 Mem:50.80M (Peak 82.01M) | Time:00:00.22 | Mem:1.29M, Peak:1.29M | Scene, ViewLayer | Updating Geometry BVH Icosphere.010 331/467 | Building mesh BLAS |      20 tris | Icosphere.010
Fra:1 Mem:50.80M (Peak 82.01M) | Time:00:00.22 | Mem:1.29M, Peak:1.29M | Scene, ViewLayer | Updating Geometry BVH Cylinder.090 332/467 | Building mesh BLAS |      36 tris | Cylinder.089
Fra:1 Mem:50.80M (Peak 82.01M) | Time:00:00.22 | Mem:1.29M, Peak:1.29M | Scene, ViewLayer | Updating Geometry BVH Cylinder.090 332/467 | Building mesh BLAS |      36 tris | Cylinder.090
Fra:1 Mem:50.80M (Peak 82.01M) | Time:00:00.22 | Mem:1.29M, Peak:1.29M | Scene, ViewLayer | Updating Geometry BVH Cylinder.091 333/467 | Building BVH
Fra:1 Mem:50.80M (Peak 82.01M) | Time:00:00.22 | Mem:1.29M, Peak:1.29M | Scene, ViewLayer | Updating Geometry BVH Cylinder.091 333/467 | Building mesh BLAS |      36 tris | Cylinder.091
Fra:1 Mem:50.80M (Peak 82.01M) | Time:00:00.22 | Mem:1.29M, Peak:1.29M | Scene, ViewLayer | Updating Geometry BVH Cylinder.127 410/467 | Building BVH
Fra:1 Mem:50.80M (Peak 82.01M) | Time:00:00.22 | Mem:1.29M, Peak:1.29M | Scene, ViewLayer | Updating Geometry BVH Cylinder.127 410/467 | Building mesh BLAS |      60 tris | Cylinder.127
Fra:1 Mem:50.80M (Peak 82.01M) | Time:00:00.22 | Mem:1.29M, Peak:1.29M | Scene, ViewLayer | Updating Geometry BVH Icosphere.011 334/467 | Building BVH
Fra:1 Mem:50.80M (Peak 82.01M) | Time:00:00.22 | Mem:1.29M, Peak:1.29M | Scene, ViewLayer | Updating Geometry BVH Icosphere.011 334/467 | Building mesh BLAS |      20 tris | Icosphere.011
Fra:1 Mem:50.80M (Peak 82.01M) | Time:00:00.22 | Mem:1.29M, Peak:1.29M | Scene, ViewLayer | Updating Geometry BVH Tribunal_5_cloaked_body_mesh 335/467 | Building BVH
Fra:1 Mem:50.80M (Peak 82.01M) | Time:00:00.22 | Mem:1.29M, Peak:1.29M | Scene, ViewLayer | Updating Geometry BVH Tribunal_5_cloaked_body_mesh 335/467 | Building mesh BLAS |     160 tris | Tribunal_5_cloaked_body_mesh
Fra:1 Mem:50.80M (Peak 82.01M) | Time:00:00.22 | Mem:1.30M, Peak:1.30M | Scene, ViewLayer | Updating Geometry BVH Icosphere.012 337/467 | Building BVH
Fra:1 Mem:50.80M (Peak 82.01M) | Time:00:00.22 | Mem:1.30M, Peak:1.30M | Scene, ViewLayer | Updating Geometry BVH Cylinder.094 341/467 | Building BVH
Fra:1 Mem:50.80M (Peak 82.01M) | Time:00:00.22 | Mem:1.30M, Peak:1.30M | Scene, ViewLayer | Updating Geometry BVH Cylinder.095 342/467 | Building BVH
Fra:1 Mem:50.80M (Peak 82.01M) | Time:00:00.22 | Mem:1.30M, Peak:1.30M | Scene, ViewLayer | Updating Geometry BVH Cylinder.095 342/467 | Building mesh BLAS |      36 tris | Cylinder.094
Fra:1 Mem:50.80M (Peak 82.01M) | Time:00:00.22 | Mem:1.30M, Peak:1.30M | Scene, ViewLayer | Updating Geometry BVH Cylinder.095 342/467 | Building mesh BLAS |      36 tris | Cylinder.093
Fra:1 Mem:50.80M (Peak 82.01M) | Time:00:00.22 | Mem:1.30M, Peak:1.30M | Scene, ViewLayer | Updating Geometry BVH Cylinder.095 342/467 | Building mesh BLAS |      20 tris | Icosphere.013
Fra:1 Mem:50.80M (Peak 82.01M) | Time:00:00.22 | Mem:1.30M, Peak:1.30M | Scene, ViewLayer | Updating Geometry BVH Cylinder.095 342/467 | Building mesh BLAS |      36 tris | Cylinder.092
Fra:1 Mem:50.80M (Peak 82.01M) | Time:00:00.23 | Mem:1.30M, Peak:1.30M | Scene, ViewLayer | Updating Geometry BVH Cylinder.126 409/467 | Building BVH
Fra:1 Mem:50.80M (Peak 82.01M) | Time:00:00.23 | Mem:1.30M, Peak:1.30M | Scene, ViewLayer | Updating Geometry BVH Cylinder.126 409/467 | Building mesh BLAS |      36 tris | Cylinder.126
Fra:1 Mem:50.80M (Peak 82.01M) | Time:00:00.23 | Mem:1.31M, Peak:1.31M | Scene, ViewLayer | Updating Geometry BVH Icosphere.014 343/467 | Building BVH
Fra:1 Mem:50.80M (Peak 82.01M) | Time:00:00.23 | Mem:1.31M, Peak:1.31M | Scene, ViewLayer | Updating Geometry BVH Tribunal_6_cloaked_body_mesh 344/467 | Building BVH
Fra:1 Mem:50.80M (Peak 82.01M) | Time:00:00.23 | Mem:1.31M, Peak:1.31M | Scene, ViewLayer | Updating Geometry BVH Tribunal_6_cloaked_body_mesh 344/467 | Building mesh BLAS |      20 tris | Icosphere.014
Fra:1 Mem:50.80M (Peak 82.01M) | Time:00:00.23 | Mem:1.31M, Peak:1.31M | Scene, ViewLayer | Updating Geometry BVH Tribunal_6_cloaked_body_mesh 344/467 | Building mesh BLAS |     160 tris | Tribunal_6_cloaked_body_mesh
Fra:1 Mem:50.80M (Peak 82.01M) | Time:00:00.23 | Mem:1.32M, Peak:1.32M | Scene, ViewLayer | Updating Geometry BVH Tribunal_6_open_hood_mesh 345/467 | Building BVH
Fra:1 Mem:50.80M (Peak 82.01M) | Time:00:00.23 | Mem:1.32M, Peak:1.32M | Scene, ViewLayer | Updating Geometry BVH Tribunal_6_open_hood_mesh 345/467 | Building mesh BLAS |      38 tris | Tribunal_6_open_hood_mesh
Fra:1 Mem:50.80M (Peak 82.01M) | Time:00:00.23 | Mem:1.32M, Peak:1.32M | Scene, ViewLayer | Updating Geometry BVH Icosphere.015 346/467 | Building BVH
Fra:1 Mem:50.80M (Peak 82.01M) | Time:00:00.23 | Mem:1.33M, Peak:1.33M | Scene, ViewLayer | Updating Geometry BVH Icosphere.015 346/467 | Building mesh BLAS |      80 tris | Icosphere.015
Fra:1 Mem:50.80M (Peak 82.01M) | Time:00:00.23 | Mem:1.33M, Peak:1.33M | Scene, ViewLayer | Updating Geometry BVH Cylinder.096 347/467 | Building BVH
Fra:1 Mem:50.80M (Peak 82.01M) | Time:00:00.23 | Mem:1.34M, Peak:1.34M | Scene, ViewLayer | Updating Geometry BVH Cylinder.096 347/467 | Building mesh BLAS |      36 tris | Cylinder.096
Fra:1 Mem:50.80M (Peak 82.01M) | Time:00:00.23 | Mem:1.34M, Peak:1.34M | Scene, ViewLayer | Updating Geometry BVH Cylinder.097 348/467 | Building BVH
Fra:1 Mem:50.80M (Peak 82.01M) | Time:00:00.23 | Mem:1.34M, Peak:1.34M | Scene, ViewLayer | Updating Geometry BVH Icosphere.016 349/467 | Building BVH
Fra:1 Mem:50.80M (Peak 82.01M) | Time:00:00.23 | Mem:1.35M, Peak:1.35M | Scene, ViewLayer | Updating Geometry BVH Cylinder.098 350/467 | Building mesh BLAS |      20 tris | Icosphere.016
Fra:1 Mem:50.80M (Peak 82.01M) | Time:00:00.23 | Mem:1.35M, Peak:1.35M | Scene, ViewLayer | Updating Geometry BVH Back_1_0_flame_mesh 408/467 | Building BVH
Fra:1 Mem:50.80M (Peak 82.01M) | Time:00:00.23 | Mem:1.35M, Peak:1.35M | Scene, ViewLayer | Updating Geometry BVH Cylinder.099 351/467 | Building BVH
Fra:1 Mem:50.80M (Peak 82.01M) | Time:00:00.23 | Mem:1.35M, Peak:1.35M | Scene, ViewLayer | Updating Geometry BVH Cylinder.099 351/467 | Building mesh BLAS |     120 tris | Back_1_0_flame_mesh
Fra:1 Mem:50.80M (Peak 82.01M) | Time:00:00.23 | Mem:1.35M, Peak:1.35M | Scene, ViewLayer | Updating Geometry BVH Cylinder.099 351/467 | Building mesh BLAS |      36 tris | Cylinder.099
Fra:1 Mem:50.80M (Peak 82.01M) | Time:00:00.23 | Mem:1.35M, Peak:1.35M | Scene, ViewLayer | Updating Geometry BVH Icosphere.017 352/467 | Building BVH
Fra:1 Mem:50.80M (Peak 82.01M) | Time:00:00.23 | Mem:1.35M, Peak:1.35M | Scene, ViewLayer | Updating Geometry BVH Tribunal_7_cloaked_body_mesh 353/467 | Building mesh BLAS |      20 tris | Icosphere.017
Fra:1 Mem:50.80M (Peak 82.01M) | Time:00:00.23 | Mem:1.36M, Peak:1.36M | Scene, ViewLayer | Updating Geometry BVH Tribunal_7_open_hood_mesh 354/467 | Building BVH
Fra:1 Mem:50.80M (Peak 82.01M) | Time:00:00.23 | Mem:1.36M, Peak:1.36M | Scene, ViewLayer | Updating Geometry BVH Tribunal_7_open_hood_mesh 354/467 | Building mesh BLAS |      38 tris | Tribunal_7_open_hood_mesh
Fra:1 Mem:50.80M (Peak 82.01M) | Time:00:00.23 | Mem:1.36M, Peak:1.36M | Scene, ViewLayer | Updating Geometry BVH Icosphere.018 355/467 | Building BVH
Fra:1 Mem:50.80M (Peak 82.01M) | Time:00:00.23 | Mem:1.37M, Peak:1.37M | Scene, ViewLayer | Updating Geometry BVH Icosphere.018 355/467 | Building mesh BLAS |      80 tris | Icosphere.018
Fra:1 Mem:50.80M (Peak 82.01M) | Time:00:00.23 | Mem:1.37M, Peak:1.37M | Scene, ViewLayer | Updating Geometry BVH Cylinder.100 356/467 | Building BVH
Fra:1 Mem:50.80M (Peak 82.01M) | Time:00:00.23 | Mem:1.37M, Peak:1.37M | Scene, ViewLayer | Updating Geometry BVH Cylinder.101 357/467 | Building BVH
Fra:1 Mem:50.80M (Peak 82.01M) | Time:00:00.23 | Mem:1.37M, Peak:1.37M | Scene, ViewLayer | Updating Geometry BVH Icosphere.019 358/467 | Building mesh BLAS |      36 tris | Cylinder.100
Fra:1 Mem:50.80M (Peak 82.01M) | Time:00:00.23 | Mem:1.37M, Peak:1.37M | Scene, ViewLayer | Updating Geometry BVH Icosphere.019 358/467 | Building mesh BLAS |      36 tris | Cylinder.101
Fra:1 Mem:50.80M (Peak 82.01M) | Time:00:00.23 | Mem:1.38M, Peak:1.38M | Scene, ViewLayer | Updating Geometry BVH Cylinder.102 359/467 | Building BVH
Fra:1 Mem:50.80M (Peak 82.01M) | Time:00:00.23 | Mem:1.40M, Peak:1.40M | Scene, ViewLayer | Updating Geometry BVH Cylinder.125 407/467 | Building BVH
Fra:1 Mem:50.80M (Peak 82.01M) | Time:00:00.23 | Mem:1.40M, Peak:1.40M | Scene, ViewLayer | Updating Geometry BVH Cylinder.103 360/467 | Building mesh BLAS |      36 tris | Cylinder.102
Fra:1 Mem:50.80M (Peak 82.01M) | Time:00:00.23 | Mem:1.40M, Peak:1.40M | Scene, ViewLayer | Updating Geometry BVH Cylinder.103 360/467 | Building mesh BLAS |      36 tris | Cylinder.103
Fra:1 Mem:50.80M (Peak 82.01M) | Time:00:00.23 | Mem:1.40M, Peak:1.40M | Scene, ViewLayer | Updating Geometry BVH Cylinder.103 360/467 | Building mesh BLAS |      24 tris | Cylinder.125
Fra:1 Mem:50.80M (Peak 82.01M) | Time:00:00.23 | Mem:1.40M, Peak:1.40M | Scene, ViewLayer | Updating Geometry BVH Icosphere.020 361/467 | Building BVH
Fra:1 Mem:50.80M (Peak 82.01M) | Time:00:00.23 | Mem:1.40M, Peak:1.40M | Scene, ViewLayer | Updating Geometry BVH Icosphere.020 361/467 | Building mesh BLAS |      20 tris | Icosphere.020
Fra:1 Mem:50.80M (Peak 82.01M) | Time:00:00.23 | Mem:1.42M, Peak:1.42M | Scene, ViewLayer | Updating Geometry BVH FrontLeft_tall_holder_mesh 362/467 | Building BVH
Fra:1 Mem:50.80M (Peak 82.01M) | Time:00:00.23 | Mem:1.42M, Peak:1.42M | Scene, ViewLayer | Updating Geometry BVH FrontLeft_tall_holder_mesh 362/467 | Building mesh BLAS |     360 tris | FrontLeft_tall_holder_mesh
Fra:1 Mem:50.80M (Peak 82.01M) | Time:00:00.23 | Mem:1.43M, Peak:1.43M | Scene, ViewLayer | Updating Geometry BVH Cylinder.104 363/467 | Building BVH
Fra:1 Mem:50.80M (Peak 82.01M) | Time:00:00.23 | Mem:1.43M, Peak:1.43M | Scene, ViewLayer | Updating Geometry BVH Cylinder.104 363/467 | Building mesh BLAS |      60 tris | Cylinder.104
Fra:1 Mem:50.80M (Peak 82.01M) | Time:00:00.23 | Mem:1.43M, Peak:1.43M | Scene, ViewLayer | Updating Geometry BVH FrontLeft_tall_drip_dish_mesh 364/467 | Building BVH
Fra:1 Mem:50.80M (Peak 82.01M) | Time:00:00.23 | Mem:1.43M, Peak:1.43M | Scene, ViewLayer | Updating Geometry BVH FrontLeft_tall_drip_dish_mesh 364/467 | Building mesh BLAS |     200 tris | FrontLeft_tall_drip_dish_mesh
Fra:1 Mem:50.80M (Peak 82.01M) | Time:00:00.23 | Mem:1.43M, Peak:1.43M | Scene, ViewLayer | Updating Geometry BVH Cylinder.105 365/467 | Building BVH
Fra:1 Mem:50.80M (Peak 82.01M) | Time:00:00.23 | Mem:1.43M, Peak:1.43M | Scene, ViewLayer | Updating Geometry BVH FrontLeft_tall_flame_mesh 366/467 | Building BVH
Fra:1 Mem:50.80M (Peak 82.01M) | Time:00:00.23 | Mem:1.43M, Peak:1.43M | Scene, ViewLayer | Updating Geometry BVH FrontLeft_tall_flame_mesh 366/467 | Building mesh BLAS |      24 tris | Cylinder.105
Fra:1 Mem:50.80M (Peak 82.01M) | Time:00:00.23 | Mem:1.43M, Peak:1.43M | Scene, ViewLayer | Updating Geometry BVH FrontLeft_tall_flame_mesh 366/467 | Building mesh BLAS |     120 tris | FrontLeft_tall_flame_mesh
Fra:1 Mem:50.80M (Peak 82.01M) | Time:00:00.23 | Mem:1.44M, Peak:1.44M | Scene, ViewLayer | Updating Geometry BVH FrontLeft_low_holder_mesh 367/467 | Building BVH
Fra:1 Mem:50.80M (Peak 82.01M) | Time:00:00.23 | Mem:1.44M, Peak:1.44M | Scene, ViewLayer | Updating Geometry BVH FrontLeft_low_holder_mesh 367/467 | Building mesh BLAS |     360 tris | FrontLeft_low_holder_mesh
Fra:1 Mem:50.80M (Peak 82.01M) | Time:00:00.23 | Mem:1.44M, Peak:1.44M | Scene, ViewLayer | Updating Geometry BVH Back_1_0_drip_dish_mesh 406/467 | Building BVH
Fra:1 Mem:50.80M (Peak 82.01M) | Time:00:00.23 | Mem:1.45M, Peak:1.45M | Scene, ViewLayer | Updating Geometry BVH Back_1_0_drip_dish_mesh 406/467 | Building mesh BLAS |     200 tris | Back_1_0_drip_dish_mesh
Fra:1 Mem:50.80M (Peak 82.01M) | Time:00:00.23 | Mem:1.45M, Peak:1.45M | Scene, ViewLayer | Updating Geometry BVH Cylinder.106 368/467 | Building BVH
Fra:1 Mem:50.80M (Peak 82.01M) | Time:00:00.23 | Mem:1.45M, Peak:1.45M | Scene, ViewLayer | Updating Geometry BVH Cylinder.106 368/467 | Building mesh BLAS |      60 tris | Cylinder.106
Fra:1 Mem:50.80M (Peak 82.01M) | Time:00:00.23 | Mem:1.45M, Peak:1.45M | Scene, ViewLayer | Updating Geometry BVH FrontLeft_low_drip_dish_mesh 369/467 | Building BVH
Fra:1 Mem:50.80M (Peak 82.01M) | Time:00:00.23 | Mem:1.45M, Peak:1.45M | Scene, ViewLayer | Updating Geometry BVH Cylinder.107 370/467 | Building BVH
Fra:1 Mem:50.80M (Peak 82.01M) | Time:00:00.23 | Mem:1.45M, Peak:1.45M | Scene, ViewLayer | Updating Geometry BVH Cylinder.107 370/467 | Building mesh BLAS |     200 tris | FrontLeft_low_drip_dish_mesh
Fra:1 Mem:50.80M (Peak 82.01M) | Time:00:00.23 | Mem:1.45M, Peak:1.45M | Scene, ViewLayer | Updating Geometry BVH Cylinder.107 370/467 | Building mesh BLAS |      24 tris | Cylinder.107
Fra:1 Mem:50.80M (Peak 82.01M) | Time:00:00.23 | Mem:1.45M, Peak:1.45M | Scene, ViewLayer | Updating Geometry BVH FrontLeft_low_flame_mesh 371/467 | Building BVH
Fra:1 Mem:50.80M (Peak 82.01M) | Time:00:00.23 | Mem:1.45M, Peak:1.45M | Scene, ViewLayer | Updating Geometry BVH FrontLeft_low_flame_mesh 371/467 | Building mesh BLAS |     120 tris | FrontLeft_low_flame_mesh
Fra:1 Mem:50.80M (Peak 82.01M) | Time:00:00.23 | Mem:1.45M, Peak:1.45M | Scene, ViewLayer | Updating Geometry BVH FrontLeft_stump_holder_mesh 372/467 | Building BVH
Fra:1 Mem:50.80M (Peak 82.01M) | Time:00:00.23 | Mem:1.45M, Peak:1.45M | Scene, ViewLayer | Updating Geometry BVH FrontLeft_stump_holder_mesh 372/467 | Building mesh BLAS |     360 tris | FrontLeft_stump_holder_mesh
Fra:1 Mem:50.80M (Peak 82.01M) | Time:00:00.23 | Mem:1.46M, Peak:1.46M | Scene, ViewLayer | Updating Geometry BVH Cylinder.108 373/467 | Building BVH
Fra:1 Mem:50.80M (Peak 82.01M) | Time:00:00.23 | Mem:1.46M, Peak:1.46M | Scene, ViewLayer | Updating Geometry BVH Cylinder.108 373/467 | Building mesh BLAS |      60 tris | Cylinder.108
Fra:1 Mem:50.80M (Peak 82.01M) | Time:00:00.23 | Mem:1.47M, Peak:1.47M | Scene, ViewLayer | Updating Geometry BVH FrontLeft_stump_drip_dish_mesh 374/467 | Building BVH
Fra:1 Mem:50.80M (Peak 82.01M) | Time:00:00.23 | Mem:1.47M, Peak:1.47M | Scene, ViewLayer | Updating Geometry BVH FrontLeft_stump_drip_dish_mesh 374/467 | Building mesh BLAS |     200 tris | FrontLeft_stump_drip_dish_mesh
Fra:1 Mem:50.80M (Peak 82.01M) | Time:00:00.23 | Mem:1.47M, Peak:1.47M | Scene, ViewLayer | Updating Geometry BVH Cylinder.109 375/467 | Building BVH
Fra:1 Mem:50.80M (Peak 82.01M) | Time:00:00.23 | Mem:1.47M, Peak:1.47M | Scene, ViewLayer | Updating Geometry BVH Cylinder.109 375/467 | Building mesh BLAS |      24 tris | Cylinder.109
Fra:1 Mem:50.80M (Peak 82.01M) | Time:00:00.23 | Mem:1.47M, Peak:1.47M | Scene, ViewLayer | Updating Geometry BVH FrontLeft_stump_flame_mesh 376/467 | Building BVH
Fra:1 Mem:50.80M (Peak 82.01M) | Time:00:00.23 | Mem:1.47M, Peak:1.47M | Scene, ViewLayer | Updating Geometry BVH FrontRight_tall_drip_dish_mesh 379/467 | Building BVH
Fra:1 Mem:50.80M (Peak 82.01M) | Time:00:00.23 | Mem:1.47M, Peak:1.47M | Scene, ViewLayer | Updating Geometry BVH FrontRight_tall_drip_dish_mesh 379/467 | Building mesh BLAS |     360 tris | FrontRight_tall_holder_mesh
Fra:1 Mem:50.80M (Peak 82.01M) | Time:00:00.23 | Mem:1.47M, Peak:1.47M | Scene, ViewLayer | Updating Geometry BVH FrontRight_tall_drip_dish_mesh 379/467 | Building mesh BLAS |      60 tris | Cylinder.124
Fra:1 Mem:50.80M (Peak 82.01M) | Time:00:00.23 | Mem:1.47M, Peak:1.47M | Scene, ViewLayer | Updating Geometry BVH FrontRight_tall_drip_dish_mesh 379/467 | Building mesh BLAS |     120 tris | FrontLeft_stump_flame_mesh
Fra:1 Mem:50.80M (Peak 82.01M) | Time:00:00.23 | Mem:1.47M, Peak:1.47M | Scene, ViewLayer | Updating Geometry BVH FrontRight_tall_drip_dish_mesh 379/467 | Building mesh BLAS |      60 tris | Cylinder.110
Fra:1 Mem:50.80M (Peak 82.01M) | Time:00:00.23 | Mem:1.47M, Peak:1.47M | Scene, ViewLayer | Updating Geometry BVH FrontRight_tall_drip_dish_mesh 379/467 | Building mesh BLAS |     200 tris | FrontRight_tall_drip_dish_mesh
Fra:1 Mem:50.80M (Peak 82.01M) | Time:00:00.23 | Mem:1.48M, Peak:1.48M | Scene, ViewLayer | Updating Geometry BVH Cylinder.111 380/467 | Building BVH
Fra:1 Mem:50.80M (Peak 82.01M) | Time:00:00.23 | Mem:1.49M, Peak:1.49M | Scene, ViewLayer | Updating Geometry BVH FrontRight_tall_flame_mesh 381/467 | Building BVH
Fra:1 Mem:50.80M (Peak 82.01M) | Time:00:00.23 | Mem:1.49M, Peak:1.49M | Scene, ViewLayer | Updating Geometry BVH Cylinder.112 383/467 | Building BVH
Fra:1 Mem:50.80M (Peak 82.01M) | Time:00:00.23 | Mem:1.49M, Peak:1.49M | Scene, ViewLayer | Updating Geometry BVH Cylinder.112 383/467 | Building mesh BLAS |      24 tris | Cylinder.111
Fra:1 Mem:50.80M (Peak 82.01M) | Time:00:00.23 | Mem:1.49M, Peak:1.49M | Scene, ViewLayer | Updating Geometry BVH Cylinder.112 383/467 | Building mesh BLAS |     120 tris | FrontRight_tall_flame_mesh
Fra:1 Mem:50.80M (Peak 82.01M) | Time:00:00.23 | Mem:1.49M, Peak:1.49M | Scene, ViewLayer | Updating Geometry BVH Cylinder.112 383/467 | Building mesh BLAS |      60 tris | Cylinder.112
Fra:1 Mem:50.80M (Peak 82.01M) | Time:00:00.23 | Mem:1.49M, Peak:1.49M | Scene, ViewLayer | Updating Geometry BVH FrontRight_low_drip_dish_mesh 384/467 | Building BVH
Fra:1 Mem:50.80M (Peak 82.01M) | Time:00:00.23 | Mem:1.49M, Peak:1.49M | Scene, ViewLayer | Updating Geometry BVH Cylinder.113 385/467 | Building BVH
Fra:1 Mem:50.80M (Peak 82.01M) | Time:00:00.23 | Mem:1.49M, Peak:1.49M | Scene, ViewLayer | Updating Geometry BVH Cylinder.113 385/467 | Building mesh BLAS |     200 tris | FrontRight_low_drip_dish_mesh
Fra:1 Mem:50.80M (Peak 82.01M) | Time:00:00.23 | Mem:1.49M, Peak:1.49M | Scene, ViewLayer | Updating Geometry BVH Cylinder.113 385/467 | Building mesh BLAS |      24 tris | Cylinder.113
Fra:1 Mem:50.80M (Peak 82.01M) | Time:00:00.23 | Mem:1.49M, Peak:1.49M | Scene, ViewLayer | Updating Geometry BVH Cylinder.123 404/467 | Building BVH
Fra:1 Mem:50.80M (Peak 82.01M) | Time:00:00.23 | Mem:1.50M, Peak:1.50M | Scene, ViewLayer | Updating Geometry BVH Cylinder.123 404/467 | Building mesh BLAS |      36 tris | Cylinder.123
Fra:1 Mem:50.80M (Peak 82.01M) | Time:00:00.23 | Mem:1.50M, Peak:1.50M | Scene, ViewLayer | Updating Geometry BVH FrontRight_low_flame_mesh 386/467 | Building BVH
Fra:1 Mem:50.80M (Peak 82.01M) | Time:00:00.23 | Mem:1.50M, Peak:1.50M | Scene, ViewLayer | Updating Geometry BVH FrontRight_low_flame_mesh 386/467 | Building mesh BLAS |     120 tris | FrontRight_low_flame_mesh
Fra:1 Mem:50.80M (Peak 82.01M) | Time:00:00.23 | Mem:1.50M, Peak:1.50M | Scene, ViewLayer | Updating Geometry BVH Back iron floor stand_mesh 387/467 | Building BVH
Fra:1 Mem:50.80M (Peak 82.01M) | Time:00:00.23 | Mem:1.50M, Peak:1.50M | Scene, ViewLayer | Updating Geometry BVH Back iron floor stand_mesh 387/467 | Building mesh BLAS |     224 tris | Back iron floor stand_mesh
Fra:1 Mem:50.80M (Peak 82.01M) | Time:00:00.23 | Mem:1.50M, Peak:1.50M | Scene, ViewLayer | Updating Geometry BVH Cylinder.114 388/467 | Building BVH
Fra:1 Mem:50.80M (Peak 82.01M) | Time:00:00.23 | Mem:1.50M, Peak:1.50M | Scene, ViewLayer | Updating Geometry BVH Cylinder.114 388/467 | Building mesh BLAS |      36 tris | Cylinder.114
Fra:1 Mem:50.80M (Peak 82.01M) | Time:00:00.23 | Mem:1.51M, Peak:1.51M | Scene, ViewLayer | Updating Geometry BVH Cylinder.115 389/467 | Building BVH
Fra:1 Mem:50.80M (Peak 82.01M) | Time:00:00.23 | Mem:1.51M, Peak:1.51M | Scene, ViewLayer | Updating Geometry BVH Cylinder.115 389/467 | Building mesh BLAS |      60 tris | Cylinder.115
Fra:1 Mem:50.80M (Peak 82.01M) | Time:00:00.23 | Mem:1.53M, Peak:1.53M | Scene, ViewLayer | Updating Geometry BVH Back_-1_0_drip_dish_mesh 390/467 | Building BVH
Fra:1 Mem:50.80M (Peak 82.01M) | Time:00:00.23 | Mem:1.53M, Peak:1.53M | Scene, ViewLayer | Updating Geometry BVH Cylinder.116 391/467 | Building mesh BLAS |     200 tris | Back_-1_0_drip_dish_mesh
Fra:1 Mem:50.80M (Peak 82.01M) | Time:00:00.23 | Mem:1.53M, Peak:1.53M | Scene, ViewLayer | Updating Geometry BVH Back_-1_0_flame_mesh 392/467 | Building BVH
Fra:1 Mem:50.80M (Peak 82.01M) | Time:00:00.23 | Mem:1.53M, Peak:1.53M | Scene, ViewLayer | Updating Geometry BVH Cylinder.117 393/467 | Building BVH
Fra:1 Mem:50.80M (Peak 82.01M) | Time:00:00.23 | Mem:1.53M, Peak:1.53M | Scene, ViewLayer | Updating Geometry BVH Cylinder.117 393/467 | Building mesh BLAS |     120 tris | Back_-1_0_flame_mesh
Fra:1 Mem:50.80M (Peak 82.01M) | Time:00:00.23 | Mem:1.53M, Peak:1.53M | Scene, ViewLayer | Updating Geometry BVH Cylinder.117 393/467 | Building mesh BLAS |      36 tris | Cylinder.117
Fra:1 Mem:50.80M (Peak 82.01M) | Time:00:00.23 | Mem:1.53M, Peak:1.53M | Scene, ViewLayer | Updating Geometry BVH Cylinder.117 393/467 | Building mesh BLAS |      24 tris | Cylinder.116
Fra:1 Mem:50.80M (Peak 82.01M) | Time:00:00.23 | Mem:1.53M, Peak:1.53M | Scene, ViewLayer | Updating Geometry BVH Cylinder.119 396/467 | Building BVH
Fra:1 Mem:50.80M (Peak 82.01M) | Time:00:00.23 | Mem:1.53M, Peak:1.53M | Scene, ViewLayer | Updating Geometry BVH Cylinder.119 396/467 | Building mesh BLAS |      60 tris | Cylinder.118
Fra:1 Mem:50.80M (Peak 82.01M) | Time:00:00.23 | Mem:1.53M, Peak:1.53M | Scene, ViewLayer | Updating Geometry BVH Cylinder.119 396/467 | Building mesh BLAS |     224 tris | Back iron floor stand_mesh.001
Fra:1 Mem:50.80M (Peak 82.01M) | Time:00:00.23 | Mem:1.53M, Peak:1.53M | Scene, ViewLayer | Updating Geometry BVH Cylinder.119 396/467 | Building mesh BLAS |     200 tris | Back_-1_1_drip_dish_mesh
Fra:1 Mem:50.80M (Peak 82.01M) | Time:00:00.23 | Mem:1.53M, Peak:1.53M | Scene, ViewLayer | Updating Geometry BVH Cylinder.119 396/467 | Building mesh BLAS |      24 tris | Cylinder.119
Fra:1 Mem:50.80M (Peak 82.01M) | Time:00:00.23 | Mem:1.53M, Peak:1.53M | Scene, ViewLayer | Updating Geometry BVH Back_-1_1_flame_mesh 397/467 | Building BVH
Fra:1 Mem:50.80M (Peak 82.01M) | Time:00:00.23 | Mem:1.53M, Peak:1.53M | Scene, ViewLayer | Updating Geometry BVH Back_-1_1_flame_mesh 397/467 | Building mesh BLAS |     120 tris | Back_-1_1_flame_mesh
Fra:1 Mem:50.80M (Peak 82.01M) | Time:00:00.23 | Mem:1.54M, Peak:1.54M | Scene, ViewLayer | Updating Geometry BVH Cylinder.120 398/467 | Building BVH
Fra:1 Mem:50.80M (Peak 82.01M) | Time:00:00.23 | Mem:1.55M, Peak:1.55M | Scene, ViewLayer | Updating Geometry BVH Cylinder.120 398/467 | Building mesh BLAS |      36 tris | Cylinder.120
Fra:1 Mem:50.80M (Peak 82.01M) | Time:00:00.23 | Mem:1.56M, Peak:1.56M | Scene, ViewLayer | Updating Geometry BVH Cylinder.121 399/467 | Building BVH
Fra:1 Mem:50.80M (Peak 82.01M) | Time:00:00.23 | Mem:1.56M, Peak:1.56M | Scene, ViewLayer | Updating Geometry BVH Cylinder.121 399/467 | Building mesh BLAS |      60 tris | Cylinder.121
Fra:1 Mem:50.80M (Peak 82.01M) | Time:00:00.23 | Mem:1.56M, Peak:1.56M | Scene, ViewLayer | Updating Geometry BVH Back_-1_2_drip_dish_mesh 400/467 | Building BVH
Fra:1 Mem:50.80M (Peak 82.01M) | Time:00:00.23 | Mem:1.56M, Peak:1.56M | Scene, ViewLayer | Updating Geometry BVH Back_-1_2_drip_dish_mesh 400/467 | Building mesh BLAS |     200 tris | Back_-1_2_drip_dish_mesh
Fra:1 Mem:50.80M (Peak 82.01M) | Time:00:00.23 | Mem:1.56M, Peak:1.56M | Scene, ViewLayer | Updating Geometry BVH Cylinder.122 401/467 | Building BVH
Fra:1 Mem:50.80M (Peak 82.01M) | Time:00:00.23 | Mem:1.56M, Peak:1.56M | Scene, ViewLayer | Updating Geometry BVH Cylinder.122 401/467 | Building mesh BLAS |      24 tris | Cylinder.122
Fra:1 Mem:50.80M (Peak 82.01M) | Time:00:00.23 | Mem:1.56M, Peak:1.56M | Scene, ViewLayer | Updating Geometry BVH Back_-1_2_flame_mesh 402/467 | Building BVH
Fra:1 Mem:50.80M (Peak 82.01M) | Time:00:00.23 | Mem:1.56M, Peak:1.56M | Scene, ViewLayer | Updating Geometry BVH Back_-1_2_flame_mesh 402/467 | Building mesh BLAS |     120 tris | Back_-1_2_flame_mesh
Fra:1 Mem:50.80M (Peak 82.01M) | Time:00:00.23 | Mem:1.59M, Peak:1.59M | Scene, ViewLayer | Updating Scene BVH | Building
Fra:1 Mem:50.83M (Peak 82.01M) | Time:00:00.25 | Mem:2.03M, Peak:2.03M | Scene, ViewLayer | Updating Scene BVH | Building TLAS      |    1326 instances
Fra:1 Mem:50.83M (Peak 82.01M) | Time:00:00.25 | Mem:2.32M, Peak:2.32M | Scene, ViewLayer | Updating Scene BVH | Copying BVH to device
Fra:1 Mem:50.83M (Peak 82.01M) | Time:00:00.25 | Mem:2.32M, Peak:2.32M | Scene, ViewLayer | Updating Mesh | Computing normals
Fra:1 Mem:51.51M (Peak 82.01M) | Time:00:00.25 | Mem:2.32M, Peak:2.32M | Scene, ViewLayer | Updating Mesh | Copying Mesh to device
Fra:1 Mem:50.83M (Peak 82.01M) | Time:00:00.25 | Mem:3.04M, Peak:3.04M | Scene, ViewLayer | Updating Objects Flags
Fra:1 Mem:50.82M (Peak 82.01M) | Time:00:00.25 | Mem:3.05M, Peak:3.05M | Scene, ViewLayer | Updating Primitive Offsets
Fra:1 Mem:50.82M (Peak 82.01M) | Time:00:00.25 | Mem:3.05M, Peak:3.05M | Scene, ViewLayer | Updating Images
Fra:1 Mem:50.82M (Peak 82.01M) | Time:00:00.25 | Mem:3.05M, Peak:3.05M | Scene, ViewLayer | Updating Camera Volume
Fra:1 Mem:50.82M (Peak 82.01M) | Time:00:00.25 | Mem:3.05M, Peak:3.05M | Scene, ViewLayer | Updating Lookup Tables
Fra:1 Mem:50.74M (Peak 82.01M) | Time:00:00.25 | Mem:3.15M, Peak:3.15M | Scene, ViewLayer | Updating Lights
Fra:1 Mem:50.74M (Peak 82.01M) | Time:00:00.25 | Mem:3.15M, Peak:3.15M | Scene, ViewLayer | Updating Lights | Computing tree
Fra:1 Mem:50.74M (Peak 82.01M) | Time:00:00.25 | Mem:3.53M, Peak:3.53M | Scene, ViewLayer | Updating Integrator
Fra:1 Mem:50.74M (Peak 82.01M) | Time:00:00.25 | Mem:3.53M, Peak:3.53M | Scene, ViewLayer | Updating Film
Fra:1 Mem:50.83M (Peak 82.01M) | Time:00:00.25 | Mem:3.43M, Peak:3.53M | Scene, ViewLayer | Updating Lookup Tables
Fra:1 Mem:50.74M (Peak 82.01M) | Time:00:00.25 | Mem:3.53M, Peak:3.53M | Scene, ViewLayer | Updating Baking
Fra:1 Mem:50.74M (Peak 82.01M) | Time:00:00.25 | Mem:3.53M, Peak:3.53M | Scene, ViewLayer | Updating Device | Writing constant memory
Fra:1 Mem:50.76M (Peak 82.01M) | Time:00:00.27 | Mem:3.53M, Peak:3.53M | Scene, ViewLayer | Loading denoising kernels (may take a few minutes the first time)
Fra:1 Mem:50.77M (Peak 82.77M) | Time:00:00.29 | Mem:3523.56M, Peak:3523.56M | Scene, ViewLayer | Sample 0/128 (5 kernels to optimize)
Fra:1 Mem:50.77M (Peak 166.73M) | Time:00:01.04 | Remaining:01:35.05 | Mem:3639.54M, Peak:3639.54M | Scene, ViewLayer | Sample 1/128 (Using optimized kernels)
Fra:1 Mem:50.77M (Peak 166.73M) | Time:00:12.95 | Remaining:00:36.42 | Mem:3639.55M, Peak:3639.55M | Scene, ViewLayer | Sample 33/128 (Using optimized kernels)
Fra:1 Mem:50.77M (Peak 166.73M) | Time:00:18.60 | Remaining:00:30.50 | Mem:3639.55M, Peak:3639.55M | Scene, ViewLayer | Sample 48/128 (Using optimized kernels)
Fra:1 Mem:50.77M (Peak 166.73M) | Time:00:20.79 | Remaining:00:20.49 | Mem:3639.55M, Peak:3639.55M | Scene, ViewLayer | Sample 64/128 (Using optimized kernels)
Fra:1 Mem:50.77M (Peak 166.73M) | Time:00:23.12 | Remaining:00:13.69 | Mem:3639.55M, Peak:3639.55M | Scene, ViewLayer | Sample 80/128 (Using optimized kernels)
Fra:1 Mem:50.77M (Peak 166.73M) | Time:00:25.78 | Remaining:00:08.49 | Mem:3639.55M, Peak:3639.55M | Scene, ViewLayer | Sample 96/128 (Using optimized kernels)
Fra:1 Mem:50.77M (Peak 166.73M) | Time:00:27.77 | Remaining:00:03.92 | Mem:3639.55M, Peak:3639.55M | Scene, ViewLayer | Sample 112/128 (Using optimized kernels)
Fra:1 Mem:99.60M (Peak 172.84M) | Time:00:33.83 | Mem:3639.55M, Peak:3639.55M | Scene, ViewLayer | Sample 128/128 (Using optimized kernels)
Fra:1 Mem:99.60M (Peak 172.84M) | Time:00:33.83 | Mem:3639.55M, Peak:3639.55M | Scene, ViewLayer | Finished
Fra:1 Mem:98.43M (Peak 172.84M) | Time:00:33.90 | Compositing
Saved: '/Users/jiayaochen/Desktop/avalon/renders/chapel_lighting.png'
Time: 00:34.13 (Saving: 00:00.09)

Info: Saved as "black_chapel.blend"
CHAPEL_STATISTICS {"stage": "lighting", "blender": "4.5.3 LTS", "triangles_evaluated": 116593, "triangles_unique_meshes": 23821, "triangles_by_collection": {"01 Floor": 16308, "02 Walls": 65340, "04 Columns": 4128, "03 Arches": 11256, "05 Altar": 1151, "06 Council table": 2160, "07 Hooded placeholders": 4746, "08 Candles": 11492, "10 Atmosphere": 12}, "objects": 1326, "materials": 14, "external_image_textures": 0, "external_texture_memory_bytes": 0, "texture_memory_note": "All surface textures are procedural. Render buffers and GPU working memory excluded.", "render_samples": 128, "render_resolution": [1600, 1000], "denoising": true, "light_count": 18, "render_device": "GPU", "parameters": {"room_m": [9.0, 14.0, 8.2], "table_m": [6.1, 3.0, 0.82], "camera_mm": 39.0, "camera_location": [0.045, -4.7, 1.59], "camera_target": [0.0, 2.5, 1.02], "candle_power_w": 110.0, "fog_density": 0.012, "candle_color": [1.0, 0.38, 0.13], "red_accent_power_w": 8.0, "world_strength": 0.004, "exposure": -1.0}, "godot_note": "Modular meshes, metres, Principled materials, no subdivision. Procedural shaders need baking or recreation; Cycles atmosphere and grading need recreation in Godot. No engine integration performed."}
CHAPEL_STAGE_COMPLETE lighting
CHAPEL_VALIDATION_OK final
RNA_float_set: NodeSocket.default_value not found.
Fra:1 Mem:120.75M (Peak 120.75M) | Time:00:00.06 | Mem:0.02M, Peak:0.02M | Scene, ViewLayer | Synchronizing object | Floor foundation
Fra:1 Mem:120.75M (Peak 120.75M) | Time:00:00.06 | Mem:0.02M, Peak:0.02M | Scene, ViewLayer | Synchronizing object | FloorTile_00_00
Fra:1 Mem:120.80M (Peak 120.80M) | Time:00:00.06 | Mem:0.02M, Peak:0.02M | Scene, ViewLayer | Synchronizing object | Back wall mass
Fra:1 Mem:120.80M (Peak 120.80M) | Time:00:00.06 | Mem:0.02M, Peak:0.02M | Scene, ViewLayer | Synchronizing object | StoneWall_Back_00_00
Fra:1 Mem:120.83M (Peak 120.83M) | Time:00:00.06 | Mem:0.02M, Peak:0.02M | Scene, ViewLayer | Synchronizing object | StoneWall_Side_-1_00_00
Fra:1 Mem:121.00M (Peak 121.00M) | Time:00:00.06 | Mem:0.02M, Peak:0.02M | Scene, ViewLayer | Synchronizing object | StoneColumn_square_plinth
Fra:1 Mem:121.01M (Peak 121.01M) | Time:00:00.06 | Mem:0.02M, Peak:0.02M | Scene, ViewLayer | Synchronizing object | StoneColumn_shaft_module
Fra:1 Mem:121.01M (Peak 121.01M) | Time:00:00.06 | Mem:0.02M, Peak:0.02M | Scene, ViewLayer | Synchronizing object | StoneColumn_shaft_module.006
Fra:1 Mem:121.01M (Peak 121.01M) | Time:00:00.07 | Mem:0.02M, Peak:0.02M | Scene, ViewLayer | Synchronizing object | StoneColumn_attached_shaft
Fra:1 Mem:121.02M (Peak 121.02M) | Time:00:00.07 | Mem:0.02M, Peak:0.02M | Scene, ViewLayer | Synchronizing object | StoneColumn_attached_shaft.002
Fra:1 Mem:121.03M (Peak 121.03M) | Time:00:00.07 | Mem:0.02M, Peak:0.02M | Scene, ViewLayer | Synchronizing object | StoneColumn_capital
Fra:1 Mem:121.03M (Peak 121.03M) | Time:00:00.07 | Mem:0.02M, Peak:0.02M | Scene, ViewLayer | Synchronizing object | StoneColumn_capital_neck
Fra:1 Mem:121.03M (Peak 121.03M) | Time:00:00.07 | Mem:0.02M, Peak:0.02M | Scene, ViewLayer | Synchronizing object | StoneColumn_octagonal_foot.001
Fra:1 Mem:121.03M (Peak 121.03M) | Time:00:00.07 | Mem:0.02M, Peak:0.02M | Scene, ViewLayer | Synchronizing object | StoneColumn_shaft_module.008
Fra:1 Mem:121.04M (Peak 121.04M) | Time:00:00.07 | Mem:0.02M, Peak:0.02M | Scene, ViewLayer | Synchronizing object | StoneColumn_shaft_module.011
Fra:1 Mem:121.06M (Peak 121.06M) | Time:00:00.07 | Mem:0.02M, Peak:0.02M | Scene, ViewLayer | Synchronizing object | StoneColumn_shaft_module.012
Fra:1 Mem:121.06M (Peak 121.06M) | Time:00:00.07 | Mem:0.02M, Peak:0.02M | Scene, ViewLayer | Synchronizing object | StoneColumn_shaft_module.013
Fra:1 Mem:121.06M (Peak 121.06M) | Time:00:00.07 | Mem:0.02M, Peak:0.02M | Scene, ViewLayer | Synchronizing object | StoneColumn_attached_shaft.003
Fra:1 Mem:121.07M (Peak 121.07M) | Time:00:00.07 | Mem:0.02M, Peak:0.02M | Scene, ViewLayer | Synchronizing object | StoneColumn_attached_shaft.004
Fra:1 Mem:121.07M (Peak 121.07M) | Time:00:00.07 | Mem:0.02M, Peak:0.02M | Scene, ViewLayer | Synchronizing object | StoneColumn_octagonal_foot.002
Fra:1 Mem:121.08M (Peak 121.08M) | Time:00:00.07 | Mem:0.02M, Peak:0.02M | Scene, ViewLayer | Synchronizing object | StoneColumn_shaft_module.014
Fra:1 Mem:121.08M (Peak 121.08M) | Time:00:00.07 | Mem:0.02M, Peak:0.02M | Scene, ViewLayer | Synchronizing object | StoneColumn_shaft_module.015
Fra:1 Mem:121.08M (Peak 121.08M) | Time:00:00.07 | Mem:0.02M, Peak:0.02M | Scene, ViewLayer | Synchronizing object | StoneColumn_shaft_module.016
Fra:1 Mem:121.09M (Peak 121.09M) | Time:00:00.07 | Mem:0.02M, Peak:0.02M | Scene, ViewLayer | Synchronizing object | StoneColumn_shaft_module.017
Fra:1 Mem:121.09M (Peak 121.09M) | Time:00:00.07 | Mem:0.02M, Peak:0.02M | Scene, ViewLayer | Synchronizing object | StoneColumn_shaft_module.019
Fra:1 Mem:121.09M (Peak 121.09M) | Time:00:00.07 | Mem:0.02M, Peak:0.02M | Scene, ViewLayer | Synchronizing object | StoneColumn_shaft_module.020
Fra:1 Mem:121.10M (Peak 121.10M) | Time:00:00.07 | Mem:0.02M, Peak:0.02M | Scene, ViewLayer | Synchronizing object | StoneColumn_attached_shaft.006
Fra:1 Mem:121.10M (Peak 121.10M) | Time:00:00.07 | Mem:0.02M, Peak:0.02M | Scene, ViewLayer | Synchronizing object | StoneColumn_attached_shaft.007
Fra:1 Mem:121.10M (Peak 121.10M) | Time:00:00.07 | Mem:0.02M, Peak:0.02M | Scene, ViewLayer | Synchronizing object | StoneColumn_capital_neck.002
Fra:1 Mem:121.11M (Peak 121.11M) | Time:00:00.07 | Mem:0.02M, Peak:0.02M | Scene, ViewLayer | Synchronizing object | StoneColumn_shaft_module.021
Fra:1 Mem:121.12M (Peak 121.12M) | Time:00:00.07 | Mem:0.02M, Peak:0.02M | Scene, ViewLayer | Synchronizing object | StoneColumn_shaft_module.022
Fra:1 Mem:121.12M (Peak 121.12M) | Time:00:00.07 | Mem:0.02M, Peak:0.02M | Scene, ViewLayer | Synchronizing object | StoneColumn_shaft_module.023
Fra:1 Mem:121.12M (Peak 121.12M) | Time:00:00.07 | Mem:0.02M, Peak:0.02M | Scene, ViewLayer | Synchronizing object | StoneColumn_shaft_module.024
Fra:1 Mem:121.13M (Peak 121.13M) | Time:00:00.07 | Mem:0.02M, Peak:0.02M | Scene, ViewLayer | Synchronizing object | StoneColumn_shaft_module.026
Fra:1 Mem:121.13M (Peak 121.13M) | Time:00:00.07 | Mem:0.02M, Peak:0.02M | Scene, ViewLayer | Synchronizing object | StoneColumn_shaft_module.027
Fra:1 Mem:121.13M (Peak 121.13M) | Time:00:00.07 | Mem:0.02M, Peak:0.02M | Scene, ViewLayer | Synchronizing object | StoneColumn_attached_shaft.009
Fra:1 Mem:121.14M (Peak 121.14M) | Time:00:00.07 | Mem:0.02M, Peak:0.02M | Scene, ViewLayer | Synchronizing object | StoneColumn_attached_shaft.011
Fra:1 Mem:121.14M (Peak 121.14M) | Time:00:00.07 | Mem:0.02M, Peak:0.02M | Scene, ViewLayer | Synchronizing object | StoneColumn_capital_neck.003
Fra:1 Mem:121.14M (Peak 121.14M) | Time:00:00.07 | Mem:0.02M, Peak:0.02M | Scene, ViewLayer | Synchronizing object | StoneColumn_shaft_module.028
Fra:1 Mem:121.15M (Peak 121.15M) | Time:00:00.07 | Mem:0.02M, Peak:0.02M | Scene, ViewLayer | Synchronizing object | StoneColumn_shaft_module.029
Fra:1 Mem:121.15M (Peak 121.15M) | Time:00:00.07 | Mem:0.02M, Peak:0.02M | Scene, ViewLayer | Synchronizing object | StoneColumn_shaft_module.030
Fra:1 Mem:121.16M (Peak 121.16M) | Time:00:00.07 | Mem:0.02M, Peak:0.02M | Scene, ViewLayer | Synchronizing object | StoneColumn_shaft_module.031
Fra:1 Mem:121.16M (Peak 121.16M) | Time:00:00.07 | Mem:0.02M, Peak:0.02M | Scene, ViewLayer | Synchronizing object | StoneColumn_shaft_module.032
Fra:1 Mem:121.17M (Peak 121.17M) | Time:00:00.07 | Mem:0.02M, Peak:0.02M | Scene, ViewLayer | Synchronizing object | StoneColumn_shaft_module.033
Fra:1 Mem:121.17M (Peak 121.17M) | Time:00:00.07 | Mem:0.02M, Peak:0.02M | Scene, ViewLayer | Synchronizing object | StoneColumn_shaft_module.034
Fra:1 Mem:121.17M (Peak 121.17M) | Time:00:00.07 | Mem:0.02M, Peak:0.02M | Scene, ViewLayer | Synchronizing object | StoneColumn_attached_shaft.014
Fra:1 Mem:121.18M (Peak 121.18M) | Time:00:00.07 | Mem:0.02M, Peak:0.02M | Scene, ViewLayer | Synchronizing object | StoneColumn_capital_neck.004
Fra:1 Mem:121.18M (Peak 121.18M) | Time:00:00.07 | Mem:0.02M, Peak:0.02M | Scene, ViewLayer | Synchronizing object | StoneColumn_octagonal_foot.005
Fra:1 Mem:121.18M (Peak 121.18M) | Time:00:00.07 | Mem:0.02M, Peak:0.02M | Scene, ViewLayer | Synchronizing object | StoneColumn_shaft_module.035
Fra:1 Mem:121.19M (Peak 121.19M) | Time:00:00.07 | Mem:0.02M, Peak:0.02M | Scene, ViewLayer | Synchronizing object | StoneColumn_shaft_module.036
Fra:1 Mem:121.19M (Peak 121.19M) | Time:00:00.07 | Mem:0.02M, Peak:0.02M | Scene, ViewLayer | Synchronizing object | StoneColumn_shaft_module.038
Fra:1 Mem:121.20M (Peak 121.20M) | Time:00:00.07 | Mem:0.02M, Peak:0.02M | Scene, ViewLayer | Synchronizing object | StoneColumn_shaft_module.039
Fra:1 Mem:121.20M (Peak 121.20M) | Time:00:00.07 | Mem:0.02M, Peak:0.02M | Scene, ViewLayer | Synchronizing object | StoneColumn_shaft_module.041
Fra:1 Mem:121.21M (Peak 121.21M) | Time:00:00.07 | Mem:0.02M, Peak:0.02M | Scene, ViewLayer | Synchronizing object | StoneColumn_attached_shaft.016
Fra:1 Mem:121.21M (Peak 121.21M) | Time:00:00.07 | Mem:0.02M, Peak:0.02M | Scene, ViewLayer | Synchronizing object | StoneColumn_attached_shaft.017
Fra:1 Mem:121.22M (Peak 121.22M) | Time:00:00.07 | Mem:0.02M, Peak:0.02M | Scene, ViewLayer | Synchronizing object | StoneColumn_capital_neck.005
Fra:1 Mem:121.22M (Peak 121.22M) | Time:00:00.07 | Mem:0.02M, Peak:0.02M | Scene, ViewLayer | Synchronizing object | GothicRib_voussoir.001
Fra:1 Mem:121.22M (Peak 121.22M) | Time:00:00.07 | Mem:0.02M, Peak:0.02M | Scene, ViewLayer | Synchronizing object | GothicRib_voussoir.002
Fra:1 Mem:121.22M (Peak 121.22M) | Time:00:00.07 | Mem:0.02M, Peak:0.02M | Scene, ViewLayer | Synchronizing object | GothicRib_voussoir.003
Fra:1 Mem:121.23M (Peak 121.23M) | Time:00:00.07 | Mem:0.02M, Peak:0.02M | Scene, ViewLayer | Synchronizing object | GothicRib_voussoir.004
Fra:1 Mem:121.23M (Peak 121.23M) | Time:00:00.07 | Mem:0.02M, Peak:0.02M | Scene, ViewLayer | Synchronizing object | GothicRib_voussoir.005
Fra:1 Mem:121.23M (Peak 121.23M) | Time:00:00.07 | Mem:0.02M, Peak:0.02M | Scene, ViewLayer | Synchronizing object | GothicRib_voussoir.006
Fra:1 Mem:121.23M (Peak 121.23M) | Time:00:00.07 | Mem:0.02M, Peak:0.02M | Scene, ViewLayer | Synchronizing object | GothicRib_voussoir.007
Fra:1 Mem:121.24M (Peak 121.24M) | Time:00:00.07 | Mem:0.02M, Peak:0.02M | Scene, ViewLayer | Synchronizing object | GothicRib_voussoir.009
Fra:1 Mem:121.24M (Peak 121.24M) | Time:00:00.07 | Mem:0.02M, Peak:0.02M | Scene, ViewLayer | Synchronizing object | GothicRib_voussoir.010
Fra:1 Mem:121.24M (Peak 121.24M) | Time:00:00.07 | Mem:0.02M, Peak:0.02M | Scene, ViewLayer | Synchronizing object | GothicRib_voussoir.011
Fra:1 Mem:121.25M (Peak 121.25M) | Time:00:00.07 | Mem:0.02M, Peak:0.02M | Scene, ViewLayer | Synchronizing object | GothicRib_voussoir.012
Fra:1 Mem:121.25M (Peak 121.25M) | Time:00:00.07 | Mem:0.02M, Peak:0.02M | Scene, ViewLayer | Synchronizing object | GothicRib_voussoir.013
Fra:1 Mem:121.25M (Peak 121.25M) | Time:00:00.07 | Mem:0.02M, Peak:0.02M | Scene, ViewLayer | Synchronizing object | GothicRib_voussoir.014
Fra:1 Mem:121.25M (Peak 121.25M) | Time:00:00.07 | Mem:0.02M, Peak:0.02M | Scene, ViewLayer | Synchronizing object | GothicRib_voussoir.015
Fra:1 Mem:121.25M (Peak 121.25M) | Time:00:00.07 | Mem:0.02M, Peak:0.02M | Scene, ViewLayer | Synchronizing object | GothicRib_voussoir.016
Fra:1 Mem:121.25M (Peak 121.25M) | Time:00:00.07 | Mem:0.02M, Peak:0.02M | Scene, ViewLayer | Synchronizing object | GothicRib_voussoir.017
Fra:1 Mem:121.26M (Peak 121.26M) | Time:00:00.07 | Mem:0.02M, Peak:0.02M | Scene, ViewLayer | Synchronizing object | GothicRib_voussoir.018
Fra:1 Mem:121.26M (Peak 121.26M) | Time:00:00.07 | Mem:0.02M, Peak:0.02M | Scene, ViewLayer | Synchronizing object | GothicRib_voussoir.020
Fra:1 Mem:121.26M (Peak 121.26M) | Time:00:00.07 | Mem:0.02M, Peak:0.02M | Scene, ViewLayer | Synchronizing object | GothicRib_voussoir.021
Fra:1 Mem:121.26M (Peak 121.26M) | Time:00:00.07 | Mem:0.02M, Peak:0.02M | Scene, ViewLayer | Synchronizing object | GothicRib_voussoir.022
Fra:1 Mem:121.26M (Peak 121.26M) | Time:00:00.07 | Mem:0.02M, Peak:0.02M | Scene, ViewLayer | Synchronizing object | GothicRib_voussoir.023
Fra:1 Mem:121.27M (Peak 121.27M) | Time:00:00.07 | Mem:0.02M, Peak:0.02M | Scene, ViewLayer | Synchronizing object | GothicRib_voussoir.024
Fra:1 Mem:121.27M (Peak 121.27M) | Time:00:00.07 | Mem:0.02M, Peak:0.02M | Scene, ViewLayer | Synchronizing object | GothicRib_voussoir.026
Fra:1 Mem:121.27M (Peak 121.27M) | Time:00:00.07 | Mem:0.02M, Peak:0.02M | Scene, ViewLayer | Synchronizing object | GothicRib_voussoir.027
Fra:1 Mem:121.27M (Peak 121.27M) | Time:00:00.07 | Mem:0.02M, Peak:0.02M | Scene, ViewLayer | Synchronizing object | GothicRib_voussoir.028
Fra:1 Mem:121.27M (Peak 121.27M) | Time:00:00.07 | Mem:0.02M, Peak:0.02M | Scene, ViewLayer | Synchronizing object | GothicRib_voussoir.029
Fra:1 Mem:121.27M (Peak 121.27M) | Time:00:00.07 | Mem:0.02M, Peak:0.02M | Scene, ViewLayer | Synchronizing object | GothicRib_voussoir.030
Fra:1 Mem:121.27M (Peak 121.27M) | Time:00:00.07 | Mem:0.02M, Peak:0.02M | Scene, ViewLayer | Synchronizing object | GothicRib_voussoir.031
Fra:1 Mem:121.28M (Peak 121.28M) | Time:00:00.07 | Mem:0.02M, Peak:0.02M | Scene, ViewLayer | Synchronizing object | GothicRib_voussoir.032
Fra:1 Mem:121.28M (Peak 121.28M) | Time:00:00.07 | Mem:0.02M, Peak:0.02M | Scene, ViewLayer | Synchronizing object | GothicRib_voussoir.033
Fra:1 Mem:121.28M (Peak 121.28M) | Time:00:00.07 | Mem:0.02M, Peak:0.02M | Scene, ViewLayer | Synchronizing object | GothicRib_voussoir.034
Fra:1 Mem:121.28M (Peak 121.28M) | Time:00:00.07 | Mem:0.02M, Peak:0.02M | Scene, ViewLayer | Synchronizing object | GothicRib_voussoir.036
Fra:1 Mem:121.28M (Peak 121.28M) | Time:00:00.07 | Mem:0.02M, Peak:0.02M | Scene, ViewLayer | Synchronizing object | GothicRib_voussoir.037
Fra:1 Mem:121.28M (Peak 121.28M) | Time:00:00.07 | Mem:0.02M, Peak:0.02M | Scene, ViewLayer | Synchronizing object | GothicRib_voussoir.039
Fra:1 Mem:121.28M (Peak 121.28M) | Time:00:00.07 | Mem:0.02M, Peak:0.02M | Scene, ViewLayer | Synchronizing object | GothicRib_voussoir.040
Fra:1 Mem:121.29M (Peak 121.29M) | Time:00:00.07 | Mem:0.02M, Peak:0.02M | Scene, ViewLayer | Synchronizing object | GothicRib_voussoir.041
Fra:1 Mem:121.29M (Peak 121.29M) | Time:00:00.07 | Mem:0.02M, Peak:0.02M | Scene, ViewLayer | Synchronizing object | GothicRib_voussoir.042
Fra:1 Mem:121.29M (Peak 121.29M) | Time:00:00.07 | Mem:0.02M, Peak:0.02M | Scene, ViewLayer | Synchronizing object | GothicRib_voussoir.043
Fra:1 Mem:121.29M (Peak 121.29M) | Time:00:00.07 | Mem:0.02M, Peak:0.02M | Scene, ViewLayer | Synchronizing object | GothicRib_voussoir.045
Fra:1 Mem:121.29M (Peak 121.29M) | Time:00:00.07 | Mem:0.02M, Peak:0.02M | Scene, ViewLayer | Synchronizing object | GothicRib_voussoir.046
Fra:1 Mem:121.30M (Peak 121.30M) | Time:00:00.07 | Mem:0.02M, Peak:0.02M | Scene, ViewLayer | Synchronizing object | GothicRib_voussoir.049
Fra:1 Mem:121.30M (Peak 121.30M) | Time:00:00.07 | Mem:0.02M, Peak:0.02M | Scene, ViewLayer | Synchronizing object | GothicRib_voussoir.051
Fra:1 Mem:121.30M (Peak 121.30M) | Time:00:00.07 | Mem:0.02M, Peak:0.02M | Scene, ViewLayer | Synchronizing object | GothicRib_voussoir.052
Fra:1 Mem:121.31M (Peak 121.31M) | Time:00:00.07 | Mem:0.02M, Peak:0.02M | Scene, ViewLayer | Synchronizing object | GothicRib_voussoir.056
Fra:1 Mem:121.31M (Peak 121.31M) | Time:00:00.07 | Mem:0.02M, Peak:0.02M | Scene, ViewLayer | Synchronizing object | GothicRib_voussoir.057
Fra:1 Mem:121.31M (Peak 121.31M) | Time:00:00.07 | Mem:0.02M, Peak:0.02M | Scene, ViewLayer | Synchronizing object | GothicRib_voussoir.058
Fra:1 Mem:121.31M (Peak 121.31M) | Time:00:00.07 | Mem:0.02M, Peak:0.02M | Scene, ViewLayer | Synchronizing object | GothicRib_voussoir.059
Fra:1 Mem:121.31M (Peak 121.31M) | Time:00:00.07 | Mem:0.02M, Peak:0.02M | Scene, ViewLayer | Synchronizing object | GothicRib_voussoir.060
Fra:1 Mem:121.32M (Peak 121.32M) | Time:00:00.07 | Mem:0.02M, Peak:0.02M | Scene, ViewLayer | Synchronizing object | GothicRib_voussoir.061
Fra:1 Mem:121.32M (Peak 121.32M) | Time:00:00.07 | Mem:0.02M, Peak:0.02M | Scene, ViewLayer | Synchronizing object | GothicRib_voussoir.063
Fra:1 Mem:121.32M (Peak 121.32M) | Time:00:00.07 | Mem:0.02M, Peak:0.02M | Scene, ViewLayer | Synchronizing object | GothicRib_voussoir.064
Fra:1 Mem:121.32M (Peak 121.32M) | Time:00:00.07 | Mem:0.02M, Peak:0.02M | Scene, ViewLayer | Synchronizing object | GothicRib_voussoir.065
Fra:1 Mem:121.32M (Peak 121.32M) | Time:00:00.07 | Mem:0.02M, Peak:0.02M | Scene, ViewLayer | Synchronizing object | GothicRib_voussoir.066
Fra:1 Mem:121.32M (Peak 121.32M) | Time:00:00.07 | Mem:0.02M, Peak:0.02M | Scene, ViewLayer | Synchronizing object | GothicRib_voussoir.067
Fra:1 Mem:121.32M (Peak 121.32M) | Time:00:00.07 | Mem:0.02M, Peak:0.02M | Scene, ViewLayer | Synchronizing object | GothicRib_voussoir.068
Fra:1 Mem:121.33M (Peak 121.33M) | Time:00:00.07 | Mem:0.02M, Peak:0.02M | Scene, ViewLayer | Synchronizing object | GothicRib_voussoir.069
Fra:1 Mem:121.33M (Peak 121.33M) | Time:00:00.07 | Mem:0.02M, Peak:0.02M | Scene, ViewLayer | Synchronizing object | GothicRib_voussoir.071
Fra:1 Mem:121.33M (Peak 121.33M) | Time:00:00.07 | Mem:0.02M, Peak:0.02M | Scene, ViewLayer | Synchronizing object | GothicRib_voussoir.072
Fra:1 Mem:121.33M (Peak 121.33M) | Time:00:00.07 | Mem:0.02M, Peak:0.02M | Scene, ViewLayer | Synchronizing object | GothicRib_voussoir.073
Fra:1 Mem:121.33M (Peak 121.33M) | Time:00:00.07 | Mem:0.02M, Peak:0.02M | Scene, ViewLayer | Synchronizing object | GothicRib_voussoir.075
Fra:1 Mem:121.33M (Peak 121.33M) | Time:00:00.07 | Mem:0.02M, Peak:0.02M | Scene, ViewLayer | Synchronizing object | GothicRib_voussoir.076
Fra:1 Mem:121.34M (Peak 121.34M) | Time:00:00.07 | Mem:0.02M, Peak:0.02M | Scene, ViewLayer | Synchronizing object | GothicRib_voussoir.077
Fra:1 Mem:121.34M (Peak 121.34M) | Time:00:00.07 | Mem:0.02M, Peak:0.02M | Scene, ViewLayer | Synchronizing object | Great altar pointed arch_voussoir
Fra:1 Mem:121.34M (Peak 121.34M) | Time:00:00.07 | Mem:0.02M, Peak:0.02M | Scene, ViewLayer | Synchronizing object | Great altar pointed arch_voussoir.001
Fra:1 Mem:121.36M (Peak 121.36M) | Time:00:00.07 | Mem:0.02M, Peak:0.02M | Scene, ViewLayer | Synchronizing object | Great altar pointed arch_voussoir.002
Fra:1 Mem:121.35M (Peak 121.36M) | Time:00:00.07 | Mem:0.02M, Peak:0.02M | Scene, ViewLayer | Synchronizing object | Great altar pointed arch_voussoir.003
Fra:1 Mem:121.35M (Peak 121.36M) | Time:00:00.07 | Mem:0.02M, Peak:0.02M | Scene, ViewLayer | Synchronizing object | Great altar pointed arch_voussoir.005
Fra:1 Mem:121.35M (Peak 121.36M) | Time:00:00.07 | Mem:0.02M, Peak:0.02M | Scene, ViewLayer | Synchronizing object | Great altar pointed arch_voussoir.006
Fra:1 Mem:121.36M (Peak 121.36M) | Time:00:00.07 | Mem:0.02M, Peak:0.02M | Scene, ViewLayer | Synchronizing object | Great altar pointed arch_voussoir.007
Fra:1 Mem:121.36M (Peak 121.36M) | Time:00:00.07 | Mem:0.02M, Peak:0.02M | Scene, ViewLayer | Synchronizing object | Great altar pointed arch_voussoir.008
Fra:1 Mem:121.37M (Peak 121.37M) | Time:00:00.07 | Mem:0.02M, Peak:0.02M | Scene, ViewLayer | Synchronizing object | Great altar pointed arch_voussoir.009
Fra:1 Mem:121.37M (Peak 121.37M) | Time:00:00.07 | Mem:0.02M, Peak:0.02M | Scene, ViewLayer | Synchronizing object | Great altar pointed arch_voussoir.010
Fra:1 Mem:121.37M (Peak 121.37M) | Time:00:00.07 | Mem:0.02M, Peak:0.02M | Scene, ViewLayer | Synchronizing object | Great altar pointed arch_voussoir.011
Fra:1 Mem:121.37M (Peak 121.37M) | Time:00:00.07 | Mem:0.02M, Peak:0.02M | Scene, ViewLayer | Synchronizing object | Great altar pointed arch_voussoir.012
Fra:1 Mem:121.37M (Peak 121.37M) | Time:00:00.07 | Mem:0.02M, Peak:0.02M | Scene, ViewLayer | Synchronizing object | Great altar pointed arch_voussoir.013
Fra:1 Mem:121.37M (Peak 121.37M) | Time:00:00.07 | Mem:0.02M, Peak:0.02M | Scene, ViewLayer | Synchronizing object | Great altar pointed arch_voussoir.014
Fra:1 Mem:121.37M (Peak 121.37M) | Time:00:00.07 | Mem:0.02M, Peak:0.02M | Scene, ViewLayer | Synchronizing object | Great altar pointed arch_voussoir.015
Fra:1 Mem:121.38M (Peak 121.38M) | Time:00:00.07 | Mem:0.02M, Peak:0.02M | Scene, ViewLayer | Synchronizing object | Great altar pointed arch_voussoir.016
Fra:1 Mem:121.38M (Peak 121.38M) | Time:00:00.07 | Mem:0.02M, Peak:0.02M | Scene, ViewLayer | Synchronizing object | Great altar pointed arch_voussoir.017
Fra:1 Mem:121.38M (Peak 121.38M) | Time:00:00.07 | Mem:0.02M, Peak:0.02M | Scene, ViewLayer | Synchronizing object | Great altar pointed arch_voussoir.018
Fra:1 Mem:121.38M (Peak 121.38M) | Time:00:00.07 | Mem:0.02M, Peak:0.02M | Scene, ViewLayer | Synchronizing object | Great altar pointed arch_voussoir.019
Fra:1 Mem:121.38M (Peak 121.38M) | Time:00:00.07 | Mem:0.02M, Peak:0.02M | Scene, ViewLayer | Synchronizing object | Great altar pointed arch_voussoir.021
Fra:1 Mem:121.38M (Peak 121.38M) | Time:00:00.07 | Mem:0.02M, Peak:0.02M | Scene, ViewLayer | Synchronizing object | Great altar pointed arch_voussoir.022
Fra:1 Mem:121.38M (Peak 121.38M) | Time:00:00.07 | Mem:0.02M, Peak:0.02M | Scene, ViewLayer | Synchronizing object | Great altar pointed arch_voussoir.024
Fra:1 Mem:121.39M (Peak 121.39M) | Time:00:00.07 | Mem:0.02M, Peak:0.02M | Scene, ViewLayer | Synchronizing object | Great altar pointed arch_voussoir.025
Fra:1 Mem:121.39M (Peak 121.39M) | Time:00:00.07 | Mem:0.02M, Peak:0.02M | Scene, ViewLayer | Synchronizing object | Altar outer moulding_pier
Fra:1 Mem:121.39M (Peak 121.39M) | Time:00:00.07 | Mem:0.02M, Peak:0.02M | Scene, ViewLayer | Synchronizing object | Altar outer moulding_voussoir.001
Fra:1 Mem:121.40M (Peak 121.40M) | Time:00:00.07 | Mem:0.02M, Peak:0.02M | Scene, ViewLayer | Synchronizing object | Altar outer moulding_voussoir.002
Fra:1 Mem:121.40M (Peak 121.40M) | Time:00:00.07 | Mem:0.02M, Peak:0.02M | Scene, ViewLayer | Synchronizing object | Altar outer moulding_voussoir.004
Fra:1 Mem:121.40M (Peak 121.40M) | Time:00:00.07 | Mem:0.02M, Peak:0.02M | Scene, ViewLayer | Synchronizing object | Altar outer moulding_voussoir.005
Fra:1 Mem:121.40M (Peak 121.40M) | Time:00:00.07 | Mem:0.02M, Peak:0.02M | Scene, ViewLayer | Synchronizing object | Altar outer moulding_voussoir.006
Fra:1 Mem:121.41M (Peak 121.41M) | Time:00:00.07 | Mem:0.02M, Peak:0.02M | Scene, ViewLayer | Synchronizing object | Altar outer moulding_voussoir.007
Fra:1 Mem:121.41M (Peak 121.41M) | Time:00:00.07 | Mem:0.02M, Peak:0.02M | Scene, ViewLayer | Synchronizing object | Altar outer moulding_voussoir.008
Fra:1 Mem:121.41M (Peak 121.41M) | Time:00:00.07 | Mem:0.02M, Peak:0.02M | Scene, ViewLayer | Synchronizing object | Altar outer moulding_voussoir.009
Fra:1 Mem:121.41M (Peak 121.41M) | Time:00:00.07 | Mem:0.02M, Peak:0.02M | Scene, ViewLayer | Synchronizing object | Altar outer moulding_voussoir.010
Fra:1 Mem:121.41M (Peak 121.41M) | Time:00:00.07 | Mem:0.02M, Peak:0.02M | Scene, ViewLayer | Synchronizing object | Altar outer moulding_voussoir.012
Fra:1 Mem:121.42M (Peak 121.42M) | Time:00:00.07 | Mem:0.02M, Peak:0.02M | Scene, ViewLayer | Synchronizing object | Altar outer moulding_voussoir.014
Fra:1 Mem:121.42M (Peak 121.42M) | Time:00:00.07 | Mem:0.02M, Peak:0.02M | Scene, ViewLayer | Synchronizing object | Altar outer moulding_voussoir.015
Fra:1 Mem:121.42M (Peak 121.42M) | Time:00:00.07 | Mem:0.02M, Peak:0.02M | Scene, ViewLayer | Synchronizing object | Altar outer moulding_voussoir.016
Fra:1 Mem:121.42M (Peak 121.42M) | Time:00:00.07 | Mem:0.02M, Peak:0.02M | Scene, ViewLayer | Synchronizing object | Altar outer moulding_voussoir.017
Fra:1 Mem:121.42M (Peak 121.42M) | Time:00:00.07 | Mem:0.02M, Peak:0.02M | Scene, ViewLayer | Synchronizing object | Altar outer moulding_voussoir.018
Fra:1 Mem:121.43M (Peak 121.43M) | Time:00:00.07 | Mem:0.02M, Peak:0.02M | Scene, ViewLayer | Synchronizing object | Altar outer moulding_voussoir.019
Fra:1 Mem:121.43M (Peak 121.43M) | Time:00:00.07 | Mem:0.02M, Peak:0.02M | Scene, ViewLayer | Synchronizing object | Altar outer moulding_voussoir.021
Fra:1 Mem:121.43M (Peak 121.43M) | Time:00:00.07 | Mem:0.02M, Peak:0.02M | Scene, ViewLayer | Synchronizing object | Altar outer moulding_voussoir.022
Fra:1 Mem:121.43M (Peak 121.43M) | Time:00:00.07 | Mem:0.02M, Peak:0.02M | Scene, ViewLayer | Synchronizing object | Altar outer moulding_voussoir.023
Fra:1 Mem:121.43M (Peak 121.43M) | Time:00:00.07 | Mem:0.02M, Peak:0.02M | Scene, ViewLayer | Synchronizing object | Altar outer moulding_voussoir.024
Fra:1 Mem:121.43M (Peak 121.43M) | Time:00:00.07 | Mem:0.02M, Peak:0.02M | Scene, ViewLayer | Synchronizing object | Altar outer moulding_voussoir.025
Fra:1 Mem:121.44M (Peak 121.44M) | Time:00:00.07 | Mem:0.02M, Peak:0.02M | Scene, ViewLayer | Synchronizing object | WallNiche_pier
Fra:1 Mem:121.44M (Peak 121.44M) | Time:00:00.07 | Mem:0.02M, Peak:0.02M | Scene, ViewLayer | Synchronizing object | WallNiche_voussoir
Fra:1 Mem:121.44M (Peak 121.44M) | Time:00:00.07 | Mem:0.02M, Peak:0.02M | Scene, ViewLayer | Synchronizing object | WallNiche_voussoir.001
Fra:1 Mem:121.44M (Peak 121.44M) | Time:00:00.07 | Mem:0.02M, Peak:0.02M | Scene, ViewLayer | Synchronizing object | WallNiche_voussoir.002
Fra:1 Mem:121.44M (Peak 121.44M) | Time:00:00.07 | Mem:0.02M, Peak:0.02M | Scene, ViewLayer | Synchronizing object | WallNiche_voussoir.003
Fra:1 Mem:121.44M (Peak 121.44M) | Time:00:00.07 | Mem:0.02M, Peak:0.02M | Scene, ViewLayer | Synchronizing object | WallNiche_voussoir.004
Fra:1 Mem:121.44M (Peak 121.44M) | Time:00:00.07 | Mem:0.02M, Peak:0.02M | Scene, ViewLayer | Synchronizing object | WallNiche_voussoir.006
Fra:1 Mem:121.45M (Peak 121.45M) | Time:00:00.07 | Mem:0.02M, Peak:0.02M | Scene, ViewLayer | Synchronizing object | WallNiche_voussoir.007
Fra:1 Mem:121.45M (Peak 121.45M) | Time:00:00.07 | Mem:0.02M, Peak:0.02M | Scene, ViewLayer | Synchronizing object | WallNiche_voussoir.008
Fra:1 Mem:121.45M (Peak 121.45M) | Time:00:00.07 | Mem:0.02M, Peak:0.02M | Scene, ViewLayer | Synchronizing object | WallNiche_voussoir.010
Fra:1 Mem:121.45M (Peak 121.45M) | Time:00:00.07 | Mem:0.02M, Peak:0.02M | Scene, ViewLayer | Synchronizing object | WallNiche_voussoir.011
Fra:1 Mem:121.45M (Peak 121.45M) | Time:00:00.07 | Mem:0.02M, Peak:0.02M | Scene, ViewLayer | Synchronizing object | WallNiche_voussoir.012
Fra:1 Mem:121.45M (Peak 121.45M) | Time:00:00.07 | Mem:0.02M, Peak:0.02M | Scene, ViewLayer | Synchronizing object | WallNiche_voussoir.014
Fra:1 Mem:121.46M (Peak 121.46M) | Time:00:00.07 | Mem:0.02M, Peak:0.02M | Scene, ViewLayer | Synchronizing object | WallNiche_voussoir.015
Fra:1 Mem:121.46M (Peak 121.46M) | Time:00:00.07 | Mem:0.02M, Peak:0.02M | Scene, ViewLayer | Synchronizing object | WallNiche_voussoir.016
Fra:1 Mem:121.46M (Peak 121.46M) | Time:00:00.07 | Mem:0.02M, Peak:0.02M | Scene, ViewLayer | Synchronizing object | WallNiche_voussoir.017
Fra:1 Mem:121.46M (Peak 121.46M) | Time:00:00.07 | Mem:0.02M, Peak:0.02M | Scene, ViewLayer | Synchronizing object | WallNiche_voussoir.018
Fra:1 Mem:121.47M (Peak 121.47M) | Time:00:00.07 | Mem:0.02M, Peak:0.02M | Scene, ViewLayer | Synchronizing object | WallNiche_voussoir.019
Fra:1 Mem:121.47M (Peak 121.47M) | Time:00:00.07 | Mem:0.02M, Peak:0.02M | Scene, ViewLayer | Synchronizing object | WallNiche_voussoir.022
Fra:1 Mem:121.48M (Peak 121.48M) | Time:00:00.07 | Mem:0.02M, Peak:0.02M | Scene, ViewLayer | Synchronizing object | WallNiche_voussoir.023
Fra:1 Mem:121.48M (Peak 121.48M) | Time:00:00.07 | Mem:0.02M, Peak:0.02M | Scene, ViewLayer | Synchronizing object | WallNiche_voussoir.024
Fra:1 Mem:121.48M (Peak 121.48M) | Time:00:00.07 | Mem:0.02M, Peak:0.02M | Scene, ViewLayer | Synchronizing object | WallNiche_voussoir.025
Fra:1 Mem:121.48M (Peak 121.48M) | Time:00:00.07 | Mem:0.02M, Peak:0.02M | Scene, ViewLayer | Synchronizing object | WallNiche_voussoir.026
Fra:1 Mem:121.48M (Peak 121.48M) | Time:00:00.07 | Mem:0.02M, Peak:0.02M | Scene, ViewLayer | Synchronizing object | WallNiche_voussoir.027
Fra:1 Mem:121.48M (Peak 121.48M) | Time:00:00.07 | Mem:0.02M, Peak:0.02M | Scene, ViewLayer | Synchronizing object | WallNiche_voussoir.028
Fra:1 Mem:121.48M (Peak 121.48M) | Time:00:00.07 | Mem:0.02M, Peak:0.02M | Scene, ViewLayer | Synchronizing object | WallNiche_voussoir.029
Fra:1 Mem:121.49M (Peak 121.49M) | Time:00:00.07 | Mem:0.02M, Peak:0.02M | Scene, ViewLayer | Synchronizing object | WallNiche_voussoir.030
Fra:1 Mem:121.49M (Peak 121.49M) | Time:00:00.07 | Mem:0.02M, Peak:0.02M | Scene, ViewLayer | Synchronizing object | WallNiche_voussoir.031
Fra:1 Mem:121.49M (Peak 121.49M) | Time:00:00.07 | Mem:0.02M, Peak:0.02M | Scene, ViewLayer | Synchronizing object | WallNiche_voussoir.032
Fra:1 Mem:121.49M (Peak 121.49M) | Time:00:00.07 | Mem:0.02M, Peak:0.02M | Scene, ViewLayer | Synchronizing object | WallNiche_voussoir.033
Fra:1 Mem:121.49M (Peak 121.49M) | Time:00:00.07 | Mem:0.02M, Peak:0.02M | Scene, ViewLayer | Synchronizing object | WallNiche_voussoir.036
Fra:1 Mem:121.50M (Peak 121.50M) | Time:00:00.07 | Mem:0.02M, Peak:0.02M | Scene, ViewLayer | Synchronizing object | WallNiche_voussoir.037
Fra:1 Mem:121.50M (Peak 121.50M) | Time:00:00.07 | Mem:0.02M, Peak:0.02M | Scene, ViewLayer | Synchronizing object | WallNiche_voussoir.038
Fra:1 Mem:121.50M (Peak 121.50M) | Time:00:00.07 | Mem:0.02M, Peak:0.02M | Scene, ViewLayer | Synchronizing object | WallNiche_voussoir.039
Fra:1 Mem:121.50M (Peak 121.50M) | Time:00:00.07 | Mem:0.02M, Peak:0.02M | Scene, ViewLayer | Synchronizing object | WallNiche_voussoir.040
Fra:1 Mem:121.50M (Peak 121.50M) | Time:00:00.07 | Mem:0.02M, Peak:0.02M | Scene, ViewLayer | Synchronizing object | WallNiche_voussoir.041
Fra:1 Mem:121.50M (Peak 121.50M) | Time:00:00.07 | Mem:0.02M, Peak:0.02M | Scene, ViewLayer | Synchronizing object | WallNiche_voussoir.042
Fra:1 Mem:121.50M (Peak 121.50M) | Time:00:00.07 | Mem:0.02M, Peak:0.02M | Scene, ViewLayer | Synchronizing object | WallNiche_voussoir.043
Fra:1 Mem:121.51M (Peak 121.51M) | Time:00:00.07 | Mem:0.02M, Peak:0.02M | Scene, ViewLayer | Synchronizing object | WallNiche_voussoir.044
Fra:1 Mem:121.51M (Peak 121.51M) | Time:00:00.07 | Mem:0.02M, Peak:0.02M | Scene, ViewLayer | Synchronizing object | WallNiche_voussoir.045
Fra:1 Mem:121.51M (Peak 121.51M) | Time:00:00.07 | Mem:0.02M, Peak:0.02M | Scene, ViewLayer | Synchronizing object | WallNiche_voussoir.046
Fra:1 Mem:121.51M (Peak 121.51M) | Time:00:00.07 | Mem:0.02M, Peak:0.02M | Scene, ViewLayer | Synchronizing object | WallNiche_voussoir.047
Fra:1 Mem:121.51M (Peak 121.51M) | Time:00:00.07 | Mem:0.02M, Peak:0.02M | Scene, ViewLayer | Synchronizing object | WallNiche_voussoir.048
Fra:1 Mem:121.52M (Peak 121.52M) | Time:00:00.07 | Mem:0.02M, Peak:0.02M | Scene, ViewLayer | Synchronizing object | WallNiche_voussoir.049
Fra:1 Mem:121.52M (Peak 121.52M) | Time:00:00.07 | Mem:0.02M, Peak:0.02M | Scene, ViewLayer | Synchronizing object | WallNiche_voussoir.050
Fra:1 Mem:121.52M (Peak 121.52M) | Time:00:00.07 | Mem:0.02M, Peak:0.02M | Scene, ViewLayer | Synchronizing object | Altar recessed darkness
Fra:1 Mem:121.52M (Peak 121.52M) | Time:00:00.07 | Mem:0.02M, Peak:0.02M | Scene, ViewLayer | Synchronizing object | WallNiche shadow
Fra:1 Mem:121.53M (Peak 121.53M) | Time:00:00.07 | Mem:0.02M, Peak:0.02M | Scene, ViewLayer | Synchronizing object | Altar colonette
Fra:1 Mem:121.53M (Peak 121.53M) | Time:00:00.07 | Mem:0.02M, Peak:0.02M | Scene, ViewLayer | Synchronizing object | Altar colonette.001
Fra:1 Mem:121.53M (Peak 121.53M) | Time:00:00.07 | Mem:0.02M, Peak:0.02M | Scene, ViewLayer | Synchronizing object | Altar colonette.002
Fra:1 Mem:121.54M (Peak 121.54M) | Time:00:00.07 | Mem:0.02M, Peak:0.02M | Scene, ViewLayer | Synchronizing object | Altar colonette.003
Fra:1 Mem:121.54M (Peak 121.54M) | Time:00:00.07 | Mem:0.02M, Peak:0.02M | Scene, ViewLayer | Synchronizing object | Altar upper step
Fra:1 Mem:121.54M (Peak 121.54M) | Time:00:00.07 | Mem:0.02M, Peak:0.02M | Scene, ViewLayer | Synchronizing object | Altar stone mensa
Fra:1 Mem:121.55M (Peak 121.55M) | Time:00:00.07 | Mem:0.02M, Peak:0.02M | Scene, ViewLayer | Synchronizing object | Low stone candle shelf
Fra:1 Mem:121.56M (Peak 121.56M) | Time:00:00.07 | Mem:0.02M, Peak:0.02M | Scene, ViewLayer | Synchronizing object | TableTop_OakPlank_00
Fra:1 Mem:121.56M (Peak 121.56M) | Time:00:00.07 | Mem:0.02M, Peak:0.02M | Scene, ViewLayer | Synchronizing object | TableTop_OakPlank_01
Fra:1 Mem:121.58M (Peak 121.58M) | Time:00:00.07 | Mem:0.02M, Peak:0.02M | Scene, ViewLayer | Synchronizing object | TableTop_OakPlank_02
Fra:1 Mem:121.58M (Peak 121.58M) | Time:00:00.07 | Mem:0.02M, Peak:0.02M | Scene, ViewLayer | Synchronizing object | TableTop_OakPlank_03
Fra:1 Mem:121.60M (Peak 121.60M) | Time:00:00.07 | Mem:0.02M, Peak:0.02M | Scene, ViewLayer | Synchronizing object | TableTop_OakPlank_04
Fra:1 Mem:121.60M (Peak 121.60M) | Time:00:00.07 | Mem:0.02M, Peak:0.02M | Scene, ViewLayer | Synchronizing object | TableTop_OakPlank_05
Fra:1 Mem:121.61M (Peak 121.61M) | Time:00:00.07 | Mem:0.02M, Peak:0.02M | Scene, ViewLayer | Synchronizing object | TableTop_OakPlank_08
Fra:1 Mem:121.62M (Peak 121.62M) | Time:00:00.07 | Mem:0.02M, Peak:0.02M | Scene, ViewLayer | Synchronizing object | Table endgrain breadboard
Fra:1 Mem:121.63M (Peak 121.63M) | Time:00:00.07 | Mem:0.02M, Peak:0.02M | Scene, ViewLayer | Synchronizing object | Table heavy apron
Fra:1 Mem:121.64M (Peak 121.64M) | Time:00:00.07 | Mem:0.02M, Peak:0.02M | Scene, ViewLayer | Synchronizing object | Table oak leg
Fra:1 Mem:121.64M (Peak 121.64M) | Time:00:00.07 | Mem:0.02M, Peak:0.02M | Scene, ViewLayer | Synchronizing object | Table trestle foot
Fra:1 Mem:121.66M (Peak 121.66M) | Time:00:00.07 | Mem:0.02M, Peak:0.02M | Scene, ViewLayer | Synchronizing object | Table low stretcher
Fra:1 Mem:121.66M (Peak 121.66M) | Time:00:00.07 | Mem:0.02M, Peak:0.02M | Scene, ViewLayer | Synchronizing object | Tribunal_1_cloaked_body
Fra:1 Mem:121.66M (Peak 121.66M) | Time:00:00.07 | Mem:0.02M, Peak:0.02M | Scene, ViewLayer | Synchronizing object | Tribunal_1_open_hood
Fra:1 Mem:121.68M (Peak 121.68M) | Time:00:00.07 | Mem:0.02M, Peak:0.02M | Scene, ViewLayer | Synchronizing object | Bent draped upper sleeve
Fra:1 Mem:121.68M (Peak 121.68M) | Time:00:00.07 | Mem:0.02M, Peak:0.02M | Scene, ViewLayer | Synchronizing object | Forearm resting on table
Fra:1 Mem:121.69M (Peak 121.69M) | Time:00:00.07 | Mem:0.02M, Peak:0.02M | Scene, ViewLayer | Synchronizing object | Simple dark glove
Fra:1 Mem:121.69M (Peak 121.69M) | Time:00:00.07 | Mem:0.02M, Peak:0.02M | Scene, ViewLayer | Synchronizing object | Bent draped upper sleeve.001
Fra:1 Mem:121.69M (Peak 121.69M) | Time:00:00.07 | Mem:0.02M, Peak:0.02M | Scene, ViewLayer | Synchronizing object | Forearm resting on table.001
Fra:1 Mem:121.70M (Peak 121.70M) | Time:00:00.07 | Mem:0.02M, Peak:0.02M | Scene, ViewLayer | Synchronizing object | Simple dark glove.001
Fra:1 Mem:121.70M (Peak 121.70M) | Time:00:00.07 | Mem:0.02M, Peak:0.02M | Scene, ViewLayer | Synchronizing object | Shadowed chair back
Fra:1 Mem:121.72M (Peak 121.72M) | Time:00:00.07 | Mem:0.02M, Peak:0.02M | Scene, ViewLayer | Synchronizing object | Tribunal_2_cloaked_body
Fra:1 Mem:121.73M (Peak 121.73M) | Time:00:00.07 | Mem:0.02M, Peak:0.02M | Scene, ViewLayer | Synchronizing object | Tribunal_2_open_hood
Fra:1 Mem:121.74M (Peak 121.74M) | Time:00:00.07 | Mem:0.02M, Peak:0.02M | Scene, ViewLayer | Synchronizing object | Tribunal_2_shadowed_face
Fra:1 Mem:121.74M (Peak 121.74M) | Time:00:00.07 | Mem:0.02M, Peak:0.02M | Scene, ViewLayer | Synchronizing object | Simple dark glove.002
Fra:1 Mem:121.75M (Peak 121.75M) | Time:00:00.07 | Mem:0.02M, Peak:0.02M | Scene, ViewLayer | Synchronizing object | Bent draped upper sleeve.003
Fra:1 Mem:121.75M (Peak 121.75M) | Time:00:00.07 | Mem:0.02M, Peak:0.02M | Scene, ViewLayer | Synchronizing object | Forearm resting on table.003
Fra:1 Mem:121.75M (Peak 121.75M) | Time:00:00.07 | Mem:0.02M, Peak:0.02M | Scene, ViewLayer | Synchronizing object | Simple dark glove.003
Fra:1 Mem:121.76M (Peak 121.76M) | Time:00:00.07 | Mem:0.02M, Peak:0.02M | Scene, ViewLayer | Synchronizing object | Tribunal_3_cloaked_body
Fra:1 Mem:121.76M (Peak 121.76M) | Time:00:00.07 | Mem:0.02M, Peak:0.02M | Scene, ViewLayer | Synchronizing object | Tribunal_3_open_hood
Fra:1 Mem:121.77M (Peak 121.77M) | Time:00:00.07 | Mem:0.02M, Peak:0.02M | Scene, ViewLayer | Synchronizing object | Tribunal_3_shadowed_face
Fra:1 Mem:121.77M (Peak 121.77M) | Time:00:00.07 | Mem:0.02M, Peak:0.02M | Scene, ViewLayer | Synchronizing object | Bent draped upper sleeve.004
Fra:1 Mem:121.78M (Peak 121.78M) | Time:00:00.07 | Mem:0.02M, Peak:0.02M | Scene, ViewLayer | Synchronizing object | Forearm resting on table.004
Fra:1 Mem:121.78M (Peak 121.78M) | Time:00:00.07 | Mem:0.02M, Peak:0.02M | Scene, ViewLayer | Synchronizing object | Simple dark glove.004
Fra:1 Mem:121.79M (Peak 121.79M) | Time:00:00.07 | Mem:0.02M, Peak:0.02M | Scene, ViewLayer | Synchronizing object | Bent draped upper sleeve.005
Fra:1 Mem:121.79M (Peak 121.79M) | Time:00:00.07 | Mem:0.02M, Peak:0.02M | Scene, ViewLayer | Synchronizing object | Forearm resting on table.005
Fra:1 Mem:121.80M (Peak 121.80M) | Time:00:00.07 | Mem:0.02M, Peak:0.02M | Scene, ViewLayer | Synchronizing object | Tribunal_4_cloaked_body
Fra:1 Mem:121.81M (Peak 121.81M) | Time:00:00.07 | Mem:0.02M, Peak:0.02M | Scene, ViewLayer | Synchronizing object | Tribunal_4_open_hood
Fra:1 Mem:121.82M (Peak 121.82M) | Time:00:00.07 | Mem:0.02M, Peak:0.02M | Scene, ViewLayer | Synchronizing object | Tribunal_4_shadowed_face
Fra:1 Mem:121.82M (Peak 121.82M) | Time:00:00.07 | Mem:0.02M, Peak:0.02M | Scene, ViewLayer | Synchronizing object | Simple dark glove.006
Fra:1 Mem:121.83M (Peak 121.83M) | Time:00:00.07 | Mem:0.02M, Peak:0.02M | Scene, ViewLayer | Synchronizing object | Bent draped upper sleeve.007
Fra:1 Mem:121.83M (Peak 121.83M) | Time:00:00.07 | Mem:0.02M, Peak:0.02M | Scene, ViewLayer | Synchronizing object | Tribunal_5_cloaked_body
Fra:1 Mem:121.84M (Peak 121.84M) | Time:00:00.07 | Mem:0.02M, Peak:0.02M | Scene, ViewLayer | Synchronizing object | Tribunal_5_open_hood
Fra:1 Mem:121.84M (Peak 121.84M) | Time:00:00.07 | Mem:0.02M, Peak:0.02M | Scene, ViewLayer | Synchronizing object | Tribunal_5_shadowed_face
Fra:1 Mem:121.84M (Peak 121.84M) | Time:00:00.07 | Mem:0.02M, Peak:0.02M | Scene, ViewLayer | Synchronizing object | Bent draped upper sleeve.008
Fra:1 Mem:121.85M (Peak 121.85M) | Time:00:00.07 | Mem:0.02M, Peak:0.02M | Scene, ViewLayer | Synchronizing object | Forearm resting on table.008
Fra:1 Mem:121.85M (Peak 121.85M) | Time:00:00.07 | Mem:0.02M, Peak:0.02M | Scene, ViewLayer | Synchronizing object | Simple dark glove.008
Fra:1 Mem:121.86M (Peak 121.86M) | Time:00:00.07 | Mem:0.02M, Peak:0.02M | Scene, ViewLayer | Synchronizing object | Bent draped upper sleeve.009
Fra:1 Mem:121.86M (Peak 121.86M) | Time:00:00.07 | Mem:0.02M, Peak:0.02M | Scene, ViewLayer | Synchronizing object | Forearm resting on table.009
Fra:1 Mem:121.87M (Peak 121.87M) | Time:00:00.07 | Mem:0.02M, Peak:0.02M | Scene, ViewLayer | Synchronizing object | Tribunal_6_open_hood
Fra:1 Mem:121.89M (Peak 121.89M) | Time:00:00.07 | Mem:0.02M, Peak:0.02M | Scene, ViewLayer | Synchronizing object | Tribunal_6_shadowed_face
Fra:1 Mem:121.89M (Peak 121.89M) | Time:00:00.07 | Mem:0.02M, Peak:0.02M | Scene, ViewLayer | Synchronizing object | Bent draped upper sleeve.010
Fra:1 Mem:121.90M (Peak 121.90M) | Time:00:00.07 | Mem:0.02M, Peak:0.02M | Scene, ViewLayer | Synchronizing object | Simple dark glove.010
Fra:1 Mem:121.90M (Peak 121.90M) | Time:00:00.07 | Mem:0.02M, Peak:0.02M | Scene, ViewLayer | Synchronizing object | Forearm resting on table.011
Fra:1 Mem:121.91M (Peak 121.91M) | Time:00:00.07 | Mem:0.02M, Peak:0.02M | Scene, ViewLayer | Synchronizing object | Simple dark glove.011
Fra:1 Mem:121.91M (Peak 121.91M) | Time:00:00.07 | Mem:0.02M, Peak:0.02M | Scene, ViewLayer | Synchronizing object | Tribunal_7_cloaked_body
Fra:1 Mem:121.91M (Peak 121.91M) | Time:00:00.07 | Mem:0.02M, Peak:0.02M | Scene, ViewLayer | Synchronizing object | Tribunal_7_open_hood
Fra:1 Mem:121.92M (Peak 121.92M) | Time:00:00.07 | Mem:0.02M, Peak:0.02M | Scene, ViewLayer | Synchronizing object | Bent draped upper sleeve.012
Fra:1 Mem:121.93M (Peak 121.93M) | Time:00:00.07 | Mem:0.02M, Peak:0.02M | Scene, ViewLayer | Synchronizing object | Forearm resting on table.012
Fra:1 Mem:121.94M (Peak 121.94M) | Time:00:00.07 | Mem:0.02M, Peak:0.02M | Scene, ViewLayer | Synchronizing object | Simple dark glove.012
Fra:1 Mem:121.94M (Peak 121.94M) | Time:00:00.07 | Mem:0.02M, Peak:0.02M | Scene, ViewLayer | Synchronizing object | Simple dark glove.013
Fra:1 Mem:121.94M (Peak 121.94M) | Time:00:00.07 | Mem:0.02M, Peak:0.02M | Scene, ViewLayer | Synchronizing object | FrontLeft_tall_holder
Fra:1 Mem:121.95M (Peak 121.95M) | Time:00:00.07 | Mem:0.02M, Peak:0.02M | Scene, ViewLayer | Synchronizing object | FrontLeft_tall_wax
Fra:1 Mem:121.95M (Peak 121.95M) | Time:00:00.07 | Mem:0.02M, Peak:0.02M | Scene, ViewLayer | Synchronizing object | FrontLeft_tall_drip_dish
Fra:1 Mem:121.96M (Peak 121.96M) | Time:00:00.07 | Mem:0.02M, Peak:0.02M | Scene, ViewLayer | Synchronizing object | FrontLeft_tall_wick
Fra:1 Mem:121.97M (Peak 121.97M) | Time:00:00.07 | Mem:0.02M, Peak:0.02M | Scene, ViewLayer | Synchronizing object | FrontLeft_tall_flame
Fra:1 Mem:121.97M (Peak 121.97M) | Time:00:00.07 | Mem:0.02M, Peak:0.02M | Scene, ViewLayer | Synchronizing object | FrontLeft_low_holder
Fra:1 Mem:122.00M (Peak 122.00M) | Time:00:00.07 | Mem:0.02M, Peak:0.02M | Scene, ViewLayer | Synchronizing object | FrontLeft_low_wax
Fra:1 Mem:122.01M (Peak 122.01M) | Time:00:00.07 | Mem:0.02M, Peak:0.02M | Scene, ViewLayer | Synchronizing object | FrontLeft_low_drip_dish
Fra:1 Mem:122.02M (Peak 122.02M) | Time:00:00.07 | Mem:0.02M, Peak:0.02M | Scene, ViewLayer | Synchronizing object | FrontLeft_stump_wax
Fra:1 Mem:122.03M (Peak 122.03M) | Time:00:00.07 | Mem:0.02M, Peak:0.02M | Scene, ViewLayer | Synchronizing object | FrontLeft_stump_drip_dish
Fra:1 Mem:122.05M (Peak 122.05M) | Time:00:00.07 | Mem:0.02M, Peak:0.02M | Scene, ViewLayer | Synchronizing object | FrontRight_tall_holder
Fra:1 Mem:122.08M (Peak 122.08M) | Time:00:00.07 | Mem:0.02M, Peak:0.02M | Scene, ViewLayer | Synchronizing object | FrontRight_tall_wax
Fra:1 Mem:122.08M (Peak 122.08M) | Time:00:00.07 | Mem:0.02M, Peak:0.02M | Scene, ViewLayer | Synchronizing object | FrontRight_tall_drip_dish
Fra:1 Mem:122.09M (Peak 122.09M) | Time:00:00.07 | Mem:0.02M, Peak:0.02M | Scene, ViewLayer | Synchronizing object | FrontRight_tall_wick
Fra:1 Mem:122.10M (Peak 122.10M) | Time:00:00.07 | Mem:0.02M, Peak:0.02M | Scene, ViewLayer | Synchronizing object | FrontRight_tall_flame
Fra:1 Mem:122.11M (Peak 122.11M) | Time:00:00.07 | Mem:0.02M, Peak:0.02M | Scene, ViewLayer | Synchronizing object | FrontRight_low_wax
Fra:1 Mem:122.14M (Peak 122.14M) | Time:00:00.07 | Mem:0.02M, Peak:0.02M | Scene, ViewLayer | Synchronizing object | FrontRight_low_drip_dish
Fra:1 Mem:122.15M (Peak 122.15M) | Time:00:00.07 | Mem:0.02M, Peak:0.02M | Scene, ViewLayer | Synchronizing object | FrontRight_low_wick
Fra:1 Mem:122.17M (Peak 122.17M) | Time:00:00.07 | Mem:0.02M, Peak:0.02M | Scene, ViewLayer | Synchronizing object | FrontRight_low_flame
Fra:1 Mem:122.19M (Peak 122.19M) | Time:00:00.07 | Mem:0.02M, Peak:0.02M | Scene, ViewLayer | Synchronizing object | Back iron floor stand
Fra:1 Mem:122.22M (Peak 122.22M) | Time:00:00.07 | Mem:0.02M, Peak:0.02M | Scene, ViewLayer | Synchronizing object | Back_-1_0_wax
Fra:1 Mem:122.23M (Peak 122.23M) | Time:00:00.07 | Mem:0.02M, Peak:0.02M | Scene, ViewLayer | Synchronizing object | Back_-1_0_flame
Fra:1 Mem:122.24M (Peak 122.24M) | Time:00:00.07 | Mem:0.02M, Peak:0.02M | Scene, ViewLayer | Synchronizing object | Candelabrum arm.001
Fra:1 Mem:122.25M (Peak 122.25M) | Time:00:00.07 | Mem:0.02M, Peak:0.02M | Scene, ViewLayer | Synchronizing object | Back_-1_1_wax
Fra:1 Mem:122.27M (Peak 122.27M) | Time:00:00.07 | Mem:0.02M, Peak:0.02M | Scene, ViewLayer | Synchronizing object | Back_-1_1_flame
Fra:1 Mem:122.27M (Peak 122.27M) | Time:00:00.07 | Mem:0.02M, Peak:0.02M | Scene, ViewLayer | Synchronizing object | Back_-1_2_wax
Fra:1 Mem:122.27M (Peak 122.27M) | Time:00:00.07 | Mem:0.02M, Peak:0.02M | Scene, ViewLayer | Synchronizing object | Back_-1_2_drip_dish
Fra:1 Mem:122.29M (Peak 122.29M) | Time:00:00.07 | Mem:0.02M, Peak:0.02M | Scene, ViewLayer | Synchronizing object | Back_-1_2_wick
Fra:1 Mem:122.30M (Peak 122.30M) | Time:00:00.07 | Mem:0.02M, Peak:0.02M | Scene, ViewLayer | Synchronizing object | Back_-1_2_flame
Fra:1 Mem:122.30M (Peak 122.30M) | Time:00:00.07 | Mem:0.02M, Peak:0.02M | Scene, ViewLayer | Synchronizing object | Back iron floor stand.001
Fra:1 Mem:122.31M (Peak 122.31M) | Time:00:00.07 | Mem:0.02M, Peak:0.02M | Scene, ViewLayer | Synchronizing object | Back_1_0_drip_dish
Fra:1 Mem:122.34M (Peak 122.34M) | Time:00:00.07 | Mem:0.02M, Peak:0.02M | Scene, ViewLayer | Synchronizing object | Back_1_0_wick
Fra:1 Mem:122.34M (Peak 122.34M) | Time:00:00.07 | Mem:0.02M, Peak:0.02M | Scene, ViewLayer | Synchronizing object | Back_1_0_flame
Fra:1 Mem:122.35M (Peak 122.35M) | Time:00:00.07 | Mem:0.02M, Peak:0.02M | Scene, ViewLayer | Synchronizing object | Candelabrum arm.004
Fra:1 Mem:122.35M (Peak 122.35M) | Time:00:00.07 | Mem:0.02M, Peak:0.02M | Scene, ViewLayer | Synchronizing object | Back_1_1_wax
Fra:1 Mem:122.36M (Peak 122.36M) | Time:00:00.07 | Mem:0.02M, Peak:0.02M | Scene, ViewLayer | Synchronizing object | Back_1_1_drip_dish
Fra:1 Mem:122.38M (Peak 122.38M) | Time:00:00.07 | Mem:0.02M, Peak:0.02M | Scene, ViewLayer | Synchronizing object | Back_1_1_wick
Fra:1 Mem:122.38M (Peak 122.38M) | Time:00:00.07 | Mem:0.02M, Peak:0.02M | Scene, ViewLayer | Synchronizing object | Back_1_1_flame
Fra:1 Mem:122.39M (Peak 122.39M) | Time:00:00.07 | Mem:0.02M, Peak:0.02M | Scene, ViewLayer | Synchronizing object | Candelabrum arm.005
Fra:1 Mem:122.40M (Peak 122.40M) | Time:00:00.07 | Mem:0.02M, Peak:0.02M | Scene, ViewLayer | Synchronizing object | Back_1_2_wax
Fra:1 Mem:122.41M (Peak 122.41M) | Time:00:00.07 | Mem:0.02M, Peak:0.02M | Scene, ViewLayer | Synchronizing object | Back_1_2_flame
Fra:1 Mem:122.41M (Peak 122.41M) | Time:00:00.07 | Mem:0.02M, Peak:0.02M | Scene, ViewLayer | Synchronizing object | Altar_-1_holder
Fra:1 Mem:122.42M (Peak 122.42M) | Time:00:00.07 | Mem:0.02M, Peak:0.02M | Scene, ViewLayer | Synchronizing object | Altar_-1_wax
Fra:1 Mem:122.42M (Peak 122.42M) | Time:00:00.07 | Mem:0.02M, Peak:0.02M | Scene, ViewLayer | Synchronizing object | Altar_-1_drip_dish
Fra:1 Mem:122.43M (Peak 122.43M) | Time:00:00.07 | Mem:0.02M, Peak:0.02M | Scene, ViewLayer | Synchronizing object | Altar_-1_wick
Fra:1 Mem:122.45M (Peak 122.45M) | Time:00:00.07 | Mem:0.02M, Peak:0.02M | Scene, ViewLayer | Synchronizing object | Altar_-1_flame
Fra:1 Mem:122.46M (Peak 122.46M) | Time:00:00.07 | Mem:0.02M, Peak:0.02M | Scene, ViewLayer | Synchronizing object | Niche_-1_holder
Fra:1 Mem:122.48M (Peak 122.48M) | Time:00:00.07 | Mem:0.02M, Peak:0.02M | Scene, ViewLayer | Synchronizing object | Niche_-1_wax
Fra:1 Mem:122.50M (Peak 122.50M) | Time:00:00.07 | Mem:0.02M, Peak:0.02M | Scene, ViewLayer | Synchronizing object | Niche_-1_drip_dish
Fra:1 Mem:122.52M (Peak 122.52M) | Time:00:00.07 | Mem:0.02M, Peak:0.02M | Scene, ViewLayer | Synchronizing object | Rear_bench_-1_holder
Fra:1 Mem:122.55M (Peak 122.55M) | Time:00:00.07 | Mem:0.02M, Peak:0.02M | Scene, ViewLayer | Synchronizing object | Rear_bench_-1_wax
Fra:1 Mem:122.56M (Peak 122.56M) | Time:00:00.07 | Mem:0.02M, Peak:0.02M | Scene, ViewLayer | Synchronizing object | Rear_bench_-1_drip_dish
Fra:1 Mem:122.56M (Peak 122.56M) | Time:00:00.07 | Mem:0.02M, Peak:0.02M | Scene, ViewLayer | Synchronizing object | Rear_bench_-1_wick
Fra:1 Mem:122.58M (Peak 122.58M) | Time:00:00.07 | Mem:0.02M, Peak:0.02M | Scene, ViewLayer | Synchronizing object | Rear_bench_-1_flame
Fra:1 Mem:122.59M (Peak 122.59M) | Time:00:00.07 | Mem:0.02M, Peak:0.02M | Scene, ViewLayer | Synchronizing object | Altar_1_holder
Fra:1 Mem:122.59M (Peak 122.59M) | Time:00:00.07 | Mem:0.02M, Peak:0.02M | Scene, ViewLayer | Synchronizing object | Altar_1_wax
Fra:1 Mem:122.60M (Peak 122.60M) | Time:00:00.07 | Mem:0.02M, Peak:0.02M | Scene, ViewLayer | Synchronizing object | Altar_1_drip_dish
Fra:1 Mem:122.62M (Peak 122.62M) | Time:00:00.07 | Mem:0.02M, Peak:0.02M | Scene, ViewLayer | Synchronizing object | Altar_1_wick
Fra:1 Mem:122.64M (Peak 122.64M) | Time:00:00.07 | Mem:0.02M, Peak:0.02M | Scene, ViewLayer | Synchronizing object | Altar_1_flame
Fra:1 Mem:122.66M (Peak 122.66M) | Time:00:00.07 | Mem:0.02M, Peak:0.02M | Scene, ViewLayer | Synchronizing object | Niche_1_wax
Fra:1 Mem:122.66M (Peak 122.66M) | Time:00:00.07 | Mem:0.02M, Peak:0.02M | Scene, ViewLayer | Synchronizing object | Niche_1_drip_dish
Fra:1 Mem:122.66M (Peak 122.66M) | Time:00:00.07 | Mem:0.02M, Peak:0.02M | Scene, ViewLayer | Synchronizing object | Niche_1_wick
Fra:1 Mem:122.68M (Peak 122.68M) | Time:00:00.07 | Mem:0.02M, Peak:0.02M | Scene, ViewLayer | Synchronizing object | Rear_bench_1_holder
Fra:1 Mem:122.68M (Peak 122.68M) | Time:00:00.07 | Mem:0.02M, Peak:0.02M | Scene, ViewLayer | Synchronizing object | Rear_bench_1_wax
Fra:1 Mem:122.69M (Peak 122.69M) | Time:00:00.07 | Mem:0.02M, Peak:0.02M | Scene, ViewLayer | Synchronizing object | Rear_bench_1_drip_dish
Fra:1 Mem:122.69M (Peak 122.69M) | Time:00:00.07 | Mem:0.02M, Peak:0.02M | Scene, ViewLayer | Synchronizing object | Rear_bench_1_wick
Fra:1 Mem:122.70M (Peak 122.70M) | Time:00:00.07 | Mem:0.02M, Peak:0.02M | Scene, ViewLayer | Synchronizing object | Rear_bench_1_flame
Fra:1 Mem:122.71M (Peak 122.71M) | Time:00:00.07 | Mem:0.02M, Peak:0.02M | Scene, ViewLayer | Synchronizing object | Left chained folio_heavy_cover
Fra:1 Mem:122.71M (Peak 122.71M) | Time:00:00.07 | Mem:0.02M, Peak:0.02M | Scene, ViewLayer | Synchronizing object | Left chained folio_spine
Fra:1 Mem:122.74M (Peak 122.74M) | Time:00:00.07 | Mem:0.02M, Peak:0.02M | Scene, ViewLayer | Synchronizing object | Left chained folio_leather_strap
Fra:1 Mem:122.75M (Peak 122.75M) | Time:00:00.07 | Mem:0.02M, Peak:0.02M | Scene, ViewLayer | Synchronizing object | Left chained folio_brass_clasp
Fra:1 Mem:122.76M (Peak 122.76M) | Time:00:00.07 | Mem:0.02M, Peak:0.02M | Scene, ViewLayer | Synchronizing object | Left chained folio_page_edges
Fra:1 Mem:122.77M (Peak 122.77M) | Time:00:00.07 | Mem:0.02M, Peak:0.02M | Scene, ViewLayer | Synchronizing object | Left chained folio_page_edges.002
Fra:1 Mem:122.79M (Peak 122.79M) | Time:00:00.07 | Mem:0.02M, Peak:0.02M | Scene, ViewLayer | Synchronizing object | Left chained folio_page_edges.003
Fra:1 Mem:122.79M (Peak 122.79M) | Time:00:00.07 | Mem:0.02M, Peak:0.02M | Scene, ViewLayer | Synchronizing object | Left chained folio_page_edges.004
Fra:1 Mem:122.80M (Peak 122.80M) | Time:00:00.07 | Mem:0.02M, Peak:0.02M | Scene, ViewLayer | Synchronizing object | Left chained folio_corner_plate.001
Fra:1 Mem:122.80M (Peak 122.80M) | Time:00:00.07 | Mem:0.02M, Peak:0.02M | Scene, ViewLayer | Synchronizing object | Left chained folio_corner_plate.002
Fra:1 Mem:122.80M (Peak 122.80M) | Time:00:00.07 | Mem:0.02M, Peak:0.02M | Scene, ViewLayer | Synchronizing object | Left chained folio_rivet.002
Fra:1 Mem:122.81M (Peak 122.81M) | Time:00:00.07 | Mem:0.02M, Peak:0.02M | Scene, ViewLayer | Synchronizing object | Left chained folio_corner_plate.003
Fra:1 Mem:122.81M (Peak 122.81M) | Time:00:00.07 | Mem:0.02M, Peak:0.02M | Scene, ViewLayer | Synchronizing object | Left chained folio_rivet.003
Fra:1 Mem:122.81M (Peak 122.81M) | Time:00:00.07 | Mem:0.02M, Peak:0.02M | Scene, ViewLayer | Synchronizing object | Skull | carved cranium
Fra:1 Mem:122.84M (Peak 122.84M) | Time:00:00.07 | Mem:0.02M, Peak:0.02M | Scene, ViewLayer | Synchronizing object | Skull | orbital darkness
Fra:1 Mem:122.86M (Peak 122.86M) | Time:00:00.07 | Mem:0.02M, Peak:0.02M | Scene, ViewLayer | Synchronizing object | Skull | cheekbone
Fra:1 Mem:122.87M (Peak 122.87M) | Time:00:00.07 | Mem:0.02M, Peak:0.02M | Scene, ViewLayer | Synchronizing object | Skull | jaw ramus
Fra:1 Mem:122.87M (Peak 122.87M) | Time:00:00.07 | Mem:0.02M, Peak:0.02M | Scene, ViewLayer | Synchronizing object | Skull | orbital darkness.001
Fra:1 Mem:122.88M (Peak 122.88M) | Time:00:00.07 | Mem:0.02M, Peak:0.02M | Scene, ViewLayer | Synchronizing object | Skull | jaw ramus.001
Fra:1 Mem:122.88M (Peak 122.88M) | Time:00:00.07 | Mem:0.02M, Peak:0.02M | Scene, ViewLayer | Synchronizing object | Skull | nasal aperture
Fra:1 Mem:122.88M (Peak 122.88M) | Time:00:00.07 | Mem:0.02M, Peak:0.02M | Scene, ViewLayer | Synchronizing object | Skull | lower mandible
Fra:1 Mem:122.88M (Peak 122.88M) | Time:00:00.07 | Mem:0.02M, Peak:0.02M | Scene, ViewLayer | Synchronizing object | Skull | worn tooth
Fra:1 Mem:122.89M (Peak 122.89M) | Time:00:00.07 | Mem:0.02M, Peak:0.02M | Scene, ViewLayer | Synchronizing object | Skull | worn tooth.008
Fra:1 Mem:122.89M (Peak 122.89M) | Time:00:00.07 | Mem:0.02M, Peak:0.02M | Scene, ViewLayer | Synchronizing object | Skull | age fissure
Fra:1 Mem:122.91M (Peak 122.91M) | Time:00:00.07 | Mem:0.02M, Peak:0.02M | Scene, ViewLayer | Synchronizing object | Left pewter cup
Fra:1 Mem:122.91M (Peak 122.91M) | Time:00:00.07 | Mem:0.02M, Peak:0.02M | Scene, ViewLayer | Synchronizing object | Left pewter cup_dark_dregs
Fra:1 Mem:122.94M (Peak 122.94M) | Time:00:00.07 | Mem:0.02M, Peak:0.02M | Scene, ViewLayer | Synchronizing object | Right lower codex_vellum_pages
Fra:1 Mem:122.95M (Peak 122.95M) | Time:00:00.07 | Mem:0.02M, Peak:0.02M | Scene, ViewLayer | Synchronizing object | Right lower codex_heavy_cover
Fra:1 Mem:122.97M (Peak 122.97M) | Time:00:00.07 | Mem:0.02M, Peak:0.02M | Scene, ViewLayer | Synchronizing object | Right lower codex_spine
Fra:1 Mem:122.99M (Peak 122.99M) | Time:00:00.07 | Mem:0.02M, Peak:0.02M | Scene, ViewLayer | Synchronizing object | Right lower codex_leather_strap
Fra:1 Mem:122.99M (Peak 122.99M) | Time:00:00.07 | Mem:0.02M, Peak:0.02M | Scene, ViewLayer | Synchronizing object | Right lower codex_page_edges
Fra:1 Mem:122.99M (Peak 122.99M) | Time:00:00.07 | Mem:0.02M, Peak:0.02M | Scene, ViewLayer | Synchronizing object | Right lower codex_page_edges.002
Fra:1 Mem:122.99M (Peak 122.99M) | Time:00:00.07 | Mem:0.02M, Peak:0.02M | Scene, ViewLayer | Synchronizing object | Right lower codex_page_edges.003
Fra:1 Mem:123.00M (Peak 123.00M) | Time:00:00.07 | Mem:0.02M, Peak:0.02M | Scene, ViewLayer | Synchronizing object | Right lower codex_page_edges.004
Fra:1 Mem:123.01M (Peak 123.01M) | Time:00:00.07 | Mem:0.02M, Peak:0.02M | Scene, ViewLayer | Synchronizing object | Right lower codex_corner_plate
Fra:1 Mem:123.01M (Peak 123.01M) | Time:00:00.07 | Mem:0.02M, Peak:0.02M | Scene, ViewLayer | Synchronizing object | Right lower codex_corner_plate.001
Fra:1 Mem:123.01M (Peak 123.01M) | Time:00:00.07 | Mem:0.02M, Peak:0.02M | Scene, ViewLayer | Synchronizing object | Right lower codex_corner_plate.002
Fra:1 Mem:123.02M (Peak 123.02M) | Time:00:00.07 | Mem:0.02M, Peak:0.02M | Scene, ViewLayer | Synchronizing object | Right lower codex_rivet.002
Fra:1 Mem:123.02M (Peak 123.02M) | Time:00:00.07 | Mem:0.02M, Peak:0.02M | Scene, ViewLayer | Synchronizing object | Right lower codex_corner_plate.003
Fra:1 Mem:123.02M (Peak 123.02M) | Time:00:00.07 | Mem:0.02M, Peak:0.02M | Scene, ViewLayer | Synchronizing object | Right lower codex_rivet.003
Fra:1 Mem:123.03M (Peak 123.03M) | Time:00:00.07 | Mem:0.02M, Peak:0.02M | Scene, ViewLayer | Synchronizing object | Right middle codex_vellum_pages
Fra:1 Mem:123.03M (Peak 123.03M) | Time:00:00.07 | Mem:0.02M, Peak:0.02M | Scene, ViewLayer | Synchronizing object | Right middle codex_heavy_cover
Fra:1 Mem:123.03M (Peak 123.03M) | Time:00:00.07 | Mem:0.02M, Peak:0.02M | Scene, ViewLayer | Synchronizing object | Right middle codex_spine
Fra:1 Mem:123.05M (Peak 123.05M) | Time:00:00.07 | Mem:0.02M, Peak:0.02M | Scene, ViewLayer | Synchronizing object | Right middle codex_page_edges
Fra:1 Mem:123.05M (Peak 123.05M) | Time:00:00.07 | Mem:0.02M, Peak:0.02M | Scene, ViewLayer | Synchronizing object | Right middle codex_page_edges.001
Fra:1 Mem:123.05M (Peak 123.05M) | Time:00:00.07 | Mem:0.02M, Peak:0.02M | Scene, ViewLayer | Synchronizing object | Right middle codex_page_edges.003
Fra:1 Mem:123.06M (Peak 123.06M) | Time:00:00.07 | Mem:0.02M, Peak:0.02M | Scene, ViewLayer | Synchronizing object | Right middle codex_page_edges.004
Fra:1 Mem:123.06M (Peak 123.06M) | Time:00:00.07 | Mem:0.02M, Peak:0.02M | Scene, ViewLayer | Synchronizing object | Right middle codex_corner_plate
Fra:1 Mem:123.06M (Peak 123.06M) | Time:00:00.07 | Mem:0.02M, Peak:0.02M | Scene, ViewLayer | Synchronizing object | Right middle codex_rivet
Fra:1 Mem:123.06M (Peak 123.06M) | Time:00:00.07 | Mem:0.02M, Peak:0.02M | Scene, ViewLayer | Synchronizing object | Right middle codex_rivet.001
Fra:1 Mem:123.06M (Peak 123.06M) | Time:00:00.07 | Mem:0.02M, Peak:0.02M | Scene, ViewLayer | Synchronizing object | Right middle codex_corner_plate.002
Fra:1 Mem:123.07M (Peak 123.07M) | Time:00:00.07 | Mem:0.02M, Peak:0.02M | Scene, ViewLayer | Synchronizing object | Right middle codex_rivet.002
Fra:1 Mem:123.07M (Peak 123.07M) | Time:00:00.07 | Mem:0.02M, Peak:0.02M | Scene, ViewLayer | Synchronizing object | Right middle codex_corner_plate.003
Fra:1 Mem:123.07M (Peak 123.07M) | Time:00:00.07 | Mem:0.02M, Peak:0.02M | Scene, ViewLayer | Synchronizing object | Right middle codex_rivet.003
Fra:1 Mem:123.07M (Peak 123.07M) | Time:00:00.07 | Mem:0.02M, Peak:0.02M | Scene, ViewLayer | Synchronizing object | Right upper codex_vellum_pages
Fra:1 Mem:123.07M (Peak 123.07M) | Time:00:00.07 | Mem:0.02M, Peak:0.02M | Scene, ViewLayer | Synchronizing object | Right upper codex_spine
Fra:1 Mem:123.07M (Peak 123.07M) | Time:00:00.07 | Mem:0.02M, Peak:0.02M | Scene, ViewLayer | Synchronizing object | Right upper codex_leather_strap
Fra:1 Mem:123.08M (Peak 123.08M) | Time:00:00.07 | Mem:0.02M, Peak:0.02M | Scene, ViewLayer | Synchronizing object | Right upper codex_page_edges
Fra:1 Mem:123.08M (Peak 123.08M) | Time:00:00.07 | Mem:0.02M, Peak:0.02M | Scene, ViewLayer | Synchronizing object | Right upper codex_page_edges.001
Fra:1 Mem:123.08M (Peak 123.08M) | Time:00:00.07 | Mem:0.02M, Peak:0.02M | Scene, ViewLayer | Synchronizing object | Right upper codex_page_edges.002
Fra:1 Mem:123.09M (Peak 123.09M) | Time:00:00.07 | Mem:0.02M, Peak:0.02M | Scene, ViewLayer | Synchronizing object | Right upper codex_page_edges.003
Fra:1 Mem:123.09M (Peak 123.09M) | Time:00:00.07 | Mem:0.02M, Peak:0.02M | Scene, ViewLayer | Synchronizing object | Right upper codex_rivet
Fra:1 Mem:123.10M (Peak 123.10M) | Time:00:00.07 | Mem:0.02M, Peak:0.02M | Scene, ViewLayer | Synchronizing object | Right upper codex_corner_plate.001
Fra:1 Mem:123.10M (Peak 123.10M) | Time:00:00.07 | Mem:0.02M, Peak:0.02M | Scene, ViewLayer | Synchronizing object | Right upper codex_rivet.001
Fra:1 Mem:123.10M (Peak 123.10M) | Time:00:00.07 | Mem:0.02M, Peak:0.02M | Scene, ViewLayer | Synchronizing object | Right upper codex_corner_plate.002
Fra:1 Mem:123.10M (Peak 123.10M) | Time:00:00.07 | Mem:0.02M, Peak:0.02M | Scene, ViewLayer | Synchronizing object | Right upper codex_rivet.002
Fra:1 Mem:123.11M (Peak 123.11M) | Time:00:00.07 | Mem:0.02M, Peak:0.02M | Scene, ViewLayer | Synchronizing object | Right upper codex_corner_plate.003
Fra:1 Mem:123.11M (Peak 123.11M) | Time:00:00.07 | Mem:0.02M, Peak:0.02M | Scene, ViewLayer | Synchronizing object | Right upper codex_rivet.003
Fra:1 Mem:123.11M (Peak 123.11M) | Time:00:00.07 | Mem:0.02M, Peak:0.02M | Scene, ViewLayer | Synchronizing object | Right tarnished chalice
Fra:1 Mem:123.12M (Peak 123.12M) | Time:00:00.07 | Mem:0.02M, Peak:0.02M | Scene, ViewLayer | Synchronizing object | Reliquary | stepped foot
Fra:1 Mem:123.17M (Peak 123.17M) | Time:00:00.07 | Mem:0.02M, Peak:0.02M | Scene, ViewLayer | Synchronizing object | Reliquary | upper foot
Fra:1 Mem:123.19M (Peak 123.19M) | Time:00:00.07 | Mem:0.02M, Peak:0.02M | Scene, ViewLayer | Synchronizing object | Reliquary | lancet frame_voussoir.001
Fra:1 Mem:123.20M (Peak 123.20M) | Time:00:00.07 | Mem:0.02M, Peak:0.02M | Scene, ViewLayer | Synchronizing object | Reliquary | lancet frame_voussoir.002
Fra:1 Mem:123.20M (Peak 123.20M) | Time:00:00.07 | Mem:0.02M, Peak:0.02M | Scene, ViewLayer | Synchronizing object | Reliquary | lancet frame_voussoir.003
Fra:1 Mem:123.20M (Peak 123.20M) | Time:00:00.07 | Mem:0.02M, Peak:0.02M | Scene, ViewLayer | Synchronizing object | Reliquary | lancet frame_voussoir.004
Fra:1 Mem:123.20M (Peak 123.20M) | Time:00:00.07 | Mem:0.02M, Peak:0.02M | Scene, ViewLayer | Synchronizing object | Reliquary | lancet frame_voussoir.005
Fra:1 Mem:123.21M (Peak 123.21M) | Time:00:00.07 | Mem:0.02M, Peak:0.02M | Scene, ViewLayer | Synchronizing object | Reliquary | lancet frame_voussoir.006
Fra:1 Mem:123.21M (Peak 123.21M) | Time:00:00.07 | Mem:0.02M, Peak:0.02M | Scene, ViewLayer | Synchronizing object | Reliquary | lancet frame_voussoir.007
Fra:1 Mem:123.21M (Peak 123.21M) | Time:00:00.07 | Mem:0.02M, Peak:0.02M | Scene, ViewLayer | Synchronizing object | Reliquary | lancet frame_voussoir.008
Fra:1 Mem:123.21M (Peak 123.21M) | Time:00:00.07 | Mem:0.02M, Peak:0.02M | Scene, ViewLayer | Synchronizing object | Reliquary | lancet frame_voussoir.010
Fra:1 Mem:123.21M (Peak 123.21M) | Time:00:00.07 | Mem:0.02M, Peak:0.02M | Scene, ViewLayer | Synchronizing object | Reliquary | lancet frame_voussoir.011
Fra:1 Mem:123.21M (Peak 123.21M) | Time:00:00.07 | Mem:0.02M, Peak:0.02M | Scene, ViewLayer | Synchronizing object | Reliquary | lancet frame_voussoir.012
Fra:1 Mem:123.22M (Peak 123.22M) | Time:00:00.07 | Mem:0.02M, Peak:0.02M | Scene, ViewLayer | Synchronizing object | Reliquary | lancet frame_voussoir.013
Fra:1 Mem:123.22M (Peak 123.22M) | Time:00:00.07 | Mem:0.02M, Peak:0.02M | Scene, ViewLayer | Synchronizing object | Reliquary | lancet frame_voussoir.014
Fra:1 Mem:123.22M (Peak 123.22M) | Time:00:00.07 | Mem:0.02M, Peak:0.02M | Scene, ViewLayer | Synchronizing object | Reliquary | lancet frame_voussoir.015
Fra:1 Mem:123.22M (Peak 123.22M) | Time:00:00.07 | Mem:0.02M, Peak:0.02M | Scene, ViewLayer | Synchronizing object | Reliquary | lancet frame_voussoir.016
Fra:1 Mem:123.23M (Peak 123.23M) | Time:00:00.07 | Mem:0.02M, Peak:0.02M | Scene, ViewLayer | Synchronizing object | Reliquary | lancet frame_voussoir.018
Fra:1 Mem:123.23M (Peak 123.23M) | Time:00:00.07 | Mem:0.02M, Peak:0.02M | Scene, ViewLayer | Synchronizing object | Reliquary | lancet frame_voussoir.019
Fra:1 Mem:123.23M (Peak 123.23M) | Time:00:00.07 | Mem:0.02M, Peak:0.02M | Scene, ViewLayer | Synchronizing object | Reliquary | lancet frame_voussoir.020
Fra:1 Mem:123.23M (Peak 123.23M) | Time:00:00.07 | Mem:0.02M, Peak:0.02M | Scene, ViewLayer | Synchronizing object | Reliquary | lancet frame_voussoir.021
Fra:1 Mem:123.23M (Peak 123.23M) | Time:00:00.07 | Mem:0.02M, Peak:0.02M | Scene, ViewLayer | Synchronizing object | Reliquary | lancet frame_voussoir.025
Fra:1 Mem:123.24M (Peak 123.24M) | Time:00:00.07 | Mem:0.02M, Peak:0.02M | Scene, ViewLayer | Synchronizing object | Reliquary | column
Fra:1 Mem:123.24M (Peak 123.24M) | Time:00:00.07 | Mem:0.02M, Peak:0.02M | Scene, ViewLayer | Synchronizing object | Reliquary | finial
Fra:1 Mem:123.24M (Peak 123.24M) | Time:00:00.07 | Mem:0.02M, Peak:0.02M | Scene, ViewLayer | Synchronizing object | Reliquary | column.001
Fra:1 Mem:123.25M (Peak 123.25M) | Time:00:00.07 | Mem:0.02M, Peak:0.02M | Scene, ViewLayer | Synchronizing object | Reliquary | finial.001
Fra:1 Mem:123.25M (Peak 123.25M) | Time:00:00.07 | Mem:0.02M, Peak:0.02M | Scene, ViewLayer | Synchronizing object | Reliquary | column.002
Fra:1 Mem:123.25M (Peak 123.25M) | Time:00:00.07 | Mem:0.02M, Peak:0.02M | Scene, ViewLayer | Synchronizing object | Reliquary | finial.002
Fra:1 Mem:123.25M (Peak 123.25M) | Time:00:00.07 | Mem:0.02M, Peak:0.02M | Scene, ViewLayer | Synchronizing object | Reliquary | finial.003
Fra:1 Mem:123.25M (Peak 123.25M) | Time:00:00.07 | Mem:0.02M, Peak:0.02M | Scene, ViewLayer | Synchronizing object | Reliquary | pitched roof
Fra:1 Mem:123.26M (Peak 123.26M) | Time:00:00.07 | Mem:0.02M, Peak:0.02M | Scene, ViewLayer | Synchronizing object | Reliquary | crown stud
Fra:1 Mem:123.26M (Peak 123.26M) | Time:00:00.07 | Mem:0.02M, Peak:0.02M | Scene, ViewLayer | Synchronizing object | Reliquary | crown needle
Fra:1 Mem:123.27M (Peak 123.27M) | Time:00:00.07 | Mem:0.02M, Peak:0.02M | Scene, ViewLayer | Synchronizing object | Loose parchment
Fra:1 Mem:123.27M (Peak 123.27M) | Time:00:00.07 | Mem:0.02M, Peak:0.02M | Scene, ViewLayer | Synchronizing object | Seal cord
Fra:1 Mem:123.28M (Peak 123.28M) | Time:00:00.07 | Mem:0.02M, Peak:0.02M | Scene, ViewLayer | Synchronizing object | Book chain | iron link
Fra:1 Mem:123.28M (Peak 123.28M) | Time:00:00.07 | Mem:0.02M, Peak:0.02M | Scene, ViewLayer | Synchronizing object | Book chain | iron link.001
Fra:1 Mem:123.28M (Peak 123.28M) | Time:00:00.07 | Mem:0.02M, Peak:0.02M | Scene, ViewLayer | Synchronizing object | Book chain | iron link.002
Fra:1 Mem:123.30M (Peak 123.30M) | Time:00:00.07 | Mem:0.02M, Peak:0.02M | Scene, ViewLayer | Synchronizing object | Book chain | iron link.003
Fra:1 Mem:123.31M (Peak 123.31M) | Time:00:00.07 | Mem:0.02M, Peak:0.02M | Scene, ViewLayer | Synchronizing object | Book chain | iron link.004
Fra:1 Mem:123.31M (Peak 123.31M) | Time:00:00.07 | Mem:0.02M, Peak:0.02M | Scene, ViewLayer | Synchronizing object | Book chain | iron link.006
Fra:1 Mem:123.34M (Peak 123.34M) | Time:00:00.07 | Mem:0.02M, Peak:0.02M | Scene, ViewLayer | Synchronizing object | Book chain | iron link.007
Fra:1 Mem:123.34M (Peak 123.34M) | Time:00:00.07 | Mem:0.02M, Peak:0.02M | Scene, ViewLayer | Synchronizing object | Book chain | iron link.008
Fra:1 Mem:123.36M (Peak 123.36M) | Time:00:00.07 | Mem:0.02M, Peak:0.02M | Scene, ViewLayer | Synchronizing object | Book chain | iron link.009
Fra:1 Mem:123.36M (Peak 123.36M) | Time:00:00.07 | Mem:0.02M, Peak:0.02M | Scene, ViewLayer | Synchronizing object | Book chain | iron link.011
Fra:1 Mem:123.37M (Peak 123.37M) | Time:00:00.07 | Mem:0.02M, Peak:0.02M | Scene, ViewLayer | Synchronizing object | Book chain | iron link.012
Fra:1 Mem:123.37M (Peak 123.37M) | Time:00:00.07 | Mem:0.02M, Peak:0.02M | Scene, ViewLayer | Synchronizing object | Book chain | iron link.013
Fra:1 Mem:123.38M (Peak 123.38M) | Time:00:00.07 | Mem:0.02M, Peak:0.02M | Scene, ViewLayer | Synchronizing object | Book chain | iron link.014
Fra:1 Mem:123.40M (Peak 123.40M) | Time:00:00.07 | Mem:0.02M, Peak:0.02M | Scene, ViewLayer | Synchronizing object | Book chain | iron link.015
Fra:1 Mem:123.40M (Peak 123.40M) | Time:00:00.07 | Mem:0.02M, Peak:0.02M | Scene, ViewLayer | Synchronizing object | Book chain | iron link.016
Fra:1 Mem:123.42M (Peak 123.42M) | Time:00:00.07 | Mem:0.02M, Peak:0.02M | Scene, ViewLayer | Synchronizing object | Book chain | iron link.017
Fra:1 Mem:123.44M (Peak 123.44M) | Time:00:00.07 | Mem:0.02M, Peak:0.02M | Scene, ViewLayer | Synchronizing object | Book chain | iron link.019
Fra:1 Mem:123.44M (Peak 123.44M) | Time:00:00.07 | Mem:0.02M, Peak:0.02M | Scene, ViewLayer | Synchronizing object | Book chain | iron link.020
Fra:1 Mem:123.46M (Peak 123.46M) | Time:00:00.07 | Mem:0.02M, Peak:0.02M | Scene, ViewLayer | Synchronizing object | Book chain | iron link.021
Fra:1 Mem:123.48M (Peak 123.48M) | Time:00:00.07 | Mem:0.02M, Peak:0.02M | Scene, ViewLayer | Synchronizing object | Book chain | iron link.022
Fra:1 Mem:123.48M (Peak 123.48M) | Time:00:00.07 | Mem:0.02M, Peak:0.02M | Scene, ViewLayer | Synchronizing object | Book chain | iron link.023
Fra:1 Mem:123.49M (Peak 123.49M) | Time:00:00.07 | Mem:0.02M, Peak:0.02M | Scene, ViewLayer | Synchronizing object | Book chain | iron link.024
Fra:1 Mem:123.49M (Peak 123.49M) | Time:00:00.07 | Mem:0.02M, Peak:0.02M | Scene, ViewLayer | Synchronizing object | Small ritual token
Fra:1 Mem:123.51M (Peak 123.51M) | Time:00:00.07 | Mem:0.02M, Peak:0.02M | Scene, ViewLayer | Synchronizing object | Small ritual token.001
Fra:1 Mem:123.51M (Peak 123.51M) | Time:00:00.07 | Mem:0.02M, Peak:0.02M | Scene, ViewLayer | Synchronizing object | Small ritual token.002
Fra:1 Mem:123.52M (Peak 123.52M) | Time:00:00.07 | Mem:0.02M, Peak:0.02M | Scene, ViewLayer | Synchronizing object | Small ritual token.003
Fra:1 Mem:123.53M (Peak 123.53M) | Time:00:00.07 | Mem:0.02M, Peak:0.02M | Scene, ViewLayer | Synchronizing object | Small ritual token.004
Fra:1 Mem:123.53M (Peak 123.53M) | Time:00:00.07 | Mem:0.02M, Peak:0.02M | Scene, ViewLayer | Synchronizing object | Small ritual token.005
Fra:1 Mem:123.53M (Peak 123.53M) | Time:00:00.07 | Mem:0.02M, Peak:0.02M | Scene, ViewLayer | Synchronizing object | Small ritual token.006
Fra:1 Mem:123.54M (Peak 123.54M) | Time:00:00.07 | Mem:0.02M, Peak:0.02M | Scene, ViewLayer | Synchronizing object | Oak | old incision.001
Fra:1 Mem:123.56M (Peak 123.56M) | Time:00:00.07 | Mem:0.02M, Peak:0.02M | Scene, ViewLayer | Synchronizing object | Oak | old incision.003
Fra:1 Mem:123.58M (Peak 123.58M) | Time:00:00.07 | Mem:0.02M, Peak:0.02M | Scene, ViewLayer | Synchronizing object | Oak | old incision.004
Fra:1 Mem:123.58M (Peak 123.58M) | Time:00:00.07 | Mem:0.02M, Peak:0.02M | Scene, ViewLayer | Synchronizing object | Oak | old incision.005
Fra:1 Mem:123.59M (Peak 123.59M) | Time:00:00.07 | Mem:0.02M, Peak:0.02M | Scene, ViewLayer | Synchronizing object | Oak | old incision.009
Fra:1 Mem:123.59M (Peak 123.59M) | Time:00:00.07 | Mem:0.02M, Peak:0.02M | Scene, ViewLayer | Synchronizing object | Oak | old incision.010
Fra:1 Mem:123.60M (Peak 123.60M) | Time:00:00.07 | Mem:0.02M, Peak:0.02M | Scene, ViewLayer | Synchronizing object | Oak | old incision.011
Fra:1 Mem:123.60M (Peak 123.60M) | Time:00:00.07 | Mem:0.02M, Peak:0.02M | Scene, ViewLayer | Synchronizing object | Oak | old incision.012
Fra:1 Mem:123.60M (Peak 123.60M) | Time:00:00.07 | Mem:0.02M, Peak:0.02M | Scene, ViewLayer | Synchronizing object | Oak | old incision.013
Fra:1 Mem:123.61M (Peak 123.61M) | Time:00:00.07 | Mem:0.02M, Peak:0.02M | Scene, ViewLayer | Synchronizing object | Oak | old incision.015
Fra:1 Mem:123.61M (Peak 123.61M) | Time:00:00.07 | Mem:0.02M, Peak:0.02M | Scene, ViewLayer | Synchronizing object | Oak | old incision.016
Fra:1 Mem:123.61M (Peak 123.61M) | Time:00:00.07 | Mem:0.02M, Peak:0.02M | Scene, ViewLayer | Synchronizing object | Oak | old incision.017
Fra:1 Mem:123.61M (Peak 123.61M) | Time:00:00.07 | Mem:0.02M, Peak:0.02M | Scene, ViewLayer | Synchronizing object | Oak | old incision.018
Fra:1 Mem:123.62M (Peak 123.62M) | Time:00:00.07 | Mem:0.02M, Peak:0.02M | Scene, ViewLayer | Synchronizing object | Oak | old incision.019
Fra:1 Mem:123.62M (Peak 123.62M) | Time:00:00.07 | Mem:0.02M, Peak:0.02M | Scene, ViewLayer | Synchronizing object | Oak | old incision.021
Fra:1 Mem:123.62M (Peak 123.62M) | Time:00:00.07 | Mem:0.02M, Peak:0.02M | Scene, ViewLayer | Synchronizing object | Oak | old incision.024
Fra:1 Mem:123.63M (Peak 123.63M) | Time:00:00.07 | Mem:0.02M, Peak:0.02M | Scene, ViewLayer | Synchronizing object | Oak | old incision.025
Fra:1 Mem:123.63M (Peak 123.63M) | Time:00:00.07 | Mem:0.02M, Peak:0.02M | Scene, ViewLayer | Synchronizing object | Oak | old incision.026
Fra:1 Mem:123.63M (Peak 123.63M) | Time:00:00.07 | Mem:0.02M, Peak:0.02M | Scene, ViewLayer | Synchronizing object | Oak | old incision.027
Fra:1 Mem:123.64M (Peak 123.64M) | Time:00:00.07 | Mem:0.02M, Peak:0.02M | Scene, ViewLayer | Synchronizing object | Oak | old incision.028
Fra:1 Mem:123.64M (Peak 123.64M) | Time:00:00.07 | Mem:0.02M, Peak:0.02M | Scene, ViewLayer | Synchronizing object | Oak | old incision.029
Fra:1 Mem:123.64M (Peak 123.64M) | Time:00:00.07 | Mem:0.02M, Peak:0.02M | Scene, ViewLayer | Synchronizing object | Oak | old incision.030
Fra:1 Mem:123.64M (Peak 123.64M) | Time:00:00.07 | Mem:0.02M, Peak:0.02M | Scene, ViewLayer | Synchronizing object | Oak | old incision.031
Fra:1 Mem:123.65M (Peak 123.65M) | Time:00:00.07 | Mem:0.02M, Peak:0.02M | Scene, ViewLayer | Synchronizing object | Oak | old incision.032
Fra:1 Mem:123.65M (Peak 123.65M) | Time:00:00.07 | Mem:0.02M, Peak:0.02M | Scene, ViewLayer | Synchronizing object | Oak | old incision.033
Fra:1 Mem:123.66M (Peak 123.66M) | Time:00:00.07 | Mem:0.02M, Peak:0.02M | Scene, ViewLayer | Synchronizing object | Oak | old incision.034
Fra:1 Mem:123.66M (Peak 123.66M) | Time:00:00.07 | Mem:0.02M, Peak:0.02M | Scene, ViewLayer | Synchronizing object | Oak | old incision.039
Fra:1 Mem:123.66M (Peak 123.66M) | Time:00:00.07 | Mem:0.02M, Peak:0.02M | Scene, ViewLayer | Synchronizing object | Oak | old incision.040
Fra:1 Mem:123.67M (Peak 123.67M) | Time:00:00.07 | Mem:0.02M, Peak:0.02M | Scene, ViewLayer | Synchronizing object | Oak | old incision.042
Fra:1 Mem:123.67M (Peak 123.67M) | Time:00:00.07 | Mem:0.02M, Peak:0.02M | Scene, ViewLayer | Synchronizing object | Oak | old incision.043
Fra:1 Mem:123.68M (Peak 123.68M) | Time:00:00.07 | Mem:0.02M, Peak:0.02M | Scene, ViewLayer | Synchronizing object | Oak | old incision.046
Fra:1 Mem:123.68M (Peak 123.68M) | Time:00:00.07 | Mem:0.02M, Peak:0.02M | Scene, ViewLayer | Synchronizing object | Oak | old incision.048
Fra:1 Mem:123.69M (Peak 123.69M) | Time:00:00.07 | Mem:0.02M, Peak:0.02M | Scene, ViewLayer | Synchronizing object | Oak | old incision.049
Fra:1 Mem:123.69M (Peak 123.69M) | Time:00:00.07 | Mem:0.02M, Peak:0.02M | Scene, ViewLayer | Synchronizing object | Oak | old incision.051
Fra:1 Mem:123.69M (Peak 123.69M) | Time:00:00.07 | Mem:0.02M, Peak:0.02M | Scene, ViewLayer | Synchronizing object | Oak | old incision.052
Fra:1 Mem:123.69M (Peak 123.69M) | Time:00:00.07 | Mem:0.02M, Peak:0.02M | Scene, ViewLayer | Synchronizing object | Oak | old incision.053
Fra:1 Mem:123.70M (Peak 123.70M) | Time:00:00.07 | Mem:0.02M, Peak:0.02M | Scene, ViewLayer | Synchronizing object | Oak | old incision.054
Fra:1 Mem:123.70M (Peak 123.70M) | Time:00:00.07 | Mem:0.02M, Peak:0.02M | Scene, ViewLayer | Synchronizing object | Oak | old incision.055
Fra:1 Mem:123.70M (Peak 123.70M) | Time:00:00.07 | Mem:0.02M, Peak:0.02M | Scene, ViewLayer | Synchronizing object | Oak | old incision.057
Fra:1 Mem:123.70M (Peak 123.70M) | Time:00:00.07 | Mem:0.02M, Peak:0.02M | Scene, ViewLayer | Synchronizing object | Oak | old incision.058
Fra:1 Mem:123.71M (Peak 123.71M) | Time:00:00.07 | Mem:0.02M, Peak:0.02M | Scene, ViewLayer | Synchronizing object | Oak | old incision.059
Fra:1 Mem:123.71M (Peak 123.71M) | Time:00:00.07 | Mem:0.02M, Peak:0.02M | Scene, ViewLayer | Synchronizing object | Oak | old incision.060
Fra:1 Mem:123.71M (Peak 123.71M) | Time:00:00.07 | Mem:0.02M, Peak:0.02M | Scene, ViewLayer | Synchronizing object | Oak | old incision.061
Fra:1 Mem:123.71M (Peak 123.71M) | Time:00:00.07 | Mem:0.02M, Peak:0.02M | Scene, ViewLayer | Synchronizing object | Oak | old incision.062
Fra:1 Mem:123.72M (Peak 123.72M) | Time:00:00.07 | Mem:0.02M, Peak:0.02M | Scene, ViewLayer | Synchronizing object | Oak | old incision.064
Fra:1 Mem:123.72M (Peak 123.72M) | Time:00:00.07 | Mem:0.02M, Peak:0.02M | Scene, ViewLayer | Synchronizing object | Oak | old incision.065
Fra:1 Mem:123.72M (Peak 123.72M) | Time:00:00.07 | Mem:0.02M, Peak:0.02M | Scene, ViewLayer | Synchronizing object | Oak | old incision.066
Fra:1 Mem:123.72M (Peak 123.72M) | Time:00:00.07 | Mem:0.02M, Peak:0.02M | Scene, ViewLayer | Synchronizing object | Oak | old incision.067
Fra:1 Mem:123.73M (Peak 123.73M) | Time:00:00.07 | Mem:0.02M, Peak:0.02M | Scene, ViewLayer | Synchronizing object | Oak | old incision.068
Fra:1 Mem:123.73M (Peak 123.73M) | Time:00:00.07 | Mem:0.02M, Peak:0.02M | Scene, ViewLayer | Synchronizing object | Oak | old incision.070
Fra:1 Mem:123.73M (Peak 123.73M) | Time:00:00.07 | Mem:0.02M, Peak:0.02M | Scene, ViewLayer | Synchronizing object | Oak | old incision.069
Fra:1 Mem:123.74M (Peak 123.74M) | Time:00:00.07 | Mem:0.02M, Peak:0.02M | Scene, ViewLayer | Synchronizing object | Oak | old incision.071
Fra:1 Mem:123.74M (Peak 123.74M) | Time:00:00.07 | Mem:0.02M, Peak:0.02M | Scene, ViewLayer | Synchronizing object | Oak | old incision.072
Fra:1 Mem:123.74M (Peak 123.74M) | Time:00:00.07 | Mem:0.02M, Peak:0.02M | Scene, ViewLayer | Synchronizing object | Oak | old incision.073
Fra:1 Mem:123.75M (Peak 123.75M) | Time:00:00.07 | Mem:0.02M, Peak:0.02M | Scene, ViewLayer | Synchronizing object | Oak | dried oil stain.001
Fra:1 Mem:123.75M (Peak 123.75M) | Time:00:00.07 | Mem:0.02M, Peak:0.02M | Scene, ViewLayer | Synchronizing object | Oak | dried oil stain.002
Fra:1 Mem:123.75M (Peak 123.75M) | Time:00:00.07 | Mem:0.02M, Peak:0.02M | Scene, ViewLayer | Synchronizing object | Oak | dried oil stain.003
Fra:1 Mem:123.75M (Peak 123.75M) | Time:00:00.07 | Mem:0.02M, Peak:0.02M | Scene, ViewLayer | Synchronizing object | Oak | dried oil stain.004
Fra:1 Mem:123.76M (Peak 123.76M) | Time:00:00.07 | Mem:0.02M, Peak:0.02M | Scene, ViewLayer | Synchronizing object | Wax | spilled drop
Fra:1 Mem:123.76M (Peak 123.76M) | Time:00:00.07 | Mem:0.02M, Peak:0.02M | Scene, ViewLayer | Synchronizing object | Wax | spilled drop.001
Fra:1 Mem:123.76M (Peak 123.76M) | Time:00:00.07 | Mem:0.02M, Peak:0.02M | Scene, ViewLayer | Synchronizing object | Wax | spilled drop.002
Fra:1 Mem:123.76M (Peak 123.76M) | Time:00:00.07 | Mem:0.02M, Peak:0.02M | Scene, ViewLayer | Synchronizing object | Wax | spilled drop.003
Fra:1 Mem:123.77M (Peak 123.77M) | Time:00:00.07 | Mem:0.02M, Peak:0.02M | Scene, ViewLayer | Synchronizing object | Wax | spilled drop.004
Fra:1 Mem:123.77M (Peak 123.77M) | Time:00:00.07 | Mem:0.02M, Peak:0.02M | Scene, ViewLayer | Synchronizing object | Wax | spilled drop.006
Fra:1 Mem:123.78M (Peak 123.78M) | Time:00:00.07 | Mem:0.02M, Peak:0.02M | Scene, ViewLayer | Synchronizing object | Wax | spilled drop.007
Fra:1 Mem:123.78M (Peak 123.78M) | Time:00:00.07 | Mem:0.02M, Peak:0.02M | Scene, ViewLayer | Synchronizing object | Wax | spilled drop.010
Fra:1 Mem:123.78M (Peak 123.78M) | Time:00:00.07 | Mem:0.02M, Peak:0.02M | Scene, ViewLayer | Synchronizing object | Wax | spilled drop.011
Fra:1 Mem:123.79M (Peak 123.79M) | Time:00:00.07 | Mem:0.02M, Peak:0.02M | Scene, ViewLayer | Synchronizing object | Wax | spilled drop.012
Fra:1 Mem:123.79M (Peak 123.79M) | Time:00:00.07 | Mem:0.02M, Peak:0.02M | Scene, ViewLayer | Synchronizing object | Wax | spilled drop.014
Fra:1 Mem:123.79M (Peak 123.79M) | Time:00:00.07 | Mem:0.02M, Peak:0.02M | Scene, ViewLayer | Synchronizing object | Wax | spilled drop.015
Fra:1 Mem:123.79M (Peak 123.79M) | Time:00:00.07 | Mem:0.02M, Peak:0.02M | Scene, ViewLayer | Synchronizing object | Wax | spilled drop.016
Fra:1 Mem:123.80M (Peak 123.80M) | Time:00:00.07 | Mem:0.02M, Peak:0.02M | Scene, ViewLayer | Synchronizing object | Wax | spilled drop.017
Fra:1 Mem:123.80M (Peak 123.80M) | Time:00:00.07 | Mem:0.02M, Peak:0.02M | Scene, ViewLayer | Synchronizing object | Wax | spilled drop.018
Fra:1 Mem:123.80M (Peak 123.80M) | Time:00:00.07 | Mem:0.02M, Peak:0.02M | Scene, ViewLayer | Synchronizing object | Wax | spilled drop.019
Fra:1 Mem:123.81M (Peak 123.81M) | Time:00:00.07 | Mem:0.02M, Peak:0.02M | Scene, ViewLayer | Synchronizing object | Wax | spilled drop.020
Fra:1 Mem:123.81M (Peak 123.81M) | Time:00:00.07 | Mem:0.02M, Peak:0.02M | Scene, ViewLayer | Synchronizing object | Oak | black iron pin
Fra:1 Mem:123.82M (Peak 123.82M) | Time:00:00.07 | Mem:0.02M, Peak:0.02M | Scene, ViewLayer | Synchronizing object | Oak | black iron pin.001
Fra:1 Mem:123.82M (Peak 123.82M) | Time:00:00.07 | Mem:0.02M, Peak:0.02M | Scene, ViewLayer | Synchronizing object | Oak | black iron pin.002
Fra:1 Mem:123.83M (Peak 123.83M) | Time:00:00.07 | Mem:0.02M, Peak:0.02M | Scene, ViewLayer | Synchronizing object | Oak | black iron pin.003
Fra:1 Mem:123.83M (Peak 123.83M) | Time:00:00.07 | Mem:0.02M, Peak:0.02M | Scene, ViewLayer | Synchronizing object | Oak | exposed edge splinter
Fra:1 Mem:123.83M (Peak 123.83M) | Time:00:00.07 | Mem:0.02M, Peak:0.02M | Scene, ViewLayer | Synchronizing object | Oak | exposed edge splinter.001
Fra:1 Mem:123.84M (Peak 123.84M) | Time:00:00.07 | Mem:0.02M, Peak:0.02M | Scene, ViewLayer | Synchronizing object | Oak | exposed edge splinter.002
Fra:1 Mem:123.86M (Peak 123.86M) | Time:00:00.07 | Mem:0.02M, Peak:0.02M | Scene, ViewLayer | Synchronizing object | Oak | exposed edge splinter.003
Fra:1 Mem:123.86M (Peak 123.86M) | Time:00:00.07 | Mem:0.02M, Peak:0.02M | Scene, ViewLayer | Synchronizing object | Oak | exposed edge splinter.006
Fra:1 Mem:123.86M (Peak 123.86M) | Time:00:00.07 | Mem:0.02M, Peak:0.02M | Scene, ViewLayer | Synchronizing object | Oak | exposed edge splinter.007
Fra:1 Mem:123.87M (Peak 123.87M) | Time:00:00.07 | Mem:0.02M, Peak:0.02M | Scene, ViewLayer | Synchronizing object | Oak | exposed edge splinter.008
Fra:1 Mem:123.87M (Peak 123.87M) | Time:00:00.07 | Mem:0.02M, Peak:0.02M | Scene, ViewLayer | Synchronizing object | Oak | exposed edge splinter.009
Fra:1 Mem:123.88M (Peak 123.88M) | Time:00:00.07 | Mem:0.02M, Peak:0.02M | Scene, ViewLayer | Synchronizing object | Oak | exposed edge splinter.011
Fra:1 Mem:123.88M (Peak 123.88M) | Time:00:00.07 | Mem:0.02M, Peak:0.02M | Scene, ViewLayer | Synchronizing object | Oak | exposed edge splinter.012
Fra:1 Mem:123.90M (Peak 123.90M) | Time:00:00.07 | Mem:0.02M, Peak:0.02M | Scene, ViewLayer | Synchronizing object | Oak | exposed edge splinter.013
Fra:1 Mem:123.90M (Peak 123.90M) | Time:00:00.07 | Mem:0.02M, Peak:0.02M | Scene, ViewLayer | Synchronizing object | Wax | old rivulet
Fra:1 Mem:123.91M (Peak 123.91M) | Time:00:00.07 | Mem:0.02M, Peak:0.02M | Scene, ViewLayer | Synchronizing object | Wax | hanging tear
Fra:1 Mem:123.91M (Peak 123.91M) | Time:00:00.07 | Mem:0.02M, Peak:0.02M | Scene, ViewLayer | Synchronizing object | Wax | old rivulet.001
Fra:1 Mem:123.92M (Peak 123.92M) | Time:00:00.07 | Mem:0.02M, Peak:0.02M | Scene, ViewLayer | Synchronizing object | Faint crimson above altar
Fra:1 Mem:123.93M (Peak 123.93M) | Time:00:00.07 | Mem:0.02M, Peak:0.02M | Scene, ViewLayer | Synchronizing object | Wax | old rivulet.003
Fra:1 Mem:123.94M (Peak 123.94M) | Time:00:00.07 | Mem:0.02M, Peak:0.02M | Scene, ViewLayer | Synchronizing object | Wax | hanging tear.003
Fra:1 Mem:123.94M (Peak 123.94M) | Time:00:00.07 | Mem:0.02M, Peak:0.02M | Scene, ViewLayer | Synchronizing object | Wax | old rivulet.004
Fra:1 Mem:123.95M (Peak 123.95M) | Time:00:00.07 | Mem:0.02M, Peak:0.02M | Scene, ViewLayer | Synchronizing object | Wax | hanging tear.004
Fra:1 Mem:123.95M (Peak 123.95M) | Time:00:00.07 | Mem:0.02M, Peak:0.02M | Scene, ViewLayer | Synchronizing object | Wax | old rivulet.005
Fra:1 Mem:123.95M (Peak 123.95M) | Time:00:00.07 | Mem:0.02M, Peak:0.02M | Scene, ViewLayer | Synchronizing object | Wax | hanging tear.005
Fra:1 Mem:123.95M (Peak 123.95M) | Time:00:00.07 | Mem:0.02M, Peak:0.02M | Scene, ViewLayer | Synchronizing object | Wax | burnt well
Fra:1 Mem:123.96M (Peak 123.96M) | Time:00:00.07 | Mem:0.02M, Peak:0.02M | Scene, ViewLayer | Synchronizing object | Wax | old rivulet.006
Fra:1 Mem:123.96M (Peak 123.96M) | Time:00:00.07 | Mem:0.02M, Peak:0.02M | Scene, ViewLayer | Synchronizing object | Wax | hanging tear.007
Fra:1 Mem:123.96M (Peak 123.96M) | Time:00:00.07 | Mem:0.02M, Peak:0.02M | Scene, ViewLayer | Synchronizing object | Niche_1_light
Fra:1 Mem:123.96M (Peak 123.96M) | Time:00:00.07 | Mem:0.02M, Peak:0.02M | Scene, ViewLayer | Synchronizing object | Altar_1_light
Fra:1 Mem:123.96M (Peak 123.96M) | Time:00:00.07 | Mem:0.02M, Peak:0.02M | Scene, ViewLayer | Synchronizing object | Rear_bench_-1_light
Fra:1 Mem:123.96M (Peak 123.96M) | Time:00:00.07 | Mem:0.02M, Peak:0.02M | Scene, ViewLayer | Synchronizing object | Niche_-1_light
Fra:1 Mem:123.96M (Peak 123.96M) | Time:00:00.07 | Mem:0.02M, Peak:0.02M | Scene, ViewLayer | Synchronizing object | Altar_-1_light
Fra:1 Mem:123.96M (Peak 123.96M) | Time:00:00.07 | Mem:0.02M, Peak:0.02M | Scene, ViewLayer | Synchronizing object | Back_1_2_light
Fra:1 Mem:123.96M (Peak 123.96M) | Time:00:00.07 | Mem:0.02M, Peak:0.02M | Scene, ViewLayer | Synchronizing object | Back_1_1_light
Fra:1 Mem:123.97M (Peak 123.97M) | Time:00:00.07 | Mem:0.02M, Peak:0.02M | Scene, ViewLayer | Synchronizing object | Wax | hanging tear.008
Fra:1 Mem:123.97M (Peak 123.97M) | Time:00:00.07 | Mem:0.02M, Peak:0.02M | Scene, ViewLayer | Synchronizing object | Wax | hanging tear.009
Fra:1 Mem:123.97M (Peak 123.97M) | Time:00:00.07 | Mem:0.02M, Peak:0.02M | Scene, ViewLayer | Synchronizing object | Wax | old rivulet.010
Fra:1 Mem:123.97M (Peak 123.97M) | Time:00:00.07 | Mem:0.02M, Peak:0.02M | Scene, ViewLayer | Synchronizing object | Wax | hanging tear.010
Fra:1 Mem:123.97M (Peak 123.97M) | Time:00:00.07 | Mem:0.02M, Peak:0.02M | Scene, ViewLayer | Synchronizing object | Wax | old rivulet.011
Fra:1 Mem:123.98M (Peak 123.98M) | Time:00:00.07 | Mem:0.02M, Peak:0.02M | Scene, ViewLayer | Synchronizing object | Wax | hanging tear.011
Fra:1 Mem:123.98M (Peak 123.98M) | Time:00:00.07 | Mem:0.02M, Peak:0.02M | Scene, ViewLayer | Synchronizing object | Wax | old rivulet.013
Fra:1 Mem:123.99M (Peak 123.99M) | Time:00:00.07 | Mem:0.02M, Peak:0.02M | Scene, ViewLayer | Synchronizing object | Wax | hanging tear.013
Fra:1 Mem:123.99M (Peak 123.99M) | Time:00:00.07 | Mem:0.02M, Peak:0.02M | Scene, ViewLayer | Synchronizing object | Wax | old rivulet.014
Fra:1 Mem:123.99M (Peak 123.99M) | Time:00:00.07 | Mem:0.02M, Peak:0.02M | Scene, ViewLayer | Synchronizing object | Wax | hanging tear.014
Fra:1 Mem:124.00M (Peak 124.00M) | Time:00:00.07 | Mem:0.02M, Peak:0.02M | Scene, ViewLayer | Synchronizing object | Wax | hanging tear.015
Fra:1 Mem:124.00M (Peak 124.00M) | Time:00:00.07 | Mem:0.02M, Peak:0.02M | Scene, ViewLayer | Synchronizing object | Wax | old rivulet.016
Fra:1 Mem:124.00M (Peak 124.00M) | Time:00:00.07 | Mem:0.02M, Peak:0.02M | Scene, ViewLayer | Synchronizing object | Wax | old rivulet.017
Fra:1 Mem:124.00M (Peak 124.00M) | Time:00:00.07 | Mem:0.02M, Peak:0.02M | Scene, ViewLayer | Synchronizing object | Wax | hanging tear.017
Fra:1 Mem:124.00M (Peak 124.00M) | Time:00:00.07 | Mem:0.02M, Peak:0.02M | Scene, ViewLayer | Synchronizing object | Wax | burnt well.002
Fra:1 Mem:124.00M (Peak 124.00M) | Time:00:00.07 | Mem:0.02M, Peak:0.02M | Scene, ViewLayer | Synchronizing object | Wax | old rivulet.018
Fra:1 Mem:124.01M (Peak 124.01M) | Time:00:00.07 | Mem:0.02M, Peak:0.02M | Scene, ViewLayer | Synchronizing object | Wax | hanging tear.018
Fra:1 Mem:124.01M (Peak 124.01M) | Time:00:00.07 | Mem:0.02M, Peak:0.02M | Scene, ViewLayer | Synchronizing object | Wax | old rivulet.019
Fra:1 Mem:124.01M (Peak 124.01M) | Time:00:00.07 | Mem:0.02M, Peak:0.02M | Scene, ViewLayer | Synchronizing object | Wax | hanging tear.019
Fra:1 Mem:124.01M (Peak 124.01M) | Time:00:00.07 | Mem:0.02M, Peak:0.02M | Scene, ViewLayer | Synchronizing object | Wax | old rivulet.020
Fra:1 Mem:124.01M (Peak 124.01M) | Time:00:00.07 | Mem:0.02M, Peak:0.02M | Scene, ViewLayer | Synchronizing object | Wax | hanging tear.020
Fra:1 Mem:124.01M (Peak 124.01M) | Time:00:00.07 | Mem:0.02M, Peak:0.02M | Scene, ViewLayer | Synchronizing object | Back_-1_1_light
Fra:1 Mem:124.01M (Peak 124.01M) | Time:00:00.07 | Mem:0.02M, Peak:0.02M | Scene, ViewLayer | Synchronizing object | Back_-1_0_light
Fra:1 Mem:124.01M (Peak 124.01M) | Time:00:00.07 | Mem:0.02M, Peak:0.02M | Scene, ViewLayer | Synchronizing object | FrontRight_low_light
Fra:1 Mem:124.01M (Peak 124.01M) | Time:00:00.07 | Mem:0.02M, Peak:0.02M | Scene, ViewLayer | Synchronizing object | FrontRight_tall_light
Fra:1 Mem:124.01M (Peak 124.01M) | Time:00:00.07 | Mem:0.02M, Peak:0.02M | Scene, ViewLayer | Synchronizing object | FrontLeft_stump_light
Fra:1 Mem:124.01M (Peak 124.01M) | Time:00:00.07 | Mem:0.02M, Peak:0.02M | Scene, ViewLayer | Synchronizing object | FrontLeft_low_light
Fra:1 Mem:124.01M (Peak 124.01M) | Time:00:00.07 | Mem:0.02M, Peak:0.02M | Scene, ViewLayer | Synchronizing object | FrontLeft_tall_light
Fra:1 Mem:124.01M (Peak 124.01M) | Time:00:00.07 | Mem:0.02M, Peak:0.02M | Scene, ViewLayer | Synchronizing object | Atmosphere volume (render only)
Fra:1 Mem:124.02M (Peak 124.02M) | Time:00:00.07 | Mem:0.02M, Peak:0.02M | Scene, ViewLayer | Synchronizing object | Fallen limestone chip.021
Fra:1 Mem:124.02M (Peak 124.02M) | Time:00:00.07 | Mem:0.02M, Peak:0.02M | Scene, ViewLayer | Synchronizing object | Wax | old rivulet.022
Fra:1 Mem:124.02M (Peak 124.02M) | Time:00:00.07 | Mem:0.02M, Peak:0.02M | Scene, ViewLayer | Synchronizing object | Fallen limestone chip.020
Fra:1 Mem:124.03M (Peak 124.03M) | Time:00:00.07 | Mem:0.02M, Peak:0.02M | Scene, ViewLayer | Synchronizing object | Fallen limestone chip.019
Fra:1 Mem:124.03M (Peak 124.03M) | Time:00:00.07 | Mem:0.02M, Peak:0.02M | Scene, ViewLayer | Synchronizing object | Wax | hanging tear.022
Fra:1 Mem:124.03M (Peak 124.03M) | Time:00:00.07 | Mem:0.02M, Peak:0.02M | Scene, ViewLayer | Synchronizing object | Fallen limestone chip.018
Fra:1 Mem:124.03M (Peak 124.03M) | Time:00:00.07 | Mem:0.02M, Peak:0.02M | Scene, ViewLayer | Synchronizing object | Wax | burnt well.003
Fra:1 Mem:124.04M (Peak 124.04M) | Time:00:00.07 | Mem:0.02M, Peak:0.02M | Scene, ViewLayer | Synchronizing object | Wax | old rivulet.024
Fra:1 Mem:124.04M (Peak 124.04M) | Time:00:00.07 | Mem:0.02M, Peak:0.02M | Scene, ViewLayer | Synchronizing object | Wax | hanging tear.024
Fra:1 Mem:124.04M (Peak 124.04M) | Time:00:00.07 | Mem:0.02M, Peak:0.02M | Scene, ViewLayer | Synchronizing object | Wax | old rivulet.026
Fra:1 Mem:124.04M (Peak 124.04M) | Time:00:00.07 | Mem:0.02M, Peak:0.02M | Scene, ViewLayer | Synchronizing object | Wax | hanging tear.026
Fra:1 Mem:124.05M (Peak 124.05M) | Time:00:00.07 | Mem:0.02M, Peak:0.02M | Scene, ViewLayer | Synchronizing object | Wax | old rivulet.027
Fra:1 Mem:124.05M (Peak 124.05M) | Time:00:00.07 | Mem:0.02M, Peak:0.02M | Scene, ViewLayer | Synchronizing object | Fallen limestone chip.017
Fra:1 Mem:124.05M (Peak 124.05M) | Time:00:00.07 | Mem:0.02M, Peak:0.02M | Scene, ViewLayer | Synchronizing object | Fallen limestone chip.016
Fra:1 Mem:124.05M (Peak 124.05M) | Time:00:00.07 | Mem:0.02M, Peak:0.02M | Scene, ViewLayer | Synchronizing object | Wax | hanging tear.028
Fra:1 Mem:124.06M (Peak 124.06M) | Time:00:00.07 | Mem:0.02M, Peak:0.02M | Scene, ViewLayer | Synchronizing object | Wax | old rivulet.029
Fra:1 Mem:124.06M (Peak 124.06M) | Time:00:00.07 | Mem:0.02M, Peak:0.02M | Scene, ViewLayer | Synchronizing object | Wax | old rivulet.030
Fra:1 Mem:124.06M (Peak 124.06M) | Time:00:00.07 | Mem:0.02M, Peak:0.02M | Scene, ViewLayer | Synchronizing object | Wax | hanging tear.030
Fra:1 Mem:124.06M (Peak 124.06M) | Time:00:00.07 | Mem:0.02M, Peak:0.02M | Scene, ViewLayer | Synchronizing object | Fallen limestone chip.015
Fra:1 Mem:124.07M (Peak 124.07M) | Time:00:00.07 | Mem:0.02M, Peak:0.02M | Scene, ViewLayer | Synchronizing object | Wax | hanging tear.031
Fra:1 Mem:124.07M (Peak 124.07M) | Time:00:00.07 | Mem:0.02M, Peak:0.02M | Scene, ViewLayer | Synchronizing object | Wax | old rivulet.032
Fra:1 Mem:124.07M (Peak 124.07M) | Time:00:00.07 | Mem:0.02M, Peak:0.02M | Scene, ViewLayer | Synchronizing object | Wax | hanging tear.032
Fra:1 Mem:124.08M (Peak 124.08M) | Time:00:00.07 | Mem:0.02M, Peak:0.02M | Scene, ViewLayer | Synchronizing object | Wax | old rivulet.033
Fra:1 Mem:124.08M (Peak 124.08M) | Time:00:00.07 | Mem:0.02M, Peak:0.02M | Scene, ViewLayer | Synchronizing object | Wax | hanging tear.033
Fra:1 Mem:124.08M (Peak 124.08M) | Time:00:00.07 | Mem:0.02M, Peak:0.02M | Scene, ViewLayer | Synchronizing object | Wax | old rivulet.035
Fra:1 Mem:124.08M (Peak 124.08M) | Time:00:00.07 | Mem:0.02M, Peak:0.02M | Scene, ViewLayer | Synchronizing object | Fallen limestone chip.014
Fra:1 Mem:124.08M (Peak 124.08M) | Time:00:00.07 | Mem:0.02M, Peak:0.02M | Scene, ViewLayer | Synchronizing object | Wax | hanging tear.035
Fra:1 Mem:124.09M (Peak 124.09M) | Time:00:00.07 | Mem:0.02M, Peak:0.02M | Scene, ViewLayer | Synchronizing object | Fallen limestone chip.013
Fra:1 Mem:124.09M (Peak 124.09M) | Time:00:00.07 | Mem:0.02M, Peak:0.02M | Scene, ViewLayer | Synchronizing object | Wax | hanging tear.036
Fra:1 Mem:124.09M (Peak 124.09M) | Time:00:00.07 | Mem:0.02M, Peak:0.02M | Scene, ViewLayer | Synchronizing object | Wax | old rivulet.037
Fra:1 Mem:124.10M (Peak 124.10M) | Time:00:00.07 | Mem:0.02M, Peak:0.02M | Scene, ViewLayer | Synchronizing object | Wax | hanging tear.037
Fra:1 Mem:124.10M (Peak 124.10M) | Time:00:00.07 | Mem:0.02M, Peak:0.02M | Scene, ViewLayer | Synchronizing object | Wax | old rivulet.039
Fra:1 Mem:124.10M (Peak 124.10M) | Time:00:00.07 | Mem:0.02M, Peak:0.02M | Scene, ViewLayer | Synchronizing object | Wax | hanging tear.039
Fra:1 Mem:124.10M (Peak 124.10M) | Time:00:00.07 | Mem:0.02M, Peak:0.02M | Scene, ViewLayer | Synchronizing object | Fallen limestone chip.012
Fra:1 Mem:124.10M (Peak 124.10M) | Time:00:00.07 | Mem:0.02M, Peak:0.02M | Scene, ViewLayer | Synchronizing object | Wax | old rivulet.040
Fra:1 Mem:124.11M (Peak 124.11M) | Time:00:00.07 | Mem:0.02M, Peak:0.02M | Scene, ViewLayer | Synchronizing object | Wax | hanging tear.040
Fra:1 Mem:124.11M (Peak 124.11M) | Time:00:00.07 | Mem:0.02M, Peak:0.02M | Scene, ViewLayer | Synchronizing object | Wax | old rivulet.041
Fra:1 Mem:124.11M (Peak 124.11M) | Time:00:00.07 | Mem:0.02M, Peak:0.02M | Scene, ViewLayer | Synchronizing object | Wax | hanging tear.041
Fra:1 Mem:124.11M (Peak 124.11M) | Time:00:00.07 | Mem:0.02M, Peak:0.02M | Scene, ViewLayer | Synchronizing object | Wax | old rivulet.042
Fra:1 Mem:124.11M (Peak 124.11M) | Time:00:00.07 | Mem:0.02M, Peak:0.02M | Scene, ViewLayer | Synchronizing object | Wax | hanging tear.042
Fra:1 Mem:124.12M (Peak 124.12M) | Time:00:00.07 | Mem:0.02M, Peak:0.02M | Scene, ViewLayer | Synchronizing object | Wax | old rivulet.043
Fra:1 Mem:124.12M (Peak 124.12M) | Time:00:00.07 | Mem:0.02M, Peak:0.02M | Scene, ViewLayer | Synchronizing object | Fallen limestone chip.011
Fra:1 Mem:124.12M (Peak 124.12M) | Time:00:00.07 | Mem:0.02M, Peak:0.02M | Scene, ViewLayer | Synchronizing object | Wax | old rivulet.044
Fra:1 Mem:124.12M (Peak 124.12M) | Time:00:00.07 | Mem:0.02M, Peak:0.02M | Scene, ViewLayer | Synchronizing object | Wax | hanging tear.044
Fra:1 Mem:124.12M (Peak 124.12M) | Time:00:00.07 | Mem:0.02M, Peak:0.02M | Scene, ViewLayer | Synchronizing object | Wax | old rivulet.045
Fra:1 Mem:124.13M (Peak 124.13M) | Time:00:00.07 | Mem:0.02M, Peak:0.02M | Scene, ViewLayer | Synchronizing object | Wax | hanging tear.045
Fra:1 Mem:124.13M (Peak 124.13M) | Time:00:00.07 | Mem:0.02M, Peak:0.02M | Scene, ViewLayer | Synchronizing object | Wax | hanging tear.046
Fra:1 Mem:124.13M (Peak 124.13M) | Time:00:00.07 | Mem:0.02M, Peak:0.02M | Scene, ViewLayer | Synchronizing object | Wax | old rivulet.047
Fra:1 Mem:124.13M (Peak 124.13M) | Time:00:00.07 | Mem:0.02M, Peak:0.02M | Scene, ViewLayer | Synchronizing object | Wax | hanging tear.047
Fra:1 Mem:124.13M (Peak 124.13M) | Time:00:00.07 | Mem:0.02M, Peak:0.02M | Scene, ViewLayer | Synchronizing object | Fallen limestone chip.010
Fra:1 Mem:124.14M (Peak 124.14M) | Time:00:00.07 | Mem:0.02M, Peak:0.02M | Scene, ViewLayer | Synchronizing object | Wax | burnt well.007
Fra:1 Mem:124.14M (Peak 124.14M) | Time:00:00.07 | Mem:0.02M, Peak:0.02M | Scene, ViewLayer | Synchronizing object | Fallen limestone chip.009
Fra:1 Mem:124.14M (Peak 124.14M) | Time:00:00.07 | Mem:0.02M, Peak:0.02M | Scene, ViewLayer | Synchronizing object | Wax | hanging tear.048
Fra:1 Mem:124.14M (Peak 124.14M) | Time:00:00.07 | Mem:0.02M, Peak:0.02M | Scene, ViewLayer | Synchronizing object | Fallen limestone chip.008
Fra:1 Mem:124.15M (Peak 124.15M) | Time:00:00.07 | Mem:0.02M, Peak:0.02M | Scene, ViewLayer | Synchronizing object | Wax | hanging tear.049
Fra:1 Mem:124.15M (Peak 124.15M) | Time:00:00.07 | Mem:0.02M, Peak:0.02M | Scene, ViewLayer | Synchronizing object | Wax | old rivulet.051
Fra:1 Mem:124.15M (Peak 124.15M) | Time:00:00.07 | Mem:0.02M, Peak:0.02M | Scene, ViewLayer | Synchronizing object | Wax | hanging tear.051
Fra:1 Mem:124.16M (Peak 124.16M) | Time:00:00.07 | Mem:0.02M, Peak:0.02M | Scene, ViewLayer | Synchronizing object | Wax | old rivulet.052
Fra:1 Mem:124.16M (Peak 124.16M) | Time:00:00.07 | Mem:0.02M, Peak:0.02M | Scene, ViewLayer | Synchronizing object | Wax | hanging tear.052
Fra:1 Mem:124.16M (Peak 124.16M) | Time:00:00.07 | Mem:0.02M, Peak:0.02M | Scene, ViewLayer | Synchronizing object | Wax | hanging tear.053
Fra:1 Mem:124.16M (Peak 124.16M) | Time:00:00.07 | Mem:0.02M, Peak:0.02M | Scene, ViewLayer | Synchronizing object | Fallen limestone chip.007
Fra:1 Mem:124.16M (Peak 124.16M) | Time:00:00.07 | Mem:0.02M, Peak:0.02M | Scene, ViewLayer | Synchronizing object | Fallen limestone chip.006
Fra:1 Mem:124.17M (Peak 124.17M) | Time:00:00.07 | Mem:0.02M, Peak:0.02M | Scene, ViewLayer | Synchronizing object | Wax | burnt well.008
Fra:1 Mem:124.17M (Peak 124.17M) | Time:00:00.07 | Mem:0.02M, Peak:0.02M | Scene, ViewLayer | Synchronizing object | Fallen limestone chip.005
Fra:1 Mem:124.17M (Peak 124.17M) | Time:00:00.07 | Mem:0.02M, Peak:0.02M | Scene, ViewLayer | Synchronizing object | Wax | old rivulet.054
Fra:1 Mem:124.17M (Peak 124.17M) | Time:00:00.07 | Mem:0.02M, Peak:0.02M | Scene, ViewLayer | Synchronizing object | Fallen limestone chip.004
Fra:1 Mem:124.18M (Peak 124.18M) | Time:00:00.07 | Mem:0.02M, Peak:0.02M | Scene, ViewLayer | Synchronizing object | Wax | hanging tear.054
Fra:1 Mem:124.18M (Peak 124.18M) | Time:00:00.07 | Mem:0.02M, Peak:0.02M | Scene, ViewLayer | Synchronizing object | Wax | old rivulet.055
Fra:1 Mem:124.18M (Peak 124.18M) | Time:00:00.07 | Mem:0.02M, Peak:0.02M | Scene, ViewLayer | Synchronizing object | Wax | hanging tear.055
Fra:1 Mem:124.18M (Peak 124.18M) | Time:00:00.07 | Mem:0.02M, Peak:0.02M | Scene, ViewLayer | Synchronizing object | Wax | old rivulet.056
Fra:1 Mem:124.18M (Peak 124.18M) | Time:00:00.07 | Mem:0.02M, Peak:0.02M | Scene, ViewLayer | Synchronizing object | Wax | hanging tear.056
Fra:1 Mem:124.18M (Peak 124.18M) | Time:00:00.07 | Mem:0.02M, Peak:0.02M | Scene, ViewLayer | Synchronizing object | Wax | hanging tear.057
Fra:1 Mem:124.19M (Peak 124.19M) | Time:00:00.07 | Mem:0.02M, Peak:0.02M | Scene, ViewLayer | Synchronizing object | Wax | old rivulet.058
Fra:1 Mem:124.19M (Peak 124.19M) | Time:00:00.07 | Mem:0.02M, Peak:0.02M | Scene, ViewLayer | Synchronizing object | Wax | hanging tear.058
Fra:1 Mem:124.19M (Peak 124.19M) | Time:00:00.07 | Mem:0.02M, Peak:0.02M | Scene, ViewLayer | Synchronizing object | Wax | burnt well.009
Fra:1 Mem:124.19M (Peak 124.19M) | Time:00:00.07 | Mem:0.02M, Peak:0.02M | Scene, ViewLayer | Synchronizing object | Wax | hanging tear.060
Fra:1 Mem:124.20M (Peak 124.20M) | Time:00:00.07 | Mem:0.02M, Peak:0.02M | Scene, ViewLayer | Synchronizing object | Wax | old rivulet.061
Fra:1 Mem:124.20M (Peak 124.20M) | Time:00:00.07 | Mem:0.02M, Peak:0.02M | Scene, ViewLayer | Synchronizing object | Wax | hanging tear.061
Fra:1 Mem:124.21M (Peak 124.21M) | Time:00:00.07 | Mem:0.02M, Peak:0.02M | Scene, ViewLayer | Synchronizing object | Wax | old rivulet.062
Fra:1 Mem:124.21M (Peak 124.21M) | Time:00:00.07 | Mem:0.02M, Peak:0.02M | Scene, ViewLayer | Synchronizing object | Wax | hanging tear.062
Fra:1 Mem:124.21M (Peak 124.21M) | Time:00:00.07 | Mem:0.02M, Peak:0.02M | Scene, ViewLayer | Synchronizing object | Wax | old rivulet.063
Fra:1 Mem:124.21M (Peak 124.21M) | Time:00:00.07 | Mem:0.02M, Peak:0.02M | Scene, ViewLayer | Synchronizing object | Wax | hanging tear.063
Fra:1 Mem:124.21M (Peak 124.21M) | Time:00:00.07 | Mem:0.02M, Peak:0.02M | Scene, ViewLayer | Synchronizing object | Wax | old rivulet.064
Fra:1 Mem:124.21M (Peak 124.21M) | Time:00:00.07 | Mem:0.02M, Peak:0.02M | Scene, ViewLayer | Synchronizing object | Wax | hanging tear.064
Fra:1 Mem:124.22M (Peak 124.22M) | Time:00:00.07 | Mem:0.02M, Peak:0.02M | Scene, ViewLayer | Synchronizing object | Wax | hanging tear.065
Fra:1 Mem:124.22M (Peak 124.22M) | Time:00:00.07 | Mem:0.02M, Peak:0.02M | Scene, ViewLayer | Synchronizing object | Wax | old rivulet.066
Fra:1 Mem:124.22M (Peak 124.22M) | Time:00:00.07 | Mem:0.02M, Peak:0.02M | Scene, ViewLayer | Synchronizing object | Wax | hanging tear.066
Fra:1 Mem:124.22M (Peak 124.22M) | Time:00:00.07 | Mem:0.02M, Peak:0.02M | Scene, ViewLayer | Synchronizing object | Wax | old rivulet.067
Fra:1 Mem:124.22M (Peak 124.22M) | Time:00:00.07 | Mem:0.02M, Peak:0.02M | Scene, ViewLayer | Synchronizing object | Wax | hanging tear.067
Fra:1 Mem:124.23M (Peak 124.23M) | Time:00:00.07 | Mem:0.02M, Peak:0.02M | Scene, ViewLayer | Synchronizing object | Wax | old rivulet.068
Fra:1 Mem:124.23M (Peak 124.23M) | Time:00:00.07 | Mem:0.02M, Peak:0.02M | Scene, ViewLayer | Synchronizing object | Wax | old rivulet.069
Fra:1 Mem:124.23M (Peak 124.23M) | Time:00:00.07 | Mem:0.02M, Peak:0.02M | Scene, ViewLayer | Synchronizing object | Fallen limestone chip.001
Fra:1 Mem:124.23M (Peak 124.23M) | Time:00:00.07 | Mem:0.02M, Peak:0.02M | Scene, ViewLayer | Synchronizing object | Wax | old rivulet.071
Fra:1 Mem:124.24M (Peak 124.24M) | Time:00:00.07 | Mem:0.02M, Peak:0.02M | Scene, ViewLayer | Synchronizing object | Fallen limestone chip
Fra:1 Mem:124.24M (Peak 124.24M) | Time:00:00.07 | Mem:0.02M, Peak:0.02M | Scene, ViewLayer | Synchronizing object | Stone | old fissure.003
Fra:1 Mem:124.24M (Peak 124.24M) | Time:00:00.07 | Mem:0.02M, Peak:0.02M | Scene, ViewLayer | Synchronizing object | Wax | hanging tear.071
Fra:1 Mem:124.25M (Peak 124.25M) | Time:00:00.07 | Mem:0.02M, Peak:0.02M | Scene, ViewLayer | Synchronizing object | Wax | burnt well.011
Fra:1 Mem:124.25M (Peak 124.25M) | Time:00:00.07 | Mem:0.02M, Peak:0.02M | Scene, ViewLayer | Synchronizing object | Stone | old fissure.002
Fra:1 Mem:124.25M (Peak 124.25M) | Time:00:00.07 | Mem:0.02M, Peak:0.02M | Scene, ViewLayer | Synchronizing object | Wax | hanging tear.072
Fra:1 Mem:124.26M (Peak 124.26M) | Time:00:00.07 | Mem:0.02M, Peak:0.02M | Scene, ViewLayer | Synchronizing object | Stone | old fissure.001
Fra:1 Mem:124.26M (Peak 124.26M) | Time:00:00.07 | Mem:0.02M, Peak:0.02M | Scene, ViewLayer | Synchronizing object | Wax | old rivulet.074
Fra:1 Mem:124.26M (Peak 124.26M) | Time:00:00.07 | Mem:0.02M, Peak:0.02M | Scene, ViewLayer | Synchronizing object | Wax | hanging tear.074
Fra:1 Mem:124.26M (Peak 124.26M) | Time:00:00.07 | Mem:0.02M, Peak:0.02M | Scene, ViewLayer | Synchronizing object | Wax | old rivulet.075
Fra:1 Mem:124.27M (Peak 124.27M) | Time:00:00.07 | Mem:0.02M, Peak:0.02M | Scene, ViewLayer | Synchronizing object | Wax | hanging tear.075
Fra:1 Mem:124.27M (Peak 124.27M) | Time:00:00.07 | Mem:0.02M, Peak:0.02M | Scene, ViewLayer | Synchronizing object | Wax | old rivulet.077
Fra:1 Mem:124.27M (Peak 124.27M) | Time:00:00.07 | Mem:0.02M, Peak:0.02M | Scene, ViewLayer | Synchronizing object | Wax | hanging tear.077
Fra:1 Mem:124.27M (Peak 124.27M) | Time:00:00.07 | Mem:0.02M, Peak:0.02M | Scene, ViewLayer | Synchronizing object | Wax | burnt well.012
Fra:1 Mem:124.28M (Peak 124.28M) | Time:00:00.07 | Mem:0.02M, Peak:0.02M | Scene, ViewLayer | Synchronizing object | Wax | old rivulet.078
Fra:1 Mem:124.28M (Peak 124.28M) | Time:00:00.07 | Mem:0.02M, Peak:0.02M | Scene, ViewLayer | Synchronizing object | Wax | old rivulet.079
Fra:1 Mem:124.28M (Peak 124.28M) | Time:00:00.07 | Mem:0.02M, Peak:0.02M | Scene, ViewLayer | Synchronizing object | Wax | hanging tear.079
Fra:1 Mem:124.28M (Peak 124.28M) | Time:00:00.07 | Mem:0.02M, Peak:0.02M | Scene, ViewLayer | Synchronizing object | Stone | old fissure
Fra:1 Mem:124.29M (Peak 124.29M) | Time:00:00.07 | Mem:0.02M, Peak:0.02M | Scene, ViewLayer | Synchronizing object | Wax | old rivulet.080
Fra:1 Mem:124.29M (Peak 124.29M) | Time:00:00.07 | Mem:0.02M, Peak:0.02M | Scene, ViewLayer | Synchronizing object | Wax | old rivulet.081
Fra:1 Mem:124.29M (Peak 124.29M) | Time:00:00.07 | Mem:0.02M, Peak:0.02M | Scene, ViewLayer | Synchronizing object | Wax | hanging tear.081
Fra:1 Mem:124.30M (Peak 124.30M) | Time:00:00.07 | Mem:0.02M, Peak:0.02M | Scene, ViewLayer | Synchronizing object | Wax | old rivulet.082
Fra:1 Mem:124.30M (Peak 124.30M) | Time:00:00.07 | Mem:0.02M, Peak:0.02M | Scene, ViewLayer | Synchronizing object | Wax | hanging tear.082
Fra:1 Mem:124.30M (Peak 124.30M) | Time:00:00.07 | Mem:0.02M, Peak:0.02M | Scene, ViewLayer | Synchronizing object | Wax | old rivulet.083
Fra:1 Mem:124.30M (Peak 124.30M) | Time:00:00.07 | Mem:0.02M, Peak:0.02M | Scene, ViewLayer | Synchronizing object | Wax | hanging tear.083
Fra:1 Mem:124.30M (Peak 124.30M) | Time:00:00.07 | Mem:0.02M, Peak:0.02M | Scene, ViewLayer | Synchronizing object | Wax | burnt well.013
Fra:1 Mem:124.30M (Peak 124.30M) | Time:00:00.07 | Mem:0.02M, Peak:0.02M | Scene, ViewLayer | Synchronizing object | Obscured heraldic eye
Fra:1 Mem:124.30M (Peak 124.30M) | Time:00:00.07 | Mem:0.02M, Peak:0.02M | Scene, ViewLayer | Synchronizing object | Wax | old rivulet.084
Fra:1 Mem:124.31M (Peak 124.31M) | Time:00:00.07 | Mem:0.02M, Peak:0.02M | Scene, ViewLayer | Synchronizing object | Altar hanging | iron rod
Fra:1 Mem:124.31M (Peak 124.31M) | Time:00:00.07 | Mem:0.02M, Peak:0.02M | Scene, ViewLayer | Synchronizing object | Wax | old rivulet.085
Fra:1 Mem:124.32M (Peak 124.32M) | Time:00:00.07 | Mem:0.02M, Peak:0.02M | Scene, ViewLayer | Synchronizing object | Torn altar hanging | deep crimson
Fra:1 Mem:124.36M (Peak 124.36M) | Time:00:00.07 | Mem:0.02M, Peak:0.02M | Scene, ViewLayer | Synchronizing object | Wax | old rivulet.086
Fra:1 Mem:124.36M (Peak 124.36M) | Time:00:00.07 | Mem:0.02M, Peak:0.02M | Scene, ViewLayer | Synchronizing object | Wax | hanging tear.086
Fra:1 Mem:124.37M (Peak 124.37M) | Time:00:00.07 | Mem:0.02M, Peak:0.02M | Scene, ViewLayer | Synchronizing object | Wax | old rivulet.087
Fra:1 Mem:124.37M (Peak 124.37M) | Time:00:00.07 | Mem:0.02M, Peak:0.02M | Scene, ViewLayer | Synchronizing object | Wax | hanging tear.087
Fra:1 Mem:124.38M (Peak 124.38M) | Time:00:00.07 | Mem:0.02M, Peak:0.02M | Scene, ViewLayer | Synchronizing object | Wax | hanging tear.088
Fra:1 Mem:124.38M (Peak 124.38M) | Time:00:00.07 | Mem:0.02M, Peak:0.02M | Scene, ViewLayer | Synchronizing object | Wax | burnt well.016
Fra:1 Mem:124.38M (Peak 124.38M) | Time:00:00.07 | Mem:0.02M, Peak:0.02M | Scene, ViewLayer | Synchronizing object | Wax | old rivulet.089
Fra:1 Mem:124.38M (Peak 124.38M) | Time:00:00.07 | Mem:0.02M, Peak:0.02M | Scene, ViewLayer | Synchronizing object | Wax | hanging tear.089
Fra:1 Mem:124.39M (Peak 124.39M) | Time:00:00.07 | Mem:0.02M, Peak:0.02M | Scene, ViewLayer | Synchronizing object | Wax | burnt well.014
Fra:1 Mem:124.39M (Peak 124.39M) | Time:00:00.07 | Mem:0.02M, Peak:0.02M | Scene, ViewLayer | Synchronizing object | Wax | hanging tear.090
Fra:1 Mem:124.39M (Peak 124.39M) | Time:00:00.07 | Mem:0.02M, Peak:0.02M | Scene, ViewLayer | Synchronizing object | Wax | old rivulet.091
Fra:1 Mem:124.39M (Peak 124.39M) | Time:00:00.07 | Mem:0.02M, Peak:0.02M | Scene, ViewLayer | Synchronizing object | Wax | old rivulet.092
Fra:1 Mem:124.40M (Peak 124.40M) | Time:00:00.07 | Mem:0.02M, Peak:0.02M | Scene, ViewLayer | Synchronizing object | Wax | hanging tear.101
Fra:1 Mem:124.40M (Peak 124.40M) | Time:00:00.07 | Mem:0.02M, Peak:0.02M | Scene, ViewLayer | Synchronizing object | Wax | hanging tear.093
Fra:1 Mem:124.40M (Peak 124.40M) | Time:00:00.07 | Mem:0.02M, Peak:0.02M | Scene, ViewLayer | Synchronizing object | Wax | old rivulet.101
Fra:1 Mem:124.41M (Peak 124.41M) | Time:00:00.07 | Mem:0.02M, Peak:0.02M | Scene, ViewLayer | Synchronizing object | Wax | old rivulet.094
Fra:1 Mem:124.41M (Peak 124.41M) | Time:00:00.07 | Mem:0.02M, Peak:0.02M | Scene, ViewLayer | Synchronizing object | Wax | hanging tear.100
Fra:1 Mem:124.41M (Peak 124.41M) | Time:00:00.07 | Mem:0.02M, Peak:0.02M | Scene, ViewLayer | Synchronizing object | Wax | hanging tear.094
Fra:1 Mem:124.41M (Peak 124.41M) | Time:00:00.07 | Mem:0.02M, Peak:0.02M | Scene, ViewLayer | Synchronizing object | Wax | old rivulet.095
Fra:1 Mem:124.41M (Peak 124.41M) | Time:00:00.07 | Mem:0.02M, Peak:0.02M | Scene, ViewLayer | Synchronizing object | Wax | hanging tear.095
Fra:1 Mem:124.41M (Peak 124.41M) | Time:00:00.07 | Mem:0.02M, Peak:0.02M | Scene, ViewLayer | Synchronizing object | Wax | burnt well.015
Fra:1 Mem:124.42M (Peak 124.42M) | Time:00:00.07 | Mem:0.02M, Peak:0.02M | Scene, ViewLayer | Synchronizing object | Wax | old rivulet.096
Fra:1 Mem:124.42M (Peak 124.42M) | Time:00:00.07 | Mem:0.02M, Peak:0.02M | Scene, ViewLayer | Synchronizing object | Wax | hanging tear.096
Fra:1 Mem:124.42M (Peak 124.42M) | Time:00:00.07 | Mem:0.02M, Peak:0.02M | Scene, ViewLayer | Synchronizing object | Wax | hanging tear.097
Fra:1 Mem:124.42M (Peak 124.42M) | Time:00:00.07 | Mem:0.02M, Peak:0.02M | Scene, ViewLayer | Synchronizing object | Wax | old rivulet.098
Fra:1 Mem:124.42M (Peak 124.42M) | Time:00:00.07 | Mem:0.02M, Peak:0.02M | Scene, ViewLayer | Synchronizing object | Wax | hanging tear.098
Fra:1 Mem:124.43M (Peak 124.43M) | Time:00:00.07 | Mem:0.02M, Peak:0.02M | Scene, ViewLayer | Synchronizing object | Wax | old rivulet.099
Fra:1 Mem:124.43M (Peak 124.43M) | Time:00:00.07 | Mem:0.02M, Peak:0.02M | Scene, ViewLayer | Synchronizing object | Wax | old rivulet.100
Fra:1 Mem:124.44M (Peak 124.44M) | Time:00:00.07 | Mem:0.02M, Peak:0.02M | Scene, ViewLayer | Initializing
Fra:1 Mem:75.22M (Peak 124.44M) | Time:00:00.09 | Mem:0.02M, Peak:0.02M | Scene, ViewLayer | Waiting for render to start
Fra:1 Mem:75.22M (Peak 124.44M) | Time:00:00.09 | Mem:0.02M, Peak:0.02M | Scene, ViewLayer | Updating Scene
Fra:1 Mem:75.22M (Peak 124.44M) | Time:00:00.09 | Mem:0.02M, Peak:0.02M | Scene, ViewLayer | Updating Shaders
Fra:1 Mem:75.22M (Peak 124.44M) | Time:00:00.09 | Mem:0.02M, Peak:0.02M | Scene, ViewLayer | Loading render kernels (may take a few minutes the first time)
Fra:1 Mem:75.30M (Peak 124.44M) | Time:00:00.14 | Mem:0.10M, Peak:0.10M | Scene, ViewLayer | Updating Procedurals
Fra:1 Mem:75.30M (Peak 124.44M) | Time:00:00.14 | Mem:0.10M, Peak:0.10M | Scene, ViewLayer | Updating Background
Fra:1 Mem:75.30M (Peak 124.44M) | Time:00:00.14 | Mem:0.10M, Peak:0.10M | Scene, ViewLayer | Updating Camera
Fra:1 Mem:75.30M (Peak 124.44M) | Time:00:00.14 | Mem:0.10M, Peak:0.10M | Scene, ViewLayer | Updating Meshes Flags
Fra:1 Mem:75.30M (Peak 124.44M) | Time:00:00.14 | Mem:0.10M, Peak:0.10M | Scene, ViewLayer | Updating Objects
Fra:1 Mem:75.30M (Peak 124.44M) | Time:00:00.14 | Mem:0.10M, Peak:0.10M | Scene, ViewLayer | Updating Objects | Copying Transformations to device
Fra:1 Mem:75.31M (Peak 124.44M) | Time:00:00.14 | Mem:0.54M, Peak:0.54M | Scene, ViewLayer | Updating Particle Systems
Fra:1 Mem:75.31M (Peak 124.44M) | Time:00:00.14 | Mem:0.54M, Peak:0.54M | Scene, ViewLayer | Updating Particle Systems | Copying Particles to device
Fra:1 Mem:75.31M (Peak 124.44M) | Time:00:00.14 | Mem:0.54M, Peak:0.54M | Scene, ViewLayer | Updating Meshes
Fra:1 Mem:75.31M (Peak 124.44M) | Time:00:00.14 | Mem:0.54M, Peak:0.54M | Scene, ViewLayer | Updating Objects | Applying Static Transformations
Fra:1 Mem:75.31M (Peak 124.44M) | Time:00:00.14 | Mem:0.54M, Peak:0.54M | Scene, ViewLayer | Updating Mesh | Computing attributes
Fra:1 Mem:75.80M (Peak 124.44M) | Time:00:00.14 | Mem:0.60M, Peak:0.60M | Scene, ViewLayer | Updating Mesh | Copying Attributes to device
Fra:1 Mem:75.31M (Peak 124.44M) | Time:00:00.21 | Mem:0.92M, Peak:0.92M | Scene, ViewLayer | Updating Geometry BVH Cube 2/84 | Building BVH
Fra:1 Mem:75.31M (Peak 124.44M) | Time:00:00.21 | Mem:0.92M, Peak:0.92M | Scene, ViewLayer | Updating Geometry BVH Cylinder 10/195 | Building BVH
Fra:1 Mem:75.31M (Peak 124.44M) | Time:00:00.21 | Mem:0.92M, Peak:0.92M | Scene, ViewLayer | Updating Geometry BVH Cylinder 10/195 | Building mesh BLAS |     108 tris | Cube
Fra:1 Mem:75.31M (Peak 124.44M) | Time:00:00.21 | Mem:0.92M, Peak:0.92M | Scene, ViewLayer | Updating Geometry BVH Cylinder 10/195 | Building mesh BLAS |     108 tris | Cube.004
Fra:1 Mem:75.31M (Peak 124.44M) | Time:00:00.21 | Mem:0.92M, Peak:0.92M | Scene, ViewLayer | Updating Geometry BVH Cylinder 10/195 | Building mesh BLAS |     108 tris | Cube.001
Fra:1 Mem:75.31M (Peak 124.44M) | Time:00:00.21 | Mem:0.92M, Peak:0.92M | Scene, ViewLayer | Updating Geometry BVH light 1004/1003 | Building mesh BLAS |      28 tris | Cylinder
Fra:1 Mem:75.31M (Peak 124.44M) | Time:00:00.21 | Mem:0.92M, Peak:0.92M | Scene, ViewLayer | Updating Geometry BVH light 1004/1003 | Building mesh BLAS |     108 tris | Cube.006
Fra:1 Mem:75.31M (Peak 124.44M) | Time:00:00.21 | Mem:0.92M, Peak:0.92M | Scene, ViewLayer | Updating Geometry BVH Faint crimson above altar 1003/1003 | Building BVH
Fra:1 Mem:75.31M (Peak 124.44M) | Time:00:00.21 | Mem:0.92M, Peak:0.92M | Scene, ViewLayer | Updating Geometry BVH Rear_bench_1_light 1002/1003 | Building BVH
Fra:1 Mem:75.31M (Peak 124.44M) | Time:00:00.21 | Mem:0.92M, Peak:0.92M | Scene, ViewLayer | Updating Geometry BVH Niche_1_light 1001/1003 | Building BVH
Fra:1 Mem:75.31M (Peak 124.44M) | Time:00:00.21 | Mem:0.92M, Peak:0.92M | Scene, ViewLayer | Updating Geometry BVH Altar_1_light 1000/1003 | Building BVH
Fra:1 Mem:75.31M (Peak 124.44M) | Time:00:00.21 | Mem:0.92M, Peak:0.92M | Scene, ViewLayer | Updating Geometry BVH Rear_bench_-1_light 999/1003 | Building BVH
Fra:1 Mem:75.31M (Peak 124.44M) | Time:00:00.21 | Mem:0.92M, Peak:0.92M | Scene, ViewLayer | Updating Geometry BVH Niche_-1_light 998/1003 | Building BVH
Fra:1 Mem:75.31M (Peak 124.44M) | Time:00:00.21 | Mem:0.92M, Peak:0.92M | Scene, ViewLayer | Updating Geometry BVH Altar_-1_light 997/1003 | Building BVH
Fra:1 Mem:75.31M (Peak 124.44M) | Time:00:00.21 | Mem:0.92M, Peak:0.92M | Scene, ViewLayer | Updating Geometry BVH Back_1_2_light 996/1003 | Building BVH
Fra:1 Mem:75.31M (Peak 124.44M) | Time:00:00.21 | Mem:0.92M, Peak:0.92M | Scene, ViewLayer | Updating Geometry BVH Back_1_1_light 995/1003 | Building BVH
Fra:1 Mem:75.31M (Peak 124.44M) | Time:00:00.21 | Mem:0.92M, Peak:0.92M | Scene, ViewLayer | Updating Geometry BVH Back_1_0_light 994/1003 | Building BVH
Fra:1 Mem:75.31M (Peak 124.44M) | Time:00:00.21 | Mem:0.92M, Peak:0.92M | Scene, ViewLayer | Updating Geometry BVH Back_-1_2_light 993/1003 | Building BVH
Fra:1 Mem:75.31M (Peak 124.44M) | Time:00:00.21 | Mem:0.92M, Peak:0.92M | Scene, ViewLayer | Updating Geometry BVH Back_-1_1_light 992/1003 | Building BVH
Fra:1 Mem:75.31M (Peak 124.44M) | Time:00:00.21 | Mem:0.92M, Peak:0.92M | Scene, ViewLayer | Updating Geometry BVH Back_-1_0_light 991/1003 | Building BVH
Fra:1 Mem:75.31M (Peak 124.44M) | Time:00:00.21 | Mem:0.92M, Peak:0.92M | Scene, ViewLayer | Updating Geometry BVH FrontRight_low_light 990/1003 | Building BVH
Fra:1 Mem:75.31M (Peak 124.44M) | Time:00:00.21 | Mem:0.92M, Peak:0.92M | Scene, ViewLayer | Updating Geometry BVH FrontRight_tall_light 989/1003 | Building BVH
Fra:1 Mem:75.31M (Peak 124.44M) | Time:00:00.21 | Mem:0.92M, Peak:0.92M | Scene, ViewLayer | Updating Geometry BVH FrontLeft_stump_light 988/1003 | Building BVH
Fra:1 Mem:75.31M (Peak 124.44M) | Time:00:00.21 | Mem:0.92M, Peak:0.92M | Scene, ViewLayer | Updating Geometry BVH FrontLeft_low_light 987/1003 | Building BVH
Fra:1 Mem:75.31M (Peak 124.44M) | Time:00:00.21 | Mem:0.92M, Peak:0.92M | Scene, ViewLayer | Updating Geometry BVH FrontLeft_tall_light 986/1003 | Building BVH
Fra:1 Mem:75.31M (Peak 124.44M) | Time:00:00.21 | Mem:0.92M, Peak:0.92M | Scene, ViewLayer | Updating Geometry BVH Cube.072 985/1003 | Building BVH
Fra:1 Mem:75.31M (Peak 124.44M) | Time:00:00.21 | Mem:0.92M, Peak:0.92M | Scene, ViewLayer | Updating Geometry BVH Cube.072 985/1003 | Building mesh BLAS |      12 tris | Cube.072
Fra:1 Mem:75.31M (Peak 124.44M) | Time:00:00.21 | Mem:0.92M, Peak:0.92M | Scene, ViewLayer | Updating Geometry BVH Cylinder.001 11/1003 | Building BVH
Fra:1 Mem:75.31M (Peak 124.44M) | Time:00:00.21 | Mem:0.92M, Peak:0.92M | Scene, ViewLayer | Updating Geometry BVH Cylinder.007 17/1003 | Building BVH
Fra:1 Mem:75.31M (Peak 124.44M) | Time:00:00.21 | Mem:0.92M, Peak:0.92M | Scene, ViewLayer | Updating Geometry BVH Cylinder.009 19/1003 | Building BVH
Fra:1 Mem:75.31M (Peak 124.44M) | Time:00:00.21 | Mem:0.92M, Peak:0.92M | Scene, ViewLayer | Updating Geometry BVH Cylinder.009 19/1003 | Building mesh BLAS |      44 tris | Cylinder.002
Fra:1 Mem:75.31M (Peak 124.44M) | Time:00:00.21 | Mem:0.92M, Peak:0.92M | Scene, ViewLayer | Updating Geometry BVH Cylinder.009 19/1003 | Building mesh BLAS |      44 tris | Cylinder.005
Fra:1 Mem:75.31M (Peak 124.44M) | Time:00:00.21 | Mem:0.92M, Peak:0.92M | Scene, ViewLayer | Updating Geometry BVH Cylinder.009 19/1003 | Building mesh BLAS |      44 tris | Cylinder.007
Fra:1 Mem:75.31M (Peak 124.44M) | Time:00:00.21 | Mem:0.92M, Peak:0.92M | Scene, ViewLayer | Updating Geometry BVH Cylinder.009 19/1003 | Building mesh BLAS |      44 tris | Cylinder.004
Fra:1 Mem:75.31M (Peak 124.44M) | Time:00:00.21 | Mem:0.92M, Peak:0.92M | Scene, ViewLayer | Updating Geometry BVH Cylinder.009 19/1003 | Building mesh BLAS |      20 tris | Icosphere.169
Fra:1 Mem:75.31M (Peak 124.44M) | Time:00:00.21 | Mem:0.92M, Peak:0.92M | Scene, ViewLayer | Updating Geometry BVH Cylinder.010 20/1003 | Building BVH
Fra:1 Mem:75.31M (Peak 124.44M) | Time:00:00.21 | Mem:0.92M, Peak:0.92M | Scene, ViewLayer | Updating Geometry BVH Cylinder.010 20/1003 | Building mesh BLAS |      36 tris | Cylinder.010
Fra:1 Mem:75.31M (Peak 124.44M) | Time:00:00.21 | Mem:0.92M, Peak:0.92M | Scene, ViewLayer | Updating Geometry BVH Cube.008 21/1003 | Building BVH
Fra:1 Mem:75.31M (Peak 124.44M) | Time:00:00.21 | Mem:0.92M, Peak:0.92M | Scene, ViewLayer | Updating Geometry BVH Cube.008 21/1003 | Building mesh BLAS |     108 tris | Cube.008
Fra:1 Mem:75.31M (Peak 124.44M) | Time:00:00.21 | Mem:0.92M, Peak:0.92M | Scene, ViewLayer | Updating Geometry BVH Icosphere.168 983/1003 | Building BVH
Fra:1 Mem:75.31M (Peak 124.44M) | Time:00:00.21 | Mem:0.92M, Peak:0.92M | Scene, ViewLayer | Updating Geometry BVH Cylinder.012 23/1003 | Building mesh BLAS |      20 tris | Icosphere.168
Fra:1 Mem:75.31M (Peak 124.44M) | Time:00:00.21 | Mem:0.92M, Peak:0.92M | Scene, ViewLayer | Updating Geometry BVH Cylinder.014 25/1003 | Building BVH
Fra:1 Mem:75.31M (Peak 124.44M) | Time:00:00.21 | Mem:0.92M, Peak:0.92M | Scene, ViewLayer | Updating Geometry BVH Cylinder.015 26/1003 | Building mesh BLAS |      44 tris | Cylinder.014
Fra:1 Mem:75.31M (Peak 124.44M) | Time:00:00.21 | Mem:0.92M, Peak:0.92M | Scene, ViewLayer | Updating Geometry BVH Cylinder.016 27/1003 | Building BVH
Fra:1 Mem:75.31M (Peak 124.44M) | Time:00:00.21 | Mem:0.92M, Peak:0.92M | Scene, ViewLayer | Updating Geometry BVH Cylinder.017 28/1003 | Building BVH
Fra:1 Mem:75.31M (Peak 124.44M) | Time:00:00.21 | Mem:0.92M, Peak:0.92M | Scene, ViewLayer | Updating Geometry BVH Cylinder.018 29/1003 | Building BVH
Fra:1 Mem:75.31M (Peak 124.44M) | Time:00:00.21 | Mem:0.92M, Peak:0.92M | Scene, ViewLayer | Updating Geometry BVH Cylinder.018 29/1003 | Building mesh BLAS |      44 tris | Cylinder.016
Fra:1 Mem:75.31M (Peak 124.44M) | Time:00:00.21 | Mem:0.92M, Peak:0.92M | Scene, ViewLayer | Updating Geometry BVH Cylinder.019 30/1003 | Building mesh BLAS |      28 tris | Cylinder.012
Fra:1 Mem:75.31M (Peak 124.44M) | Time:00:00.21 | Mem:0.92M, Peak:0.92M | Scene, ViewLayer | Updating Geometry BVH Icosphere.167 982/1003 | Building BVH
Fra:1 Mem:75.31M (Peak 124.44M) | Time:00:00.21 | Mem:0.92M, Peak:0.92M | Scene, ViewLayer | Updating Geometry BVH Icosphere.167 982/1003 | Building mesh BLAS |      44 tris | Cylinder.019
Fra:1 Mem:75.31M (Peak 124.44M) | Time:00:00.21 | Mem:0.92M, Peak:0.92M | Scene, ViewLayer | Updating Geometry BVH Icosphere.167 982/1003 | Building mesh BLAS |      44 tris | Cylinder.018
Fra:1 Mem:75.31M (Peak 124.44M) | Time:00:00.21 | Mem:0.92M, Peak:0.92M | Scene, ViewLayer | Updating Geometry BVH Cylinder.020 31/1003 | Building BVH
Fra:1 Mem:75.31M (Peak 124.44M) | Time:00:00.21 | Mem:0.92M, Peak:0.92M | Scene, ViewLayer | Updating Geometry BVH Cylinder.021 32/1003 | Building BVH
Fra:1 Mem:75.31M (Peak 124.44M) | Time:00:00.21 | Mem:0.92M, Peak:0.92M | Scene, ViewLayer | Updating Geometry BVH Cylinder.021 32/1003 | Building mesh BLAS |      36 tris | Cylinder.020
Fra:1 Mem:75.31M (Peak 124.44M) | Time:00:00.21 | Mem:0.92M, Peak:0.92M | Scene, ViewLayer | Updating Geometry BVH Cylinder.022 33/1003 | Building BVH
Fra:1 Mem:75.31M (Peak 124.44M) | Time:00:00.21 | Mem:0.92M, Peak:0.92M | Scene, ViewLayer | Updating Geometry BVH Cylinder.023 34/1003 | Building mesh BLAS |      20 tris | Icosphere.167
Fra:1 Mem:75.31M (Peak 124.44M) | Time:00:00.21 | Mem:0.92M, Peak:0.92M | Scene, ViewLayer | Updating Geometry BVH Cylinder.023 34/1003 | Building mesh BLAS |      36 tris | Cylinder.021
Fra:1 Mem:75.31M (Peak 124.44M) | Time:00:00.21 | Mem:0.92M, Peak:0.92M | Scene, ViewLayer | Updating Geometry BVH Cylinder.024 35/1003 | Building BVH
Fra:1 Mem:75.31M (Peak 124.44M) | Time:00:00.21 | Mem:0.92M, Peak:0.92M | Scene, ViewLayer | Updating Geometry BVH Cylinder.024 35/1003 | Building mesh BLAS |      28 tris | Cylinder.023
Fra:1 Mem:75.31M (Peak 124.44M) | Time:00:00.21 | Mem:0.92M, Peak:0.92M | Scene, ViewLayer | Updating Geometry BVH Cylinder.024 35/1003 | Building mesh BLAS |      28 tris | Cylinder.024
Fra:1 Mem:75.31M (Peak 124.44M) | Time:00:00.21 | Mem:0.92M, Peak:0.92M | Scene, ViewLayer | Updating Geometry BVH Cylinder.025 36/1003 | Building BVH
Fra:1 Mem:75.31M (Peak 124.44M) | Time:00:00.21 | Mem:0.92M, Peak:0.92M | Scene, ViewLayer | Updating Geometry BVH Cylinder.026 37/1003 | Building BVH
Fra:1 Mem:75.31M (Peak 124.44M) | Time:00:00.21 | Mem:0.92M, Peak:0.92M | Scene, ViewLayer | Updating Geometry BVH Cylinder.027 38/1003 | Building BVH
Fra:1 Mem:75.31M (Peak 124.44M) | Time:00:00.21 | Mem:0.92M, Peak:0.92M | Scene, ViewLayer | Updating Geometry BVH Cylinder.027 38/1003 | Building mesh BLAS |      44 tris | Cylinder.026
Fra:1 Mem:75.31M (Peak 124.44M) | Time:00:00.21 | Mem:0.92M, Peak:0.92M | Scene, ViewLayer | Updating Geometry BVH Cylinder.027 38/1003 | Building mesh BLAS |      44 tris | Cylinder.027
Fra:1 Mem:75.31M (Peak 124.44M) | Time:00:00.21 | Mem:0.92M, Peak:0.92M | Scene, ViewLayer | Updating Geometry BVH Cylinder.028 39/1003 | Building BVH
Fra:1 Mem:75.31M (Peak 124.44M) | Time:00:00.21 | Mem:0.92M, Peak:0.92M | Scene, ViewLayer | Updating Geometry BVH Cylinder.029 40/1003 | Building BVH
Fra:1 Mem:75.31M (Peak 124.44M) | Time:00:00.21 | Mem:0.92M, Peak:0.92M | Scene, ViewLayer | Updating Geometry BVH Cylinder.029 40/1003 | Building mesh BLAS |      44 tris | Cylinder.029
Fra:1 Mem:75.31M (Peak 124.44M) | Time:00:00.21 | Mem:0.92M, Peak:0.92M | Scene, ViewLayer | Updating Geometry BVH Cylinder.029 40/1003 | Building mesh BLAS |      44 tris | Cylinder.028
Fra:1 Mem:75.31M (Peak 124.44M) | Time:00:00.21 | Mem:0.92M, Peak:0.92M | Scene, ViewLayer | Updating Geometry BVH Cylinder.030 41/1003 | Building BVH
Fra:1 Mem:75.31M (Peak 124.44M) | Time:00:00.21 | Mem:0.92M, Peak:0.92M | Scene, ViewLayer | Updating Geometry BVH Cylinder.031 42/1003 | Building BVH
Fra:1 Mem:75.31M (Peak 124.44M) | Time:00:00.21 | Mem:0.92M, Peak:0.92M | Scene, ViewLayer | Updating Geometry BVH Cylinder.031 42/1003 | Building mesh BLAS |      44 tris | Cylinder.030
Fra:1 Mem:75.31M (Peak 124.44M) | Time:00:00.21 | Mem:0.92M, Peak:0.92M | Scene, ViewLayer | Updating Geometry BVH Icosphere.166 981/1003 | Building BVH
Fra:1 Mem:75.31M (Peak 124.44M) | Time:00:00.21 | Mem:0.92M, Peak:0.92M | Scene, ViewLayer | Updating Geometry BVH Icosphere.166 981/1003 | Building mesh BLAS |      20 tris | Icosphere.166
Fra:1 Mem:75.31M (Peak 124.44M) | Time:00:00.21 | Mem:0.92M, Peak:0.92M | Scene, ViewLayer | Updating Geometry BVH Cylinder.032 43/1003 | Building BVH
Fra:1 Mem:75.31M (Peak 124.44M) | Time:00:00.21 | Mem:0.92M, Peak:0.92M | Scene, ViewLayer | Updating Geometry BVH Cylinder.032 43/1003 | Building mesh BLAS |      36 tris | Cylinder.032
Fra:1 Mem:75.31M (Peak 124.44M) | Time:00:00.21 | Mem:0.92M, Peak:0.92M | Scene, ViewLayer | Updating Geometry BVH Cylinder.033 44/1003 | Building BVH
Fra:1 Mem:75.31M (Peak 124.44M) | Time:00:00.21 | Mem:0.92M, Peak:0.92M | Scene, ViewLayer | Updating Geometry BVH Cylinder.036 47/1003 | Building BVH
Fra:1 Mem:75.31M (Peak 124.44M) | Time:00:00.21 | Mem:0.92M, Peak:0.92M | Scene, ViewLayer | Updating Geometry BVH Cylinder.036 47/1003 | Building mesh BLAS |      36 tris | Cylinder.033
Fra:1 Mem:75.31M (Peak 124.44M) | Time:00:00.21 | Mem:0.92M, Peak:0.92M | Scene, ViewLayer | Updating Geometry BVH Cylinder.036 47/1003 | Building mesh BLAS |      28 tris | Cylinder.036
Fra:1 Mem:75.31M (Peak 124.44M) | Time:00:00.21 | Mem:0.92M, Peak:0.92M | Scene, ViewLayer | Updating Geometry BVH Cylinder.037 48/1003 | Building BVH
Fra:1 Mem:75.31M (Peak 124.44M) | Time:00:00.21 | Mem:0.92M, Peak:0.92M | Scene, ViewLayer | Updating Geometry BVH Cylinder.038 49/1003 | Building BVH
Fra:1 Mem:75.31M (Peak 124.44M) | Time:00:00.21 | Mem:0.92M, Peak:0.92M | Scene, ViewLayer | Updating Geometry BVH Cylinder.038 49/1003 | Building mesh BLAS |      44 tris | Cylinder.037
Fra:1 Mem:75.31M (Peak 124.44M) | Time:00:00.21 | Mem:0.92M, Peak:0.92M | Scene, ViewLayer | Updating Geometry BVH Cylinder.039 50/1003 | Building BVH
Fra:1 Mem:75.31M (Peak 124.44M) | Time:00:00.21 | Mem:0.92M, Peak:0.92M | Scene, ViewLayer | Updating Geometry BVH Cylinder.039 50/1003 | Building mesh BLAS |      44 tris | Cylinder.038
Fra:1 Mem:75.31M (Peak 124.44M) | Time:00:00.21 | Mem:0.92M, Peak:0.92M | Scene, ViewLayer | Updating Geometry BVH Cylinder.039 50/1003 | Building mesh BLAS |      44 tris | Cylinder.039
Fra:1 Mem:75.31M (Peak 124.44M) | Time:00:00.21 | Mem:0.92M, Peak:0.92M | Scene, ViewLayer | Updating Geometry BVH Cylinder.040 51/1003 | Building BVH
Fra:1 Mem:75.31M (Peak 124.44M) | Time:00:00.21 | Mem:0.92M, Peak:0.92M | Scene, ViewLayer | Updating Geometry BVH Cylinder.040 51/1003 | Building mesh BLAS |      44 tris | Cylinder.040
Fra:1 Mem:75.31M (Peak 124.44M) | Time:00:00.21 | Mem:0.92M, Peak:0.92M | Scene, ViewLayer | Updating Geometry BVH Icosphere.165 980/1003 | Building BVH
Fra:1 Mem:75.31M (Peak 124.44M) | Time:00:00.21 | Mem:0.92M, Peak:0.92M | Scene, ViewLayer | Updating Geometry BVH Icosphere.165 980/1003 | Building mesh BLAS |      20 tris | Icosphere.165
Fra:1 Mem:75.31M (Peak 124.44M) | Time:00:00.21 | Mem:0.92M, Peak:0.92M | Scene, ViewLayer | Updating Geometry BVH Cylinder.041 52/1003 | Building BVH
Fra:1 Mem:75.31M (Peak 124.44M) | Time:00:00.21 | Mem:0.92M, Peak:0.92M | Scene, ViewLayer | Updating Geometry BVH Cylinder.042 53/1003 | Building BVH
Fra:1 Mem:75.31M (Peak 124.44M) | Time:00:00.21 | Mem:0.92M, Peak:0.92M | Scene, ViewLayer | Updating Geometry BVH Cylinder.042 53/1003 | Building mesh BLAS |      44 tris | Cylinder.041
Fra:1 Mem:75.31M (Peak 124.44M) | Time:00:00.21 | Mem:0.92M, Peak:0.92M | Scene, ViewLayer | Updating Geometry BVH Cylinder.043 54/1003 | Building mesh BLAS |      44 tris | Cylinder.042
Fra:1 Mem:75.31M (Peak 124.44M) | Time:00:00.21 | Mem:0.92M, Peak:0.92M | Scene, ViewLayer | Updating Geometry BVH Cylinder.043 54/1003 | Building mesh BLAS |      44 tris | Cylinder.043
Fra:1 Mem:75.31M (Peak 124.44M) | Time:00:00.21 | Mem:0.92M, Peak:0.92M | Scene, ViewLayer | Updating Geometry BVH Cylinder.044 55/1003 | Building BVH
Fra:1 Mem:75.31M (Peak 124.44M) | Time:00:00.21 | Mem:0.92M, Peak:0.92M | Scene, ViewLayer | Updating Geometry BVH Cylinder.044 55/1003 | Building mesh BLAS |      36 tris | Cylinder.044
Fra:1 Mem:75.31M (Peak 124.44M) | Time:00:00.21 | Mem:0.92M, Peak:0.92M | Scene, ViewLayer | Updating Geometry BVH Cylinder.045 56/1003 | Building BVH
Fra:1 Mem:75.31M (Peak 124.44M) | Time:00:00.21 | Mem:0.92M, Peak:0.92M | Scene, ViewLayer | Updating Geometry BVH Cylinder.046 57/1003 | Building BVH
Fra:1 Mem:75.31M (Peak 124.44M) | Time:00:00.21 | Mem:0.92M, Peak:0.92M | Scene, ViewLayer | Updating Geometry BVH Cylinder.046 57/1003 | Building mesh BLAS |      36 tris | Cylinder.045
Fra:1 Mem:75.31M (Peak 124.44M) | Time:00:00.21 | Mem:0.92M, Peak:0.92M | Scene, ViewLayer | Updating Geometry BVH Cylinder.046 57/1003 | Building mesh BLAS |      36 tris | Cylinder.046
Fra:1 Mem:75.31M (Peak 124.44M) | Time:00:00.21 | Mem:0.92M, Peak:0.92M | Scene, ViewLayer | Updating Geometry BVH Cylinder.047 58/1003 | Building BVH
Fra:1 Mem:75.31M (Peak 124.44M) | Time:00:00.21 | Mem:0.92M, Peak:0.92M | Scene, ViewLayer | Updating Geometry BVH Cylinder.048 59/1003 | Building BVH
Fra:1 Mem:75.31M (Peak 124.44M) | Time:00:00.21 | Mem:0.92M, Peak:0.92M | Scene, ViewLayer | Updating Geometry BVH Cylinder.048 59/1003 | Building mesh BLAS |      28 tris | Cylinder.047
Fra:1 Mem:75.31M (Peak 124.44M) | Time:00:00.21 | Mem:0.92M, Peak:0.92M | Scene, ViewLayer | Updating Geometry BVH Cylinder.048 59/1003 | Building mesh BLAS |      28 tris | Cylinder.048
Fra:1 Mem:75.31M (Peak 124.44M) | Time:00:00.21 | Mem:0.92M, Peak:0.92M | Scene, ViewLayer | Updating Geometry BVH Cylinder.049 60/1003 | Building BVH
Fra:1 Mem:75.31M (Peak 124.44M) | Time:00:00.21 | Mem:0.92M, Peak:0.92M | Scene, ViewLayer | Updating Geometry BVH Cylinder.050 61/1003 | Building BVH
Fra:1 Mem:75.31M (Peak 124.44M) | Time:00:00.21 | Mem:0.92M, Peak:0.92M | Scene, ViewLayer | Updating Geometry BVH Cylinder.050 61/1003 | Building mesh BLAS |      44 tris | Cylinder.050
Fra:1 Mem:75.31M (Peak 124.44M) | Time:00:00.21 | Mem:0.92M, Peak:0.92M | Scene, ViewLayer | Updating Geometry BVH Cylinder.050 61/1003 | Building mesh BLAS |      44 tris | Cylinder.049
Fra:1 Mem:75.31M (Peak 124.44M) | Time:00:00.21 | Mem:0.92M, Peak:0.92M | Scene, ViewLayer | Updating Geometry BVH Icosphere.164 979/1003 | Building BVH
Fra:1 Mem:75.31M (Peak 124.44M) | Time:00:00.21 | Mem:0.92M, Peak:0.92M | Scene, ViewLayer | Updating Geometry BVH Icosphere.164 979/1003 | Building mesh BLAS |      20 tris | Icosphere.164
Fra:1 Mem:75.31M (Peak 124.44M) | Time:00:00.21 | Mem:0.92M, Peak:0.92M | Scene, ViewLayer | Updating Geometry BVH Cylinder.051 62/1003 | Building BVH
Fra:1 Mem:75.31M (Peak 124.44M) | Time:00:00.21 | Mem:0.92M, Peak:0.92M | Scene, ViewLayer | Updating Geometry BVH Cylinder.051 62/1003 | Building mesh BLAS |      44 tris | Cylinder.051
Fra:1 Mem:75.31M (Peak 124.44M) | Time:00:00.21 | Mem:0.92M, Peak:0.92M | Scene, ViewLayer | Updating Geometry BVH Cylinder.052 63/1003 | Building BVH
Fra:1 Mem:75.31M (Peak 124.44M) | Time:00:00.21 | Mem:0.92M, Peak:0.92M | Scene, ViewLayer | Updating Geometry BVH Cylinder.053 64/1003 | Building BVH
Fra:1 Mem:75.31M (Peak 124.44M) | Time:00:00.21 | Mem:0.92M, Peak:0.92M | Scene, ViewLayer | Updating Geometry BVH Cylinder.053 64/1003 | Building mesh BLAS |      44 tris | Cylinder.052
Fra:1 Mem:75.31M (Peak 124.44M) | Time:00:00.21 | Mem:0.92M, Peak:0.92M | Scene, ViewLayer | Updating Geometry BVH Cylinder.053 64/1003 | Building mesh BLAS |      44 tris | Cylinder.053
Fra:1 Mem:75.31M (Peak 124.44M) | Time:00:00.21 | Mem:0.92M, Peak:0.92M | Scene, ViewLayer | Updating Geometry BVH Cylinder.054 65/1003 | Building BVH
Fra:1 Mem:75.31M (Peak 124.44M) | Time:00:00.21 | Mem:0.92M, Peak:0.92M | Scene, ViewLayer | Updating Geometry BVH Cylinder.055 66/1003 | Building BVH
Fra:1 Mem:75.31M (Peak 124.44M) | Time:00:00.21 | Mem:0.92M, Peak:0.92M | Scene, ViewLayer | Updating Geometry BVH Cylinder.055 66/1003 | Building mesh BLAS |      44 tris | Cylinder.054
Fra:1 Mem:75.31M (Peak 124.44M) | Time:00:00.21 | Mem:0.92M, Peak:0.92M | Scene, ViewLayer | Updating Geometry BVH Cylinder.055 66/1003 | Building mesh BLAS |      44 tris | Cylinder.055
Fra:1 Mem:75.31M (Peak 124.44M) | Time:00:00.21 | Mem:0.92M, Peak:0.92M | Scene, ViewLayer | Updating Geometry BVH Cylinder.056 67/1003 | Building BVH
Fra:1 Mem:75.31M (Peak 124.44M) | Time:00:00.21 | Mem:0.92M, Peak:0.92M | Scene, ViewLayer | Updating Geometry BVH Cylinder.056 67/1003 | Building mesh BLAS |      36 tris | Cylinder.056
Fra:1 Mem:75.31M (Peak 124.44M) | Time:00:00.21 | Mem:0.92M, Peak:0.92M | Scene, ViewLayer | Updating Geometry BVH Cylinder.057 68/1003 | Building BVH
Fra:1 Mem:75.31M (Peak 124.44M) | Time:00:00.21 | Mem:0.92M, Peak:0.92M | Scene, ViewLayer | Updating Geometry BVH Cylinder.057 68/1003 | Building mesh BLAS |      36 tris | Cylinder.057
Fra:1 Mem:75.31M (Peak 124.44M) | Time:00:00.21 | Mem:0.92M, Peak:0.92M | Scene, ViewLayer | Updating Geometry BVH Cylinder.058 69/1003 | Building BVH
Fra:1 Mem:75.31M (Peak 124.44M) | Time:00:00.21 | Mem:0.92M, Peak:0.92M | Scene, ViewLayer | Updating Geometry BVH Cylinder.058 69/1003 | Building mesh BLAS |      36 tris | Cylinder.058
Fra:1 Mem:75.31M (Peak 124.44M) | Time:00:00.21 | Mem:0.92M, Peak:0.92M | Scene, ViewLayer | Updating Geometry BVH Cylinder.059 70/1003 | Building BVH
Fra:1 Mem:75.31M (Peak 124.44M) | Time:00:00.21 | Mem:0.92M, Peak:0.92M | Scene, ViewLayer | Updating Geometry BVH Cylinder.059 70/1003 | Building mesh BLAS |      28 tris | Cylinder.059
Fra:1 Mem:75.31M (Peak 124.44M) | Time:00:00.21 | Mem:0.92M, Peak:0.92M | Scene, ViewLayer | Updating Geometry BVH Icosphere.163 978/1003 | Building BVH
Fra:1 Mem:75.31M (Peak 124.44M) | Time:00:00.22 | Mem:0.92M, Peak:0.92M | Scene, ViewLayer | Updating Geometry BVH Icosphere.163 978/1003 | Building mesh BLAS |      20 tris | Icosphere.163
Fra:1 Mem:75.31M (Peak 124.44M) | Time:00:00.22 | Mem:0.92M, Peak:0.92M | Scene, ViewLayer | Updating Geometry BVH Cylinder.060 71/1003 | Building BVH
Fra:1 Mem:75.31M (Peak 124.44M) | Time:00:00.22 | Mem:0.92M, Peak:0.92M | Scene, ViewLayer | Updating Geometry BVH Cylinder.060 71/1003 | Building mesh BLAS |      28 tris | Cylinder.060
Fra:1 Mem:75.31M (Peak 124.44M) | Time:00:00.22 | Mem:0.92M, Peak:0.92M | Scene, ViewLayer | Updating Geometry BVH Cylinder.061 72/1003 | Building BVH
Fra:1 Mem:75.31M (Peak 124.44M) | Time:00:00.22 | Mem:0.92M, Peak:0.92M | Scene, ViewLayer | Updating Geometry BVH Cylinder.061 72/1003 | Building mesh BLAS |      44 tris | Cylinder.061
Fra:1 Mem:75.31M (Peak 124.44M) | Time:00:00.22 | Mem:0.92M, Peak:0.92M | Scene, ViewLayer | Updating Geometry BVH Cylinder.062 73/1003 | Building BVH
Fra:1 Mem:75.31M (Peak 124.44M) | Time:00:00.22 | Mem:0.92M, Peak:0.92M | Scene, ViewLayer | Updating Geometry BVH Cylinder.062 73/1003 | Building mesh BLAS |      44 tris | Cylinder.062
Fra:1 Mem:75.31M (Peak 124.44M) | Time:00:00.22 | Mem:0.92M, Peak:0.92M | Scene, ViewLayer | Updating Geometry BVH Cylinder.063 74/1003 | Building BVH
Fra:1 Mem:75.31M (Peak 124.44M) | Time:00:00.22 | Mem:0.92M, Peak:0.92M | Scene, ViewLayer | Updating Geometry BVH Cylinder.063 74/1003 | Building mesh BLAS |      44 tris | Cylinder.063
Fra:1 Mem:75.31M (Peak 124.44M) | Time:00:00.22 | Mem:0.92M, Peak:0.92M | Scene, ViewLayer | Updating Geometry BVH Cylinder.064 75/1003 | Building BVH
Fra:1 Mem:75.31M (Peak 124.44M) | Time:00:00.22 | Mem:0.92M, Peak:0.92M | Scene, ViewLayer | Updating Geometry BVH Cylinder.064 75/1003 | Building mesh BLAS |      44 tris | Cylinder.064
Fra:1 Mem:75.31M (Peak 124.44M) | Time:00:00.22 | Mem:0.92M, Peak:0.92M | Scene, ViewLayer | Updating Geometry BVH Cylinder.065 76/1003 | Building BVH
Fra:1 Mem:75.31M (Peak 124.44M) | Time:00:00.22 | Mem:0.92M, Peak:0.92M | Scene, ViewLayer | Updating Geometry BVH Cylinder.065 76/1003 | Building mesh BLAS |      44 tris | Cylinder.065
Fra:1 Mem:75.31M (Peak 124.44M) | Time:00:00.22 | Mem:0.92M, Peak:0.92M | Scene, ViewLayer | Updating Geometry BVH Cylinder.066 77/1003 | Building BVH
Fra:1 Mem:75.31M (Peak 124.44M) | Time:00:00.22 | Mem:0.92M, Peak:0.92M | Scene, ViewLayer | Updating Geometry BVH Cylinder.066 77/1003 | Building mesh BLAS |      44 tris | Cylinder.066
Fra:1 Mem:75.31M (Peak 124.44M) | Time:00:00.22 | Mem:0.92M, Peak:0.92M | Scene, ViewLayer | Updating Geometry BVH Cylinder.067 78/1003 | Building BVH
Fra:1 Mem:75.31M (Peak 124.44M) | Time:00:00.22 | Mem:0.92M, Peak:0.92M | Scene, ViewLayer | Updating Geometry BVH Cylinder.067 78/1003 | Building mesh BLAS |      44 tris | Cylinder.067
Fra:1 Mem:75.31M (Peak 124.44M) | Time:00:00.22 | Mem:0.92M, Peak:0.92M | Scene, ViewLayer | Updating Geometry BVH Cylinder.068 79/1003 | Building BVH
Fra:1 Mem:75.31M (Peak 124.44M) | Time:00:00.22 | Mem:0.92M, Peak:0.92M | Scene, ViewLayer | Updating Geometry BVH Cylinder.068 79/1003 | Building mesh BLAS |      36 tris | Cylinder.068
Fra:1 Mem:75.31M (Peak 124.44M) | Time:00:00.22 | Mem:0.92M, Peak:0.92M | Scene, ViewLayer | Updating Geometry BVH Icosphere.162 977/1003 | Building BVH
Fra:1 Mem:75.31M (Peak 124.44M) | Time:00:00.22 | Mem:0.92M, Peak:0.92M | Scene, ViewLayer | Updating Geometry BVH Icosphere.162 977/1003 | Building mesh BLAS |      20 tris | Icosphere.162
Fra:1 Mem:75.31M (Peak 124.44M) | Time:00:00.22 | Mem:0.92M, Peak:0.92M | Scene, ViewLayer | Updating Geometry BVH Cylinder.069 80/1003 | Building BVH
Fra:1 Mem:75.31M (Peak 124.44M) | Time:00:00.22 | Mem:0.92M, Peak:0.92M | Scene, ViewLayer | Updating Geometry BVH Cylinder.069 80/1003 | Building mesh BLAS |      36 tris | Cylinder.069
Fra:1 Mem:75.31M (Peak 124.44M) | Time:00:00.22 | Mem:0.92M, Peak:0.92M | Scene, ViewLayer | Updating Geometry BVH Cylinder.070 81/1003 | Building BVH
Fra:1 Mem:75.31M (Peak 124.44M) | Time:00:00.22 | Mem:0.92M, Peak:0.92M | Scene, ViewLayer | Updating Geometry BVH Cylinder.070 81/1003 | Building mesh BLAS |      36 tris | Cylinder.070
Fra:1 Mem:75.31M (Peak 124.44M) | Time:00:00.22 | Mem:0.92M, Peak:0.92M | Scene, ViewLayer | Updating Geometry BVH Cylinder.071 82/1003 | Building BVH
Fra:1 Mem:75.31M (Peak 124.44M) | Time:00:00.22 | Mem:0.92M, Peak:0.92M | Scene, ViewLayer | Updating Geometry BVH Cylinder.071 82/1003 | Building mesh BLAS |      28 tris | Cylinder.071
Fra:1 Mem:75.31M (Peak 124.44M) | Time:00:00.22 | Mem:0.92M, Peak:0.92M | Scene, ViewLayer | Updating Geometry BVH Cube.009 83/1003 | Building BVH
Fra:1 Mem:75.31M (Peak 124.44M) | Time:00:00.22 | Mem:0.92M, Peak:0.92M | Scene, ViewLayer | Updating Geometry BVH Cube.009 83/1003 | Building mesh BLAS |     108 tris | Cube.009
Fra:1 Mem:75.31M (Peak 124.44M) | Time:00:00.22 | Mem:0.92M, Peak:0.92M | Scene, ViewLayer | Updating Geometry BVH GothicRib_voussoir_mesh 84/1003 | Building BVH
Fra:1 Mem:75.31M (Peak 124.44M) | Time:00:00.22 | Mem:0.92M, Peak:0.92M | Scene, ViewLayer | Updating Geometry BVH GothicRib_voussoir_mesh 84/1003 | Building mesh BLAS |      12 tris | GothicRib_voussoir_mesh
Fra:1 Mem:75.31M (Peak 124.44M) | Time:00:00.22 | Mem:0.92M, Peak:0.92M | Scene, ViewLayer | Updating Geometry BVH GothicRib_voussoir_mesh.001 85/1003 | Building BVH
Fra:1 Mem:75.31M (Peak 124.44M) | Time:00:00.22 | Mem:0.92M, Peak:0.92M | Scene, ViewLayer | Updating Geometry BVH GothicRib_voussoir_mesh.001 85/1003 | Building mesh BLAS |      12 tris | GothicRib_voussoir_mesh.001
Fra:1 Mem:75.31M (Peak 124.44M) | Time:00:00.22 | Mem:0.92M, Peak:0.92M | Scene, ViewLayer | Updating Geometry BVH GothicRib_voussoir_mesh.002 86/1003 | Building BVH
Fra:1 Mem:75.31M (Peak 124.44M) | Time:00:00.22 | Mem:0.92M, Peak:0.92M | Scene, ViewLayer | Updating Geometry BVH GothicRib_voussoir_mesh.002 86/1003 | Building mesh BLAS |      12 tris | GothicRib_voussoir_mesh.002
Fra:1 Mem:75.31M (Peak 124.44M) | Time:00:00.22 | Mem:0.92M, Peak:0.92M | Scene, ViewLayer | Updating Geometry BVH GothicRib_voussoir_mesh.003 87/1003 | Building BVH
Fra:1 Mem:75.31M (Peak 124.44M) | Time:00:00.22 | Mem:0.92M, Peak:0.92M | Scene, ViewLayer | Updating Geometry BVH GothicRib_voussoir_mesh.003 87/1003 | Building mesh BLAS |      12 tris | GothicRib_voussoir_mesh.003
Fra:1 Mem:75.31M (Peak 124.44M) | Time:00:00.22 | Mem:0.92M, Peak:0.92M | Scene, ViewLayer | Updating Geometry BVH GothicRib_voussoir_mesh.004 88/1003 | Building BVH
Fra:1 Mem:75.31M (Peak 124.44M) | Time:00:00.22 | Mem:0.92M, Peak:0.92M | Scene, ViewLayer | Updating Geometry BVH GothicRib_voussoir_mesh.004 88/1003 | Building mesh BLAS |      12 tris | GothicRib_voussoir_mesh.004
Fra:1 Mem:75.31M (Peak 124.44M) | Time:00:00.22 | Mem:0.92M, Peak:0.92M | Scene, ViewLayer | Updating Geometry BVH Icosphere.161 976/1003 | Building BVH
Fra:1 Mem:75.31M (Peak 124.44M) | Time:00:00.22 | Mem:0.92M, Peak:0.92M | Scene, ViewLayer | Updating Geometry BVH Icosphere.161 976/1003 | Building mesh BLAS |      20 tris | Icosphere.161
Fra:1 Mem:75.31M (Peak 124.44M) | Time:00:00.22 | Mem:0.92M, Peak:0.92M | Scene, ViewLayer | Updating Geometry BVH GothicRib_voussoir_mesh.005 89/1003 | Building BVH
Fra:1 Mem:75.31M (Peak 124.44M) | Time:00:00.22 | Mem:0.92M, Peak:0.92M | Scene, ViewLayer | Updating Geometry BVH GothicRib_voussoir_mesh.005 89/1003 | Building mesh BLAS |      12 tris | GothicRib_voussoir_mesh.005
Fra:1 Mem:75.31M (Peak 124.44M) | Time:00:00.23 | Mem:0.92M, Peak:0.92M | Scene, ViewLayer | Updating Geometry BVH GothicRib_voussoir_mesh.006 90/1003 | Building BVH
Fra:1 Mem:75.31M (Peak 124.44M) | Time:00:00.23 | Mem:0.92M, Peak:0.92M | Scene, ViewLayer | Updating Geometry BVH GothicRib_voussoir_mesh.006 90/1003 | Building mesh BLAS |      12 tris | GothicRib_voussoir_mesh.006
Fra:1 Mem:75.31M (Peak 124.44M) | Time:00:00.23 | Mem:0.92M, Peak:0.92M | Scene, ViewLayer | Updating Geometry BVH GothicRib_voussoir_mesh.007 91/1003 | Building BVH
Fra:1 Mem:75.31M (Peak 124.44M) | Time:00:00.23 | Mem:0.92M, Peak:0.92M | Scene, ViewLayer | Updating Geometry BVH GothicRib_voussoir_mesh.007 91/1003 | Building mesh BLAS |      12 tris | GothicRib_voussoir_mesh.007
Fra:1 Mem:75.31M (Peak 124.44M) | Time:00:00.23 | Mem:0.92M, Peak:0.92M | Scene, ViewLayer | Updating Geometry BVH GothicRib_voussoir_mesh.008 92/1003 | Building BVH
Fra:1 Mem:75.31M (Peak 124.44M) | Time:00:00.23 | Mem:0.92M, Peak:0.92M | Scene, ViewLayer | Updating Geometry BVH GothicRib_voussoir_mesh.008 92/1003 | Building mesh BLAS |      12 tris | GothicRib_voussoir_mesh.008
Fra:1 Mem:75.31M (Peak 124.44M) | Time:00:00.23 | Mem:0.92M, Peak:0.92M | Scene, ViewLayer | Updating Geometry BVH GothicRib_voussoir_mesh.009 93/1003 | Building BVH
Fra:1 Mem:75.31M (Peak 124.44M) | Time:00:00.23 | Mem:0.92M, Peak:0.92M | Scene, ViewLayer | Updating Geometry BVH GothicRib_voussoir_mesh.009 93/1003 | Building mesh BLAS |      12 tris | GothicRib_voussoir_mesh.009
Fra:1 Mem:75.31M (Peak 124.44M) | Time:00:00.23 | Mem:0.92M, Peak:0.92M | Scene, ViewLayer | Updating Geometry BVH GothicRib_voussoir_mesh.010 94/1003 | Building BVH
Fra:1 Mem:75.31M (Peak 124.44M) | Time:00:00.23 | Mem:0.92M, Peak:0.92M | Scene, ViewLayer | Updating Geometry BVH GothicRib_voussoir_mesh.010 94/1003 | Building mesh BLAS |      12 tris | GothicRib_voussoir_mesh.010
Fra:1 Mem:75.31M (Peak 124.44M) | Time:00:00.23 | Mem:0.92M, Peak:0.92M | Scene, ViewLayer | Updating Geometry BVH GothicRib_voussoir_mesh.011 95/1003 | Building BVH
Fra:1 Mem:75.31M (Peak 124.44M) | Time:00:00.23 | Mem:0.92M, Peak:0.92M | Scene, ViewLayer | Updating Geometry BVH GothicRib_voussoir_mesh.011 95/1003 | Building mesh BLAS |      12 tris | GothicRib_voussoir_mesh.011
Fra:1 Mem:75.31M (Peak 124.44M) | Time:00:00.23 | Mem:0.92M, Peak:0.92M | Scene, ViewLayer | Updating Geometry BVH GothicRib_voussoir_mesh.012 96/1003 | Building BVH
Fra:1 Mem:75.31M (Peak 124.44M) | Time:00:00.23 | Mem:0.92M, Peak:0.92M | Scene, ViewLayer | Updating Geometry BVH GothicRib_voussoir_mesh.012 96/1003 | Building mesh BLAS |      12 tris | GothicRib_voussoir_mesh.012
Fra:1 Mem:75.31M (Peak 124.44M) | Time:00:00.23 | Mem:0.92M, Peak:0.92M | Scene, ViewLayer | Updating Geometry BVH GothicRib_voussoir_mesh.013 97/1003 | Building BVH
Fra:1 Mem:75.31M (Peak 124.44M) | Time:00:00.23 | Mem:0.92M, Peak:0.92M | Scene, ViewLayer | Updating Geometry BVH GothicRib_voussoir_mesh.013 97/1003 | Building mesh BLAS |      12 tris | GothicRib_voussoir_mesh.013
Fra:1 Mem:75.31M (Peak 124.44M) | Time:00:00.23 | Mem:0.92M, Peak:0.92M | Scene, ViewLayer | Updating Geometry BVH Icosphere.160 975/1003 | Building BVH
Fra:1 Mem:75.31M (Peak 124.44M) | Time:00:00.23 | Mem:0.92M, Peak:0.92M | Scene, ViewLayer | Updating Geometry BVH Icosphere.160 975/1003 | Building mesh BLAS |      20 tris | Icosphere.160
Fra:1 Mem:75.31M (Peak 124.44M) | Time:00:00.23 | Mem:0.93M, Peak:0.93M | Scene, ViewLayer | Updating Geometry BVH GothicRib_voussoir_mesh.014 98/1003 | Building BVH
Fra:1 Mem:75.31M (Peak 124.44M) | Time:00:00.23 | Mem:0.93M, Peak:0.93M | Scene, ViewLayer | Updating Geometry BVH GothicRib_voussoir_mesh.014 98/1003 | Building mesh BLAS |      12 tris | GothicRib_voussoir_mesh.014
Fra:1 Mem:75.31M (Peak 124.44M) | Time:00:00.23 | Mem:0.93M, Peak:0.93M | Scene, ViewLayer | Updating Geometry BVH GothicRib_voussoir_mesh.015 99/1003 | Building BVH
Fra:1 Mem:75.31M (Peak 124.44M) | Time:00:00.23 | Mem:0.93M, Peak:0.93M | Scene, ViewLayer | Updating Geometry BVH GothicRib_voussoir_mesh.015 99/1003 | Building mesh BLAS |      12 tris | GothicRib_voussoir_mesh.015
Fra:1 Mem:75.31M (Peak 124.44M) | Time:00:00.23 | Mem:0.94M, Peak:0.94M | Scene, ViewLayer | Updating Geometry BVH GothicRib_voussoir_mesh.016 100/1003 | Building BVH
Fra:1 Mem:75.31M (Peak 124.44M) | Time:00:00.23 | Mem:0.94M, Peak:0.94M | Scene, ViewLayer | Updating Geometry BVH GothicRib_voussoir_mesh.016 100/1003 | Building mesh BLAS |      12 tris | GothicRib_voussoir_mesh.016
Fra:1 Mem:75.31M (Peak 124.44M) | Time:00:00.23 | Mem:0.96M, Peak:0.96M | Scene, ViewLayer | Updating Geometry BVH GothicRib_voussoir_mesh.017 101/1003 | Building BVH
Fra:1 Mem:75.31M (Peak 124.44M) | Time:00:00.23 | Mem:0.96M, Peak:0.96M | Scene, ViewLayer | Updating Geometry BVH GothicRib_voussoir_mesh.018 102/1003 | Building BVH
Fra:1 Mem:75.31M (Peak 124.44M) | Time:00:00.23 | Mem:0.96M, Peak:0.96M | Scene, ViewLayer | Updating Geometry BVH GothicRib_voussoir_mesh.018 102/1003 | Building mesh BLAS |      12 tris | GothicRib_voussoir_mesh.017
Fra:1 Mem:75.31M (Peak 124.44M) | Time:00:00.23 | Mem:0.96M, Peak:0.96M | Scene, ViewLayer | Updating Geometry BVH GothicRib_voussoir_mesh.018 102/1003 | Building mesh BLAS |      12 tris | GothicRib_voussoir_mesh.018
Fra:1 Mem:75.31M (Peak 124.44M) | Time:00:00.23 | Mem:0.97M, Peak:0.97M | Scene, ViewLayer | Updating Geometry BVH GothicRib_voussoir_mesh.019 103/1003 | Building BVH
Fra:1 Mem:75.31M (Peak 124.44M) | Time:00:00.23 | Mem:0.97M, Peak:0.97M | Scene, ViewLayer | Updating Geometry BVH GothicRib_voussoir_mesh.019 103/1003 | Building mesh BLAS |      12 tris | GothicRib_voussoir_mesh.019
Fra:1 Mem:75.31M (Peak 124.44M) | Time:00:00.23 | Mem:0.98M, Peak:0.98M | Scene, ViewLayer | Updating Geometry BVH GothicRib_voussoir_mesh.020 104/1003 | Building BVH
Fra:1 Mem:75.31M (Peak 124.44M) | Time:00:00.23 | Mem:0.98M, Peak:0.98M | Scene, ViewLayer | Updating Geometry BVH GothicRib_voussoir_mesh.020 104/1003 | Building mesh BLAS |      12 tris | GothicRib_voussoir_mesh.020
Fra:1 Mem:75.31M (Peak 124.44M) | Time:00:00.23 | Mem:0.99M, Peak:0.99M | Scene, ViewLayer | Updating Geometry BVH GothicRib_voussoir_mesh.021 105/1003 | Building BVH
Fra:1 Mem:75.31M (Peak 124.44M) | Time:00:00.23 | Mem:0.99M, Peak:0.99M | Scene, ViewLayer | Updating Geometry BVH GothicRib_voussoir_mesh.021 105/1003 | Building mesh BLAS |      12 tris | GothicRib_voussoir_mesh.021
Fra:1 Mem:75.31M (Peak 124.44M) | Time:00:00.23 | Mem:0.99M, Peak:0.99M | Scene, ViewLayer | Updating Geometry BVH GothicRib_voussoir_mesh.022 106/1003 | Building BVH
Fra:1 Mem:75.31M (Peak 124.44M) | Time:00:00.23 | Mem:0.99M, Peak:0.99M | Scene, ViewLayer | Updating Geometry BVH GothicRib_voussoir_mesh.022 106/1003 | Building mesh BLAS |      12 tris | GothicRib_voussoir_mesh.022
Fra:1 Mem:75.31M (Peak 124.44M) | Time:00:00.23 | Mem:1.01M, Peak:1.01M | Scene, ViewLayer | Updating Geometry BVH Icosphere.159 974/1003 | Building BVH
Fra:1 Mem:75.31M (Peak 124.44M) | Time:00:00.23 | Mem:1.01M, Peak:1.01M | Scene, ViewLayer | Updating Geometry BVH Icosphere.159 974/1003 | Building mesh BLAS |      20 tris | Icosphere.159
Fra:1 Mem:75.31M (Peak 124.44M) | Time:00:00.23 | Mem:1.01M, Peak:1.01M | Scene, ViewLayer | Updating Geometry BVH GothicRib_voussoir_mesh.023 107/1003 | Building BVH
Fra:1 Mem:75.31M (Peak 124.44M) | Time:00:00.23 | Mem:1.01M, Peak:1.01M | Scene, ViewLayer | Updating Geometry BVH GothicRib_voussoir_mesh.023 107/1003 | Building mesh BLAS |      12 tris | GothicRib_voussoir_mesh.023
Fra:1 Mem:75.31M (Peak 124.44M) | Time:00:00.23 | Mem:1.01M, Peak:1.01M | Scene, ViewLayer | Updating Geometry BVH GothicRib_voussoir_mesh.024 108/1003 | Building BVH
Fra:1 Mem:75.31M (Peak 124.44M) | Time:00:00.23 | Mem:1.01M, Peak:1.01M | Scene, ViewLayer | Updating Geometry BVH GothicRib_voussoir_mesh.024 108/1003 | Building mesh BLAS |      12 tris | GothicRib_voussoir_mesh.024
Fra:1 Mem:75.31M (Peak 124.44M) | Time:00:00.23 | Mem:1.03M, Peak:1.03M | Scene, ViewLayer | Updating Geometry BVH GothicRib_voussoir_mesh.025 109/1003 | Building BVH
Fra:1 Mem:75.31M (Peak 124.44M) | Time:00:00.23 | Mem:1.03M, Peak:1.03M | Scene, ViewLayer | Updating Geometry BVH GothicRib_voussoir_mesh.026 110/1003 | Building mesh BLAS |      12 tris | GothicRib_voussoir_mesh.025
Fra:1 Mem:75.31M (Peak 124.44M) | Time:00:00.23 | Mem:1.03M, Peak:1.03M | Scene, ViewLayer | Updating Geometry BVH GothicRib_voussoir_mesh.028 112/1003 | Building BVH
Fra:1 Mem:75.31M (Peak 124.44M) | Time:00:00.23 | Mem:1.03M, Peak:1.03M | Scene, ViewLayer | Updating Geometry BVH GothicRib_voussoir_mesh.029 113/1003 | Building BVH
Fra:1 Mem:75.31M (Peak 124.44M) | Time:00:00.23 | Mem:1.03M, Peak:1.03M | Scene, ViewLayer | Updating Geometry BVH GothicRib_voussoir_mesh.029 113/1003 | Building mesh BLAS |      12 tris | GothicRib_voussoir_mesh.027
Fra:1 Mem:75.31M (Peak 124.44M) | Time:00:00.23 | Mem:1.03M, Peak:1.03M | Scene, ViewLayer | Updating Geometry BVH GothicRib_voussoir_mesh.029 113/1003 | Building mesh BLAS |      12 tris | GothicRib_voussoir_mesh.028
Fra:1 Mem:75.31M (Peak 124.44M) | Time:00:00.23 | Mem:1.03M, Peak:1.03M | Scene, ViewLayer | Updating Geometry BVH GothicRib_voussoir_mesh.029 113/1003 | Building mesh BLAS |      12 tris | GothicRib_voussoir_mesh.029
Fra:1 Mem:75.31M (Peak 124.44M) | Time:00:00.23 | Mem:1.05M, Peak:1.05M | Scene, ViewLayer | Updating Geometry BVH GothicRib_voussoir_mesh.030 114/1003 | Building BVH
Fra:1 Mem:75.31M (Peak 124.44M) | Time:00:00.23 | Mem:1.05M, Peak:1.05M | Scene, ViewLayer | Updating Geometry BVH GothicRib_voussoir_mesh.030 114/1003 | Building mesh BLAS |      12 tris | GothicRib_voussoir_mesh.030
Fra:1 Mem:75.31M (Peak 124.44M) | Time:00:00.23 | Mem:1.06M, Peak:1.06M | Scene, ViewLayer | Updating Geometry BVH Icosphere.158 973/1003 | Building BVH
Fra:1 Mem:75.31M (Peak 124.44M) | Time:00:00.23 | Mem:1.06M, Peak:1.06M | Scene, ViewLayer | Updating Geometry BVH GothicRib_voussoir_mesh.031 115/1003 | Building BVH
Fra:1 Mem:75.31M (Peak 124.44M) | Time:00:00.23 | Mem:1.06M, Peak:1.06M | Scene, ViewLayer | Updating Geometry BVH GothicRib_voussoir_mesh.031 115/1003 | Building mesh BLAS |      20 tris | Icosphere.158
Fra:1 Mem:75.31M (Peak 124.44M) | Time:00:00.23 | Mem:1.06M, Peak:1.06M | Scene, ViewLayer | Updating Geometry BVH GothicRib_voussoir_mesh.032 116/1003 | Building BVH
Fra:1 Mem:75.31M (Peak 124.44M) | Time:00:00.23 | Mem:1.06M, Peak:1.06M | Scene, ViewLayer | Updating Geometry BVH GothicRib_voussoir_mesh.033 117/1003 | Building BVH
Fra:1 Mem:75.31M (Peak 124.44M) | Time:00:00.23 | Mem:1.06M, Peak:1.06M | Scene, ViewLayer | Updating Geometry BVH GothicRib_voussoir_mesh.034 118/1003 | Building mesh BLAS |      12 tris | GothicRib_voussoir_mesh.032
Fra:1 Mem:75.31M (Peak 124.44M) | Time:00:00.23 | Mem:1.07M, Peak:1.07M | Scene, ViewLayer | Updating Geometry BVH GothicRib_voussoir_mesh.035 119/1003 | Building BVH
Fra:1 Mem:75.31M (Peak 124.44M) | Time:00:00.23 | Mem:1.07M, Peak:1.07M | Scene, ViewLayer | Updating Geometry BVH GothicRib_voussoir_mesh.036 120/1003 | Building BVH
Fra:1 Mem:75.31M (Peak 124.44M) | Time:00:00.23 | Mem:1.07M, Peak:1.07M | Scene, ViewLayer | Updating Geometry BVH GothicRib_voussoir_mesh.037 121/1003 | Building BVH
Fra:1 Mem:75.31M (Peak 124.44M) | Time:00:00.23 | Mem:1.07M, Peak:1.07M | Scene, ViewLayer | Updating Geometry BVH GothicRib_voussoir_mesh.039 123/1003 | Building BVH
Fra:1 Mem:75.31M (Peak 124.44M) | Time:00:00.23 | Mem:1.07M, Peak:1.07M | Scene, ViewLayer | Updating Geometry BVH GothicRib_voussoir_mesh.039 123/1003 | Building mesh BLAS |      12 tris | GothicRib_voussoir_mesh.036
Fra:1 Mem:75.31M (Peak 124.44M) | Time:00:00.23 | Mem:1.07M, Peak:1.07M | Scene, ViewLayer | Updating Geometry BVH GothicRib_voussoir_mesh.039 123/1003 | Building mesh BLAS |      12 tris | GothicRib_voussoir_mesh.037
Fra:1 Mem:75.31M (Peak 124.44M) | Time:00:00.23 | Mem:1.07M, Peak:1.07M | Scene, ViewLayer | Updating Geometry BVH GothicRib_voussoir_mesh.039 123/1003 | Building mesh BLAS |      12 tris | GothicRib_voussoir_mesh.038
Fra:1 Mem:75.31M (Peak 124.44M) | Time:00:00.23 | Mem:1.09M, Peak:1.09M | Scene, ViewLayer | Updating Geometry BVH GothicRib_voussoir_mesh.040 124/1003 | Building BVH
Fra:1 Mem:75.31M (Peak 124.44M) | Time:00:00.23 | Mem:1.09M, Peak:1.09M | Scene, ViewLayer | Updating Geometry BVH GothicRib_voussoir_mesh.041 125/1003 | Building BVH
Fra:1 Mem:75.31M (Peak 124.44M) | Time:00:00.23 | Mem:1.09M, Peak:1.09M | Scene, ViewLayer | Updating Geometry BVH GothicRib_voussoir_mesh.041 125/1003 | Building mesh BLAS |      12 tris | GothicRib_voussoir_mesh.041
Fra:1 Mem:75.31M (Peak 124.44M) | Time:00:00.23 | Mem:1.10M, Peak:1.10M | Scene, ViewLayer | Updating Geometry BVH Icosphere.157 972/1003 | Building BVH
Fra:1 Mem:75.31M (Peak 124.44M) | Time:00:00.23 | Mem:1.10M, Peak:1.10M | Scene, ViewLayer | Updating Geometry BVH Icosphere.157 972/1003 | Building mesh BLAS |      20 tris | Icosphere.157
Fra:1 Mem:75.31M (Peak 124.44M) | Time:00:00.23 | Mem:1.11M, Peak:1.11M | Scene, ViewLayer | Updating Geometry BVH GothicRib_voussoir_mesh.042 126/1003 | Building BVH
Fra:1 Mem:75.31M (Peak 124.44M) | Time:00:00.24 | Mem:1.11M, Peak:1.11M | Scene, ViewLayer | Updating Geometry BVH GothicRib_voussoir_mesh.046 130/1003 | Building BVH
Fra:1 Mem:75.31M (Peak 124.44M) | Time:00:00.24 | Mem:1.11M, Peak:1.11M | Scene, ViewLayer | Updating Geometry BVH GothicRib_voussoir_mesh.047 131/1003 | Building BVH
Fra:1 Mem:75.31M (Peak 124.44M) | Time:00:00.24 | Mem:1.11M, Peak:1.11M | Scene, ViewLayer | Updating Geometry BVH GothicRib_voussoir_mesh.047 131/1003 | Building mesh BLAS |      12 tris | GothicRib_voussoir_mesh.042
Fra:1 Mem:75.31M (Peak 124.44M) | Time:00:00.24 | Mem:1.11M, Peak:1.11M | Scene, ViewLayer | Updating Geometry BVH Icosphere.156 971/1003 | Building BVH
Fra:1 Mem:75.31M (Peak 124.44M) | Time:00:00.24 | Mem:1.11M, Peak:1.11M | Scene, ViewLayer | Updating Geometry BVH GothicRib_voussoir_mesh.049 133/1003 | Building BVH
Fra:1 Mem:75.31M (Peak 124.44M) | Time:00:00.24 | Mem:1.11M, Peak:1.11M | Scene, ViewLayer | Updating Geometry BVH GothicRib_voussoir_mesh.049 133/1003 | Building mesh BLAS |      20 tris | Icosphere.156
Fra:1 Mem:75.31M (Peak 124.44M) | Time:00:00.24 | Mem:1.11M, Peak:1.11M | Scene, ViewLayer | Updating Geometry BVH GothicRib_voussoir_mesh.049 133/1003 | Building mesh BLAS |      12 tris | GothicRib_voussoir_mesh.049
Fra:1 Mem:75.31M (Peak 124.44M) | Time:00:00.24 | Mem:1.11M, Peak:1.11M | Scene, ViewLayer | Updating Geometry BVH GothicRib_voussoir_mesh.049 133/1003 | Building mesh BLAS |      12 tris | GothicRib_voussoir_mesh.047
Fra:1 Mem:75.31M (Peak 124.44M) | Time:00:00.24 | Mem:1.11M, Peak:1.11M | Scene, ViewLayer | Updating Geometry BVH GothicRib_voussoir_mesh.050 134/1003 | Building BVH
Fra:1 Mem:75.31M (Peak 124.44M) | Time:00:00.24 | Mem:1.11M, Peak:1.11M | Scene, ViewLayer | Updating Geometry BVH GothicRib_voussoir_mesh.050 134/1003 | Building mesh BLAS |      12 tris | GothicRib_voussoir_mesh.050
Fra:1 Mem:75.31M (Peak 124.44M) | Time:00:00.24 | Mem:1.11M, Peak:1.11M | Scene, ViewLayer | Updating Geometry BVH GothicRib_voussoir_mesh.050 134/1003 | Building mesh BLAS |      12 tris | GothicRib_voussoir_mesh.048
Fra:1 Mem:75.31M (Peak 124.44M) | Time:00:00.24 | Mem:1.11M, Peak:1.11M | Scene, ViewLayer | Updating Geometry BVH GothicRib_voussoir_mesh.050 134/1003 | Building mesh BLAS |      12 tris | GothicRib_voussoir_mesh.044
Fra:1 Mem:75.31M (Peak 124.44M) | Time:00:00.24 | Mem:1.11M, Peak:1.11M | Scene, ViewLayer | Updating Geometry BVH GothicRib_voussoir_mesh.050 134/1003 | Building mesh BLAS |      12 tris | GothicRib_voussoir_mesh.045
Fra:1 Mem:75.31M (Peak 124.44M) | Time:00:00.24 | Mem:1.12M, Peak:1.12M | Scene, ViewLayer | Updating Geometry BVH GothicRib_voussoir_mesh.051 135/1003 | Building BVH
Fra:1 Mem:75.31M (Peak 124.44M) | Time:00:00.24 | Mem:1.12M, Peak:1.12M | Scene, ViewLayer | Updating Geometry BVH GothicRib_voussoir_mesh.052 136/1003 | Building mesh BLAS |      12 tris | GothicRib_voussoir_mesh.051
Fra:1 Mem:75.31M (Peak 124.44M) | Time:00:00.24 | Mem:1.12M, Peak:1.12M | Scene, ViewLayer | Updating Geometry BVH GothicRib_voussoir_mesh.053 137/1003 | Building BVH
Fra:1 Mem:75.31M (Peak 124.44M) | Time:00:00.24 | Mem:1.13M, Peak:1.13M | Scene, ViewLayer | Updating Geometry BVH GothicRib_voussoir_mesh.053 137/1003 | Building mesh BLAS |      12 tris | GothicRib_voussoir_mesh.053
Fra:1 Mem:75.31M (Peak 124.44M) | Time:00:00.24 | Mem:1.13M, Peak:1.13M | Scene, ViewLayer | Updating Geometry BVH GothicRib_voussoir_mesh.054 138/1003 | Building BVH
Fra:1 Mem:75.31M (Peak 124.44M) | Time:00:00.24 | Mem:1.13M, Peak:1.13M | Scene, ViewLayer | Updating Geometry BVH GothicRib_voussoir_mesh.054 138/1003 | Building mesh BLAS |      12 tris | GothicRib_voussoir_mesh.054
Fra:1 Mem:75.31M (Peak 124.44M) | Time:00:00.24 | Mem:1.13M, Peak:1.13M | Scene, ViewLayer | Updating Geometry BVH Icosphere.155 970/1003 | Building BVH
Fra:1 Mem:75.31M (Peak 124.44M) | Time:00:00.24 | Mem:1.13M, Peak:1.13M | Scene, ViewLayer | Updating Geometry BVH GothicRib_voussoir_mesh.057 141/1003 | Building BVH
Fra:1 Mem:75.31M (Peak 124.44M) | Time:00:00.24 | Mem:1.13M, Peak:1.13M | Scene, ViewLayer | Updating Geometry BVH GothicRib_voussoir_mesh.057 141/1003 | Building mesh BLAS |      12 tris | GothicRib_voussoir_mesh.057
Fra:1 Mem:75.31M (Peak 124.44M) | Time:00:00.24 | Mem:1.13M, Peak:1.13M | Scene, ViewLayer | Updating Geometry BVH GothicRib_voussoir_mesh.057 141/1003 | Building mesh BLAS |      12 tris | GothicRib_voussoir_mesh.055
Fra:1 Mem:75.31M (Peak 124.44M) | Time:00:00.24 | Mem:1.13M, Peak:1.13M | Scene, ViewLayer | Updating Geometry BVH GothicRib_voussoir_mesh.058 142/1003 | Building BVH
Fra:1 Mem:75.31M (Peak 124.44M) | Time:00:00.24 | Mem:1.13M, Peak:1.13M | Scene, ViewLayer | Updating Geometry BVH GothicRib_voussoir_mesh.059 143/1003 | Building BVH
Fra:1 Mem:75.31M (Peak 124.44M) | Time:00:00.24 | Mem:1.13M, Peak:1.13M | Scene, ViewLayer | Updating Geometry BVH GothicRib_voussoir_mesh.059 143/1003 | Building mesh BLAS |      12 tris | GothicRib_voussoir_mesh.058
Fra:1 Mem:75.31M (Peak 124.44M) | Time:00:00.24 | Mem:1.13M, Peak:1.13M | Scene, ViewLayer | Updating Geometry BVH GothicRib_voussoir_mesh.059 143/1003 | Building mesh BLAS |      12 tris | GothicRib_voussoir_mesh.056
Fra:1 Mem:75.31M (Peak 124.44M) | Time:00:00.24 | Mem:1.13M, Peak:1.13M | Scene, ViewLayer | Updating Geometry BVH GothicRib_voussoir_mesh.059 143/1003 | Building mesh BLAS |      12 tris | GothicRib_voussoir_mesh.059
Fra:1 Mem:75.31M (Peak 124.44M) | Time:00:00.24 | Mem:1.13M, Peak:1.13M | Scene, ViewLayer | Updating Geometry BVH GothicRib_voussoir_mesh.059 143/1003 | Building mesh BLAS |      20 tris | Icosphere.155
Fra:1 Mem:75.31M (Peak 124.44M) | Time:00:00.24 | Mem:1.13M, Peak:1.13M | Scene, ViewLayer | Updating Geometry BVH GothicRib_voussoir_mesh.060 144/1003 | Building BVH
Fra:1 Mem:75.31M (Peak 124.44M) | Time:00:00.24 | Mem:1.13M, Peak:1.13M | Scene, ViewLayer | Updating Geometry BVH GothicRib_voussoir_mesh.060 144/1003 | Building mesh BLAS |      12 tris | GothicRib_voussoir_mesh.060
Fra:1 Mem:75.31M (Peak 124.44M) | Time:00:00.24 | Mem:1.13M, Peak:1.13M | Scene, ViewLayer | Updating Geometry BVH GothicRib_voussoir_mesh.061 145/1003 | Building BVH
Fra:1 Mem:75.31M (Peak 124.44M) | Time:00:00.24 | Mem:1.13M, Peak:1.13M | Scene, ViewLayer | Updating Geometry BVH GothicRib_voussoir_mesh.062 146/1003 | Building BVH
Fra:1 Mem:75.31M (Peak 124.44M) | Time:00:00.24 | Mem:1.13M, Peak:1.13M | Scene, ViewLayer | Updating Geometry BVH GothicRib_voussoir_mesh.062 146/1003 | Building mesh BLAS |      12 tris | GothicRib_voussoir_mesh.061
Fra:1 Mem:75.31M (Peak 124.44M) | Time:00:00.24 | Mem:1.13M, Peak:1.13M | Scene, ViewLayer | Updating Geometry BVH GothicRib_voussoir_mesh.062 146/1003 | Building mesh BLAS |      12 tris | GothicRib_voussoir_mesh.062
Fra:1 Mem:75.31M (Peak 124.44M) | Time:00:00.24 | Mem:1.13M, Peak:1.13M | Scene, ViewLayer | Updating Geometry BVH GothicRib_voussoir_mesh.063 147/1003 | Building BVH
Fra:1 Mem:75.31M (Peak 124.44M) | Time:00:00.24 | Mem:1.13M, Peak:1.13M | Scene, ViewLayer | Updating Geometry BVH GothicRib_voussoir_mesh.063 147/1003 | Building mesh BLAS |      12 tris | GothicRib_voussoir_mesh.063
Fra:1 Mem:75.31M (Peak 124.44M) | Time:00:00.24 | Mem:1.15M, Peak:1.15M | Scene, ViewLayer | Updating Geometry BVH GothicRib_voussoir_mesh.064 148/1003 | Building BVH
Fra:1 Mem:75.31M (Peak 124.44M) | Time:00:00.24 | Mem:1.15M, Peak:1.15M | Scene, ViewLayer | Updating Geometry BVH GothicRib_voussoir_mesh.065 149/1003 | Building mesh BLAS |      12 tris | GothicRib_voussoir_mesh.064
Fra:1 Mem:75.31M (Peak 124.44M) | Time:00:00.24 | Mem:1.15M, Peak:1.15M | Scene, ViewLayer | Updating Geometry BVH GothicRib_voussoir_mesh.065 149/1003 | Building mesh BLAS |      12 tris | GothicRib_voussoir_mesh.065
Fra:1 Mem:75.31M (Peak 124.44M) | Time:00:00.24 | Mem:1.15M, Peak:1.15M | Scene, ViewLayer | Updating Geometry BVH GothicRib_voussoir_mesh.066 150/1003 | Building BVH
Fra:1 Mem:75.31M (Peak 124.44M) | Time:00:00.24 | Mem:1.16M, Peak:1.16M | Scene, ViewLayer | Updating Geometry BVH GothicRib_voussoir_mesh.069 153/1003 | Building BVH
Fra:1 Mem:75.31M (Peak 124.44M) | Time:00:00.24 | Mem:1.16M, Peak:1.16M | Scene, ViewLayer | Updating Geometry BVH GothicRib_voussoir_mesh.070 154/1003 | Building BVH
Fra:1 Mem:75.31M (Peak 124.44M) | Time:00:00.24 | Mem:1.16M, Peak:1.16M | Scene, ViewLayer | Updating Geometry BVH GothicRib_voussoir_mesh.071 155/1003 | Building BVH
Fra:1 Mem:75.31M (Peak 124.44M) | Time:00:00.24 | Mem:1.16M, Peak:1.16M | Scene, ViewLayer | Updating Geometry BVH GothicRib_voussoir_mesh.073 157/1003 | Building mesh BLAS |      12 tris | GothicRib_voussoir_mesh.070
Fra:1 Mem:75.31M (Peak 124.44M) | Time:00:00.24 | Mem:1.16M, Peak:1.16M | Scene, ViewLayer | Updating Geometry BVH GothicRib_voussoir_mesh.073 157/1003 | Building mesh BLAS |      12 tris | GothicRib_voussoir_mesh.071
Fra:1 Mem:75.31M (Peak 124.44M) | Time:00:00.24 | Mem:1.16M, Peak:1.16M | Scene, ViewLayer | Updating Geometry BVH GothicRib_voussoir_mesh.074 158/1003 | Building mesh BLAS |      12 tris | GothicRib_voussoir_mesh.072
Fra:1 Mem:75.31M (Peak 124.44M) | Time:00:00.24 | Mem:1.16M, Peak:1.16M | Scene, ViewLayer | Updating Geometry BVH GothicRib_voussoir_mesh.074 158/1003 | Building mesh BLAS |      20 tris | Icosphere.154
Fra:1 Mem:75.31M (Peak 124.44M) | Time:00:00.24 | Mem:1.16M, Peak:1.16M | Scene, ViewLayer | Updating Geometry BVH GothicRib_voussoir_mesh.074 158/1003 | Building mesh BLAS |      12 tris | GothicRib_voussoir_mesh.073
Fra:1 Mem:75.31M (Peak 124.44M) | Time:00:00.24 | Mem:1.16M, Peak:1.16M | Scene, ViewLayer | Updating Geometry BVH GothicRib_voussoir_mesh.074 158/1003 | Building mesh BLAS |      12 tris | GothicRib_voussoir_mesh.074
Fra:1 Mem:75.31M (Peak 124.44M) | Time:00:00.24 | Mem:1.16M, Peak:1.16M | Scene, ViewLayer | Updating Geometry BVH GothicRib_voussoir_mesh.074 158/1003 | Building mesh BLAS |      12 tris | GothicRib_voussoir_mesh.067
Fra:1 Mem:75.31M (Peak 124.44M) | Time:00:00.24 | Mem:1.16M, Peak:1.16M | Scene, ViewLayer | Updating Geometry BVH GothicRib_voussoir_mesh.075 159/1003 | Building BVH
Fra:1 Mem:75.31M (Peak 124.44M) | Time:00:00.24 | Mem:1.16M, Peak:1.16M | Scene, ViewLayer | Updating Geometry BVH GothicRib_voussoir_mesh.075 159/1003 | Building mesh BLAS |      12 tris | GothicRib_voussoir_mesh.075
Fra:1 Mem:75.31M (Peak 124.44M) | Time:00:00.24 | Mem:1.16M, Peak:1.16M | Scene, ViewLayer | Updating Geometry BVH GothicRib_voussoir_mesh.076 160/1003 | Building BVH
Fra:1 Mem:75.31M (Peak 124.44M) | Time:00:00.24 | Mem:1.16M, Peak:1.16M | Scene, ViewLayer | Updating Geometry BVH GothicRib_voussoir_mesh.076 160/1003 | Building mesh BLAS |      12 tris | GothicRib_voussoir_mesh.076
Fra:1 Mem:75.31M (Peak 124.44M) | Time:00:00.24 | Mem:1.16M, Peak:1.16M | Scene, ViewLayer | Updating Geometry BVH GothicRib_voussoir_mesh.077 161/1003 | Building BVH
Fra:1 Mem:75.31M (Peak 124.44M) | Time:00:00.24 | Mem:1.16M, Peak:1.16M | Scene, ViewLayer | Updating Geometry BVH GothicRib_voussoir_mesh.077 161/1003 | Building mesh BLAS |      12 tris | GothicRib_voussoir_mesh.077
Fra:1 Mem:75.31M (Peak 124.44M) | Time:00:00.24 | Mem:1.16M, Peak:1.16M | Scene, ViewLayer | Updating Geometry BVH Icosphere.153 968/1003 | Building BVH
Fra:1 Mem:75.31M (Peak 124.44M) | Time:00:00.24 | Mem:1.16M, Peak:1.16M | Scene, ViewLayer | Updating Geometry BVH Icosphere.153 968/1003 | Building mesh BLAS |      20 tris | Icosphere.153
Fra:1 Mem:75.31M (Peak 124.44M) | Time:00:00.24 | Mem:1.16M, Peak:1.16M | Scene, ViewLayer | Updating Geometry BVH Cube.010 162/1003 | Building BVH
Fra:1 Mem:75.31M (Peak 124.44M) | Time:00:00.24 | Mem:1.16M, Peak:1.16M | Scene, ViewLayer | Updating Geometry BVH Great altar pointed arch_voussoir_mesh 163/1003 | Building mesh BLAS |     108 tris | Cube.010
Fra:1 Mem:75.31M (Peak 124.44M) | Time:00:00.24 | Mem:1.16M, Peak:1.16M | Scene, ViewLayer | Updating Geometry BVH Great altar pointed arch_voussoir_mesh.002 165/1003 | Building mesh BLAS |      12 tris | Great altar pointed arch_voussoir_mesh
Fra:1 Mem:75.31M (Peak 124.44M) | Time:00:00.24 | Mem:1.16M, Peak:1.16M | Scene, ViewLayer | Updating Geometry BVH Great altar pointed arch_voussoir_mesh.002 165/1003 | Building mesh BLAS |      12 tris | Great altar pointed arch_voussoir_mesh.001
Fra:1 Mem:75.31M (Peak 124.44M) | Time:00:00.24 | Mem:1.16M, Peak:1.16M | Scene, ViewLayer | Updating Geometry BVH Great altar pointed arch_voussoir_mesh.002 165/1003 | Building mesh BLAS |      12 tris | Great altar pointed arch_voussoir_mesh.002
Fra:1 Mem:75.31M (Peak 124.44M) | Time:00:00.24 | Mem:1.16M, Peak:1.16M | Scene, ViewLayer | Updating Geometry BVH Great altar pointed arch_voussoir_mesh.003 166/1003 | Building BVH
Fra:1 Mem:75.31M (Peak 124.44M) | Time:00:00.24 | Mem:1.16M, Peak:1.16M | Scene, ViewLayer | Updating Geometry BVH Great altar pointed arch_voussoir_mesh.003 166/1003 | Building mesh BLAS |      12 tris | Great altar pointed arch_voussoir_mesh.003
Fra:1 Mem:75.31M (Peak 124.44M) | Time:00:00.24 | Mem:1.16M, Peak:1.16M | Scene, ViewLayer | Updating Geometry BVH Great altar pointed arch_voussoir_mesh.004 167/1003 | Building BVH
Fra:1 Mem:75.31M (Peak 124.44M) | Time:00:00.24 | Mem:1.16M, Peak:1.16M | Scene, ViewLayer | Updating Geometry BVH Great altar pointed arch_voussoir_mesh.004 167/1003 | Building mesh BLAS |      12 tris | Great altar pointed arch_voussoir_mesh.004
Fra:1 Mem:75.31M (Peak 124.44M) | Time:00:00.24 | Mem:1.16M, Peak:1.16M | Scene, ViewLayer | Updating Geometry BVH Great altar pointed arch_voussoir_mesh.005 168/1003 | Building BVH
Fra:1 Mem:75.31M (Peak 124.44M) | Time:00:00.24 | Mem:1.16M, Peak:1.16M | Scene, ViewLayer | Updating Geometry BVH Great altar pointed arch_voussoir_mesh.005 168/1003 | Building mesh BLAS |      12 tris | Great altar pointed arch_voussoir_mesh.005
Fra:1 Mem:75.31M (Peak 124.44M) | Time:00:00.24 | Mem:1.16M, Peak:1.16M | Scene, ViewLayer | Updating Geometry BVH Great altar pointed arch_voussoir_mesh.006 169/1003 | Building BVH
Fra:1 Mem:75.32M (Peak 124.44M) | Time:00:00.24 | Mem:1.16M, Peak:1.16M | Scene, ViewLayer | Updating Geometry BVH Great altar pointed arch_voussoir_mesh.007 170/1003 | Building BVH
Fra:1 Mem:75.32M (Peak 124.44M) | Time:00:00.24 | Mem:1.16M, Peak:1.16M | Scene, ViewLayer | Updating Geometry BVH Great altar pointed arch_voussoir_mesh.007 170/1003 | Building mesh BLAS |      12 tris | Great altar pointed arch_voussoir_mesh.006
Fra:1 Mem:75.32M (Peak 124.44M) | Time:00:00.24 | Mem:1.16M, Peak:1.16M | Scene, ViewLayer | Updating Geometry BVH Great altar pointed arch_voussoir_mesh.007 170/1003 | Building mesh BLAS |      12 tris | Great altar pointed arch_voussoir_mesh.007
Fra:1 Mem:75.32M (Peak 124.44M) | Time:00:00.24 | Mem:1.16M, Peak:1.16M | Scene, ViewLayer | Updating Geometry BVH Icosphere.152 967/1003 | Building BVH
Fra:1 Mem:75.32M (Peak 124.44M) | Time:00:00.24 | Mem:1.16M, Peak:1.16M | Scene, ViewLayer | Updating Geometry BVH Icosphere.152 967/1003 | Building mesh BLAS |      20 tris | Icosphere.152
Fra:1 Mem:75.32M (Peak 124.44M) | Time:00:00.24 | Mem:1.16M, Peak:1.16M | Scene, ViewLayer | Updating Geometry BVH Great altar pointed arch_voussoir_mesh.008 171/1003 | Building BVH
Fra:1 Mem:75.32M (Peak 124.44M) | Time:00:00.24 | Mem:1.16M, Peak:1.16M | Scene, ViewLayer | Updating Geometry BVH Great altar pointed arch_voussoir_mesh.008 171/1003 | Building mesh BLAS |      12 tris | Great altar pointed arch_voussoir_mesh.008
Fra:1 Mem:75.32M (Peak 124.44M) | Time:00:00.24 | Mem:1.16M, Peak:1.16M | Scene, ViewLayer | Updating Geometry BVH Great altar pointed arch_voussoir_mesh.009 172/1003 | Building BVH
Fra:1 Mem:75.32M (Peak 124.44M) | Time:00:00.24 | Mem:1.16M, Peak:1.16M | Scene, ViewLayer | Updating Geometry BVH Great altar pointed arch_voussoir_mesh.010 173/1003 | Building mesh BLAS |      12 tris | Great altar pointed arch_voussoir_mesh.009
Fra:1 Mem:75.32M (Peak 124.44M) | Time:00:00.24 | Mem:1.16M, Peak:1.16M | Scene, ViewLayer | Updating Geometry BVH Great altar pointed arch_voussoir_mesh.011 174/1003 | Building BVH
Fra:1 Mem:75.32M (Peak 124.44M) | Time:00:00.24 | Mem:1.16M, Peak:1.16M | Scene, ViewLayer | Updating Geometry BVH Great altar pointed arch_voussoir_mesh.011 174/1003 | Building mesh BLAS |      12 tris | Great altar pointed arch_voussoir_mesh.010
Fra:1 Mem:75.32M (Peak 124.44M) | Time:00:00.24 | Mem:1.16M, Peak:1.16M | Scene, ViewLayer | Updating Geometry BVH Great altar pointed arch_voussoir_mesh.011 174/1003 | Building mesh BLAS |      12 tris | Great altar pointed arch_voussoir_mesh.011
Fra:1 Mem:75.32M (Peak 124.44M) | Time:00:00.24 | Mem:1.16M, Peak:1.16M | Scene, ViewLayer | Updating Geometry BVH Great altar pointed arch_voussoir_mesh.012 175/1003 | Building BVH
Fra:1 Mem:75.32M (Peak 124.44M) | Time:00:00.24 | Mem:1.16M, Peak:1.16M | Scene, ViewLayer | Updating Geometry BVH Great altar pointed arch_voussoir_mesh.012 175/1003 | Building mesh BLAS |      12 tris | Great altar pointed arch_voussoir_mesh.012
Fra:1 Mem:75.32M (Peak 124.44M) | Time:00:00.24 | Mem:1.16M, Peak:1.16M | Scene, ViewLayer | Updating Geometry BVH Great altar pointed arch_voussoir_mesh.013 176/1003 | Building BVH
Fra:1 Mem:75.32M (Peak 124.44M) | Time:00:00.24 | Mem:1.16M, Peak:1.16M | Scene, ViewLayer | Updating Geometry BVH Great altar pointed arch_voussoir_mesh.013 176/1003 | Building mesh BLAS |      12 tris | Great altar pointed arch_voussoir_mesh.013
Fra:1 Mem:75.32M (Peak 124.44M) | Time:00:00.24 | Mem:1.17M, Peak:1.17M | Scene, ViewLayer | Updating Geometry BVH Great altar pointed arch_voussoir_mesh.014 177/1003 | Building BVH
Fra:1 Mem:75.32M (Peak 124.44M) | Time:00:00.24 | Mem:1.17M, Peak:1.17M | Scene, ViewLayer | Updating Geometry BVH Great altar pointed arch_voussoir_mesh.014 177/1003 | Building mesh BLAS |      12 tris | Great altar pointed arch_voussoir_mesh.014
Fra:1 Mem:75.32M (Peak 124.44M) | Time:00:00.24 | Mem:1.17M, Peak:1.17M | Scene, ViewLayer | Updating Geometry BVH Great altar pointed arch_voussoir_mesh.015 178/1003 | Building BVH
Fra:1 Mem:75.32M (Peak 124.44M) | Time:00:00.24 | Mem:1.17M, Peak:1.17M | Scene, ViewLayer | Updating Geometry BVH Great altar pointed arch_voussoir_mesh.016 179/1003 | Building BVH
Fra:1 Mem:75.32M (Peak 124.44M) | Time:00:00.24 | Mem:1.17M, Peak:1.17M | Scene, ViewLayer | Updating Geometry BVH Great altar pointed arch_voussoir_mesh.016 179/1003 | Building mesh BLAS |      12 tris | Great altar pointed arch_voussoir_mesh.015
Fra:1 Mem:75.32M (Peak 124.44M) | Time:00:00.24 | Mem:1.17M, Peak:1.17M | Scene, ViewLayer | Updating Geometry BVH Great altar pointed arch_voussoir_mesh.016 179/1003 | Building mesh BLAS |      12 tris | Great altar pointed arch_voussoir_mesh.016
Fra:1 Mem:75.32M (Peak 124.44M) | Time:00:00.24 | Mem:1.17M, Peak:1.17M | Scene, ViewLayer | Updating Geometry BVH Icosphere.151 966/1003 | Building BVH
Fra:1 Mem:75.32M (Peak 124.44M) | Time:00:00.24 | Mem:1.17M, Peak:1.17M | Scene, ViewLayer | Updating Geometry BVH Icosphere.151 966/1003 | Building mesh BLAS |      20 tris | Icosphere.151
Fra:1 Mem:75.32M (Peak 124.44M) | Time:00:00.24 | Mem:1.17M, Peak:1.17M | Scene, ViewLayer | Updating Geometry BVH Great altar pointed arch_voussoir_mesh.017 180/1003 | Building BVH
Fra:1 Mem:75.32M (Peak 124.44M) | Time:00:00.24 | Mem:1.17M, Peak:1.17M | Scene, ViewLayer | Updating Geometry BVH Great altar pointed arch_voussoir_mesh.020 183/1003 | Building BVH
Fra:1 Mem:75.32M (Peak 124.44M) | Time:00:00.24 | Mem:1.17M, Peak:1.17M | Scene, ViewLayer | Updating Geometry BVH Great altar pointed arch_voussoir_mesh.020 183/1003 | Building mesh BLAS |      12 tris | Great altar pointed arch_voussoir_mesh.017
Fra:1 Mem:75.32M (Peak 124.44M) | Time:00:00.24 | Mem:1.17M, Peak:1.17M | Scene, ViewLayer | Updating Geometry BVH Great altar pointed arch_voussoir_mesh.020 183/1003 | Building mesh BLAS |      12 tris | Great altar pointed arch_voussoir_mesh.018
Fra:1 Mem:75.32M (Peak 124.44M) | Time:00:00.24 | Mem:1.17M, Peak:1.17M | Scene, ViewLayer | Updating Geometry BVH Great altar pointed arch_voussoir_mesh.020 183/1003 | Building mesh BLAS |      12 tris | Great altar pointed arch_voussoir_mesh.019
Fra:1 Mem:75.32M (Peak 124.44M) | Time:00:00.24 | Mem:1.17M, Peak:1.17M | Scene, ViewLayer | Updating Geometry BVH Great altar pointed arch_voussoir_mesh.020 183/1003 | Building mesh BLAS |      12 tris | Great altar pointed arch_voussoir_mesh.020
Fra:1 Mem:75.32M (Peak 124.44M) | Time:00:00.24 | Mem:1.17M, Peak:1.17M | Scene, ViewLayer | Updating Geometry BVH Great altar pointed arch_voussoir_mesh.021 184/1003 | Building BVH
Fra:1 Mem:75.32M (Peak 124.44M) | Time:00:00.24 | Mem:1.17M, Peak:1.17M | Scene, ViewLayer | Updating Geometry BVH Great altar pointed arch_voussoir_mesh.021 184/1003 | Building mesh BLAS |      12 tris | Great altar pointed arch_voussoir_mesh.021
Fra:1 Mem:75.32M (Peak 124.44M) | Time:00:00.24 | Mem:1.17M, Peak:1.17M | Scene, ViewLayer | Updating Geometry BVH Great altar pointed arch_voussoir_mesh.022 185/1003 | Building BVH
Fra:1 Mem:75.32M (Peak 124.44M) | Time:00:00.24 | Mem:1.17M, Peak:1.17M | Scene, ViewLayer | Updating Geometry BVH Great altar pointed arch_voussoir_mesh.022 185/1003 | Building mesh BLAS |      12 tris | Great altar pointed arch_voussoir_mesh.022
Fra:1 Mem:75.32M (Peak 124.44M) | Time:00:00.24 | Mem:1.18M, Peak:1.18M | Scene, ViewLayer | Updating Geometry BVH Great altar pointed arch_voussoir_mesh.023 186/1003 | Building BVH
Fra:1 Mem:75.32M (Peak 124.44M) | Time:00:00.24 | Mem:1.18M, Peak:1.18M | Scene, ViewLayer | Updating Geometry BVH Great altar pointed arch_voussoir_mesh.023 186/1003 | Building mesh BLAS |      12 tris | Great altar pointed arch_voussoir_mesh.023
Fra:1 Mem:75.32M (Peak 124.44M) | Time:00:00.24 | Mem:1.18M, Peak:1.18M | Scene, ViewLayer | Updating Geometry BVH Great altar pointed arch_voussoir_mesh.024 187/1003 | Building BVH
Fra:1 Mem:75.32M (Peak 124.44M) | Time:00:00.24 | Mem:1.18M, Peak:1.18M | Scene, ViewLayer | Updating Geometry BVH Great altar pointed arch_voussoir_mesh.024 187/1003 | Building mesh BLAS |      12 tris | Great altar pointed arch_voussoir_mesh.024
Fra:1 Mem:75.32M (Peak 124.44M) | Time:00:00.24 | Mem:1.18M, Peak:1.18M | Scene, ViewLayer | Updating Geometry BVH Great altar pointed arch_voussoir_mesh.025 188/1003 | Building BVH
Fra:1 Mem:75.32M (Peak 124.44M) | Time:00:00.24 | Mem:1.18M, Peak:1.18M | Scene, ViewLayer | Updating Geometry BVH Great altar pointed arch_voussoir_mesh.025 188/1003 | Building mesh BLAS |      12 tris | Great altar pointed arch_voussoir_mesh.025
Fra:1 Mem:75.32M (Peak 124.44M) | Time:00:00.24 | Mem:1.18M, Peak:1.18M | Scene, ViewLayer | Updating Geometry BVH Icosphere.150 965/1003 | Building BVH
Fra:1 Mem:75.32M (Peak 124.44M) | Time:00:00.24 | Mem:1.18M, Peak:1.18M | Scene, ViewLayer | Updating Geometry BVH Icosphere.150 965/1003 | Building mesh BLAS |      20 tris | Icosphere.150
Fra:1 Mem:75.32M (Peak 124.44M) | Time:00:00.24 | Mem:1.18M, Peak:1.18M | Scene, ViewLayer | Updating Geometry BVH Cube.011 189/1003 | Building BVH
Fra:1 Mem:75.32M (Peak 124.44M) | Time:00:00.24 | Mem:1.18M, Peak:1.18M | Scene, ViewLayer | Updating Geometry BVH Altar outer moulding_voussoir_mesh 190/1003 | Building BVH
Fra:1 Mem:75.32M (Peak 124.44M) | Time:00:00.24 | Mem:1.18M, Peak:1.18M | Scene, ViewLayer | Updating Geometry BVH Altar outer moulding_voussoir_mesh 190/1003 | Building mesh BLAS |     108 tris | Cube.011
Fra:1 Mem:75.32M (Peak 124.44M) | Time:00:00.24 | Mem:1.18M, Peak:1.18M | Scene, ViewLayer | Updating Geometry BVH Altar outer moulding_voussoir_mesh 190/1003 | Building mesh BLAS |      12 tris | Altar outer moulding_voussoir_mesh
Fra:1 Mem:75.32M (Peak 124.44M) | Time:00:00.24 | Mem:1.18M, Peak:1.18M | Scene, ViewLayer | Updating Geometry BVH Altar outer moulding_voussoir_mesh.001 191/1003 | Building BVH
Fra:1 Mem:75.32M (Peak 124.44M) | Time:00:00.24 | Mem:1.18M, Peak:1.18M | Scene, ViewLayer | Updating Geometry BVH Altar outer moulding_voussoir_mesh.002 192/1003 | Building mesh BLAS |      12 tris | Altar outer moulding_voussoir_mesh.001
Fra:1 Mem:75.32M (Peak 124.44M) | Time:00:00.24 | Mem:1.18M, Peak:1.18M | Scene, ViewLayer | Updating Geometry BVH Altar outer moulding_voussoir_mesh.002 192/1003 | Building mesh BLAS |      12 tris | Altar outer moulding_voussoir_mesh.002
Fra:1 Mem:75.32M (Peak 124.44M) | Time:00:00.24 | Mem:1.18M, Peak:1.18M | Scene, ViewLayer | Updating Geometry BVH Altar outer moulding_voussoir_mesh.003 193/1003 | Building BVH
Fra:1 Mem:75.32M (Peak 124.44M) | Time:00:00.24 | Mem:1.18M, Peak:1.18M | Scene, ViewLayer | Updating Geometry BVH Altar outer moulding_voussoir_mesh.003 193/1003 | Building mesh BLAS |      12 tris | Altar outer moulding_voussoir_mesh.003
Fra:1 Mem:75.32M (Peak 124.44M) | Time:00:00.24 | Mem:1.18M, Peak:1.18M | Scene, ViewLayer | Updating Geometry BVH Altar outer moulding_voussoir_mesh.004 194/1003 | Building BVH
Fra:1 Mem:75.32M (Peak 124.44M) | Time:00:00.24 | Mem:1.18M, Peak:1.18M | Scene, ViewLayer | Updating Geometry BVH Altar outer moulding_voussoir_mesh.004 194/1003 | Building mesh BLAS |      12 tris | Altar outer moulding_voussoir_mesh.004
Fra:1 Mem:75.32M (Peak 124.44M) | Time:00:00.24 | Mem:1.18M, Peak:1.18M | Scene, ViewLayer | Updating Geometry BVH Altar outer moulding_voussoir_mesh.005 195/1003 | Building BVH
Fra:1 Mem:75.32M (Peak 124.44M) | Time:00:00.24 | Mem:1.18M, Peak:1.18M | Scene, ViewLayer | Updating Geometry BVH Altar outer moulding_voussoir_mesh.006 196/1003 | Building BVH
Fra:1 Mem:75.32M (Peak 124.44M) | Time:00:00.24 | Mem:1.18M, Peak:1.18M | Scene, ViewLayer | Updating Geometry BVH Altar outer moulding_voussoir_mesh.006 196/1003 | Building mesh BLAS |      12 tris | Altar outer moulding_voussoir_mesh.006
Fra:1 Mem:75.32M (Peak 124.44M) | Time:00:00.24 | Mem:1.18M, Peak:1.18M | Scene, ViewLayer | Updating Geometry BVH Altar outer moulding_voussoir_mesh.007 197/1003 | Building BVH
Fra:1 Mem:75.32M (Peak 124.44M) | Time:00:00.24 | Mem:1.18M, Peak:1.18M | Scene, ViewLayer | Updating Geometry BVH Altar outer moulding_voussoir_mesh.007 197/1003 | Building mesh BLAS |      12 tris | Altar outer moulding_voussoir_mesh.007
Fra:1 Mem:75.32M (Peak 124.44M) | Time:00:00.24 | Mem:1.18M, Peak:1.18M | Scene, ViewLayer | Updating Geometry BVH Icosphere.149 964/1003 | Building BVH
Fra:1 Mem:75.32M (Peak 124.44M) | Time:00:00.24 | Mem:1.18M, Peak:1.18M | Scene, ViewLayer | Updating Geometry BVH Icosphere.149 964/1003 | Building mesh BLAS |      20 tris | Icosphere.149
Fra:1 Mem:75.32M (Peak 124.44M) | Time:00:00.24 | Mem:1.19M, Peak:1.19M | Scene, ViewLayer | Updating Geometry BVH Altar outer moulding_voussoir_mesh.008 198/1003 | Building BVH
Fra:1 Mem:75.32M (Peak 124.44M) | Time:00:00.24 | Mem:1.19M, Peak:1.19M | Scene, ViewLayer | Updating Geometry BVH Altar outer moulding_voussoir_mesh.008 198/1003 | Building mesh BLAS |      12 tris | Altar outer moulding_voussoir_mesh.008
Fra:1 Mem:75.32M (Peak 124.44M) | Time:00:00.24 | Mem:1.19M, Peak:1.19M | Scene, ViewLayer | Updating Geometry BVH Altar outer moulding_voussoir_mesh.009 199/1003 | Building BVH
Fra:1 Mem:75.32M (Peak 124.44M) | Time:00:00.24 | Mem:1.19M, Peak:1.19M | Scene, ViewLayer | Updating Geometry BVH Altar outer moulding_voussoir_mesh.009 199/1003 | Building mesh BLAS |      12 tris | Altar outer moulding_voussoir_mesh.009
Fra:1 Mem:75.32M (Peak 124.44M) | Time:00:00.24 | Mem:1.19M, Peak:1.19M | Scene, ViewLayer | Updating Geometry BVH Altar outer moulding_voussoir_mesh.010 200/1003 | Building BVH
Fra:1 Mem:75.32M (Peak 124.44M) | Time:00:00.24 | Mem:1.19M, Peak:1.19M | Scene, ViewLayer | Updating Geometry BVH Altar outer moulding_voussoir_mesh.010 200/1003 | Building mesh BLAS |      12 tris | Altar outer moulding_voussoir_mesh.010
Fra:1 Mem:75.32M (Peak 124.44M) | Time:00:00.24 | Mem:1.19M, Peak:1.19M | Scene, ViewLayer | Updating Geometry BVH Altar outer moulding_voussoir_mesh.011 201/1003 | Building BVH
Fra:1 Mem:75.32M (Peak 124.44M) | Time:00:00.24 | Mem:1.19M, Peak:1.19M | Scene, ViewLayer | Updating Geometry BVH Altar outer moulding_voussoir_mesh.011 201/1003 | Building mesh BLAS |      12 tris | Altar outer moulding_voussoir_mesh.011
Fra:1 Mem:75.32M (Peak 124.44M) | Time:00:00.24 | Mem:1.19M, Peak:1.19M | Scene, ViewLayer | Updating Geometry BVH Altar outer moulding_voussoir_mesh.012 202/1003 | Building BVH
Fra:1 Mem:75.32M (Peak 124.44M) | Time:00:00.24 | Mem:1.19M, Peak:1.19M | Scene, ViewLayer | Updating Geometry BVH Altar outer moulding_voussoir_mesh.012 202/1003 | Building mesh BLAS |      12 tris | Altar outer moulding_voussoir_mesh.012
Fra:1 Mem:75.32M (Peak 124.44M) | Time:00:00.24 | Mem:1.19M, Peak:1.19M | Scene, ViewLayer | Updating Geometry BVH Altar outer moulding_voussoir_mesh.013 203/1003 | Building BVH
Fra:1 Mem:75.32M (Peak 124.44M) | Time:00:00.24 | Mem:1.19M, Peak:1.19M | Scene, ViewLayer | Updating Geometry BVH Altar outer moulding_voussoir_mesh.013 203/1003 | Building mesh BLAS |      12 tris | Altar outer moulding_voussoir_mesh.013
Fra:1 Mem:75.32M (Peak 124.44M) | Time:00:00.24 | Mem:1.19M, Peak:1.19M | Scene, ViewLayer | Updating Geometry BVH Altar outer moulding_voussoir_mesh.014 204/1003 | Building BVH
Fra:1 Mem:75.32M (Peak 124.44M) | Time:00:00.24 | Mem:1.19M, Peak:1.19M | Scene, ViewLayer | Updating Geometry BVH Altar outer moulding_voussoir_mesh.014 204/1003 | Building mesh BLAS |      12 tris | Altar outer moulding_voussoir_mesh.014
Fra:1 Mem:75.32M (Peak 124.44M) | Time:00:00.24 | Mem:1.19M, Peak:1.19M | Scene, ViewLayer | Updating Geometry BVH Altar outer moulding_voussoir_mesh.015 205/1003 | Building BVH
Fra:1 Mem:75.32M (Peak 124.44M) | Time:00:00.24 | Mem:1.20M, Peak:1.20M | Scene, ViewLayer | Updating Geometry BVH Altar outer moulding_voussoir_mesh.015 205/1003 | Building mesh BLAS |      12 tris | Altar outer moulding_voussoir_mesh.015
Fra:1 Mem:75.32M (Peak 124.44M) | Time:00:00.24 | Mem:1.20M, Peak:1.20M | Scene, ViewLayer | Updating Geometry BVH Icosphere.148 963/1003 | Building BVH
Fra:1 Mem:75.32M (Peak 124.44M) | Time:00:00.24 | Mem:1.20M, Peak:1.20M | Scene, ViewLayer | Updating Geometry BVH Altar outer moulding_voussoir_mesh.016 206/1003 | Building BVH
Fra:1 Mem:75.32M (Peak 124.44M) | Time:00:00.24 | Mem:1.20M, Peak:1.20M | Scene, ViewLayer | Updating Geometry BVH Altar outer moulding_voussoir_mesh.016 206/1003 | Building mesh BLAS |      20 tris | Icosphere.148
Fra:1 Mem:75.32M (Peak 124.44M) | Time:00:00.24 | Mem:1.20M, Peak:1.20M | Scene, ViewLayer | Updating Geometry BVH Altar outer moulding_voussoir_mesh.016 206/1003 | Building mesh BLAS |      12 tris | Altar outer moulding_voussoir_mesh.016
Fra:1 Mem:75.32M (Peak 124.44M) | Time:00:00.24 | Mem:1.20M, Peak:1.20M | Scene, ViewLayer | Updating Geometry BVH Altar outer moulding_voussoir_mesh.017 207/1003 | Building BVH
Fra:1 Mem:75.32M (Peak 124.44M) | Time:00:00.24 | Mem:1.20M, Peak:1.20M | Scene, ViewLayer | Updating Geometry BVH Altar outer moulding_voussoir_mesh.017 207/1003 | Building mesh BLAS |      12 tris | Altar outer moulding_voussoir_mesh.017
Fra:1 Mem:75.32M (Peak 124.44M) | Time:00:00.24 | Mem:1.20M, Peak:1.20M | Scene, ViewLayer | Updating Geometry BVH Altar outer moulding_voussoir_mesh.018 208/1003 | Building BVH
Fra:1 Mem:75.32M (Peak 124.44M) | Time:00:00.24 | Mem:1.20M, Peak:1.20M | Scene, ViewLayer | Updating Geometry BVH Altar outer moulding_voussoir_mesh.019 209/1003 | Building BVH
Fra:1 Mem:75.32M (Peak 124.44M) | Time:00:00.24 | Mem:1.20M, Peak:1.20M | Scene, ViewLayer | Updating Geometry BVH Altar outer moulding_voussoir_mesh.019 209/1003 | Building mesh BLAS |      12 tris | Altar outer moulding_voussoir_mesh.018
Fra:1 Mem:75.32M (Peak 124.44M) | Time:00:00.24 | Mem:1.20M, Peak:1.20M | Scene, ViewLayer | Updating Geometry BVH Altar outer moulding_voussoir_mesh.019 209/1003 | Building mesh BLAS |      12 tris | Altar outer moulding_voussoir_mesh.019
Fra:1 Mem:75.32M (Peak 124.44M) | Time:00:00.24 | Mem:1.20M, Peak:1.20M | Scene, ViewLayer | Updating Geometry BVH Altar outer moulding_voussoir_mesh.020 210/1003 | Building BVH
Fra:1 Mem:75.32M (Peak 124.44M) | Time:00:00.24 | Mem:1.21M, Peak:1.21M | Scene, ViewLayer | Updating Geometry BVH Altar outer moulding_voussoir_mesh.024 214/1003 | Building BVH
Fra:1 Mem:75.32M (Peak 124.44M) | Time:00:00.24 | Mem:1.21M, Peak:1.21M | Scene, ViewLayer | Updating Geometry BVH Altar outer moulding_voussoir_mesh.024 214/1003 | Building mesh BLAS |      12 tris | Altar outer moulding_voussoir_mesh.020
Fra:1 Mem:75.32M (Peak 124.44M) | Time:00:00.24 | Mem:1.21M, Peak:1.21M | Scene, ViewLayer | Updating Geometry BVH Altar outer moulding_voussoir_mesh.024 214/1003 | Building mesh BLAS |      12 tris | Altar outer moulding_voussoir_mesh.022
Fra:1 Mem:75.32M (Peak 124.44M) | Time:00:00.24 | Mem:1.21M, Peak:1.21M | Scene, ViewLayer | Updating Geometry BVH Altar outer moulding_voussoir_mesh.024 214/1003 | Building mesh BLAS |      12 tris | Altar outer moulding_voussoir_mesh.023
Fra:1 Mem:75.32M (Peak 124.44M) | Time:00:00.24 | Mem:1.21M, Peak:1.21M | Scene, ViewLayer | Updating Geometry BVH Altar outer moulding_voussoir_mesh.024 214/1003 | Building mesh BLAS |      12 tris | Altar outer moulding_voussoir_mesh.021
Fra:1 Mem:75.32M (Peak 124.44M) | Time:00:00.24 | Mem:1.21M, Peak:1.21M | Scene, ViewLayer | Updating Geometry BVH Stone | old fissure_curve.003 962/1003 | Building BVH
Fra:1 Mem:75.32M (Peak 124.44M) | Time:00:00.24 | Mem:1.21M, Peak:1.21M | Scene, ViewLayer | Updating Geometry BVH Stone | old fissure_curve.003 962/1003 | Building mesh BLAS |      48 tris | Stone | old fissure_curve.003
Fra:1 Mem:75.32M (Peak 124.44M) | Time:00:00.24 | Mem:1.21M, Peak:1.21M | Scene, ViewLayer | Updating Geometry BVH Altar outer moulding_voussoir_mesh.025 215/1003 | Building BVH
Fra:1 Mem:75.32M (Peak 124.44M) | Time:00:00.24 | Mem:1.21M, Peak:1.21M | Scene, ViewLayer | Updating Geometry BVH Altar outer moulding_voussoir_mesh.025 215/1003 | Building mesh BLAS |      12 tris | Altar outer moulding_voussoir_mesh.025
Fra:1 Mem:75.32M (Peak 124.44M) | Time:00:00.24 | Mem:1.21M, Peak:1.21M | Scene, ViewLayer | Updating Geometry BVH Cube.012 216/1003 | Building BVH
Fra:1 Mem:75.32M (Peak 124.44M) | Time:00:00.24 | Mem:1.21M, Peak:1.21M | Scene, ViewLayer | Updating Geometry BVH Cube.012 216/1003 | Building mesh BLAS |      12 tris | WallNiche_voussoir_mesh
Fra:1 Mem:75.32M (Peak 124.44M) | Time:00:00.24 | Mem:1.21M, Peak:1.21M | Scene, ViewLayer | Updating Geometry BVH Cube.012 216/1003 | Building mesh BLAS |     108 tris | Cube.012
Fra:1 Mem:75.32M (Peak 124.44M) | Time:00:00.24 | Mem:1.21M, Peak:1.21M | Scene, ViewLayer | Updating Geometry BVH WallNiche_voussoir_mesh.001 218/1003 | Building BVH
Fra:1 Mem:75.32M (Peak 124.44M) | Time:00:00.24 | Mem:1.21M, Peak:1.21M | Scene, ViewLayer | Updating Geometry BVH WallNiche_voussoir_mesh.001 218/1003 | Building mesh BLAS |      12 tris | WallNiche_voussoir_mesh.001
Fra:1 Mem:75.32M (Peak 124.44M) | Time:00:00.24 | Mem:1.21M, Peak:1.21M | Scene, ViewLayer | Updating Geometry BVH WallNiche_voussoir_mesh.002 219/1003 | Building BVH
Fra:1 Mem:75.32M (Peak 124.44M) | Time:00:00.24 | Mem:1.21M, Peak:1.21M | Scene, ViewLayer | Updating Geometry BVH WallNiche_voussoir_mesh.003 220/1003 | Building BVH
Fra:1 Mem:75.32M (Peak 124.44M) | Time:00:00.24 | Mem:1.21M, Peak:1.21M | Scene, ViewLayer | Updating Geometry BVH WallNiche_voussoir_mesh.003 220/1003 | Building mesh BLAS |      12 tris | WallNiche_voussoir_mesh.002
Fra:1 Mem:75.32M (Peak 124.44M) | Time:00:00.24 | Mem:1.21M, Peak:1.21M | Scene, ViewLayer | Updating Geometry BVH WallNiche_voussoir_mesh.003 220/1003 | Building mesh BLAS |      12 tris | WallNiche_voussoir_mesh.003
Fra:1 Mem:75.32M (Peak 124.44M) | Time:00:00.24 | Mem:1.21M, Peak:1.21M | Scene, ViewLayer | Updating Geometry BVH WallNiche_voussoir_mesh.004 221/1003 | Building BVH
Fra:1 Mem:75.32M (Peak 124.44M) | Time:00:00.24 | Mem:1.21M, Peak:1.21M | Scene, ViewLayer | Updating Geometry BVH WallNiche_voussoir_mesh.004 221/1003 | Building mesh BLAS |      12 tris | WallNiche_voussoir_mesh.004
Fra:1 Mem:75.32M (Peak 124.44M) | Time:00:00.24 | Mem:1.21M, Peak:1.21M | Scene, ViewLayer | Updating Geometry BVH WallNiche_voussoir_mesh.005 222/1003 | Building BVH
Fra:1 Mem:75.32M (Peak 124.44M) | Time:00:00.24 | Mem:1.21M, Peak:1.21M | Scene, ViewLayer | Updating Geometry BVH WallNiche_voussoir_mesh.005 222/1003 | Building mesh BLAS |      12 tris | WallNiche_voussoir_mesh.005
Fra:1 Mem:75.32M (Peak 124.44M) | Time:00:00.25 | Mem:1.21M, Peak:1.21M | Scene, ViewLayer | Updating Geometry BVH WallNiche_voussoir_mesh.006 223/1003 | Building BVH
Fra:1 Mem:75.32M (Peak 124.44M) | Time:00:00.25 | Mem:1.22M, Peak:1.22M | Scene, ViewLayer | Updating Geometry BVH WallNiche_voussoir_mesh.006 223/1003 | Building mesh BLAS |      12 tris | WallNiche_voussoir_mesh.006
Fra:1 Mem:75.32M (Peak 124.44M) | Time:00:00.25 | Mem:1.22M, Peak:1.22M | Scene, ViewLayer | Updating Geometry BVH WallNiche_voussoir_mesh.007 224/1003 | Building BVH
Fra:1 Mem:75.32M (Peak 124.44M) | Time:00:00.25 | Mem:1.22M, Peak:1.22M | Scene, ViewLayer | Updating Geometry BVH WallNiche_voussoir_mesh.007 224/1003 | Building mesh BLAS |      12 tris | WallNiche_voussoir_mesh.007
Fra:1 Mem:75.32M (Peak 124.44M) | Time:00:00.25 | Mem:1.22M, Peak:1.22M | Scene, ViewLayer | Updating Geometry BVH WallNiche_voussoir_mesh.008 225/1003 | Building BVH
Fra:1 Mem:75.32M (Peak 124.44M) | Time:00:00.25 | Mem:1.22M, Peak:1.22M | Scene, ViewLayer | Updating Geometry BVH WallNiche_voussoir_mesh.008 225/1003 | Building mesh BLAS |      12 tris | WallNiche_voussoir_mesh.008
Fra:1 Mem:75.32M (Peak 124.44M) | Time:00:00.25 | Mem:1.22M, Peak:1.22M | Scene, ViewLayer | Updating Geometry BVH WallNiche_voussoir_mesh.009 226/1003 | Building BVH
Fra:1 Mem:75.32M (Peak 124.44M) | Time:00:00.25 | Mem:1.22M, Peak:1.22M | Scene, ViewLayer | Updating Geometry BVH Stone | old fissure_curve.002 961/1003 | Building BVH
Fra:1 Mem:75.32M (Peak 124.44M) | Time:00:00.25 | Mem:1.22M, Peak:1.22M | Scene, ViewLayer | Updating Geometry BVH WallNiche_voussoir_mesh.012 229/1003 | Building BVH
Fra:1 Mem:75.32M (Peak 124.44M) | Time:00:00.25 | Mem:1.22M, Peak:1.22M | Scene, ViewLayer | Updating Geometry BVH WallNiche_voussoir_mesh.013 230/1003 | Building BVH
Fra:1 Mem:75.32M (Peak 124.44M) | Time:00:00.25 | Mem:1.22M, Peak:1.22M | Scene, ViewLayer | Updating Geometry BVH WallNiche_voussoir_mesh.013 230/1003 | Building mesh BLAS |      12 tris | WallNiche_voussoir_mesh.013
Fra:1 Mem:75.32M (Peak 124.44M) | Time:00:00.25 | Mem:1.22M, Peak:1.22M | Scene, ViewLayer | Updating Geometry BVH WallNiche_voussoir_mesh.013 230/1003 | Building mesh BLAS |      12 tris | WallNiche_voussoir_mesh.012
Fra:1 Mem:75.32M (Peak 124.44M) | Time:00:00.25 | Mem:1.22M, Peak:1.22M | Scene, ViewLayer | Updating Geometry BVH WallNiche_voussoir_mesh.013 230/1003 | Building mesh BLAS |      12 tris | WallNiche_voussoir_mesh.014
Fra:1 Mem:75.32M (Peak 124.44M) | Time:00:00.25 | Mem:1.22M, Peak:1.22M | Scene, ViewLayer | Updating Geometry BVH WallNiche_voussoir_mesh.013 230/1003 | Building mesh BLAS |      12 tris | WallNiche_voussoir_mesh.011
Fra:1 Mem:75.32M (Peak 124.44M) | Time:00:00.25 | Mem:1.22M, Peak:1.22M | Scene, ViewLayer | Updating Geometry BVH WallNiche_voussoir_mesh.013 230/1003 | Building mesh BLAS |      12 tris | WallNiche_voussoir_mesh.010
Fra:1 Mem:75.32M (Peak 124.44M) | Time:00:00.25 | Mem:1.23M, Peak:1.23M | Scene, ViewLayer | Updating Geometry BVH WallNiche_voussoir_mesh.015 232/1003 | Building BVH
Fra:1 Mem:75.32M (Peak 124.44M) | Time:00:00.25 | Mem:1.23M, Peak:1.23M | Scene, ViewLayer | Updating Geometry BVH WallNiche_voussoir_mesh.015 232/1003 | Building mesh BLAS |      12 tris | WallNiche_voussoir_mesh.015
Fra:1 Mem:75.32M (Peak 124.44M) | Time:00:00.25 | Mem:1.23M, Peak:1.23M | Scene, ViewLayer | Updating Geometry BVH WallNiche_voussoir_mesh.016 233/1003 | Building BVH
Fra:1 Mem:75.32M (Peak 124.44M) | Time:00:00.25 | Mem:1.23M, Peak:1.23M | Scene, ViewLayer | Updating Geometry BVH WallNiche_voussoir_mesh.017 234/1003 | Building BVH
Fra:1 Mem:75.32M (Peak 124.44M) | Time:00:00.25 | Mem:1.23M, Peak:1.23M | Scene, ViewLayer | Updating Geometry BVH WallNiche_voussoir_mesh.017 234/1003 | Building mesh BLAS |      12 tris | WallNiche_voussoir_mesh.016
Fra:1 Mem:75.32M (Peak 124.44M) | Time:00:00.25 | Mem:1.23M, Peak:1.23M | Scene, ViewLayer | Updating Geometry BVH WallNiche_voussoir_mesh.017 234/1003 | Building mesh BLAS |      12 tris | WallNiche_voussoir_mesh.017
Fra:1 Mem:75.32M (Peak 124.44M) | Time:00:00.25 | Mem:1.23M, Peak:1.23M | Scene, ViewLayer | Updating Geometry BVH WallNiche_voussoir_mesh.018 235/1003 | Building BVH
Fra:1 Mem:75.32M (Peak 124.44M) | Time:00:00.25 | Mem:1.23M, Peak:1.23M | Scene, ViewLayer | Updating Geometry BVH WallNiche_voussoir_mesh.018 235/1003 | Building mesh BLAS |      12 tris | WallNiche_voussoir_mesh.018
Fra:1 Mem:75.32M (Peak 124.44M) | Time:00:00.25 | Mem:1.23M, Peak:1.23M | Scene, ViewLayer | Updating Geometry BVH WallNiche_voussoir_mesh.019 236/1003 | Building BVH
Fra:1 Mem:75.32M (Peak 124.44M) | Time:00:00.25 | Mem:1.23M, Peak:1.23M | Scene, ViewLayer | Updating Geometry BVH WallNiche_voussoir_mesh.019 236/1003 | Building mesh BLAS |      12 tris | WallNiche_voussoir_mesh.019
Fra:1 Mem:75.32M (Peak 124.44M) | Time:00:00.25 | Mem:1.23M, Peak:1.23M | Scene, ViewLayer | Updating Geometry BVH Stone | old fissure_curve.001 960/1003 | Building BVH
Fra:1 Mem:75.32M (Peak 124.44M) | Time:00:00.25 | Mem:1.23M, Peak:1.23M | Scene, ViewLayer | Updating Geometry BVH WallNiche_voussoir_mesh.020 237/1003 | Building BVH
Fra:1 Mem:75.32M (Peak 124.44M) | Time:00:00.25 | Mem:1.24M, Peak:1.24M | Scene, ViewLayer | Updating Geometry BVH WallNiche_voussoir_mesh.020 237/1003 | Building mesh BLAS |      12 tris | WallNiche_voussoir_mesh.020
Fra:1 Mem:75.32M (Peak 124.44M) | Time:00:00.25 | Mem:1.24M, Peak:1.24M | Scene, ViewLayer | Updating Geometry BVH WallNiche_voussoir_mesh.021 238/1003 | Building BVH
Fra:1 Mem:75.32M (Peak 124.44M) | Time:00:00.25 | Mem:1.24M, Peak:1.24M | Scene, ViewLayer | Updating Geometry BVH WallNiche_voussoir_mesh.021 238/1003 | Building mesh BLAS |      12 tris | WallNiche_voussoir_mesh.021
Fra:1 Mem:75.32M (Peak 124.44M) | Time:00:00.25 | Mem:1.24M, Peak:1.24M | Scene, ViewLayer | Updating Geometry BVH WallNiche_voussoir_mesh.022 239/1003 | Building BVH
Fra:1 Mem:75.32M (Peak 124.44M) | Time:00:00.25 | Mem:1.24M, Peak:1.24M | Scene, ViewLayer | Updating Geometry BVH WallNiche_voussoir_mesh.023 240/1003 | Building BVH
Fra:1 Mem:75.32M (Peak 124.44M) | Time:00:00.25 | Mem:1.24M, Peak:1.24M | Scene, ViewLayer | Updating Geometry BVH WallNiche_voussoir_mesh.025 242/1003 | Building BVH
Fra:1 Mem:75.32M (Peak 124.44M) | Time:00:00.25 | Mem:1.24M, Peak:1.24M | Scene, ViewLayer | Updating Geometry BVH WallNiche_voussoir_mesh.027 244/1003 | Building BVH
Fra:1 Mem:75.32M (Peak 124.44M) | Time:00:00.25 | Mem:1.24M, Peak:1.24M | Scene, ViewLayer | Updating Geometry BVH WallNiche_voussoir_mesh.027 244/1003 | Building mesh BLAS |      12 tris | WallNiche_voussoir_mesh.025
Fra:1 Mem:75.32M (Peak 124.44M) | Time:00:00.25 | Mem:1.24M, Peak:1.24M | Scene, ViewLayer | Updating Geometry BVH WallNiche_voussoir_mesh.027 244/1003 | Building mesh BLAS |      12 tris | WallNiche_voussoir_mesh.023
Fra:1 Mem:75.32M (Peak 124.44M) | Time:00:00.25 | Mem:1.24M, Peak:1.24M | Scene, ViewLayer | Updating Geometry BVH WallNiche_voussoir_mesh.028 245/1003 | Building BVH
Fra:1 Mem:75.32M (Peak 124.44M) | Time:00:00.25 | Mem:1.24M, Peak:1.24M | Scene, ViewLayer | Updating Geometry BVH WallNiche_voussoir_mesh.028 245/1003 | Building mesh BLAS |      12 tris | WallNiche_voussoir_mesh.026
Fra:1 Mem:75.32M (Peak 124.44M) | Time:00:00.25 | Mem:1.24M, Peak:1.24M | Scene, ViewLayer | Updating Geometry BVH WallNiche_voussoir_mesh.028 245/1003 | Building mesh BLAS |      12 tris | WallNiche_voussoir_mesh.027
Fra:1 Mem:75.32M (Peak 124.44M) | Time:00:00.25 | Mem:1.24M, Peak:1.24M | Scene, ViewLayer | Updating Geometry BVH WallNiche_voussoir_mesh.028 245/1003 | Building mesh BLAS |      12 tris | WallNiche_voussoir_mesh.028
Fra:1 Mem:75.32M (Peak 124.44M) | Time:00:00.25 | Mem:1.24M, Peak:1.24M | Scene, ViewLayer | Updating Geometry BVH WallNiche_voussoir_mesh.029 246/1003 | Building BVH
Fra:1 Mem:75.32M (Peak 124.44M) | Time:00:00.25 | Mem:1.24M, Peak:1.24M | Scene, ViewLayer | Updating Geometry BVH WallNiche_voussoir_mesh.029 246/1003 | Building mesh BLAS |      12 tris | WallNiche_voussoir_mesh.029
Fra:1 Mem:75.32M (Peak 124.44M) | Time:00:00.25 | Mem:1.24M, Peak:1.24M | Scene, ViewLayer | Updating Geometry BVH Stone | old fissure_curve 959/1003 | Building BVH
Fra:1 Mem:75.32M (Peak 124.44M) | Time:00:00.25 | Mem:1.24M, Peak:1.24M | Scene, ViewLayer | Updating Geometry BVH Stone | old fissure_curve 959/1003 | Building mesh BLAS |      48 tris | Stone | old fissure_curve
Fra:1 Mem:75.32M (Peak 124.44M) | Time:00:00.25 | Mem:1.24M, Peak:1.24M | Scene, ViewLayer | Updating Geometry BVH WallNiche_voussoir_mesh.030 247/1003 | Building BVH
Fra:1 Mem:75.32M (Peak 124.44M) | Time:00:00.25 | Mem:1.24M, Peak:1.24M | Scene, ViewLayer | Updating Geometry BVH WallNiche_voussoir_mesh.031 248/1003 | Building BVH
Fra:1 Mem:75.32M (Peak 124.44M) | Time:00:00.25 | Mem:1.24M, Peak:1.24M | Scene, ViewLayer | Updating Geometry BVH WallNiche_voussoir_mesh.031 248/1003 | Building mesh BLAS |      12 tris | WallNiche_voussoir_mesh.030
Fra:1 Mem:75.32M (Peak 124.44M) | Time:00:00.25 | Mem:1.24M, Peak:1.24M | Scene, ViewLayer | Updating Geometry BVH WallNiche_voussoir_mesh.031 248/1003 | Building mesh BLAS |      12 tris | WallNiche_voussoir_mesh.031
Fra:1 Mem:75.32M (Peak 124.44M) | Time:00:00.25 | Mem:1.24M, Peak:1.24M | Scene, ViewLayer | Updating Geometry BVH WallNiche_voussoir_mesh.032 249/1003 | Building BVH
Fra:1 Mem:75.32M (Peak 124.44M) | Time:00:00.25 | Mem:1.25M, Peak:1.25M | Scene, ViewLayer | Updating Geometry BVH WallNiche_voussoir_mesh.034 251/1003 | Building BVH
Fra:1 Mem:75.32M (Peak 124.44M) | Time:00:00.25 | Mem:1.25M, Peak:1.25M | Scene, ViewLayer | Updating Geometry BVH WallNiche_voussoir_mesh.035 252/1003 | Building BVH
Fra:1 Mem:75.32M (Peak 124.44M) | Time:00:00.25 | Mem:1.25M, Peak:1.25M | Scene, ViewLayer | Updating Geometry BVH WallNiche_voussoir_mesh.035 252/1003 | Building mesh BLAS |      12 tris | WallNiche_voussoir_mesh.034
Fra:1 Mem:75.32M (Peak 124.44M) | Time:00:00.25 | Mem:1.25M, Peak:1.25M | Scene, ViewLayer | Updating Geometry BVH WallNiche_voussoir_mesh.036 253/1003 | Building BVH
Fra:1 Mem:75.32M (Peak 124.44M) | Time:00:00.25 | Mem:1.25M, Peak:1.25M | Scene, ViewLayer | Updating Geometry BVH WallNiche_voussoir_mesh.036 253/1003 | Building mesh BLAS |      12 tris | WallNiche_voussoir_mesh.035
Fra:1 Mem:75.32M (Peak 124.44M) | Time:00:00.25 | Mem:1.25M, Peak:1.25M | Scene, ViewLayer | Updating Geometry BVH WallNiche_voussoir_mesh.037 254/1003 | Building BVH
Fra:1 Mem:75.32M (Peak 124.44M) | Time:00:00.25 | Mem:1.25M, Peak:1.25M | Scene, ViewLayer | Updating Geometry BVH WallNiche_voussoir_mesh.037 254/1003 | Building mesh BLAS |      12 tris | WallNiche_voussoir_mesh.036
Fra:1 Mem:75.32M (Peak 124.44M) | Time:00:00.25 | Mem:1.25M, Peak:1.25M | Scene, ViewLayer | Updating Geometry BVH WallNiche_voussoir_mesh.037 254/1003 | Building mesh BLAS |      12 tris | WallNiche_voussoir_mesh.037
Fra:1 Mem:75.32M (Peak 124.44M) | Time:00:00.25 | Mem:1.25M, Peak:1.25M | Scene, ViewLayer | Updating Geometry BVH WallNiche_voussoir_mesh.038 255/1003 | Building BVH
Fra:1 Mem:75.32M (Peak 124.44M) | Time:00:00.25 | Mem:1.25M, Peak:1.25M | Scene, ViewLayer | Updating Geometry BVH WallNiche_voussoir_mesh.038 255/1003 | Building mesh BLAS |      12 tris | WallNiche_voussoir_mesh.038
Fra:1 Mem:75.32M (Peak 124.44M) | Time:00:00.25 | Mem:1.25M, Peak:1.25M | Scene, ViewLayer | Updating Geometry BVH Obscured heraldic pupil_mesh 958/1003 | Building BVH
Fra:1 Mem:75.32M (Peak 124.44M) | Time:00:00.25 | Mem:1.25M, Peak:1.25M | Scene, ViewLayer | Updating Geometry BVH Obscured heraldic pupil_mesh 958/1003 | Building mesh BLAS |       2 tris | Obscured heraldic pupil_mesh
Fra:1 Mem:75.32M (Peak 124.44M) | Time:00:00.25 | Mem:1.25M, Peak:1.25M | Scene, ViewLayer | Updating Geometry BVH WallNiche_voussoir_mesh.039 256/1003 | Building BVH
Fra:1 Mem:75.32M (Peak 124.44M) | Time:00:00.25 | Mem:1.25M, Peak:1.25M | Scene, ViewLayer | Updating Geometry BVH WallNiche_voussoir_mesh.039 256/1003 | Building mesh BLAS |      12 tris | WallNiche_voussoir_mesh.039
Fra:1 Mem:75.32M (Peak 124.44M) | Time:00:00.25 | Mem:1.25M, Peak:1.25M | Scene, ViewLayer | Updating Geometry BVH WallNiche_voussoir_mesh.040 257/1003 | Building BVH
Fra:1 Mem:75.32M (Peak 124.44M) | Time:00:00.25 | Mem:1.25M, Peak:1.25M | Scene, ViewLayer | Updating Geometry BVH WallNiche_voussoir_mesh.040 257/1003 | Building mesh BLAS |      12 tris | WallNiche_voussoir_mesh.040
Fra:1 Mem:75.32M (Peak 124.44M) | Time:00:00.25 | Mem:1.25M, Peak:1.25M | Scene, ViewLayer | Updating Geometry BVH WallNiche_voussoir_mesh.041 258/1003 | Building BVH
Fra:1 Mem:75.32M (Peak 124.44M) | Time:00:00.25 | Mem:1.25M, Peak:1.25M | Scene, ViewLayer | Updating Geometry BVH WallNiche_voussoir_mesh.042 259/1003 | Building BVH
Fra:1 Mem:75.32M (Peak 124.44M) | Time:00:00.25 | Mem:1.25M, Peak:1.25M | Scene, ViewLayer | Updating Geometry BVH WallNiche_voussoir_mesh.042 259/1003 | Building mesh BLAS |      12 tris | WallNiche_voussoir_mesh.042
Fra:1 Mem:75.32M (Peak 124.44M) | Time:00:00.25 | Mem:1.25M, Peak:1.25M | Scene, ViewLayer | Updating Geometry BVH WallNiche_voussoir_mesh.043 260/1003 | Building BVH
Fra:1 Mem:75.32M (Peak 124.44M) | Time:00:00.25 | Mem:1.26M, Peak:1.26M | Scene, ViewLayer | Updating Geometry BVH WallNiche_voussoir_mesh.043 260/1003 | Building mesh BLAS |      12 tris | WallNiche_voussoir_mesh.043
Fra:1 Mem:75.32M (Peak 124.44M) | Time:00:00.25 | Mem:1.26M, Peak:1.26M | Scene, ViewLayer | Updating Geometry BVH WallNiche_voussoir_mesh.044 261/1003 | Building BVH
Fra:1 Mem:75.32M (Peak 124.44M) | Time:00:00.25 | Mem:1.26M, Peak:1.26M | Scene, ViewLayer | Updating Geometry BVH WallNiche_voussoir_mesh.045 262/1003 | Building BVH
Fra:1 Mem:75.32M (Peak 124.44M) | Time:00:00.25 | Mem:1.26M, Peak:1.26M | Scene, ViewLayer | Updating Geometry BVH WallNiche_voussoir_mesh.047 264/1003 | Building mesh BLAS |      12 tris | WallNiche_voussoir_mesh.044
Fra:1 Mem:75.32M (Peak 124.44M) | Time:00:00.25 | Mem:1.26M, Peak:1.26M | Scene, ViewLayer | Updating Geometry BVH WallNiche_voussoir_mesh.047 264/1003 | Building mesh BLAS |      12 tris | WallNiche_voussoir_mesh.046
Fra:1 Mem:75.32M (Peak 124.44M) | Time:00:00.25 | Mem:1.26M, Peak:1.26M | Scene, ViewLayer | Updating Geometry BVH WallNiche_voussoir_mesh.048 265/1003 | Building BVH
Fra:1 Mem:75.32M (Peak 124.44M) | Time:00:00.25 | Mem:1.26M, Peak:1.26M | Scene, ViewLayer | Updating Geometry BVH WallNiche_voussoir_mesh.049 266/1003 | Building BVH
Fra:1 Mem:75.32M (Peak 124.44M) | Time:00:00.25 | Mem:1.26M, Peak:1.26M | Scene, ViewLayer | Updating Geometry BVH WallNiche_voussoir_mesh.049 266/1003 | Building mesh BLAS |      12 tris | WallNiche_voussoir_mesh.048
Fra:1 Mem:75.32M (Peak 124.44M) | Time:00:00.25 | Mem:1.26M, Peak:1.26M | Scene, ViewLayer | Updating Geometry BVH WallNiche_voussoir_mesh.049 266/1003 | Building mesh BLAS |      12 tris | WallNiche_voussoir_mesh.049
Fra:1 Mem:75.32M (Peak 124.44M) | Time:00:00.25 | Mem:1.26M, Peak:1.26M | Scene, ViewLayer | Updating Geometry BVH WallNiche_voussoir_mesh.049 266/1003 | Building mesh BLAS |      12 tris | WallNiche_voussoir_mesh.047
Fra:1 Mem:75.32M (Peak 124.44M) | Time:00:00.25 | Mem:1.26M, Peak:1.26M | Scene, ViewLayer | Updating Geometry BVH WallNiche_voussoir_mesh.049 266/1003 | Building mesh BLAS |      12 tris | WallNiche_voussoir_mesh.045
Fra:1 Mem:75.32M (Peak 124.44M) | Time:00:00.25 | Mem:1.26M, Peak:1.26M | Scene, ViewLayer | Updating Geometry BVH WallNiche_voussoir_mesh.050 267/1003 | Building BVH
Fra:1 Mem:75.32M (Peak 124.44M) | Time:00:00.25 | Mem:1.26M, Peak:1.26M | Scene, ViewLayer | Updating Geometry BVH WallNiche_voussoir_mesh.051 268/1003 | Building BVH
Fra:1 Mem:75.32M (Peak 124.44M) | Time:00:00.25 | Mem:1.26M, Peak:1.26M | Scene, ViewLayer | Updating Geometry BVH WallNiche_voussoir_mesh.051 268/1003 | Building mesh BLAS |      12 tris | WallNiche_voussoir_mesh.050
Fra:1 Mem:75.32M (Peak 124.44M) | Time:00:00.25 | Mem:1.26M, Peak:1.26M | Scene, ViewLayer | Updating Geometry BVH WallNiche_voussoir_mesh.051 268/1003 | Building mesh BLAS |      12 tris | WallNiche_voussoir_mesh.051
Fra:1 Mem:75.32M (Peak 124.44M) | Time:00:00.25 | Mem:1.26M, Peak:1.26M | Scene, ViewLayer | Updating Geometry BVH Altar recessed darkness_mesh 269/1003 | Building BVH
Fra:1 Mem:75.32M (Peak 124.44M) | Time:00:00.25 | Mem:1.26M, Peak:1.26M | Scene, ViewLayer | Updating Geometry BVH Altar recessed darkness_mesh 269/1003 | Building mesh BLAS |      33 tris | Altar recessed darkness_mesh
Fra:1 Mem:75.32M (Peak 124.44M) | Time:00:00.25 | Mem:1.27M, Peak:1.27M | Scene, ViewLayer | Updating Geometry BVH WallNiche shadow_mesh 270/1003 | Building BVH
Fra:1 Mem:75.32M (Peak 124.44M) | Time:00:00.25 | Mem:1.27M, Peak:1.27M | Scene, ViewLayer | Updating Geometry BVH Cylinder.072 271/1003 | Building mesh BLAS |      33 tris | WallNiche shadow_mesh
Fra:1 Mem:75.32M (Peak 124.44M) | Time:00:00.25 | Mem:1.27M, Peak:1.27M | Scene, ViewLayer | Updating Geometry BVH Cylinder.074 275/1003 | Building BVH
Fra:1 Mem:75.32M (Peak 124.44M) | Time:00:00.25 | Mem:1.27M, Peak:1.27M | Scene, ViewLayer | Updating Geometry BVH Cylinder.288 956/1003 | Building BVH
Fra:1 Mem:75.32M (Peak 124.44M) | Time:00:00.25 | Mem:1.27M, Peak:1.27M | Scene, ViewLayer | Updating Geometry BVH Cylinder.288 956/1003 | Building mesh BLAS |      44 tris | Cylinder.072
Fra:1 Mem:75.32M (Peak 124.44M) | Time:00:00.25 | Mem:1.27M, Peak:1.27M | Scene, ViewLayer | Updating Geometry BVH Cylinder.288 956/1003 | Building mesh BLAS |      36 tris | Cylinder.288
Fra:1 Mem:75.32M (Peak 124.44M) | Time:00:00.25 | Mem:1.27M, Peak:1.27M | Scene, ViewLayer | Updating Geometry BVH Cylinder.288 956/1003 | Building mesh BLAS |      33 tris | WallNiche shadow_mesh.001
Fra:1 Mem:75.32M (Peak 124.44M) | Time:00:00.25 | Mem:1.27M, Peak:1.27M | Scene, ViewLayer | Updating Geometry BVH Cylinder.288 956/1003 | Building mesh BLAS |     108 tris | Cube.013
Fra:1 Mem:75.32M (Peak 124.44M) | Time:00:00.25 | Mem:1.27M, Peak:1.27M | Scene, ViewLayer | Updating Geometry BVH Cylinder.288 956/1003 | Building mesh BLAS |      44 tris | Cylinder.074
Fra:1 Mem:75.32M (Peak 124.44M) | Time:00:00.25 | Mem:1.27M, Peak:1.27M | Scene, ViewLayer | Updating Geometry BVH Cylinder.075 276/1003 | Building BVH
Fra:1 Mem:75.32M (Peak 124.44M) | Time:00:00.25 | Mem:1.27M, Peak:1.27M | Scene, ViewLayer | Updating Geometry BVH Cylinder.075 276/1003 | Building mesh BLAS |      44 tris | Cylinder.075
Fra:1 Mem:75.32M (Peak 124.44M) | Time:00:00.25 | Mem:1.27M, Peak:1.27M | Scene, ViewLayer | Updating Geometry BVH Cube.014 277/1003 | Building BVH
Fra:1 Mem:75.32M (Peak 124.44M) | Time:00:00.25 | Mem:1.27M, Peak:1.27M | Scene, ViewLayer | Updating Geometry BVH Cube.014 277/1003 | Building mesh BLAS |     108 tris | Cube.014
Fra:1 Mem:75.32M (Peak 124.44M) | Time:00:00.25 | Mem:1.27M, Peak:1.27M | Scene, ViewLayer | Updating Geometry BVH Cube.015 278/1003 | Building BVH
Fra:1 Mem:75.32M (Peak 124.44M) | Time:00:00.25 | Mem:1.27M, Peak:1.27M | Scene, ViewLayer | Updating Geometry BVH Cube.015 278/1003 | Building mesh BLAS |     108 tris | Cube.015
Fra:1 Mem:75.32M (Peak 124.44M) | Time:00:00.25 | Mem:1.27M, Peak:1.27M | Scene, ViewLayer | Updating Geometry BVH Cube.016 279/1003 | Building BVH
Fra:1 Mem:75.32M (Peak 124.44M) | Time:00:00.25 | Mem:1.27M, Peak:1.27M | Scene, ViewLayer | Updating Geometry BVH Torn altar hanging | deep crimson_mesh 955/1003 | Building BVH
Fra:1 Mem:75.32M (Peak 124.44M) | Time:00:00.25 | Mem:1.27M, Peak:1.27M | Scene, ViewLayer | Updating Geometry BVH Torn altar hanging | deep crimson_mesh 955/1003 | Building mesh BLAS |     108 tris | Cube.016
Fra:1 Mem:75.32M (Peak 124.44M) | Time:00:00.25 | Mem:1.27M, Peak:1.27M | Scene, ViewLayer | Updating Geometry BVH Torn altar hanging | deep crimson_mesh 955/1003 | Building mesh BLAS |     768 tris | Torn altar hanging | deep crimson_mesh
Fra:1 Mem:75.32M (Peak 124.44M) | Time:00:00.25 | Mem:1.27M, Peak:1.27M | Scene, ViewLayer | Updating Geometry BVH Cube.017 280/1003 | Building BVH
Fra:1 Mem:75.32M (Peak 124.44M) | Time:00:00.25 | Mem:1.27M, Peak:1.27M | Scene, ViewLayer | Updating Geometry BVH Cube.035 281/1003 | Building BVH
Fra:1 Mem:75.32M (Peak 124.44M) | Time:00:00.25 | Mem:1.27M, Peak:1.27M | Scene, ViewLayer | Updating Geometry BVH Cube.035 281/1003 | Building mesh BLAS |     108 tris | Cube.017
Fra:1 Mem:75.32M (Peak 124.44M) | Time:00:00.25 | Mem:1.27M, Peak:1.27M | Scene, ViewLayer | Updating Geometry BVH Cube.035 281/1003 | Building mesh BLAS |     108 tris | Cube.035
Fra:1 Mem:75.32M (Peak 124.44M) | Time:00:00.25 | Mem:1.27M, Peak:1.27M | Scene, ViewLayer | Updating Geometry BVH Cube.019 282/1003 | Building BVH
Fra:1 Mem:75.32M (Peak 124.44M) | Time:00:00.25 | Mem:1.27M, Peak:1.27M | Scene, ViewLayer | Updating Geometry BVH Cube.019 282/1003 | Building mesh BLAS |     108 tris | Cube.019
Fra:1 Mem:75.32M (Peak 124.44M) | Time:00:00.25 | Mem:1.27M, Peak:1.27M | Scene, ViewLayer | Updating Geometry BVH Cube.020 283/1003 | Building BVH
Fra:1 Mem:75.32M (Peak 124.44M) | Time:00:00.25 | Mem:1.27M, Peak:1.27M | Scene, ViewLayer | Updating Geometry BVH Cube.021 284/1003 | Building mesh BLAS |     108 tris | Cube.020
Fra:1 Mem:75.32M (Peak 124.44M) | Time:00:00.25 | Mem:1.28M, Peak:1.28M | Scene, ViewLayer | Updating Geometry BVH Cube.021 284/1003 | Building mesh BLAS |     108 tris | Cube.021
Fra:1 Mem:75.32M (Peak 124.44M) | Time:00:00.25 | Mem:1.28M, Peak:1.28M | Scene, ViewLayer | Updating Geometry BVH Cube.023 286/1003 | Building BVH
Fra:1 Mem:75.32M (Peak 124.44M) | Time:00:00.25 | Mem:1.28M, Peak:1.28M | Scene, ViewLayer | Updating Geometry BVH Cube.023 286/1003 | Building mesh BLAS |     108 tris | Cube.023
Fra:1 Mem:75.32M (Peak 124.44M) | Time:00:00.25 | Mem:1.28M, Peak:1.28M | Scene, ViewLayer | Updating Geometry BVH Cube.023 286/1003 | Building mesh BLAS |     108 tris | Cube.022
Fra:1 Mem:75.32M (Peak 124.44M) | Time:00:00.25 | Mem:1.28M, Peak:1.28M | Scene, ViewLayer | Updating Geometry BVH Cube.024 287/1003 | Building BVH
Fra:1 Mem:75.32M (Peak 124.44M) | Time:00:00.25 | Mem:1.28M, Peak:1.28M | Scene, ViewLayer | Updating Geometry BVH Cube.024 287/1003 | Building mesh BLAS |     108 tris | Cube.024
Fra:1 Mem:75.32M (Peak 124.44M) | Time:00:00.25 | Mem:1.28M, Peak:1.28M | Scene, ViewLayer | Updating Geometry BVH Cube.025 288/1003 | Building BVH
Fra:1 Mem:75.32M (Peak 124.44M) | Time:00:00.25 | Mem:1.28M, Peak:1.28M | Scene, ViewLayer | Updating Geometry BVH Cube.025 288/1003 | Building mesh BLAS |     108 tris | Cube.025
Fra:1 Mem:75.32M (Peak 124.44M) | Time:00:00.25 | Mem:1.28M, Peak:1.28M | Scene, ViewLayer | Updating Geometry BVH Cylinder.287 954/1003 | Building BVH
Fra:1 Mem:75.32M (Peak 124.44M) | Time:00:00.25 | Mem:1.28M, Peak:1.28M | Scene, ViewLayer | Updating Geometry BVH Cylinder.287 954/1003 | Building mesh BLAS |      52 tris | Cylinder.287
Fra:1 Mem:75.32M (Peak 124.44M) | Time:00:00.25 | Mem:1.28M, Peak:1.28M | Scene, ViewLayer | Updating Geometry BVH Cube.026 289/1003 | Building BVH
Fra:1 Mem:75.32M (Peak 124.44M) | Time:00:00.25 | Mem:1.28M, Peak:1.28M | Scene, ViewLayer | Updating Geometry BVH Cube.026 289/1003 | Building mesh BLAS |     108 tris | Cube.026
Fra:1 Mem:75.32M (Peak 124.44M) | Time:00:00.25 | Mem:1.28M, Peak:1.28M | Scene, ViewLayer | Updating Geometry BVH Cube.027 290/1003 | Building BVH
Fra:1 Mem:75.32M (Peak 124.44M) | Time:00:00.25 | Mem:1.28M, Peak:1.28M | Scene, ViewLayer | Updating Geometry BVH Cube.027 290/1003 | Building mesh BLAS |     108 tris | Cube.027
Fra:1 Mem:75.32M (Peak 124.44M) | Time:00:00.25 | Mem:1.28M, Peak:1.28M | Scene, ViewLayer | Updating Geometry BVH Cube.028 291/1003 | Building BVH
Fra:1 Mem:75.32M (Peak 124.44M) | Time:00:00.25 | Mem:1.28M, Peak:1.28M | Scene, ViewLayer | Updating Geometry BVH Cube.028 291/1003 | Building mesh BLAS |     108 tris | Cube.028
Fra:1 Mem:75.32M (Peak 124.44M) | Time:00:00.25 | Mem:1.28M, Peak:1.28M | Scene, ViewLayer | Updating Geometry BVH Cube.029 292/1003 | Building BVH
Fra:1 Mem:75.32M (Peak 124.44M) | Time:00:00.25 | Mem:1.29M, Peak:1.29M | Scene, ViewLayer | Updating Geometry BVH Cube.029 292/1003 | Building mesh BLAS |     108 tris | Cube.029
Fra:1 Mem:75.32M (Peak 124.44M) | Time:00:00.25 | Mem:1.29M, Peak:1.29M | Scene, ViewLayer | Updating Geometry BVH Cube.030 293/1003 | Building BVH
Fra:1 Mem:75.32M (Peak 124.44M) | Time:00:00.25 | Mem:1.29M, Peak:1.29M | Scene, ViewLayer | Updating Geometry BVH Cube.031 294/1003 | Building BVH
Fra:1 Mem:75.32M (Peak 124.44M) | Time:00:00.25 | Mem:1.29M, Peak:1.29M | Scene, ViewLayer | Updating Geometry BVH Cube.031 294/1003 | Building mesh BLAS |     108 tris | Cube.030
Fra:1 Mem:75.32M (Peak 124.44M) | Time:00:00.25 | Mem:1.29M, Peak:1.29M | Scene, ViewLayer | Updating Geometry BVH Cube.031 294/1003 | Building mesh BLAS |     108 tris | Cube.031
Fra:1 Mem:75.32M (Peak 124.44M) | Time:00:00.25 | Mem:1.29M, Peak:1.29M | Scene, ViewLayer | Updating Geometry BVH Cube.032 295/1003 | Building BVH
Fra:1 Mem:75.32M (Peak 124.44M) | Time:00:00.25 | Mem:1.29M, Peak:1.29M | Scene, ViewLayer | Updating Geometry BVH Cube.032 295/1003 | Building mesh BLAS |     108 tris | Cube.032
Fra:1 Mem:75.32M (Peak 124.44M) | Time:00:00.25 | Mem:1.29M, Peak:1.29M | Scene, ViewLayer | Updating Geometry BVH Tribunal_1_cloaked_body_mesh 296/1003 | Building BVH
Fra:1 Mem:75.32M (Peak 124.44M) | Time:00:00.25 | Mem:1.29M, Peak:1.29M | Scene, ViewLayer | Updating Geometry BVH Tribunal_1_cloaked_body_mesh 296/1003 | Building mesh BLAS |     160 tris | Tribunal_1_cloaked_body_mesh
Fra:1 Mem:75.32M (Peak 124.44M) | Time:00:00.25 | Mem:1.30M, Peak:1.30M | Scene, ViewLayer | Updating Geometry BVH Icosphere.147 953/1003 | Building BVH
Fra:1 Mem:75.32M (Peak 124.44M) | Time:00:00.25 | Mem:1.30M, Peak:1.30M | Scene, ViewLayer | Updating Geometry BVH Cylinder.077 300/1003 | Building BVH
Fra:1 Mem:75.32M (Peak 124.44M) | Time:00:00.25 | Mem:1.30M, Peak:1.30M | Scene, ViewLayer | Updating Geometry BVH Cylinder.077 300/1003 | Building mesh BLAS |      20 tris | Icosphere.147
Fra:1 Mem:75.32M (Peak 124.44M) | Time:00:00.25 | Mem:1.30M, Peak:1.30M | Scene, ViewLayer | Updating Geometry BVH Cylinder.077 300/1003 | Building mesh BLAS |      36 tris | Cylinder.077
Fra:1 Mem:75.32M (Peak 124.44M) | Time:00:00.25 | Mem:1.30M, Peak:1.30M | Scene, ViewLayer | Updating Geometry BVH Cylinder.077 300/1003 | Building mesh BLAS |      36 tris | Cylinder.076
Fra:1 Mem:75.32M (Peak 124.44M) | Time:00:00.25 | Mem:1.30M, Peak:1.30M | Scene, ViewLayer | Updating Geometry BVH Cylinder.077 300/1003 | Building mesh BLAS |      38 tris | Tribunal_1_open_hood_mesh
Fra:1 Mem:75.32M (Peak 124.44M) | Time:00:00.25 | Mem:1.30M, Peak:1.30M | Scene, ViewLayer | Updating Geometry BVH Cylinder.077 300/1003 | Building mesh BLAS |      80 tris | Icosphere
Fra:1 Mem:75.32M (Peak 124.44M) | Time:00:00.25 | Mem:1.30M, Peak:1.30M | Scene, ViewLayer | Updating Geometry BVH Icosphere.001 301/1003 | Building BVH
Fra:1 Mem:75.32M (Peak 124.44M) | Time:00:00.25 | Mem:1.30M, Peak:1.30M | Scene, ViewLayer | Updating Geometry BVH Cylinder.078 302/1003 | Building BVH
Fra:1 Mem:75.32M (Peak 124.44M) | Time:00:00.25 | Mem:1.30M, Peak:1.30M | Scene, ViewLayer | Updating Geometry BVH Cylinder.078 302/1003 | Building mesh BLAS |      20 tris | Icosphere.001
Fra:1 Mem:75.32M (Peak 124.44M) | Time:00:00.25 | Mem:1.30M, Peak:1.30M | Scene, ViewLayer | Updating Geometry BVH Cylinder.079 303/1003 | Building BVH
Fra:1 Mem:75.32M (Peak 124.44M) | Time:00:00.25 | Mem:1.30M, Peak:1.30M | Scene, ViewLayer | Updating Geometry BVH Cylinder.079 303/1003 | Building mesh BLAS |      36 tris | Cylinder.079
Fra:1 Mem:75.32M (Peak 124.44M) | Time:00:00.25 | Mem:1.30M, Peak:1.30M | Scene, ViewLayer | Updating Geometry BVH Icosphere.002 304/1003 | Building BVH
Fra:1 Mem:75.32M (Peak 124.44M) | Time:00:00.25 | Mem:1.30M, Peak:1.30M | Scene, ViewLayer | Updating Geometry BVH Icosphere.002 304/1003 | Building mesh BLAS |      20 tris | Icosphere.002
Fra:1 Mem:75.32M (Peak 124.44M) | Time:00:00.25 | Mem:1.30M, Peak:1.30M | Scene, ViewLayer | Updating Geometry BVH Cube.033 305/1003 | Building BVH
Fra:1 Mem:75.32M (Peak 124.44M) | Time:00:00.25 | Mem:1.30M, Peak:1.30M | Scene, ViewLayer | Updating Geometry BVH Cube.033 305/1003 | Building mesh BLAS |     108 tris | Cube.033
Fra:1 Mem:75.32M (Peak 124.44M) | Time:00:00.25 | Mem:1.31M, Peak:1.31M | Scene, ViewLayer | Updating Geometry BVH Cube.034 306/1003 | Building BVH
Fra:1 Mem:75.32M (Peak 124.44M) | Time:00:00.25 | Mem:1.31M, Peak:1.31M | Scene, ViewLayer | Updating Geometry BVH Cube.034 306/1003 | Building mesh BLAS |     108 tris | Cube.034
Fra:1 Mem:75.32M (Peak 124.44M) | Time:00:00.25 | Mem:1.31M, Peak:1.31M | Scene, ViewLayer | Updating Geometry BVH Cylinder.286 952/1003 | Building BVH
Fra:1 Mem:75.32M (Peak 124.44M) | Time:00:00.25 | Mem:1.31M, Peak:1.31M | Scene, ViewLayer | Updating Geometry BVH Tribunal_2_cloaked_body_mesh 307/1003 | Building mesh BLAS |      24 tris | Cylinder.286
Fra:1 Mem:75.32M (Peak 124.44M) | Time:00:00.25 | Mem:1.31M, Peak:1.31M | Scene, ViewLayer | Updating Geometry BVH Tribunal_2_cloaked_body_mesh 307/1003 | Building mesh BLAS |     160 tris | Tribunal_2_cloaked_body_mesh
Fra:1 Mem:75.32M (Peak 124.44M) | Time:00:00.25 | Mem:1.31M, Peak:1.31M | Scene, ViewLayer | Updating Geometry BVH Tribunal_2_open_hood_mesh 308/1003 | Building BVH
Fra:1 Mem:75.32M (Peak 124.44M) | Time:00:00.25 | Mem:1.31M, Peak:1.31M | Scene, ViewLayer | Updating Geometry BVH Tribunal_2_open_hood_mesh 308/1003 | Building mesh BLAS |      38 tris | Tribunal_2_open_hood_mesh
Fra:1 Mem:75.32M (Peak 124.44M) | Time:00:00.25 | Mem:1.31M, Peak:1.31M | Scene, ViewLayer | Updating Geometry BVH Icosphere.003 309/1003 | Building BVH
Fra:1 Mem:75.32M (Peak 124.44M) | Time:00:00.25 | Mem:1.31M, Peak:1.31M | Scene, ViewLayer | Updating Geometry BVH Icosphere.003 309/1003 | Building mesh BLAS |      80 tris | Icosphere.003
Fra:1 Mem:75.32M (Peak 124.44M) | Time:00:00.25 | Mem:1.31M, Peak:1.31M | Scene, ViewLayer | Updating Geometry BVH Cylinder.080 310/1003 | Building BVH
Fra:1 Mem:75.32M (Peak 124.44M) | Time:00:00.25 | Mem:1.31M, Peak:1.31M | Scene, ViewLayer | Updating Geometry BVH Cylinder.080 310/1003 | Building mesh BLAS |      36 tris | Cylinder.080
Fra:1 Mem:75.32M (Peak 124.44M) | Time:00:00.25 | Mem:1.31M, Peak:1.31M | Scene, ViewLayer | Updating Geometry BVH Cylinder.081 311/1003 | Building BVH
Fra:1 Mem:75.32M (Peak 124.44M) | Time:00:00.25 | Mem:1.31M, Peak:1.31M | Scene, ViewLayer | Updating Geometry BVH Cylinder.081 311/1003 | Building mesh BLAS |      36 tris | Cylinder.081
Fra:1 Mem:75.32M (Peak 124.44M) | Time:00:00.25 | Mem:1.31M, Peak:1.31M | Scene, ViewLayer | Updating Geometry BVH Icosphere.004 312/1003 | Building BVH
Fra:1 Mem:75.32M (Peak 124.44M) | Time:00:00.25 | Mem:1.31M, Peak:1.31M | Scene, ViewLayer | Updating Geometry BVH Icosphere.004 312/1003 | Building mesh BLAS |      20 tris | Icosphere.004
Fra:1 Mem:75.32M (Peak 124.44M) | Time:00:00.25 | Mem:1.31M, Peak:1.31M | Scene, ViewLayer | Updating Geometry BVH Cylinder.082 313/1003 | Building BVH
Fra:1 Mem:75.32M (Peak 124.44M) | Time:00:00.25 | Mem:1.31M, Peak:1.31M | Scene, ViewLayer | Updating Geometry BVH Cylinder.083 314/1003 | Building BVH
Fra:1 Mem:75.32M (Peak 124.44M) | Time:00:00.25 | Mem:1.31M, Peak:1.31M | Scene, ViewLayer | Updating Geometry BVH Cylinder.083 314/1003 | Building mesh BLAS |      36 tris | Cylinder.082
Fra:1 Mem:75.32M (Peak 124.44M) | Time:00:00.25 | Mem:1.31M, Peak:1.31M | Scene, ViewLayer | Updating Geometry BVH Cylinder.083 314/1003 | Building mesh BLAS |      36 tris | Cylinder.083
Fra:1 Mem:75.32M (Peak 124.44M) | Time:00:00.25 | Mem:1.31M, Peak:1.31M | Scene, ViewLayer | Updating Geometry BVH Icosphere.005 315/1003 | Building BVH
Fra:1 Mem:75.32M (Peak 124.44M) | Time:00:00.25 | Mem:1.31M, Peak:1.31M | Scene, ViewLayer | Updating Geometry BVH Icosphere.005 315/1003 | Building mesh BLAS |      20 tris | Icosphere.005
Fra:1 Mem:75.32M (Peak 124.44M) | Time:00:00.25 | Mem:1.31M, Peak:1.31M | Scene, ViewLayer | Updating Geometry BVH Icosphere.146 951/1003 | Building BVH
Fra:1 Mem:75.32M (Peak 124.44M) | Time:00:00.25 | Mem:1.31M, Peak:1.31M | Scene, ViewLayer | Updating Geometry BVH Tribunal_3_cloaked_body_mesh 316/1003 | Building BVH
Fra:1 Mem:75.32M (Peak 124.44M) | Time:00:00.25 | Mem:1.31M, Peak:1.31M | Scene, ViewLayer | Updating Geometry BVH Tribunal_3_cloaked_body_mesh 316/1003 | Building mesh BLAS |      20 tris | Icosphere.146
Fra:1 Mem:75.32M (Peak 124.44M) | Time:00:00.25 | Mem:1.31M, Peak:1.31M | Scene, ViewLayer | Updating Geometry BVH Tribunal_3_cloaked_body_mesh 316/1003 | Building mesh BLAS |     160 tris | Tribunal_3_cloaked_body_mesh
Fra:1 Mem:75.32M (Peak 124.44M) | Time:00:00.25 | Mem:1.31M, Peak:1.31M | Scene, ViewLayer | Updating Geometry BVH Tribunal_3_open_hood_mesh 317/1003 | Building BVH
Fra:1 Mem:75.32M (Peak 124.44M) | Time:00:00.25 | Mem:1.32M, Peak:1.32M | Scene, ViewLayer | Updating Geometry BVH Tribunal_3_open_hood_mesh 317/1003 | Building mesh BLAS |      38 tris | Tribunal_3_open_hood_mesh
Fra:1 Mem:75.32M (Peak 124.44M) | Time:00:00.25 | Mem:1.32M, Peak:1.32M | Scene, ViewLayer | Updating Geometry BVH Icosphere.006 318/1003 | Building BVH
Fra:1 Mem:75.32M (Peak 124.44M) | Time:00:00.25 | Mem:1.32M, Peak:1.32M | Scene, ViewLayer | Updating Geometry BVH Cylinder.084 319/1003 | Building BVH
Fra:1 Mem:75.32M (Peak 124.44M) | Time:00:00.25 | Mem:1.32M, Peak:1.32M | Scene, ViewLayer | Updating Geometry BVH Icosphere.007 321/1003 | Building mesh BLAS |      36 tris | Cylinder.084
Fra:1 Mem:75.32M (Peak 124.44M) | Time:00:00.25 | Mem:1.32M, Peak:1.32M | Scene, ViewLayer | Updating Geometry BVH Icosphere.007 321/1003 | Building mesh BLAS |      36 tris | Cylinder.085
Fra:1 Mem:75.32M (Peak 124.44M) | Time:00:00.25 | Mem:1.32M, Peak:1.32M | Scene, ViewLayer | Updating Geometry BVH Cylinder.086 322/1003 | Building BVH
Fra:1 Mem:75.32M (Peak 124.44M) | Time:00:00.25 | Mem:1.32M, Peak:1.32M | Scene, ViewLayer | Updating Geometry BVH Cylinder.087 323/1003 | Building BVH
Fra:1 Mem:75.32M (Peak 124.44M) | Time:00:00.25 | Mem:1.32M, Peak:1.32M | Scene, ViewLayer | Updating Geometry BVH Icosphere.008 324/1003 | Building BVH
Fra:1 Mem:75.32M (Peak 124.44M) | Time:00:00.25 | Mem:1.32M, Peak:1.32M | Scene, ViewLayer | Updating Geometry BVH Icosphere.008 324/1003 | Building mesh BLAS |      36 tris | Cylinder.087
Fra:1 Mem:75.32M (Peak 124.44M) | Time:00:00.25 | Mem:1.32M, Peak:1.32M | Scene, ViewLayer | Updating Geometry BVH Icosphere.008 324/1003 | Building mesh BLAS |      36 tris | Cylinder.086
Fra:1 Mem:75.32M (Peak 124.44M) | Time:00:00.25 | Mem:1.32M, Peak:1.32M | Scene, ViewLayer | Updating Geometry BVH Icosphere.008 324/1003 | Building mesh BLAS |      20 tris | Icosphere.007
Fra:1 Mem:75.32M (Peak 124.44M) | Time:00:00.25 | Mem:1.32M, Peak:1.32M | Scene, ViewLayer | Updating Geometry BVH Icosphere.008 324/1003 | Building mesh BLAS |      20 tris | Icosphere.008
Fra:1 Mem:75.32M (Peak 124.44M) | Time:00:00.25 | Mem:1.32M, Peak:1.32M | Scene, ViewLayer | Updating Geometry BVH Cylinder.285 950/1003 | Building BVH
Fra:1 Mem:75.32M (Peak 124.44M) | Time:00:00.25 | Mem:1.32M, Peak:1.32M | Scene, ViewLayer | Updating Geometry BVH Cylinder.285 950/1003 | Building mesh BLAS |      24 tris | Cylinder.285
Fra:1 Mem:75.32M (Peak 124.44M) | Time:00:00.25 | Mem:1.32M, Peak:1.32M | Scene, ViewLayer | Updating Geometry BVH Tribunal_4_cloaked_body_mesh 325/1003 | Building BVH
Fra:1 Mem:75.32M (Peak 124.44M) | Time:00:00.25 | Mem:1.32M, Peak:1.32M | Scene, ViewLayer | Updating Geometry BVH Tribunal_4_cloaked_body_mesh 325/1003 | Building mesh BLAS |     160 tris | Tribunal_4_cloaked_body_mesh
Fra:1 Mem:75.32M (Peak 124.44M) | Time:00:00.25 | Mem:1.33M, Peak:1.33M | Scene, ViewLayer | Updating Geometry BVH Tribunal_4_open_hood_mesh 326/1003 | Building BVH
Fra:1 Mem:75.32M (Peak 124.44M) | Time:00:00.25 | Mem:1.33M, Peak:1.33M | Scene, ViewLayer | Updating Geometry BVH Tribunal_4_open_hood_mesh 326/1003 | Building mesh BLAS |      38 tris | Tribunal_4_open_hood_mesh
Fra:1 Mem:75.32M (Peak 124.44M) | Time:00:00.25 | Mem:1.33M, Peak:1.33M | Scene, ViewLayer | Updating Geometry BVH Icosphere.009 327/1003 | Building BVH
Fra:1 Mem:75.32M (Peak 124.44M) | Time:00:00.25 | Mem:1.33M, Peak:1.33M | Scene, ViewLayer | Updating Geometry BVH Icosphere.009 327/1003 | Building mesh BLAS |      80 tris | Icosphere.009
Fra:1 Mem:75.32M (Peak 124.44M) | Time:00:00.25 | Mem:1.33M, Peak:1.33M | Scene, ViewLayer | Updating Geometry BVH Cylinder.088 328/1003 | Building BVH
Fra:1 Mem:75.32M (Peak 124.44M) | Time:00:00.25 | Mem:1.33M, Peak:1.33M | Scene, ViewLayer | Updating Geometry BVH Cylinder.088 328/1003 | Building mesh BLAS |      36 tris | Cylinder.088
Fra:1 Mem:75.32M (Peak 124.44M) | Time:00:00.25 | Mem:1.33M, Peak:1.33M | Scene, ViewLayer | Updating Geometry BVH Cylinder.089 329/1003 | Building BVH
Fra:1 Mem:75.32M (Peak 124.44M) | Time:00:00.25 | Mem:1.33M, Peak:1.33M | Scene, ViewLayer | Updating Geometry BVH Cylinder.090 331/1003 | Building BVH
Fra:1 Mem:75.32M (Peak 124.44M) | Time:00:00.25 | Mem:1.33M, Peak:1.33M | Scene, ViewLayer | Updating Geometry BVH Cylinder.090 331/1003 | Building mesh BLAS |      36 tris | Cylinder.089
Fra:1 Mem:75.32M (Peak 124.44M) | Time:00:00.25 | Mem:1.33M, Peak:1.33M | Scene, ViewLayer | Updating Geometry BVH Cylinder.090 331/1003 | Building mesh BLAS |      20 tris | Icosphere.010
Fra:1 Mem:75.32M (Peak 124.44M) | Time:00:00.25 | Mem:1.33M, Peak:1.33M | Scene, ViewLayer | Updating Geometry BVH Cylinder.091 332/1003 | Building BVH
Fra:1 Mem:75.32M (Peak 124.44M) | Time:00:00.25 | Mem:1.33M, Peak:1.33M | Scene, ViewLayer | Updating Geometry BVH Cylinder.091 332/1003 | Building mesh BLAS |      36 tris | Cylinder.090
Fra:1 Mem:75.32M (Peak 124.44M) | Time:00:00.25 | Mem:1.33M, Peak:1.33M | Scene, ViewLayer | Updating Geometry BVH Cylinder.091 332/1003 | Building mesh BLAS |      36 tris | Cylinder.091
Fra:1 Mem:75.32M (Peak 124.44M) | Time:00:00.25 | Mem:1.33M, Peak:1.33M | Scene, ViewLayer | Updating Geometry BVH Icosphere.011 333/1003 | Building BVH
Fra:1 Mem:75.32M (Peak 124.44M) | Time:00:00.25 | Mem:1.33M, Peak:1.33M | Scene, ViewLayer | Updating Geometry BVH Icosphere.011 333/1003 | Building mesh BLAS |      20 tris | Icosphere.011
Fra:1 Mem:75.32M (Peak 124.44M) | Time:00:00.25 | Mem:1.33M, Peak:1.33M | Scene, ViewLayer | Updating Geometry BVH Icosphere.145 949/1003 | Building BVH
Fra:1 Mem:75.32M (Peak 124.44M) | Time:00:00.25 | Mem:1.33M, Peak:1.33M | Scene, ViewLayer | Updating Geometry BVH Icosphere.145 949/1003 | Building mesh BLAS |      20 tris | Icosphere.145
Fra:1 Mem:75.32M (Peak 124.44M) | Time:00:00.25 | Mem:1.33M, Peak:1.33M | Scene, ViewLayer | Updating Geometry BVH Tribunal_5_cloaked_body_mesh 334/1003 | Building BVH
Fra:1 Mem:75.32M (Peak 124.44M) | Time:00:00.25 | Mem:1.33M, Peak:1.33M | Scene, ViewLayer | Updating Geometry BVH Tribunal_5_cloaked_body_mesh 334/1003 | Building mesh BLAS |     160 tris | Tribunal_5_cloaked_body_mesh
Fra:1 Mem:75.32M (Peak 124.44M) | Time:00:00.25 | Mem:1.33M, Peak:1.33M | Scene, ViewLayer | Updating Geometry BVH Tribunal_5_open_hood_mesh 335/1003 | Building BVH
Fra:1 Mem:75.32M (Peak 124.44M) | Time:00:00.25 | Mem:1.33M, Peak:1.33M | Scene, ViewLayer | Updating Geometry BVH Tribunal_5_open_hood_mesh 335/1003 | Building mesh BLAS |      38 tris | Tribunal_5_open_hood_mesh
Fra:1 Mem:75.32M (Peak 124.44M) | Time:00:00.25 | Mem:1.33M, Peak:1.33M | Scene, ViewLayer | Updating Geometry BVH Icosphere.012 336/1003 | Building BVH
Fra:1 Mem:75.32M (Peak 124.44M) | Time:00:00.25 | Mem:1.33M, Peak:1.33M | Scene, ViewLayer | Updating Geometry BVH Icosphere.012 336/1003 | Building mesh BLAS |      80 tris | Icosphere.012
Fra:1 Mem:75.32M (Peak 124.44M) | Time:00:00.25 | Mem:1.33M, Peak:1.33M | Scene, ViewLayer | Updating Geometry BVH Cylinder.092 337/1003 | Building BVH
Fra:1 Mem:75.32M (Peak 124.44M) | Time:00:00.25 | Mem:1.33M, Peak:1.33M | Scene, ViewLayer | Updating Geometry BVH Cylinder.092 337/1003 | Building mesh BLAS |      36 tris | Cylinder.092
Fra:1 Mem:75.32M (Peak 124.44M) | Time:00:00.25 | Mem:1.34M, Peak:1.34M | Scene, ViewLayer | Updating Geometry BVH Cylinder.093 338/1003 | Building BVH
Fra:1 Mem:75.32M (Peak 124.44M) | Time:00:00.25 | Mem:1.34M, Peak:1.34M | Scene, ViewLayer | Updating Geometry BVH Icosphere.013 339/1003 | Building BVH
Fra:1 Mem:75.32M (Peak 124.44M) | Time:00:00.25 | Mem:1.34M, Peak:1.34M | Scene, ViewLayer | Updating Geometry BVH Icosphere.013 339/1003 | Building mesh BLAS |      36 tris | Cylinder.093
Fra:1 Mem:75.32M (Peak 124.44M) | Time:00:00.25 | Mem:1.34M, Peak:1.34M | Scene, ViewLayer | Updating Geometry BVH Cylinder.094 340/1003 | Building mesh BLAS |      20 tris | Icosphere.013
Fra:1 Mem:75.32M (Peak 124.44M) | Time:00:00.25 | Mem:1.34M, Peak:1.34M | Scene, ViewLayer | Updating Geometry BVH Cylinder.094 340/1003 | Building mesh BLAS |      36 tris | Cylinder.094
Fra:1 Mem:75.32M (Peak 124.44M) | Time:00:00.25 | Mem:1.34M, Peak:1.34M | Scene, ViewLayer | Updating Geometry BVH Cylinder.095 341/1003 | Building BVH
Fra:1 Mem:75.32M (Peak 124.44M) | Time:00:00.25 | Mem:1.34M, Peak:1.34M | Scene, ViewLayer | Updating Geometry BVH Cylinder.095 341/1003 | Building mesh BLAS |      36 tris | Cylinder.095
Fra:1 Mem:75.32M (Peak 124.44M) | Time:00:00.25 | Mem:1.34M, Peak:1.34M | Scene, ViewLayer | Updating Geometry BVH Icosphere.014 342/1003 | Building BVH
Fra:1 Mem:75.32M (Peak 124.44M) | Time:00:00.25 | Mem:1.34M, Peak:1.34M | Scene, ViewLayer | Updating Geometry BVH Icosphere.014 342/1003 | Building mesh BLAS |      20 tris | Icosphere.014
Fra:1 Mem:75.32M (Peak 124.44M) | Time:00:00.25 | Mem:1.34M, Peak:1.34M | Scene, ViewLayer | Updating Geometry BVH Cylinder.284 948/1003 | Building BVH
Fra:1 Mem:75.32M (Peak 124.44M) | Time:00:00.25 | Mem:1.34M, Peak:1.34M | Scene, ViewLayer | Updating Geometry BVH Cylinder.284 948/1003 | Building mesh BLAS |      24 tris | Cylinder.284
Fra:1 Mem:75.32M (Peak 124.44M) | Time:00:00.25 | Mem:1.34M, Peak:1.34M | Scene, ViewLayer | Updating Geometry BVH Tribunal_6_cloaked_body_mesh 343/1003 | Building BVH
Fra:1 Mem:75.32M (Peak 124.44M) | Time:00:00.25 | Mem:1.34M, Peak:1.34M | Scene, ViewLayer | Updating Geometry BVH Tribunal_6_cloaked_body_mesh 343/1003 | Building mesh BLAS |     160 tris | Tribunal_6_cloaked_body_mesh
Fra:1 Mem:75.32M (Peak 124.44M) | Time:00:00.25 | Mem:1.35M, Peak:1.35M | Scene, ViewLayer | Updating Geometry BVH Tribunal_6_open_hood_mesh 344/1003 | Building BVH
Fra:1 Mem:75.32M (Peak 124.44M) | Time:00:00.25 | Mem:1.35M, Peak:1.35M | Scene, ViewLayer | Updating Geometry BVH Tribunal_6_open_hood_mesh 344/1003 | Building mesh BLAS |      38 tris | Tribunal_6_open_hood_mesh
Fra:1 Mem:75.32M (Peak 124.44M) | Time:00:00.25 | Mem:1.36M, Peak:1.36M | Scene, ViewLayer | Updating Geometry BVH Icosphere.015 345/1003 | Building BVH
Fra:1 Mem:75.32M (Peak 124.44M) | Time:00:00.25 | Mem:1.36M, Peak:1.36M | Scene, ViewLayer | Updating Geometry BVH Icosphere.015 345/1003 | Building mesh BLAS |      80 tris | Icosphere.015
Fra:1 Mem:75.32M (Peak 124.44M) | Time:00:00.25 | Mem:1.36M, Peak:1.36M | Scene, ViewLayer | Updating Geometry BVH Cylinder.096 346/1003 | Building BVH
Fra:1 Mem:75.32M (Peak 124.44M) | Time:00:00.25 | Mem:1.36M, Peak:1.36M | Scene, ViewLayer | Updating Geometry BVH Cylinder.097 347/1003 | Building BVH
Fra:1 Mem:75.32M (Peak 124.44M) | Time:00:00.25 | Mem:1.36M, Peak:1.36M | Scene, ViewLayer | Updating Geometry BVH Cylinder.097 347/1003 | Building mesh BLAS |      36 tris | Cylinder.096
Fra:1 Mem:75.32M (Peak 124.44M) | Time:00:00.25 | Mem:1.36M, Peak:1.36M | Scene, ViewLayer | Updating Geometry BVH Cylinder.097 347/1003 | Building mesh BLAS |      36 tris | Cylinder.097
Fra:1 Mem:75.32M (Peak 124.44M) | Time:00:00.25 | Mem:1.36M, Peak:1.36M | Scene, ViewLayer | Updating Geometry BVH Icosphere.016 348/1003 | Building BVH
Fra:1 Mem:75.32M (Peak 124.44M) | Time:00:00.25 | Mem:1.36M, Peak:1.36M | Scene, ViewLayer | Updating Geometry BVH Cylinder.098 349/1003 | Building mesh BLAS |      20 tris | Icosphere.016
Fra:1 Mem:75.32M (Peak 124.44M) | Time:00:00.25 | Mem:1.36M, Peak:1.36M | Scene, ViewLayer | Updating Geometry BVH Cylinder.098 349/1003 | Building mesh BLAS |      36 tris | Cylinder.098
Fra:1 Mem:75.32M (Peak 124.44M) | Time:00:00.25 | Mem:1.36M, Peak:1.36M | Scene, ViewLayer | Updating Geometry BVH Cylinder.099 350/1003 | Building BVH
Fra:1 Mem:75.32M (Peak 124.44M) | Time:00:00.25 | Mem:1.36M, Peak:1.36M | Scene, ViewLayer | Updating Geometry BVH Cylinder.099 350/1003 | Building mesh BLAS |      36 tris | Cylinder.099
Fra:1 Mem:75.32M (Peak 124.44M) | Time:00:00.25 | Mem:1.37M, Peak:1.37M | Scene, ViewLayer | Updating Geometry BVH Icosphere.017 351/1003 | Building BVH
Fra:1 Mem:75.32M (Peak 124.44M) | Time:00:00.25 | Mem:1.37M, Peak:1.37M | Scene, ViewLayer | Updating Geometry BVH Icosphere.017 351/1003 | Building mesh BLAS |      20 tris | Icosphere.017
Fra:1 Mem:75.32M (Peak 124.44M) | Time:00:00.25 | Mem:1.37M, Peak:1.37M | Scene, ViewLayer | Updating Geometry BVH Icosphere.144 947/1003 | Building BVH
Fra:1 Mem:75.32M (Peak 124.44M) | Time:00:00.25 | Mem:1.37M, Peak:1.37M | Scene, ViewLayer | Updating Geometry BVH Icosphere.144 947/1003 | Building mesh BLAS |      20 tris | Icosphere.144
Fra:1 Mem:75.32M (Peak 124.44M) | Time:00:00.25 | Mem:1.38M, Peak:1.38M | Scene, ViewLayer | Updating Geometry BVH Tribunal_7_cloaked_body_mesh 352/1003 | Building BVH
Fra:1 Mem:75.32M (Peak 124.44M) | Time:00:00.25 | Mem:1.38M, Peak:1.38M | Scene, ViewLayer | Updating Geometry BVH Tribunal_7_cloaked_body_mesh 352/1003 | Building mesh BLAS |     160 tris | Tribunal_7_cloaked_body_mesh
Fra:1 Mem:75.32M (Peak 124.44M) | Time:00:00.25 | Mem:1.38M, Peak:1.38M | Scene, ViewLayer | Updating Geometry BVH Tribunal_7_open_hood_mesh 353/1003 | Building BVH
Fra:1 Mem:75.32M (Peak 124.44M) | Time:00:00.25 | Mem:1.43M, Peak:1.43M | Scene, ViewLayer | Updating Geometry BVH Tribunal_7_open_hood_mesh 353/1003 | Building mesh BLAS |      38 tris | Tribunal_7_open_hood_mesh
Fra:1 Mem:75.32M (Peak 124.44M) | Time:00:00.25 | Mem:1.43M, Peak:1.43M | Scene, ViewLayer | Updating Geometry BVH Icosphere.018 354/1003 | Building BVH
Fra:1 Mem:75.32M (Peak 124.44M) | Time:00:00.25 | Mem:1.43M, Peak:1.43M | Scene, ViewLayer | Updating Geometry BVH Icosphere.018 354/1003 | Building mesh BLAS |      80 tris | Icosphere.018
Fra:1 Mem:75.32M (Peak 124.44M) | Time:00:00.25 | Mem:1.43M, Peak:1.43M | Scene, ViewLayer | Updating Geometry BVH Cylinder.100 355/1003 | Building BVH
Fra:1 Mem:75.32M (Peak 124.44M) | Time:00:00.25 | Mem:1.43M, Peak:1.43M | Scene, ViewLayer | Updating Geometry BVH Cylinder.100 355/1003 | Building mesh BLAS |      36 tris | Cylinder.100
Fra:1 Mem:75.32M (Peak 124.44M) | Time:00:00.26 | Mem:1.45M, Peak:1.45M | Scene, ViewLayer | Updating Geometry BVH Cylinder.101 356/1003 | Building BVH
Fra:1 Mem:75.32M (Peak 124.44M) | Time:00:00.26 | Mem:1.46M, Peak:1.46M | Scene, ViewLayer | Updating Geometry BVH Cylinder.101 356/1003 | Building mesh BLAS |      36 tris | Cylinder.101
Fra:1 Mem:75.32M (Peak 124.44M) | Time:00:00.26 | Mem:1.46M, Peak:1.46M | Scene, ViewLayer | Updating Geometry BVH Icosphere.019 357/1003 | Building BVH
Fra:1 Mem:75.32M (Peak 124.44M) | Time:00:00.26 | Mem:1.46M, Peak:1.46M | Scene, ViewLayer | Updating Geometry BVH Cylinder.102 358/1003 | Building BVH
Fra:1 Mem:75.32M (Peak 124.44M) | Time:00:00.26 | Mem:1.46M, Peak:1.46M | Scene, ViewLayer | Updating Geometry BVH Cylinder.102 358/1003 | Building mesh BLAS |      20 tris | Icosphere.019
Fra:1 Mem:75.32M (Peak 124.44M) | Time:00:00.26 | Mem:1.46M, Peak:1.46M | Scene, ViewLayer | Updating Geometry BVH Cylinder.103 359/1003 | Building BVH
Fra:1 Mem:75.32M (Peak 124.44M) | Time:00:00.26 | Mem:1.46M, Peak:1.46M | Scene, ViewLayer | Updating Geometry BVH Icosphere.020 360/1003 | Building BVH
Fra:1 Mem:75.32M (Peak 124.44M) | Time:00:00.26 | Mem:1.46M, Peak:1.46M | Scene, ViewLayer | Updating Geometry BVH Icosphere.020 360/1003 | Building mesh BLAS |      24 tris | Cylinder.283
Fra:1 Mem:75.32M (Peak 124.44M) | Time:00:00.26 | Mem:1.46M, Peak:1.46M | Scene, ViewLayer | Updating Geometry BVH Icosphere.020 360/1003 | Building mesh BLAS |      20 tris | Icosphere.020
Fra:1 Mem:75.32M (Peak 124.44M) | Time:00:00.26 | Mem:1.46M, Peak:1.46M | Scene, ViewLayer | Updating Geometry BVH Icosphere.020 360/1003 | Building mesh BLAS |      36 tris | Cylinder.103
Fra:1 Mem:75.32M (Peak 124.44M) | Time:00:00.26 | Mem:1.47M, Peak:1.47M | Scene, ViewLayer | Updating Geometry BVH FrontLeft_tall_holder_mesh 361/1003 | Building BVH
Fra:1 Mem:75.32M (Peak 124.44M) | Time:00:00.26 | Mem:1.47M, Peak:1.47M | Scene, ViewLayer | Updating Geometry BVH FrontLeft_tall_holder_mesh 361/1003 | Building mesh BLAS |     360 tris | FrontLeft_tall_holder_mesh
Fra:1 Mem:75.32M (Peak 124.44M) | Time:00:00.26 | Mem:1.47M, Peak:1.47M | Scene, ViewLayer | Updating Geometry BVH Cylinder.104 362/1003 | Building BVH
Fra:1 Mem:75.32M (Peak 124.44M) | Time:00:00.26 | Mem:1.47M, Peak:1.47M | Scene, ViewLayer | Updating Geometry BVH FrontLeft_tall_drip_dish_mesh 363/1003 | Building BVH
Fra:1 Mem:75.32M (Peak 124.44M) | Time:00:00.26 | Mem:1.47M, Peak:1.47M | Scene, ViewLayer | Updating Geometry BVH FrontLeft_tall_drip_dish_mesh 363/1003 | Building mesh BLAS |      60 tris | Cylinder.104
Fra:1 Mem:75.32M (Peak 124.44M) | Time:00:00.26 | Mem:1.47M, Peak:1.47M | Scene, ViewLayer | Updating Geometry BVH FrontLeft_tall_drip_dish_mesh 363/1003 | Building mesh BLAS |     200 tris | FrontLeft_tall_drip_dish_mesh
Fra:1 Mem:75.32M (Peak 124.44M) | Time:00:00.26 | Mem:1.49M, Peak:1.49M | Scene, ViewLayer | Updating Geometry BVH Cylinder.105 364/1003 | Building BVH
Fra:1 Mem:75.32M (Peak 124.44M) | Time:00:00.26 | Mem:1.49M, Peak:1.49M | Scene, ViewLayer | Updating Geometry BVH FrontLeft_tall_flame_mesh 365/1003 | Building BVH
Fra:1 Mem:75.32M (Peak 124.44M) | Time:00:00.26 | Mem:1.49M, Peak:1.49M | Scene, ViewLayer | Updating Geometry BVH FrontLeft_tall_flame_mesh 365/1003 | Building mesh BLAS |      24 tris | Cylinder.105
Fra:1 Mem:75.32M (Peak 124.44M) | Time:00:00.26 | Mem:1.49M, Peak:1.49M | Scene, ViewLayer | Updating Geometry BVH FrontLeft_tall_flame_mesh 365/1003 | Building mesh BLAS |     120 tris | FrontLeft_tall_flame_mesh
Fra:1 Mem:75.32M (Peak 124.44M) | Time:00:00.26 | Mem:1.51M, Peak:1.51M | Scene, ViewLayer | Updating Geometry BVH FrontLeft_low_holder_mesh 366/1003 | Building BVH
Fra:1 Mem:75.32M (Peak 124.44M) | Time:00:00.26 | Mem:1.51M, Peak:1.51M | Scene, ViewLayer | Updating Geometry BVH Cylinder.106 367/1003 | Building BVH
Fra:1 Mem:75.32M (Peak 124.44M) | Time:00:00.26 | Mem:1.51M, Peak:1.51M | Scene, ViewLayer | Updating Geometry BVH Cylinder.106 367/1003 | Building mesh BLAS |      60 tris | Cylinder.106
Fra:1 Mem:75.32M (Peak 124.44M) | Time:00:00.26 | Mem:1.52M, Peak:1.52M | Scene, ViewLayer | Updating Geometry BVH FrontLeft_low_drip_dish_mesh 368/1003 | Building BVH
Fra:1 Mem:75.32M (Peak 124.44M) | Time:00:00.26 | Mem:1.53M, Peak:1.53M | Scene, ViewLayer | Updating Geometry BVH FrontLeft_low_drip_dish_mesh 368/1003 | Building mesh BLAS |     200 tris | FrontLeft_low_drip_dish_mesh
Fra:1 Mem:75.32M (Peak 124.44M) | Time:00:00.26 | Mem:1.53M, Peak:1.53M | Scene, ViewLayer | Updating Geometry BVH Cylinder.107 369/1003 | Building BVH
Fra:1 Mem:75.32M (Peak 124.44M) | Time:00:00.26 | Mem:1.53M, Peak:1.53M | Scene, ViewLayer | Updating Geometry BVH Cylinder.107 369/1003 | Building mesh BLAS |      20 tris | Icosphere.143
Fra:1 Mem:75.32M (Peak 124.44M) | Time:00:00.26 | Mem:1.53M, Peak:1.53M | Scene, ViewLayer | Updating Geometry BVH Cylinder.107 369/1003 | Building mesh BLAS |      24 tris | Cylinder.107
Fra:1 Mem:75.32M (Peak 124.44M) | Time:00:00.26 | Mem:1.53M, Peak:1.53M | Scene, ViewLayer | Updating Geometry BVH FrontLeft_low_flame_mesh 370/1003 | Building BVH
Fra:1 Mem:75.32M (Peak 124.44M) | Time:00:00.26 | Mem:1.53M, Peak:1.53M | Scene, ViewLayer | Updating Geometry BVH Cylinder.108 372/1003 | Building BVH
Fra:1 Mem:75.32M (Peak 124.44M) | Time:00:00.26 | Mem:1.53M, Peak:1.53M | Scene, ViewLayer | Updating Geometry BVH Cylinder.108 372/1003 | Building mesh BLAS |     120 tris | FrontLeft_low_flame_mesh
Fra:1 Mem:75.32M (Peak 124.44M) | Time:00:00.26 | Mem:1.53M, Peak:1.53M | Scene, ViewLayer | Updating Geometry BVH Cylinder.108 372/1003 | Building mesh BLAS |     360 tris | FrontLeft_stump_holder_mesh
Fra:1 Mem:75.32M (Peak 124.44M) | Time:00:00.26 | Mem:1.53M, Peak:1.53M | Scene, ViewLayer | Updating Geometry BVH FrontLeft_stump_drip_dish_mesh 373/1003 | Building BVH
Fra:1 Mem:75.32M (Peak 124.44M) | Time:00:00.26 | Mem:1.53M, Peak:1.53M | Scene, ViewLayer | Updating Geometry BVH FrontLeft_stump_drip_dish_mesh 373/1003 | Building mesh BLAS |      60 tris | Cylinder.108
Fra:1 Mem:75.32M (Peak 124.44M) | Time:00:00.26 | Mem:1.53M, Peak:1.53M | Scene, ViewLayer | Updating Geometry BVH FrontLeft_stump_drip_dish_mesh 373/1003 | Building mesh BLAS |     200 tris | FrontLeft_stump_drip_dish_mesh
Fra:1 Mem:75.32M (Peak 124.44M) | Time:00:00.26 | Mem:1.54M, Peak:1.54M | Scene, ViewLayer | Updating Geometry BVH Cylinder.109 374/1003 | Building BVH
Fra:1 Mem:75.32M (Peak 124.44M) | Time:00:00.26 | Mem:1.54M, Peak:1.54M | Scene, ViewLayer | Updating Geometry BVH Cylinder.109 374/1003 | Building mesh BLAS |      24 tris | Cylinder.109
Fra:1 Mem:75.32M (Peak 124.44M) | Time:00:00.26 | Mem:1.54M, Peak:1.54M | Scene, ViewLayer | Updating Geometry BVH FrontLeft_stump_flame_mesh 375/1003 | Building BVH
Fra:1 Mem:75.32M (Peak 124.44M) | Time:00:00.26 | Mem:1.54M, Peak:1.54M | Scene, ViewLayer | Updating Geometry BVH FrontLeft_stump_flame_mesh 375/1003 | Building mesh BLAS |     120 tris | FrontLeft_stump_flame_mesh
Fra:1 Mem:75.32M (Peak 124.44M) | Time:00:00.26 | Mem:1.54M, Peak:1.54M | Scene, ViewLayer | Updating Geometry BVH FrontRight_tall_holder_mesh 376/1003 | Building BVH
Fra:1 Mem:75.32M (Peak 124.44M) | Time:00:00.26 | Mem:1.54M, Peak:1.54M | Scene, ViewLayer | Updating Geometry BVH FrontRight_tall_holder_mesh 376/1003 | Building mesh BLAS |     360 tris | FrontRight_tall_holder_mesh
Fra:1 Mem:75.32M (Peak 124.44M) | Time:00:00.26 | Mem:1.54M, Peak:1.54M | Scene, ViewLayer | Updating Geometry BVH Cylinder.282 944/1003 | Building BVH
Fra:1 Mem:75.32M (Peak 124.44M) | Time:00:00.26 | Mem:1.54M, Peak:1.54M | Scene, ViewLayer | Updating Geometry BVH Cylinder.282 944/1003 | Building mesh BLAS |      24 tris | Cylinder.282
Fra:1 Mem:75.32M (Peak 124.44M) | Time:00:00.26 | Mem:1.55M, Peak:1.55M | Scene, ViewLayer | Updating Geometry BVH Cylinder.110 377/1003 | Building BVH
Fra:1 Mem:75.32M (Peak 124.44M) | Time:00:00.26 | Mem:1.56M, Peak:1.56M | Scene, ViewLayer | Updating Geometry BVH Cylinder.110 377/1003 | Building mesh BLAS |      60 tris | Cylinder.110
Fra:1 Mem:75.32M (Peak 124.44M) | Time:00:00.26 | Mem:1.56M, Peak:1.56M | Scene, ViewLayer | Updating Geometry BVH FrontRight_tall_drip_dish_mesh 378/1003 | Building BVH
Fra:1 Mem:75.32M (Peak 124.44M) | Time:00:00.26 | Mem:1.57M, Peak:1.57M | Scene, ViewLayer | Updating Geometry BVH FrontRight_tall_drip_dish_mesh 378/1003 | Building mesh BLAS |     200 tris | FrontRight_tall_drip_dish_mesh
Fra:1 Mem:75.32M (Peak 124.44M) | Time:00:00.26 | Mem:1.57M, Peak:1.57M | Scene, ViewLayer | Updating Geometry BVH Cylinder.111 379/1003 | Building BVH
Fra:1 Mem:75.32M (Peak 124.44M) | Time:00:00.26 | Mem:1.57M, Peak:1.57M | Scene, ViewLayer | Updating Geometry BVH Cylinder.111 379/1003 | Building mesh BLAS |      24 tris | Cylinder.111
Fra:1 Mem:75.32M (Peak 124.44M) | Time:00:00.26 | Mem:1.57M, Peak:1.57M | Scene, ViewLayer | Updating Geometry BVH FrontRight_low_holder_mesh 381/1003 | Building BVH
Fra:1 Mem:75.32M (Peak 124.44M) | Time:00:00.26 | Mem:1.57M, Peak:1.57M | Scene, ViewLayer | Updating Geometry BVH FrontRight_low_holder_mesh 381/1003 | Building mesh BLAS |     360 tris | FrontRight_low_holder_mesh
Fra:1 Mem:75.32M (Peak 124.44M) | Time:00:00.26 | Mem:1.57M, Peak:1.57M | Scene, ViewLayer | Updating Geometry BVH Cylinder.112 382/1003 | Building BVH
Fra:1 Mem:75.32M (Peak 124.44M) | Time:00:00.26 | Mem:1.57M, Peak:1.57M | Scene, ViewLayer | Updating Geometry BVH Cylinder.112 382/1003 | Building mesh BLAS |      60 tris | Cylinder.112
Fra:1 Mem:75.32M (Peak 124.44M) | Time:00:00.26 | Mem:1.57M, Peak:1.57M | Scene, ViewLayer | Updating Geometry BVH Cylinder.112 382/1003 | Building mesh BLAS |     120 tris | FrontRight_tall_flame_mesh
Fra:1 Mem:75.32M (Peak 124.44M) | Time:00:00.26 | Mem:1.57M, Peak:1.57M | Scene, ViewLayer | Updating Geometry BVH FrontRight_low_drip_dish_mesh 383/1003 | Building BVH
Fra:1 Mem:75.32M (Peak 124.44M) | Time:00:00.26 | Mem:1.57M, Peak:1.57M | Scene, ViewLayer | Updating Geometry BVH FrontRight_low_drip_dish_mesh 383/1003 | Building mesh BLAS |     200 tris | FrontRight_low_drip_dish_mesh
Fra:1 Mem:75.32M (Peak 124.44M) | Time:00:00.26 | Mem:1.58M, Peak:1.58M | Scene, ViewLayer | Updating Geometry BVH Cylinder.113 384/1003 | Building BVH
Fra:1 Mem:75.32M (Peak 124.44M) | Time:00:00.26 | Mem:1.58M, Peak:1.58M | Scene, ViewLayer | Updating Geometry BVH Cylinder.113 384/1003 | Building mesh BLAS |      24 tris | Cylinder.113
Fra:1 Mem:75.32M (Peak 124.44M) | Time:00:00.26 | Mem:1.58M, Peak:1.58M | Scene, ViewLayer | Updating Geometry BVH Icosphere.142 943/1003 | Building BVH
Fra:1 Mem:75.32M (Peak 124.44M) | Time:00:00.26 | Mem:1.58M, Peak:1.58M | Scene, ViewLayer | Updating Geometry BVH Icosphere.142 943/1003 | Building mesh BLAS |     120 tris | FrontRight_low_flame_mesh
Fra:1 Mem:75.32M (Peak 124.44M) | Time:00:00.26 | Mem:1.58M, Peak:1.58M | Scene, ViewLayer | Updating Geometry BVH Icosphere.142 943/1003 | Building mesh BLAS |      20 tris | Icosphere.142
Fra:1 Mem:75.32M (Peak 124.44M) | Time:00:00.26 | Mem:1.58M, Peak:1.58M | Scene, ViewLayer | Updating Geometry BVH Back iron floor stand_mesh 386/1003 | Building BVH
Fra:1 Mem:75.32M (Peak 124.44M) | Time:00:00.26 | Mem:1.58M, Peak:1.58M | Scene, ViewLayer | Updating Geometry BVH Back iron floor stand_mesh 386/1003 | Building mesh BLAS |     224 tris | Back iron floor stand_mesh
Fra:1 Mem:75.32M (Peak 124.44M) | Time:00:00.26 | Mem:1.59M, Peak:1.59M | Scene, ViewLayer | Updating Geometry BVH Cylinder.114 387/1003 | Building BVH
Fra:1 Mem:75.32M (Peak 124.44M) | Time:00:00.26 | Mem:1.59M, Peak:1.59M | Scene, ViewLayer | Updating Geometry BVH Cylinder.114 387/1003 | Building mesh BLAS |      36 tris | Cylinder.114
Fra:1 Mem:75.32M (Peak 124.44M) | Time:00:00.26 | Mem:1.59M, Peak:1.59M | Scene, ViewLayer | Updating Geometry BVH Cylinder.115 388/1003 | Building BVH
Fra:1 Mem:75.32M (Peak 124.44M) | Time:00:00.26 | Mem:1.59M, Peak:1.59M | Scene, ViewLayer | Updating Geometry BVH Cylinder.116 390/1003 | Building BVH
Fra:1 Mem:75.32M (Peak 124.44M) | Time:00:00.26 | Mem:1.59M, Peak:1.59M | Scene, ViewLayer | Updating Geometry BVH Cylinder.116 390/1003 | Building mesh BLAS |      60 tris | Cylinder.115
Fra:1 Mem:75.32M (Peak 124.44M) | Time:00:00.26 | Mem:1.59M, Peak:1.59M | Scene, ViewLayer | Updating Geometry BVH Cylinder.116 390/1003 | Building mesh BLAS |     200 tris | Back_-1_0_drip_dish_mesh
Fra:1 Mem:75.32M (Peak 124.44M) | Time:00:00.26 | Mem:1.59M, Peak:1.59M | Scene, ViewLayer | Updating Geometry BVH Back_-1_0_flame_mesh 391/1003 | Building BVH
Fra:1 Mem:75.32M (Peak 124.44M) | Time:00:00.26 | Mem:1.59M, Peak:1.59M | Scene, ViewLayer | Updating Geometry BVH Back_-1_0_flame_mesh 391/1003 | Building mesh BLAS |     120 tris | Back_-1_0_flame_mesh
Fra:1 Mem:75.32M (Peak 124.44M) | Time:00:00.26 | Mem:1.60M, Peak:1.60M | Scene, ViewLayer | Updating Geometry BVH Cylinder.117 392/1003 | Building BVH
Fra:1 Mem:75.32M (Peak 124.44M) | Time:00:00.26 | Mem:1.60M, Peak:1.60M | Scene, ViewLayer | Updating Geometry BVH Cylinder.117 392/1003 | Building mesh BLAS |      36 tris | Cylinder.117
Fra:1 Mem:75.32M (Peak 124.44M) | Time:00:00.26 | Mem:1.60M, Peak:1.60M | Scene, ViewLayer | Updating Geometry BVH Cylinder.118 393/1003 | Building BVH
Fra:1 Mem:75.32M (Peak 124.44M) | Time:00:00.26 | Mem:1.60M, Peak:1.60M | Scene, ViewLayer | Updating Geometry BVH Cylinder.118 393/1003 | Building mesh BLAS |      60 tris | Cylinder.118
Fra:1 Mem:75.32M (Peak 124.44M) | Time:00:00.26 | Mem:1.61M, Peak:1.61M | Scene, ViewLayer | Updating Geometry BVH Back_-1_1_drip_dish_mesh 394/1003 | Building BVH
Fra:1 Mem:75.32M (Peak 124.44M) | Time:00:00.26 | Mem:1.61M, Peak:1.61M | Scene, ViewLayer | Updating Geometry BVH Cylinder.281 942/1003 | Building BVH
Fra:1 Mem:75.32M (Peak 124.44M) | Time:00:00.26 | Mem:1.61M, Peak:1.61M | Scene, ViewLayer | Updating Geometry BVH Cylinder.281 942/1003 | Building mesh BLAS |     200 tris | Back_-1_1_drip_dish_mesh
Fra:1 Mem:75.32M (Peak 124.44M) | Time:00:00.26 | Mem:1.61M, Peak:1.61M | Scene, ViewLayer | Updating Geometry BVH Cylinder.281 942/1003 | Building mesh BLAS |      24 tris | Cylinder.281
Fra:1 Mem:75.32M (Peak 124.44M) | Time:00:00.26 | Mem:1.61M, Peak:1.61M | Scene, ViewLayer | Updating Geometry BVH Cylinder.119 395/1003 | Building BVH
Fra:1 Mem:75.32M (Peak 124.44M) | Time:00:00.26 | Mem:1.61M, Peak:1.61M | Scene, ViewLayer | Updating Geometry BVH Cylinder.119 395/1003 | Building mesh BLAS |      24 tris | Cylinder.119
Fra:1 Mem:75.32M (Peak 124.44M) | Time:00:00.26 | Mem:1.61M, Peak:1.61M | Scene, ViewLayer | Updating Geometry BVH Back_-1_1_flame_mesh 396/1003 | Building BVH
Fra:1 Mem:75.32M (Peak 124.44M) | Time:00:00.26 | Mem:1.61M, Peak:1.61M | Scene, ViewLayer | Updating Geometry BVH Back_-1_1_flame_mesh 396/1003 | Building mesh BLAS |     120 tris | Back_-1_1_flame_mesh
Fra:1 Mem:75.32M (Peak 124.44M) | Time:00:00.26 | Mem:1.61M, Peak:1.61M | Scene, ViewLayer | Updating Geometry BVH Cylinder.120 397/1003 | Building BVH
Fra:1 Mem:75.32M (Peak 124.44M) | Time:00:00.26 | Mem:1.61M, Peak:1.61M | Scene, ViewLayer | Updating Geometry BVH Cylinder.120 397/1003 | Building mesh BLAS |      36 tris | Cylinder.120
Fra:1 Mem:75.32M (Peak 124.44M) | Time:00:00.26 | Mem:1.61M, Peak:1.61M | Scene, ViewLayer | Updating Geometry BVH Cylinder.121 398/1003 | Building BVH
Fra:1 Mem:75.32M (Peak 124.44M) | Time:00:00.26 | Mem:1.61M, Peak:1.61M | Scene, ViewLayer | Updating Geometry BVH Cylinder.121 398/1003 | Building mesh BLAS |      60 tris | Cylinder.121
Fra:1 Mem:75.32M (Peak 124.44M) | Time:00:00.26 | Mem:1.61M, Peak:1.61M | Scene, ViewLayer | Updating Geometry BVH Back_-1_2_drip_dish_mesh 399/1003 | Building BVH
Fra:1 Mem:75.32M (Peak 124.44M) | Time:00:00.26 | Mem:1.61M, Peak:1.61M | Scene, ViewLayer | Updating Geometry BVH Back_-1_2_drip_dish_mesh 399/1003 | Building mesh BLAS |     200 tris | Back_-1_2_drip_dish_mesh
Fra:1 Mem:75.32M (Peak 124.44M) | Time:00:00.26 | Mem:1.61M, Peak:1.61M | Scene, ViewLayer | Updating Geometry BVH Back_-1_2_drip_dish_mesh 399/1003 | Building mesh BLAS |      24 tris | Cylinder.122
Fra:1 Mem:75.32M (Peak 124.44M) | Time:00:00.26 | Mem:1.63M, Peak:1.63M | Scene, ViewLayer | Updating Geometry BVH Back_-1_2_flame_mesh 401/1003 | Building BVH
Fra:1 Mem:75.32M (Peak 124.44M) | Time:00:00.26 | Mem:1.63M, Peak:1.63M | Scene, ViewLayer | Updating Geometry BVH Back_-1_2_flame_mesh 401/1003 | Building mesh BLAS |     120 tris | Back_-1_2_flame_mesh
Fra:1 Mem:75.32M (Peak 124.44M) | Time:00:00.26 | Mem:1.64M, Peak:1.64M | Scene, ViewLayer | Updating Geometry BVH Back iron floor stand_mesh.001 402/1003 | Building BVH
Fra:1 Mem:75.32M (Peak 124.44M) | Time:00:00.26 | Mem:1.64M, Peak:1.64M | Scene, ViewLayer | Updating Geometry BVH Back iron floor stand_mesh.001 402/1003 | Building mesh BLAS |     224 tris | Back iron floor stand_mesh.001
Fra:1 Mem:75.32M (Peak 124.44M) | Time:00:00.26 | Mem:1.64M, Peak:1.64M | Scene, ViewLayer | Updating Geometry BVH Cylinder.280 941/1003 | Building BVH
Fra:1 Mem:75.32M (Peak 124.44M) | Time:00:00.26 | Mem:1.64M, Peak:1.64M | Scene, ViewLayer | Updating Geometry BVH Cylinder.123 403/1003 | Building BVH
Fra:1 Mem:75.32M (Peak 124.44M) | Time:00:00.26 | Mem:1.64M, Peak:1.64M | Scene, ViewLayer | Updating Geometry BVH Back_1_0_drip_dish_mesh 405/1003 | Building mesh BLAS |      36 tris | Cylinder.123
Fra:1 Mem:75.32M (Peak 124.44M) | Time:00:00.26 | Mem:1.64M, Peak:1.64M | Scene, ViewLayer | Updating Geometry BVH Cylinder.125 406/1003 | Building mesh BLAS |      60 tris | Cylinder.124
Fra:1 Mem:75.32M (Peak 124.44M) | Time:00:00.26 | Mem:1.64M, Peak:1.64M | Scene, ViewLayer | Updating Geometry BVH Cylinder.125 406/1003 | Building mesh BLAS |     200 tris | Back_1_0_drip_dish_mesh
Fra:1 Mem:75.32M (Peak 124.44M) | Time:00:00.26 | Mem:1.64M, Peak:1.64M | Scene, ViewLayer | Updating Geometry BVH Cylinder.125 406/1003 | Building mesh BLAS |      24 tris | Cylinder.125
Fra:1 Mem:75.32M (Peak 124.44M) | Time:00:00.26 | Mem:1.64M, Peak:1.64M | Scene, ViewLayer | Updating Geometry BVH Back_1_0_flame_mesh 407/1003 | Building BVH
Fra:1 Mem:75.32M (Peak 124.44M) | Time:00:00.26 | Mem:1.64M, Peak:1.64M | Scene, ViewLayer | Updating Geometry BVH Cylinder.126 408/1003 | Building BVH
Fra:1 Mem:75.32M (Peak 124.44M) | Time:00:00.26 | Mem:1.64M, Peak:1.64M | Scene, ViewLayer | Updating Geometry BVH Cylinder.126 408/1003 | Building mesh BLAS |     120 tris | Back_1_0_flame_mesh
Fra:1 Mem:75.32M (Peak 124.44M) | Time:00:00.26 | Mem:1.64M, Peak:1.64M | Scene, ViewLayer | Updating Geometry BVH Cylinder.126 408/1003 | Building mesh BLAS |      36 tris | Cylinder.126
Fra:1 Mem:75.32M (Peak 124.44M) | Time:00:00.26 | Mem:1.65M, Peak:1.65M | Scene, ViewLayer | Updating Geometry BVH Cylinder.127 409/1003 | Building BVH
Fra:1 Mem:75.32M (Peak 124.44M) | Time:00:00.26 | Mem:1.65M, Peak:1.65M | Scene, ViewLayer | Updating Geometry BVH Cylinder.127 409/1003 | Building mesh BLAS |      60 tris | Cylinder.127
Fra:1 Mem:75.32M (Peak 124.44M) | Time:00:00.26 | Mem:1.65M, Peak:1.65M | Scene, ViewLayer | Updating Geometry BVH Back_1_1_drip_dish_mesh 410/1003 | Building BVH
Fra:1 Mem:75.32M (Peak 124.44M) | Time:00:00.26 | Mem:1.65M, Peak:1.65M | Scene, ViewLayer | Updating Geometry BVH Back_1_1_drip_dish_mesh 410/1003 | Building mesh BLAS |     200 tris | Back_1_1_drip_dish_mesh
Fra:1 Mem:75.32M (Peak 124.44M) | Time:00:00.26 | Mem:1.65M, Peak:1.65M | Scene, ViewLayer | Updating Geometry BVH Cylinder.128 411/1003 | Building BVH
Fra:1 Mem:75.32M (Peak 124.44M) | Time:00:00.26 | Mem:1.66M, Peak:1.66M | Scene, ViewLayer | Updating Geometry BVH Cylinder.128 411/1003 | Building mesh BLAS |      24 tris | Cylinder.128
Fra:1 Mem:75.32M (Peak 124.44M) | Time:00:00.26 | Mem:1.67M, Peak:1.67M | Scene, ViewLayer | Updating Geometry BVH Icosphere.141 940/1003 | Building BVH
Fra:1 Mem:75.32M (Peak 124.44M) | Time:00:00.26 | Mem:1.67M, Peak:1.67M | Scene, ViewLayer | Updating Geometry BVH Back_1_2_drip_dish_mesh 415/1003 | Building BVH
Fra:1 Mem:75.32M (Peak 124.44M) | Time:00:00.26 | Mem:1.67M, Peak:1.67M | Scene, ViewLayer | Updating Geometry BVH Cylinder.131 416/1003 | Building BVH
Fra:1 Mem:75.32M (Peak 124.44M) | Time:00:00.26 | Mem:1.68M, Peak:1.68M | Scene, ViewLayer | Updating Geometry BVH Back_1_2_flame_mesh 417/1003 | Building BVH
Fra:1 Mem:75.32M (Peak 124.44M) | Time:00:00.26 | Mem:1.68M, Peak:1.68M | Scene, ViewLayer | Updating Geometry BVH Back_1_2_flame_mesh 417/1003 | Building mesh BLAS |     120 tris | Back_1_2_flame_mesh
Fra:1 Mem:75.32M (Peak 124.44M) | Time:00:00.26 | Mem:1.68M, Peak:1.68M | Scene, ViewLayer | Updating Geometry BVH Altar_-1_holder_mesh 418/1003 | Building BVH
Fra:1 Mem:75.32M (Peak 124.44M) | Time:00:00.26 | Mem:1.68M, Peak:1.68M | Scene, ViewLayer | Updating Geometry BVH Altar_-1_holder_mesh 418/1003 | Building mesh BLAS |     360 tris | Altar_-1_holder_mesh
Fra:1 Mem:75.32M (Peak 124.44M) | Time:00:00.26 | Mem:1.68M, Peak:1.68M | Scene, ViewLayer | Updating Geometry BVH Altar_-1_holder_mesh 418/1003 | Building mesh BLAS |      36 tris | Cylinder.129
Fra:1 Mem:75.32M (Peak 124.44M) | Time:00:00.26 | Mem:1.68M, Peak:1.68M | Scene, ViewLayer | Updating Geometry BVH Altar_-1_holder_mesh 418/1003 | Building mesh BLAS |      60 tris | Cylinder.130
Fra:1 Mem:75.32M (Peak 124.44M) | Time:00:00.26 | Mem:1.68M, Peak:1.68M | Scene, ViewLayer | Updating Geometry BVH Altar_-1_holder_mesh 418/1003 | Building mesh BLAS |     120 tris | Back_1_1_flame_mesh
Fra:1 Mem:75.32M (Peak 124.44M) | Time:00:00.26 | Mem:1.68M, Peak:1.68M | Scene, ViewLayer | Updating Geometry BVH Cylinder.132 419/1003 | Building BVH
Fra:1 Mem:75.32M (Peak 124.44M) | Time:00:00.26 | Mem:1.68M, Peak:1.68M | Scene, ViewLayer | Updating Geometry BVH Altar_-1_drip_dish_mesh 420/1003 | Building BVH
Fra:1 Mem:75.32M (Peak 124.44M) | Time:00:00.26 | Mem:1.68M, Peak:1.68M | Scene, ViewLayer | Updating Geometry BVH Altar_-1_drip_dish_mesh 420/1003 | Building mesh BLAS |      60 tris | Cylinder.132
Fra:1 Mem:75.32M (Peak 124.44M) | Time:00:00.26 | Mem:1.68M, Peak:1.68M | Scene, ViewLayer | Updating Geometry BVH Altar_-1_drip_dish_mesh 420/1003 | Building mesh BLAS |     200 tris | Altar_-1_drip_dish_mesh
Fra:1 Mem:75.32M (Peak 124.44M) | Time:00:00.26 | Mem:1.69M, Peak:1.69M | Scene, ViewLayer | Updating Geometry BVH Cylinder.133 421/1003 | Building BVH
Fra:1 Mem:75.32M (Peak 124.44M) | Time:00:00.26 | Mem:1.69M, Peak:1.69M | Scene, ViewLayer | Updating Geometry BVH Cylinder.133 421/1003 | Building mesh BLAS |      24 tris | Cylinder.133
Fra:1 Mem:75.32M (Peak 124.44M) | Time:00:00.26 | Mem:1.70M, Peak:1.70M | Scene, ViewLayer | Updating Geometry BVH Altar_-1_flame_mesh 422/1003 | Building BVH
Fra:1 Mem:75.32M (Peak 124.44M) | Time:00:00.26 | Mem:1.70M, Peak:1.70M | Scene, ViewLayer | Updating Geometry BVH Niche_-1_holder_mesh 423/1003 | Building BVH
Fra:1 Mem:75.32M (Peak 124.44M) | Time:00:00.26 | Mem:1.70M, Peak:1.70M | Scene, ViewLayer | Updating Geometry BVH Niche_-1_holder_mesh 423/1003 | Building mesh BLAS |     120 tris | Altar_-1_flame_mesh
Fra:1 Mem:75.32M (Peak 124.44M) | Time:00:00.26 | Mem:1.70M, Peak:1.70M | Scene, ViewLayer | Updating Geometry BVH Cylinder.134 424/1003 | Building BVH
Fra:1 Mem:75.32M (Peak 124.44M) | Time:00:00.26 | Mem:1.70M, Peak:1.70M | Scene, ViewLayer | Updating Geometry BVH Cylinder.134 424/1003 | Building mesh BLAS |      60 tris | Cylinder.134
Fra:1 Mem:75.32M (Peak 124.44M) | Time:00:00.26 | Mem:1.70M, Peak:1.70M | Scene, ViewLayer | Updating Geometry BVH Cylinder.279 939/1003 | Building BVH
Fra:1 Mem:75.32M (Peak 124.44M) | Time:00:00.26 | Mem:1.70M, Peak:1.70M | Scene, ViewLayer | Updating Geometry BVH Cylinder.279 939/1003 | Building mesh BLAS |      24 tris | Cylinder.279
Fra:1 Mem:75.32M (Peak 124.44M) | Time:00:00.26 | Mem:1.70M, Peak:1.70M | Scene, ViewLayer | Updating Geometry BVH Niche_-1_drip_dish_mesh 425/1003 | Building BVH
Fra:1 Mem:75.32M (Peak 124.44M) | Time:00:00.26 | Mem:1.70M, Peak:1.70M | Scene, ViewLayer | Updating Geometry BVH Niche_-1_drip_dish_mesh 425/1003 | Building mesh BLAS |     200 tris | Niche_-1_drip_dish_mesh
Fra:1 Mem:75.32M (Peak 124.44M) | Time:00:00.26 | Mem:1.70M, Peak:1.70M | Scene, ViewLayer | Updating Geometry BVH Cylinder.135 426/1003 | Building BVH
Fra:1 Mem:75.32M (Peak 124.44M) | Time:00:00.26 | Mem:1.70M, Peak:1.70M | Scene, ViewLayer | Updating Geometry BVH Cylinder.135 426/1003 | Building mesh BLAS |      24 tris | Cylinder.135
Fra:1 Mem:75.32M (Peak 124.44M) | Time:00:00.26 | Mem:1.71M, Peak:1.71M | Scene, ViewLayer | Updating Geometry BVH Niche_-1_flame_mesh 427/1003 | Building BVH
Fra:1 Mem:75.32M (Peak 124.44M) | Time:00:00.26 | Mem:1.71M, Peak:1.71M | Scene, ViewLayer | Updating Geometry BVH Rear_bench_-1_holder_mesh 428/1003 | Building mesh BLAS |     120 tris | Niche_-1_flame_mesh
Fra:1 Mem:75.32M (Peak 124.44M) | Time:00:00.26 | Mem:1.71M, Peak:1.71M | Scene, ViewLayer | Updating Geometry BVH Cylinder.136 429/1003 | Building BVH
Fra:1 Mem:75.32M (Peak 124.44M) | Time:00:00.26 | Mem:1.71M, Peak:1.71M | Scene, ViewLayer | Updating Geometry BVH Cylinder.136 429/1003 | Building mesh BLAS |     360 tris | Rear_bench_-1_holder_mesh
Fra:1 Mem:75.32M (Peak 124.44M) | Time:00:00.26 | Mem:1.71M, Peak:1.71M | Scene, ViewLayer | Updating Geometry BVH Cylinder.136 429/1003 | Building mesh BLAS |      60 tris | Cylinder.136
Fra:1 Mem:75.32M (Peak 124.44M) | Time:00:00.26 | Mem:1.71M, Peak:1.71M | Scene, ViewLayer | Updating Geometry BVH Rear_bench_-1_drip_dish_mesh 430/1003 | Building BVH
Fra:1 Mem:75.32M (Peak 124.44M) | Time:00:00.26 | Mem:1.72M, Peak:1.72M | Scene, ViewLayer | Updating Geometry BVH Rear_bench_-1_flame_mesh 432/1003 | Building mesh BLAS |     200 tris | Rear_bench_-1_drip_dish_mesh
Fra:1 Mem:75.32M (Peak 124.44M) | Time:00:00.26 | Mem:1.72M, Peak:1.72M | Scene, ViewLayer | Updating Geometry BVH Icosphere.140 938/1003 | Building BVH
Fra:1 Mem:75.32M (Peak 124.44M) | Time:00:00.26 | Mem:1.72M, Peak:1.72M | Scene, ViewLayer | Updating Geometry BVH Icosphere.140 938/1003 | Building mesh BLAS |      24 tris | Cylinder.137
Fra:1 Mem:75.32M (Peak 124.44M) | Time:00:00.26 | Mem:1.72M, Peak:1.72M | Scene, ViewLayer | Updating Geometry BVH Icosphere.140 938/1003 | Building mesh BLAS |     120 tris | Rear_bench_-1_flame_mesh
Fra:1 Mem:75.32M (Peak 124.44M) | Time:00:00.26 | Mem:1.72M, Peak:1.72M | Scene, ViewLayer | Updating Geometry BVH Icosphere.140 938/1003 | Building mesh BLAS |     360 tris | Altar_1_holder_mesh
Fra:1 Mem:75.32M (Peak 124.44M) | Time:00:00.26 | Mem:1.72M, Peak:1.72M | Scene, ViewLayer | Updating Geometry BVH Icosphere.140 938/1003 | Building mesh BLAS |      20 tris | Icosphere.140
Fra:1 Mem:75.32M (Peak 124.44M) | Time:00:00.26 | Mem:1.76M, Peak:1.76M | Scene, ViewLayer | Updating Geometry BVH Cylinder.138 434/1003 | Building BVH
Fra:1 Mem:75.32M (Peak 124.44M) | Time:00:00.26 | Mem:1.76M, Peak:1.76M | Scene, ViewLayer | Updating Geometry BVH Cylinder.138 434/1003 | Building mesh BLAS |      60 tris | Cylinder.138
Fra:1 Mem:75.32M (Peak 124.44M) | Time:00:00.26 | Mem:1.76M, Peak:1.76M | Scene, ViewLayer | Updating Geometry BVH Altar_1_drip_dish_mesh 435/1003 | Building BVH
Fra:1 Mem:75.32M (Peak 124.44M) | Time:00:00.26 | Mem:1.76M, Peak:1.76M | Scene, ViewLayer | Updating Geometry BVH Altar_1_drip_dish_mesh 435/1003 | Building mesh BLAS |     200 tris | Altar_1_drip_dish_mesh
Fra:1 Mem:75.32M (Peak 124.44M) | Time:00:00.26 | Mem:1.76M, Peak:1.76M | Scene, ViewLayer | Updating Geometry BVH Cylinder.139 436/1003 | Building BVH
Fra:1 Mem:75.32M (Peak 124.44M) | Time:00:00.26 | Mem:1.76M, Peak:1.76M | Scene, ViewLayer | Updating Geometry BVH Cylinder.139 436/1003 | Building mesh BLAS |      24 tris | Cylinder.139
Fra:1 Mem:75.32M (Peak 124.44M) | Time:00:00.26 | Mem:1.76M, Peak:1.76M | Scene, ViewLayer | Updating Geometry BVH Altar_1_flame_mesh 437/1003 | Building BVH
Fra:1 Mem:75.32M (Peak 124.44M) | Time:00:00.26 | Mem:1.76M, Peak:1.76M | Scene, ViewLayer | Updating Geometry BVH Niche_1_holder_mesh 438/1003 | Building BVH
Fra:1 Mem:75.32M (Peak 124.44M) | Time:00:00.26 | Mem:1.76M, Peak:1.76M | Scene, ViewLayer | Updating Geometry BVH Niche_1_holder_mesh 438/1003 | Building mesh BLAS |     120 tris | Altar_1_flame_mesh
Fra:1 Mem:75.32M (Peak 124.44M) | Time:00:00.26 | Mem:1.76M, Peak:1.76M | Scene, ViewLayer | Updating Geometry BVH Niche_1_holder_mesh 438/1003 | Building mesh BLAS |     360 tris | Niche_1_holder_mesh
Fra:1 Mem:75.32M (Peak 124.44M) | Time:00:00.26 | Mem:1.79M, Peak:1.79M | Scene, ViewLayer | Updating Geometry BVH Cylinder.278 937/1003 | Building BVH
Fra:1 Mem:75.32M (Peak 124.44M) | Time:00:00.26 | Mem:1.79M, Peak:1.79M | Scene, ViewLayer | Updating Geometry BVH Cylinder.278 937/1003 | Building mesh BLAS |      24 tris | Cylinder.278
Fra:1 Mem:75.32M (Peak 124.44M) | Time:00:00.26 | Mem:1.79M, Peak:1.79M | Scene, ViewLayer | Updating Geometry BVH Niche_1_drip_dish_mesh 440/1003 | Building BVH
Fra:1 Mem:75.32M (Peak 124.44M) | Time:00:00.26 | Mem:1.79M, Peak:1.79M | Scene, ViewLayer | Updating Geometry BVH Cylinder.140 439/1003 | Building BVH
Fra:1 Mem:75.32M (Peak 124.44M) | Time:00:00.26 | Mem:1.79M, Peak:1.79M | Scene, ViewLayer | Updating Geometry BVH Cylinder.140 439/1003 | Building mesh BLAS |     200 tris | Niche_1_drip_dish_mesh
Fra:1 Mem:75.32M (Peak 124.44M) | Time:00:00.26 | Mem:1.79M, Peak:1.79M | Scene, ViewLayer | Updating Geometry BVH Cylinder.140 439/1003 | Building mesh BLAS |      60 tris | Cylinder.140
Fra:1 Mem:75.32M (Peak 124.44M) | Time:00:00.26 | Mem:1.79M, Peak:1.79M | Scene, ViewLayer | Updating Geometry BVH Cylinder.141 441/1003 | Building BVH
Fra:1 Mem:75.32M (Peak 124.44M) | Time:00:00.26 | Mem:1.79M, Peak:1.79M | Scene, ViewLayer | Updating Geometry BVH Cylinder.141 441/1003 | Building mesh BLAS |      24 tris | Cylinder.141
Fra:1 Mem:75.32M (Peak 124.44M) | Time:00:00.26 | Mem:1.79M, Peak:1.79M | Scene, ViewLayer | Updating Geometry BVH Niche_1_flame_mesh 442/1003 | Building BVH
Fra:1 Mem:75.32M (Peak 124.44M) | Time:00:00.26 | Mem:1.82M, Peak:1.82M | Scene, ViewLayer | Updating Geometry BVH Niche_1_flame_mesh 442/1003 | Building mesh BLAS |     120 tris | Niche_1_flame_mesh
Fra:1 Mem:75.32M (Peak 124.44M) | Time:00:00.26 | Mem:1.86M, Peak:1.86M | Scene, ViewLayer | Updating Geometry BVH Rear_bench_1_holder_mesh 443/1003 | Building BVH
Fra:1 Mem:75.32M (Peak 124.44M) | Time:00:00.26 | Mem:1.86M, Peak:1.86M | Scene, ViewLayer | Updating Geometry BVH Rear_bench_1_drip_dish_mesh 445/1003 | Building BVH
Fra:1 Mem:75.32M (Peak 124.44M) | Time:00:00.26 | Mem:1.86M, Peak:1.86M | Scene, ViewLayer | Updating Geometry BVH Rear_bench_1_drip_dish_mesh 445/1003 | Building mesh BLAS |     360 tris | Rear_bench_1_holder_mesh
Fra:1 Mem:75.32M (Peak 124.44M) | Time:00:00.26 | Mem:1.86M, Peak:1.86M | Scene, ViewLayer | Updating Geometry BVH Rear_bench_1_drip_dish_mesh 445/1003 | Building mesh BLAS |      60 tris | Cylinder.142
Fra:1 Mem:75.32M (Peak 124.44M) | Time:00:00.26 | Mem:1.87M, Peak:1.87M | Scene, ViewLayer | Updating Geometry BVH Cylinder.143 446/1003 | Building BVH
Fra:1 Mem:75.32M (Peak 124.44M) | Time:00:00.26 | Mem:1.87M, Peak:1.87M | Scene, ViewLayer | Updating Geometry BVH Rear_bench_1_flame_mesh 447/1003 | Building mesh BLAS |      24 tris | Cylinder.143
Fra:1 Mem:75.32M (Peak 124.44M) | Time:00:00.26 | Mem:1.87M, Peak:1.87M | Scene, ViewLayer | Updating Geometry BVH Rear_bench_1_flame_mesh 447/1003 | Building mesh BLAS |     120 tris | Rear_bench_1_flame_mesh
Fra:1 Mem:75.32M (Peak 124.44M) | Time:00:00.26 | Mem:1.90M, Peak:1.90M | Scene, ViewLayer | Updating Geometry BVH Icosphere.139 936/1003 | Building BVH
Fra:1 Mem:75.32M (Peak 124.44M) | Time:00:00.26 | Mem:1.93M, Peak:1.93M | Scene, ViewLayer | Updating Geometry BVH Icosphere.139 936/1003 | Building mesh BLAS |      20 tris | Icosphere.139
Fra:1 Mem:75.32M (Peak 124.44M) | Time:00:00.26 | Mem:1.93M, Peak:1.93M | Scene, ViewLayer | Updating Geometry BVH Cube.036 448/1003 | Building BVH
Fra:1 Mem:75.32M (Peak 124.44M) | Time:00:00.26 | Mem:1.93M, Peak:1.93M | Scene, ViewLayer | Updating Geometry BVH Cube.036 448/1003 | Building mesh BLAS |     108 tris | Cube.036
Fra:1 Mem:75.32M (Peak 124.44M) | Time:00:00.26 | Mem:1.93M, Peak:1.93M | Scene, ViewLayer | Updating Geometry BVH Cube.037 449/1003 | Building BVH
Fra:1 Mem:75.32M (Peak 124.44M) | Time:00:00.26 | Mem:1.93M, Peak:1.93M | Scene, ViewLayer | Updating Geometry BVH Cube.037 449/1003 | Building mesh BLAS |     108 tris | Cube.037
Fra:1 Mem:75.32M (Peak 124.44M) | Time:00:00.26 | Mem:1.93M, Peak:1.93M | Scene, ViewLayer | Updating Geometry BVH Cube.038 450/1003 | Building BVH
Fra:1 Mem:75.32M (Peak 124.44M) | Time:00:00.26 | Mem:1.93M, Peak:1.93M | Scene, ViewLayer | Updating Geometry BVH Cube.038 450/1003 | Building mesh BLAS |     108 tris | Cube.038
Fra:1 Mem:75.32M (Peak 124.44M) | Time:00:00.26 | Mem:1.93M, Peak:1.93M | Scene, ViewLayer | Updating Geometry BVH Cube.039 451/1003 | Building BVH
Fra:1 Mem:75.32M (Peak 124.44M) | Time:00:00.26 | Mem:1.93M, Peak:1.93M | Scene, ViewLayer | Updating Geometry BVH Cube.039 451/1003 | Building mesh BLAS |     108 tris | Cube.039
Fra:1 Mem:75.32M (Peak 124.44M) | Time:00:00.26 | Mem:1.93M, Peak:1.93M | Scene, ViewLayer | Updating Geometry BVH Cube.040 452/1003 | Building BVH
Fra:1 Mem:75.32M (Peak 124.44M) | Time:00:00.26 | Mem:1.93M, Peak:1.93M | Scene, ViewLayer | Updating Geometry BVH Left chained folio_page_edges_curve 453/1003 | Building BVH
Fra:1 Mem:75.32M (Peak 124.44M) | Time:00:00.26 | Mem:1.93M, Peak:1.93M | Scene, ViewLayer | Updating Geometry BVH Left chained folio_page_edges_curve 453/1003 | Building mesh BLAS |     108 tris | Cube.040
Fra:1 Mem:75.32M (Peak 124.44M) | Time:00:00.26 | Mem:1.93M, Peak:1.93M | Scene, ViewLayer | Updating Geometry BVH Left chained folio_page_edges_curve.001 454/1003 | Building BVH
Fra:1 Mem:75.32M (Peak 124.44M) | Time:00:00.26 | Mem:1.93M, Peak:1.93M | Scene, ViewLayer | Updating Geometry BVH Left chained folio_page_edges_curve.001 454/1003 | Building mesh BLAS |      12 tris | Left chained folio_page_edges_curve.001
Fra:1 Mem:75.32M (Peak 124.44M) | Time:00:00.26 | Mem:1.97M, Peak:1.97M | Scene, ViewLayer | Updating Geometry BVH Left chained folio_page_edges_curve.002 455/1003 | Building BVH
Fra:1 Mem:75.32M (Peak 124.44M) | Time:00:00.26 | Mem:1.97M, Peak:1.97M | Scene, ViewLayer | Updating Geometry BVH Left chained folio_page_edges_curve.003 456/1003 | Building BVH
Fra:1 Mem:75.32M (Peak 124.44M) | Time:00:00.26 | Mem:1.97M, Peak:1.97M | Scene, ViewLayer | Updating Geometry BVH Left chained folio_page_edges_curve.003 456/1003 | Building mesh BLAS |      12 tris | Left chained folio_page_edges_curve.003
Fra:1 Mem:75.32M (Peak 124.44M) | Time:00:00.26 | Mem:1.97M, Peak:1.97M | Scene, ViewLayer | Updating Geometry BVH Cylinder.277 935/1003 | Building BVH
Fra:1 Mem:75.32M (Peak 124.44M) | Time:00:00.26 | Mem:1.97M, Peak:1.97M | Scene, ViewLayer | Updating Geometry BVH Cylinder.277 935/1003 | Building mesh BLAS |      24 tris | Cylinder.277
Fra:1 Mem:75.32M (Peak 124.44M) | Time:00:00.26 | Mem:1.97M, Peak:1.97M | Scene, ViewLayer | Updating Geometry BVH Left chained folio_page_edges_curve.004 457/1003 | Building BVH
Fra:1 Mem:75.32M (Peak 124.44M) | Time:00:00.26 | Mem:1.97M, Peak:1.97M | Scene, ViewLayer | Updating Geometry BVH Left chained folio_page_edges_curve.004 457/1003 | Building mesh BLAS |      12 tris | Left chained folio_page_edges_curve.004
Fra:1 Mem:75.32M (Peak 124.44M) | Time:00:00.27 | Mem:1.99M, Peak:1.99M | Scene, ViewLayer | Updating Geometry BVH Left chained folio_corner_plate_mesh 458/1003 | Building BVH
Fra:1 Mem:75.32M (Peak 124.44M) | Time:00:00.27 | Mem:1.99M, Peak:1.99M | Scene, ViewLayer | Updating Geometry BVH Left chained folio_corner_plate_mesh 458/1003 | Building mesh BLAS |       1 tris | Left chained folio_corner_plate_mesh
Fra:1 Mem:75.32M (Peak 124.44M) | Time:00:00.27 | Mem:1.99M, Peak:1.99M | Scene, ViewLayer | Updating Geometry BVH Icosphere.021 459/1003 | Building BVH
Fra:1 Mem:75.32M (Peak 124.44M) | Time:00:00.27 | Mem:1.99M, Peak:1.99M | Scene, ViewLayer | Updating Geometry BVH Left chained folio_corner_plate_mesh.001 460/1003 | Building BVH
Fra:1 Mem:75.32M (Peak 124.44M) | Time:00:00.27 | Mem:1.99M, Peak:1.99M | Scene, ViewLayer | Updating Geometry BVH Left chained folio_corner_plate_mesh.001 460/1003 | Building mesh BLAS |       1 tris | Left chained folio_corner_plate_mesh.001
Fra:1 Mem:75.32M (Peak 124.44M) | Time:00:00.27 | Mem:1.99M, Peak:1.99M | Scene, ViewLayer | Updating Geometry BVH Icosphere.022 461/1003 | Building BVH
Fra:1 Mem:75.32M (Peak 124.44M) | Time:00:00.27 | Mem:1.99M, Peak:1.99M | Scene, ViewLayer | Updating Geometry BVH Icosphere.022 461/1003 | Building mesh BLAS |      20 tris | Icosphere.022
Fra:1 Mem:75.32M (Peak 124.44M) | Time:00:00.27 | Mem:2.00M, Peak:2.00M | Scene, ViewLayer | Updating Geometry BVH Left chained folio_corner_plate_mesh.002 462/1003 | Building BVH
Fra:1 Mem:75.32M (Peak 124.44M) | Time:00:00.27 | Mem:2.00M, Peak:2.00M | Scene, ViewLayer | Updating Geometry BVH Icosphere.023 463/1003 | Building BVH
Fra:1 Mem:75.32M (Peak 124.44M) | Time:00:00.27 | Mem:2.00M, Peak:2.00M | Scene, ViewLayer | Updating Geometry BVH Icosphere.023 463/1003 | Building mesh BLAS |       1 tris | Left chained folio_corner_plate_mesh.002
Fra:1 Mem:75.32M (Peak 124.44M) | Time:00:00.27 | Mem:2.00M, Peak:2.00M | Scene, ViewLayer | Updating Geometry BVH Icosphere.023 463/1003 | Building mesh BLAS |      20 tris | Icosphere.023
Fra:1 Mem:75.32M (Peak 124.44M) | Time:00:00.27 | Mem:2.01M, Peak:2.01M | Scene, ViewLayer | Updating Geometry BVH Left chained folio_corner_plate_mesh.003 464/1003 | Building BVH
Fra:1 Mem:75.32M (Peak 124.44M) | Time:00:00.27 | Mem:2.01M, Peak:2.01M | Scene, ViewLayer | Updating Geometry BVH Left chained folio_corner_plate_mesh.003 464/1003 | Building mesh BLAS |       1 tris | Left chained folio_corner_plate_mesh.003
Fra:1 Mem:75.32M (Peak 124.44M) | Time:00:00.27 | Mem:2.02M, Peak:2.02M | Scene, ViewLayer | Updating Geometry BVH Icosphere.024 465/1003 | Building BVH
Fra:1 Mem:75.32M (Peak 124.44M) | Time:00:00.27 | Mem:2.02M, Peak:2.02M | Scene, ViewLayer | Updating Geometry BVH Icosphere.024 465/1003 | Building mesh BLAS |      20 tris | Icosphere.024
Fra:1 Mem:75.32M (Peak 124.44M) | Time:00:00.27 | Mem:2.02M, Peak:2.02M | Scene, ViewLayer | Updating Geometry BVH Icosphere.138 934/1003 | Building BVH
Fra:1 Mem:75.32M (Peak 124.44M) | Time:00:00.27 | Mem:2.02M, Peak:2.02M | Scene, ViewLayer | Updating Geometry BVH Icosphere.138 934/1003 | Building mesh BLAS |      20 tris | Icosphere.138
Fra:1 Mem:75.32M (Peak 124.44M) | Time:00:00.27 | Mem:2.02M, Peak:2.02M | Scene, ViewLayer | Updating Geometry BVH Icosphere.025 466/1003 | Building BVH
Fra:1 Mem:75.32M (Peak 124.44M) | Time:00:00.27 | Mem:2.02M, Peak:2.02M | Scene, ViewLayer | Updating Geometry BVH Icosphere.025 466/1003 | Building mesh BLAS |     534 tris | Icosphere.025
Fra:1 Mem:75.32M (Peak 124.44M) | Time:00:00.27 | Mem:2.02M, Peak:2.02M | Scene, ViewLayer | Updating Geometry BVH Icosphere.027 467/1003 | Building BVH
Fra:1 Mem:75.32M (Peak 124.44M) | Time:00:00.27 | Mem:2.02M, Peak:2.02M | Scene, ViewLayer | Updating Geometry BVH Icosphere.027 467/1003 | Building mesh BLAS |      80 tris | Icosphere.027
Fra:1 Mem:75.32M (Peak 124.44M) | Time:00:00.27 | Mem:2.04M, Peak:2.04M | Scene, ViewLayer | Updating Geometry BVH Icosphere.028 468/1003 | Building BVH
Fra:1 Mem:75.32M (Peak 124.44M) | Time:00:00.27 | Mem:2.04M, Peak:2.04M | Scene, ViewLayer | Updating Geometry BVH Icosphere.028 468/1003 | Building mesh BLAS |      80 tris | Icosphere.028
Fra:1 Mem:75.32M (Peak 124.44M) | Time:00:00.27 | Mem:2.04M, Peak:2.04M | Scene, ViewLayer | Updating Geometry BVH Cylinder.144 469/1003 | Building BVH
Fra:1 Mem:75.32M (Peak 124.44M) | Time:00:00.27 | Mem:2.04M, Peak:2.04M | Scene, ViewLayer | Updating Geometry BVH Cylinder.144 469/1003 | Building mesh BLAS |      28 tris | Cylinder.144
Fra:1 Mem:75.32M (Peak 124.44M) | Time:00:00.27 | Mem:2.04M, Peak:2.04M | Scene, ViewLayer | Updating Geometry BVH Icosphere.030 470/1003 | Building BVH
Fra:1 Mem:75.32M (Peak 124.44M) | Time:00:00.27 | Mem:2.04M, Peak:2.04M | Scene, ViewLayer | Updating Geometry BVH Icosphere.030 470/1003 | Building mesh BLAS |      80 tris | Icosphere.030
Fra:1 Mem:75.32M (Peak 124.44M) | Time:00:00.27 | Mem:2.04M, Peak:2.04M | Scene, ViewLayer | Updating Geometry BVH Icosphere.031 471/1003 | Building BVH
Fra:1 Mem:75.32M (Peak 124.44M) | Time:00:00.27 | Mem:2.04M, Peak:2.04M | Scene, ViewLayer | Updating Geometry BVH Icosphere.031 471/1003 | Building mesh BLAS |      80 tris | Icosphere.031
Fra:1 Mem:75.32M (Peak 124.44M) | Time:00:00.27 | Mem:2.04M, Peak:2.04M | Scene, ViewLayer | Updating Geometry BVH Cylinder.145 472/1003 | Building BVH
Fra:1 Mem:75.32M (Peak 124.44M) | Time:00:00.27 | Mem:2.04M, Peak:2.04M | Scene, ViewLayer | Updating Geometry BVH Cylinder.145 472/1003 | Building mesh BLAS |      28 tris | Cylinder.145
Fra:1 Mem:75.32M (Peak 124.44M) | Time:00:00.27 | Mem:2.05M, Peak:2.05M | Scene, ViewLayer | Updating Geometry BVH Icosphere.032 473/1003 | Building BVH
Fra:1 Mem:75.32M (Peak 124.44M) | Time:00:00.27 | Mem:2.05M, Peak:2.05M | Scene, ViewLayer | Updating Geometry BVH Icosphere.032 473/1003 | Building mesh BLAS |      80 tris | Icosphere.032
Fra:1 Mem:75.32M (Peak 124.44M) | Time:00:00.27 | Mem:2.06M, Peak:2.06M | Scene, ViewLayer | Updating Geometry BVH Cylinder.276 933/1003 | Building BVH
Fra:1 Mem:75.32M (Peak 124.44M) | Time:00:00.27 | Mem:2.06M, Peak:2.06M | Scene, ViewLayer | Updating Geometry BVH Skull | nasal aperture_mesh 474/1003 | Building BVH
Fra:1 Mem:75.32M (Peak 124.44M) | Time:00:00.27 | Mem:2.06M, Peak:2.06M | Scene, ViewLayer | Updating Geometry BVH Skull | nasal aperture_mesh 474/1003 | Building mesh BLAS |      24 tris | Cylinder.276
Fra:1 Mem:75.32M (Peak 124.44M) | Time:00:00.27 | Mem:2.06M, Peak:2.06M | Scene, ViewLayer | Updating Geometry BVH Skull | nasal aperture_mesh 474/1003 | Building mesh BLAS |       3 tris | Skull | nasal aperture_mesh
Fra:1 Mem:75.32M (Peak 124.44M) | Time:00:00.27 | Mem:2.06M, Peak:2.06M | Scene, ViewLayer | Updating Geometry BVH Skull | lower mandible_curve 475/1003 | Building BVH
Fra:1 Mem:75.32M (Peak 124.44M) | Time:00:00.27 | Mem:2.06M, Peak:2.06M | Scene, ViewLayer | Updating Geometry BVH Skull | lower mandible_curve 475/1003 | Building mesh BLAS |      72 tris | Skull | lower mandible_curve
Fra:1 Mem:75.32M (Peak 124.44M) | Time:00:00.27 | Mem:2.08M, Peak:2.08M | Scene, ViewLayer | Updating Geometry BVH Cube.041 476/1003 | Building BVH
Fra:1 Mem:75.32M (Peak 124.44M) | Time:00:00.27 | Mem:2.08M, Peak:2.08M | Scene, ViewLayer | Updating Geometry BVH Cube.041 476/1003 | Building mesh BLAS |     108 tris | Cube.041
Fra:1 Mem:75.32M (Peak 124.44M) | Time:00:00.27 | Mem:2.08M, Peak:2.08M | Scene, ViewLayer | Updating Geometry BVH Cube.042 477/1003 | Building BVH
Fra:1 Mem:75.32M (Peak 124.44M) | Time:00:00.27 | Mem:2.08M, Peak:2.08M | Scene, ViewLayer | Updating Geometry BVH Cube.042 477/1003 | Building mesh BLAS |     108 tris | Cube.042
Fra:1 Mem:75.32M (Peak 124.44M) | Time:00:00.27 | Mem:2.08M, Peak:2.08M | Scene, ViewLayer | Updating Geometry BVH Skull | age fissure_curve 478/1003 | Building BVH
Fra:1 Mem:75.32M (Peak 124.44M) | Time:00:00.27 | Mem:2.08M, Peak:2.08M | Scene, ViewLayer | Updating Geometry BVH Skull | age fissure_curve 478/1003 | Building mesh BLAS |      36 tris | Skull | age fissure_curve
Fra:1 Mem:75.32M (Peak 124.44M) | Time:00:00.27 | Mem:2.09M, Peak:2.09M | Scene, ViewLayer | Updating Geometry BVH Left pewter cup_mesh 479/1003 | Building BVH
Fra:1 Mem:75.32M (Peak 124.44M) | Time:00:00.27 | Mem:2.09M, Peak:2.09M | Scene, ViewLayer | Updating Geometry BVH Left pewter cup_mesh 479/1003 | Building mesh BLAS |     896 tris | Left pewter cup_mesh
Fra:1 Mem:75.32M (Peak 124.44M) | Time:00:00.27 | Mem:2.09M, Peak:2.09M | Scene, ViewLayer | Updating Geometry BVH Cylinder.146 480/1003 | Building BVH
Fra:1 Mem:75.32M (Peak 124.44M) | Time:00:00.27 | Mem:2.10M, Peak:2.10M | Scene, ViewLayer | Updating Geometry BVH Cylinder.146 480/1003 | Building mesh BLAS |      92 tris | Cylinder.146
Fra:1 Mem:75.32M (Peak 124.44M) | Time:00:00.27 | Mem:2.10M, Peak:2.10M | Scene, ViewLayer | Updating Geometry BVH Cube.043 481/1003 | Building BVH
Fra:1 Mem:75.32M (Peak 124.44M) | Time:00:00.27 | Mem:2.10M, Peak:2.10M | Scene, ViewLayer | Updating Geometry BVH Cube.043 481/1003 | Building mesh BLAS |     108 tris | Cube.043
Fra:1 Mem:75.32M (Peak 124.44M) | Time:00:00.27 | Mem:2.10M, Peak:2.10M | Scene, ViewLayer | Updating Geometry BVH Cube.044 482/1003 | Building BVH
Fra:1 Mem:75.32M (Peak 124.44M) | Time:00:00.27 | Mem:2.10M, Peak:2.10M | Scene, ViewLayer | Updating Geometry BVH Cube.044 482/1003 | Building mesh BLAS |     108 tris | Cube.044
Fra:1 Mem:75.32M (Peak 124.44M) | Time:00:00.27 | Mem:2.12M, Peak:2.12M | Scene, ViewLayer | Updating Geometry BVH Icosphere.137 932/1003 | Building BVH
Fra:1 Mem:75.32M (Peak 124.44M) | Time:00:00.27 | Mem:2.12M, Peak:2.12M | Scene, ViewLayer | Updating Geometry BVH Icosphere.137 932/1003 | Building mesh BLAS |      20 tris | Icosphere.137
Fra:1 Mem:75.32M (Peak 124.44M) | Time:00:00.27 | Mem:2.12M, Peak:2.12M | Scene, ViewLayer | Updating Geometry BVH Cube.045 483/1003 | Building BVH
Fra:1 Mem:75.32M (Peak 124.44M) | Time:00:00.27 | Mem:2.12M, Peak:2.12M | Scene, ViewLayer | Updating Geometry BVH Cube.046 484/1003 | Building mesh BLAS |     108 tris | Cube.045
Fra:1 Mem:75.32M (Peak 124.44M) | Time:00:00.27 | Mem:2.12M, Peak:2.12M | Scene, ViewLayer | Updating Geometry BVH Right lower codex_page_edges_curve 485/1003 | Building BVH
Fra:1 Mem:75.32M (Peak 124.44M) | Time:00:00.27 | Mem:2.12M, Peak:2.12M | Scene, ViewLayer | Updating Geometry BVH Right lower codex_page_edges_curve 485/1003 | Building mesh BLAS |     108 tris | Cube.046
Fra:1 Mem:75.32M (Peak 124.44M) | Time:00:00.27 | Mem:2.12M, Peak:2.12M | Scene, ViewLayer | Updating Geometry BVH Right lower codex_page_edges_curve 485/1003 | Building mesh BLAS |      12 tris | Right lower codex_page_edges_curve
Fra:1 Mem:75.32M (Peak 124.44M) | Time:00:00.27 | Mem:2.12M, Peak:2.12M | Scene, ViewLayer | Updating Geometry BVH Right lower codex_page_edges_curve.001 486/1003 | Building BVH
Fra:1 Mem:75.32M (Peak 124.44M) | Time:00:00.27 | Mem:2.12M, Peak:2.12M | Scene, ViewLayer | Updating Geometry BVH Right lower codex_page_edges_curve.001 486/1003 | Building mesh BLAS |      12 tris | Right lower codex_page_edges_curve.001
Fra:1 Mem:75.32M (Peak 124.44M) | Time:00:00.27 | Mem:2.12M, Peak:2.12M | Scene, ViewLayer | Updating Geometry BVH Right lower codex_page_edges_curve.002 487/1003 | Building BVH
Fra:1 Mem:75.32M (Peak 124.44M) | Time:00:00.27 | Mem:2.12M, Peak:2.12M | Scene, ViewLayer | Updating Geometry BVH Right lower codex_page_edges_curve.002 487/1003 | Building mesh BLAS |      12 tris | Right lower codex_page_edges_curve.002
Fra:1 Mem:75.32M (Peak 124.44M) | Time:00:00.27 | Mem:2.12M, Peak:2.12M | Scene, ViewLayer | Updating Geometry BVH Right lower codex_page_edges_curve.003 488/1003 | Building BVH
Fra:1 Mem:75.32M (Peak 124.44M) | Time:00:00.27 | Mem:2.12M, Peak:2.12M | Scene, ViewLayer | Updating Geometry BVH Right lower codex_page_edges_curve.003 488/1003 | Building mesh BLAS |      12 tris | Right lower codex_page_edges_curve.003
Fra:1 Mem:75.32M (Peak 124.44M) | Time:00:00.27 | Mem:2.16M, Peak:2.16M | Scene, ViewLayer | Updating Geometry BVH Right lower codex_page_edges_curve.004 489/1003 | Building BVH
Fra:1 Mem:75.32M (Peak 124.44M) | Time:00:00.27 | Mem:2.16M, Peak:2.16M | Scene, ViewLayer | Updating Geometry BVH Right lower codex_page_edges_curve.004 489/1003 | Building mesh BLAS |      12 tris | Right lower codex_page_edges_curve.004
Fra:1 Mem:75.32M (Peak 124.44M) | Time:00:00.27 | Mem:2.16M, Peak:2.16M | Scene, ViewLayer | Updating Geometry BVH Right lower codex_corner_plate_mesh 490/1003 | Building BVH
Fra:1 Mem:75.32M (Peak 124.44M) | Time:00:00.27 | Mem:2.16M, Peak:2.16M | Scene, ViewLayer | Updating Geometry BVH Right lower codex_corner_plate_mesh 490/1003 | Building mesh BLAS |       1 tris | Right lower codex_corner_plate_mesh
Fra:1 Mem:75.32M (Peak 124.44M) | Time:00:00.27 | Mem:2.16M, Peak:2.16M | Scene, ViewLayer | Updating Geometry BVH Icosphere.033 491/1003 | Building BVH
Fra:1 Mem:75.32M (Peak 124.44M) | Time:00:00.27 | Mem:2.16M, Peak:2.16M | Scene, ViewLayer | Updating Geometry BVH Icosphere.033 491/1003 | Building mesh BLAS |      20 tris | Icosphere.033
Fra:1 Mem:75.32M (Peak 124.44M) | Time:00:00.27 | Mem:2.17M, Peak:2.17M | Scene, ViewLayer | Updating Geometry BVH Cylinder.275 931/1003 | Building BVH
Fra:1 Mem:75.32M (Peak 124.44M) | Time:00:00.27 | Mem:2.18M, Peak:2.18M | Scene, ViewLayer | Updating Geometry BVH Cylinder.275 931/1003 | Building mesh BLAS |      24 tris | Cylinder.275
Fra:1 Mem:75.32M (Peak 124.44M) | Time:00:00.27 | Mem:2.18M, Peak:2.18M | Scene, ViewLayer | Updating Geometry BVH Right lower codex_corner_plate_mesh.001 492/1003 | Building BVH
Fra:1 Mem:75.32M (Peak 124.44M) | Time:00:00.27 | Mem:2.18M, Peak:2.18M | Scene, ViewLayer | Updating Geometry BVH Right lower codex_corner_plate_mesh.001 492/1003 | Building mesh BLAS |       1 tris | Right lower codex_corner_plate_mesh.001
Fra:1 Mem:75.32M (Peak 124.44M) | Time:00:00.27 | Mem:2.18M, Peak:2.18M | Scene, ViewLayer | Updating Geometry BVH Icosphere.034 493/1003 | Building BVH
Fra:1 Mem:75.32M (Peak 124.44M) | Time:00:00.27 | Mem:2.18M, Peak:2.18M | Scene, ViewLayer | Updating Geometry BVH Icosphere.034 493/1003 | Building mesh BLAS |      20 tris | Icosphere.034
Fra:1 Mem:75.32M (Peak 124.44M) | Time:00:00.27 | Mem:2.18M, Peak:2.18M | Scene, ViewLayer | Updating Geometry BVH Right lower codex_corner_plate_mesh.002 494/1003 | Building BVH
Fra:1 Mem:75.32M (Peak 124.44M) | Time:00:00.27 | Mem:2.18M, Peak:2.18M | Scene, ViewLayer | Updating Geometry BVH Right lower codex_corner_plate_mesh.002 494/1003 | Building mesh BLAS |       1 tris | Right lower codex_corner_plate_mesh.002
Fra:1 Mem:75.32M (Peak 124.44M) | Time:00:00.27 | Mem:2.19M, Peak:2.19M | Scene, ViewLayer | Updating Geometry BVH Icosphere.035 495/1003 | Building BVH
Fra:1 Mem:75.32M (Peak 124.44M) | Time:00:00.27 | Mem:2.19M, Peak:2.19M | Scene, ViewLayer | Updating Geometry BVH Icosphere.035 495/1003 | Building mesh BLAS |      20 tris | Icosphere.035
Fra:1 Mem:75.32M (Peak 124.44M) | Time:00:00.27 | Mem:2.19M, Peak:2.19M | Scene, ViewLayer | Updating Geometry BVH Right lower codex_corner_plate_mesh.003 496/1003 | Building BVH
Fra:1 Mem:75.32M (Peak 124.44M) | Time:00:00.27 | Mem:2.19M, Peak:2.19M | Scene, ViewLayer | Updating Geometry BVH Right lower codex_corner_plate_mesh.003 496/1003 | Building mesh BLAS |       1 tris | Right lower codex_corner_plate_mesh.003
Fra:1 Mem:75.32M (Peak 124.44M) | Time:00:00.27 | Mem:2.23M, Peak:2.23M | Scene, ViewLayer | Updating Geometry BVH Icosphere.036 497/1003 | Building BVH
Fra:1 Mem:75.32M (Peak 124.44M) | Time:00:00.27 | Mem:2.23M, Peak:2.23M | Scene, ViewLayer | Updating Geometry BVH Icosphere.036 497/1003 | Building mesh BLAS |      20 tris | Icosphere.036
Fra:1 Mem:75.32M (Peak 124.44M) | Time:00:00.27 | Mem:2.23M, Peak:2.23M | Scene, ViewLayer | Updating Geometry BVH Cube.047 498/1003 | Building BVH
Fra:1 Mem:75.32M (Peak 124.44M) | Time:00:00.27 | Mem:2.23M, Peak:2.23M | Scene, ViewLayer | Updating Geometry BVH Cube.047 498/1003 | Building mesh BLAS |     108 tris | Cube.047
Fra:1 Mem:75.32M (Peak 124.44M) | Time:00:00.27 | Mem:2.23M, Peak:2.23M | Scene, ViewLayer | Updating Geometry BVH Cube.048 499/1003 | Building BVH
Fra:1 Mem:75.32M (Peak 124.44M) | Time:00:00.27 | Mem:2.24M, Peak:2.24M | Scene, ViewLayer | Updating Geometry BVH Cube.048 499/1003 | Building mesh BLAS |     108 tris | Cube.048
Fra:1 Mem:75.32M (Peak 124.44M) | Time:00:00.27 | Mem:2.24M, Peak:2.24M | Scene, ViewLayer | Updating Geometry BVH Cube.049 500/1003 | Building BVH
Fra:1 Mem:75.32M (Peak 124.44M) | Time:00:00.27 | Mem:2.25M, Peak:2.25M | Scene, ViewLayer | Updating Geometry BVH Cube.049 500/1003 | Building mesh BLAS |     108 tris | Cube.049
Fra:1 Mem:75.32M (Peak 124.44M) | Time:00:00.27 | Mem:2.28M, Peak:2.28M | Scene, ViewLayer | Updating Geometry BVH Icosphere.136 930/1003 | Building BVH
Fra:1 Mem:75.32M (Peak 124.44M) | Time:00:00.27 | Mem:2.28M, Peak:2.28M | Scene, ViewLayer | Updating Geometry BVH Icosphere.136 930/1003 | Building mesh BLAS |      20 tris | Icosphere.136
Fra:1 Mem:75.32M (Peak 124.44M) | Time:00:00.27 | Mem:2.28M, Peak:2.28M | Scene, ViewLayer | Updating Geometry BVH Right middle codex_page_edges_curve 501/1003 | Building BVH
Fra:1 Mem:75.32M (Peak 124.44M) | Time:00:00.27 | Mem:2.28M, Peak:2.28M | Scene, ViewLayer | Updating Geometry BVH Right middle codex_page_edges_curve.001 502/1003 | Building BVH
Fra:1 Mem:75.32M (Peak 124.44M) | Time:00:00.27 | Mem:2.28M, Peak:2.28M | Scene, ViewLayer | Updating Geometry BVH Right middle codex_page_edges_curve.001 502/1003 | Building mesh BLAS |      12 tris | Right middle codex_page_edges_curve
Fra:1 Mem:75.32M (Peak 124.44M) | Time:00:00.27 | Mem:2.28M, Peak:2.28M | Scene, ViewLayer | Updating Geometry BVH Right middle codex_page_edges_curve.001 502/1003 | Building mesh BLAS |      12 tris | Right middle codex_page_edges_curve.001
Fra:1 Mem:75.32M (Peak 124.44M) | Time:00:00.27 | Mem:2.29M, Peak:2.29M | Scene, ViewLayer | Updating Geometry BVH Right middle codex_page_edges_curve.002 503/1003 | Building BVH
Fra:1 Mem:75.32M (Peak 124.44M) | Time:00:00.27 | Mem:2.29M, Peak:2.29M | Scene, ViewLayer | Updating Geometry BVH Right middle codex_page_edges_curve.002 503/1003 | Building mesh BLAS |      12 tris | Right middle codex_page_edges_curve.002
Fra:1 Mem:75.32M (Peak 124.44M) | Time:00:00.27 | Mem:2.29M, Peak:2.29M | Scene, ViewLayer | Updating Geometry BVH Right middle codex_page_edges_curve.003 504/1003 | Building BVH
Fra:1 Mem:75.32M (Peak 124.44M) | Time:00:00.27 | Mem:2.29M, Peak:2.29M | Scene, ViewLayer | Updating Geometry BVH Right middle codex_page_edges_curve.003 504/1003 | Building mesh BLAS |      12 tris | Right middle codex_page_edges_curve.003
Fra:1 Mem:75.32M (Peak 124.44M) | Time:00:00.27 | Mem:2.29M, Peak:2.29M | Scene, ViewLayer | Updating Geometry BVH Right middle codex_page_edges_curve.004 505/1003 | Building BVH
Fra:1 Mem:75.32M (Peak 124.44M) | Time:00:00.27 | Mem:2.29M, Peak:2.29M | Scene, ViewLayer | Updating Geometry BVH Right middle codex_page_edges_curve.004 505/1003 | Building mesh BLAS |      12 tris | Right middle codex_page_edges_curve.004
Fra:1 Mem:75.32M (Peak 124.44M) | Time:00:00.27 | Mem:2.33M, Peak:2.33M | Scene, ViewLayer | Updating Geometry BVH Right middle codex_corner_plate_mesh 506/1003 | Building BVH
Fra:1 Mem:75.32M (Peak 124.44M) | Time:00:00.27 | Mem:2.33M, Peak:2.33M | Scene, ViewLayer | Updating Geometry BVH Right middle codex_corner_plate_mesh 506/1003 | Building mesh BLAS |       1 tris | Right middle codex_corner_plate_mesh
Fra:1 Mem:75.32M (Peak 124.44M) | Time:00:00.27 | Mem:2.34M, Peak:2.34M | Scene, ViewLayer | Updating Geometry BVH Icosphere.037 507/1003 | Building BVH
Fra:1 Mem:75.32M (Peak 124.44M) | Time:00:00.27 | Mem:2.34M, Peak:2.34M | Scene, ViewLayer | Updating Geometry BVH Right middle codex_corner_plate_mesh.001 508/1003 | Building mesh BLAS |      20 tris | Icosphere.037
Fra:1 Mem:75.32M (Peak 124.44M) | Time:00:00.27 | Mem:2.35M, Peak:2.35M | Scene, ViewLayer | Updating Geometry BVH Right middle codex_corner_plate_mesh.001 508/1003 | Building mesh BLAS |       1 tris | Right middle codex_corner_plate_mesh.001
Fra:1 Mem:75.32M (Peak 124.44M) | Time:00:00.27 | Mem:2.36M, Peak:2.36M | Scene, ViewLayer | Updating Geometry BVH Icosphere.038 509/1003 | Building BVH
Fra:1 Mem:75.32M (Peak 124.44M) | Time:00:00.27 | Mem:2.36M, Peak:2.36M | Scene, ViewLayer | Updating Geometry BVH Icosphere.039 511/1003 | Building BVH
Fra:1 Mem:75.32M (Peak 124.44M) | Time:00:00.27 | Mem:2.36M, Peak:2.36M | Scene, ViewLayer | Updating Geometry BVH Cylinder.274 929/1003 | Building BVH
Fra:1 Mem:75.32M (Peak 124.44M) | Time:00:00.27 | Mem:2.36M, Peak:2.36M | Scene, ViewLayer | Updating Geometry BVH Right middle codex_corner_plate_mesh.002 510/1003 | Building BVH
Fra:1 Mem:75.32M (Peak 124.44M) | Time:00:00.27 | Mem:2.36M, Peak:2.36M | Scene, ViewLayer | Updating Geometry BVH Right middle codex_corner_plate_mesh.002 510/1003 | Building mesh BLAS |       1 tris | Right middle codex_corner_plate_mesh.002
Fra:1 Mem:75.32M (Peak 124.44M) | Time:00:00.27 | Mem:2.36M, Peak:2.36M | Scene, ViewLayer | Updating Geometry BVH Right middle codex_corner_plate_mesh.002 510/1003 | Building mesh BLAS |      24 tris | Cylinder.274
Fra:1 Mem:75.32M (Peak 124.44M) | Time:00:00.27 | Mem:2.36M, Peak:2.36M | Scene, ViewLayer | Updating Geometry BVH Right middle codex_corner_plate_mesh.003 512/1003 | Building BVH
Fra:1 Mem:75.32M (Peak 124.44M) | Time:00:00.27 | Mem:2.39M, Peak:2.39M | Scene, ViewLayer | Updating Geometry BVH Right middle codex_corner_plate_mesh.003 512/1003 | Building mesh BLAS |       1 tris | Right middle codex_corner_plate_mesh.003
Fra:1 Mem:75.32M (Peak 124.44M) | Time:00:00.27 | Mem:2.39M, Peak:2.39M | Scene, ViewLayer | Updating Geometry BVH Icosphere.040 513/1003 | Building BVH
Fra:1 Mem:75.32M (Peak 124.44M) | Time:00:00.27 | Mem:2.39M, Peak:2.39M | Scene, ViewLayer | Updating Geometry BVH Icosphere.040 513/1003 | Building mesh BLAS |      20 tris | Icosphere.040
Fra:1 Mem:75.32M (Peak 124.44M) | Time:00:00.27 | Mem:2.40M, Peak:2.40M | Scene, ViewLayer | Updating Geometry BVH Cube.050 514/1003 | Building BVH
Fra:1 Mem:75.32M (Peak 124.44M) | Time:00:00.27 | Mem:2.40M, Peak:2.40M | Scene, ViewLayer | Updating Geometry BVH Cube.050 514/1003 | Building mesh BLAS |     108 tris | Cube.050
Fra:1 Mem:75.32M (Peak 124.44M) | Time:00:00.27 | Mem:2.40M, Peak:2.40M | Scene, ViewLayer | Updating Geometry BVH Cube.051 515/1003 | Building BVH
Fra:1 Mem:75.32M (Peak 124.44M) | Time:00:00.27 | Mem:2.40M, Peak:2.40M | Scene, ViewLayer | Updating Geometry BVH Cube.051 515/1003 | Building mesh BLAS |     108 tris | Cube.051
Fra:1 Mem:75.32M (Peak 124.44M) | Time:00:00.27 | Mem:2.41M, Peak:2.41M | Scene, ViewLayer | Updating Geometry BVH Cube.052 516/1003 | Building BVH
Fra:1 Mem:75.32M (Peak 124.44M) | Time:00:00.27 | Mem:2.44M, Peak:2.44M | Scene, ViewLayer | Updating Geometry BVH Cube.053 517/1003 | Building BVH
Fra:1 Mem:75.32M (Peak 124.44M) | Time:00:00.27 | Mem:2.44M, Peak:2.44M | Scene, ViewLayer | Updating Geometry BVH Cube.053 517/1003 | Building mesh BLAS |     108 tris | Cube.052
Fra:1 Mem:75.32M (Peak 124.44M) | Time:00:00.27 | Mem:2.44M, Peak:2.44M | Scene, ViewLayer | Updating Geometry BVH Cube.053 517/1003 | Building mesh BLAS |     108 tris | Cube.053
Fra:1 Mem:75.32M (Peak 124.44M) | Time:00:00.27 | Mem:2.44M, Peak:2.44M | Scene, ViewLayer | Updating Geometry BVH Right upper codex_page_edges_curve 518/1003 | Building BVH
Fra:1 Mem:75.32M (Peak 124.44M) | Time:00:00.27 | Mem:2.44M, Peak:2.44M | Scene, ViewLayer | Updating Geometry BVH Right upper codex_page_edges_curve.001 519/1003 | Building BVH
Fra:1 Mem:75.32M (Peak 124.44M) | Time:00:00.27 | Mem:2.44M, Peak:2.44M | Scene, ViewLayer | Updating Geometry BVH Right upper codex_page_edges_curve.001 519/1003 | Building mesh BLAS |      12 tris | Right upper codex_page_edges_curve
Fra:1 Mem:75.32M (Peak 124.44M) | Time:00:00.27 | Mem:2.44M, Peak:2.44M | Scene, ViewLayer | Updating Geometry BVH Right upper codex_page_edges_curve.001 519/1003 | Building mesh BLAS |      12 tris | Right upper codex_page_edges_curve.001
Fra:1 Mem:75.32M (Peak 124.44M) | Time:00:00.27 | Mem:2.45M, Peak:2.45M | Scene, ViewLayer | Updating Geometry BVH Right upper codex_page_edges_curve.002 520/1003 | Building BVH
Fra:1 Mem:75.32M (Peak 124.44M) | Time:00:00.27 | Mem:2.46M, Peak:2.46M | Scene, ViewLayer | Updating Geometry BVH Right upper codex_page_edges_curve.002 520/1003 | Building mesh BLAS |      12 tris | Right upper codex_page_edges_curve.002
Fra:1 Mem:75.32M (Peak 124.44M) | Time:00:00.27 | Mem:2.46M, Peak:2.46M | Scene, ViewLayer | Updating Geometry BVH Cylinder.273 928/1003 | Building BVH
Fra:1 Mem:75.32M (Peak 124.44M) | Time:00:00.27 | Mem:2.46M, Peak:2.46M | Scene, ViewLayer | Updating Geometry BVH Cylinder.273 928/1003 | Building mesh BLAS |      52 tris | Cylinder.273
Fra:1 Mem:75.32M (Peak 124.44M) | Time:00:00.27 | Mem:2.46M, Peak:2.46M | Scene, ViewLayer | Updating Geometry BVH Right upper codex_page_edges_curve.003 521/1003 | Building BVH
Fra:1 Mem:75.32M (Peak 124.44M) | Time:00:00.27 | Mem:2.46M, Peak:2.46M | Scene, ViewLayer | Updating Geometry BVH Right upper codex_page_edges_curve.003 521/1003 | Building mesh BLAS |      12 tris | Right upper codex_page_edges_curve.003
Fra:1 Mem:75.32M (Peak 124.44M) | Time:00:00.27 | Mem:2.46M, Peak:2.46M | Scene, ViewLayer | Updating Geometry BVH Right upper codex_page_edges_curve.004 522/1003 | Building BVH
Fra:1 Mem:75.32M (Peak 124.44M) | Time:00:00.27 | Mem:2.47M, Peak:2.47M | Scene, ViewLayer | Updating Geometry BVH Right upper codex_page_edges_curve.004 522/1003 | Building mesh BLAS |      12 tris | Right upper codex_page_edges_curve.004
Fra:1 Mem:75.32M (Peak 124.44M) | Time:00:00.27 | Mem:2.47M, Peak:2.47M | Scene, ViewLayer | Updating Geometry BVH Right upper codex_corner_plate_mesh 523/1003 | Building BVH
Fra:1 Mem:75.32M (Peak 124.44M) | Time:00:00.27 | Mem:2.47M, Peak:2.47M | Scene, ViewLayer | Updating Geometry BVH Right upper codex_corner_plate_mesh 523/1003 | Building mesh BLAS |       1 tris | Right upper codex_corner_plate_mesh
Fra:1 Mem:75.32M (Peak 124.44M) | Time:00:00.27 | Mem:2.48M, Peak:2.48M | Scene, ViewLayer | Updating Geometry BVH Icosphere.041 524/1003 | Building BVH
Fra:1 Mem:75.32M (Peak 124.44M) | Time:00:00.27 | Mem:2.48M, Peak:2.48M | Scene, ViewLayer | Updating Geometry BVH Icosphere.041 524/1003 | Building mesh BLAS |      20 tris | Icosphere.041
Fra:1 Mem:75.32M (Peak 124.44M) | Time:00:00.27 | Mem:2.48M, Peak:2.48M | Scene, ViewLayer | Updating Geometry BVH Right upper codex_corner_plate_mesh.001 525/1003 | Building BVH
Fra:1 Mem:75.32M (Peak 124.44M) | Time:00:00.27 | Mem:2.49M, Peak:2.49M | Scene, ViewLayer | Updating Geometry BVH Right upper codex_corner_plate_mesh.001 525/1003 | Building mesh BLAS |       1 tris | Right upper codex_corner_plate_mesh.001
Fra:1 Mem:75.32M (Peak 124.44M) | Time:00:00.27 | Mem:2.49M, Peak:2.49M | Scene, ViewLayer | Updating Geometry BVH Icosphere.042 526/1003 | Building BVH
Fra:1 Mem:75.32M (Peak 124.44M) | Time:00:00.27 | Mem:2.49M, Peak:2.49M | Scene, ViewLayer | Updating Geometry BVH Icosphere.042 526/1003 | Building mesh BLAS |      20 tris | Icosphere.042
Fra:1 Mem:75.32M (Peak 124.44M) | Time:00:00.27 | Mem:2.49M, Peak:2.49M | Scene, ViewLayer | Updating Geometry BVH Right upper codex_corner_plate_mesh.002 527/1003 | Building BVH
Fra:1 Mem:75.32M (Peak 124.44M) | Time:00:00.27 | Mem:2.49M, Peak:2.49M | Scene, ViewLayer | Updating Geometry BVH Icosphere.043 528/1003 | Building BVH
Fra:1 Mem:75.32M (Peak 124.44M) | Time:00:00.27 | Mem:2.49M, Peak:2.49M | Scene, ViewLayer | Updating Geometry BVH Icosphere.043 528/1003 | Building mesh BLAS |      20 tris | Icosphere.043
Fra:1 Mem:75.32M (Peak 124.44M) | Time:00:00.27 | Mem:2.49M, Peak:2.49M | Scene, ViewLayer | Updating Geometry BVH Icosphere.135 927/1003 | Building BVH
Fra:1 Mem:75.32M (Peak 124.44M) | Time:00:00.27 | Mem:2.49M, Peak:2.49M | Scene, ViewLayer | Updating Geometry BVH Icosphere.135 927/1003 | Building mesh BLAS |      20 tris | Icosphere.135
Fra:1 Mem:75.32M (Peak 124.44M) | Time:00:00.27 | Mem:2.49M, Peak:2.49M | Scene, ViewLayer | Updating Geometry BVH Right upper codex_corner_plate_mesh.003 529/1003 | Building BVH
Fra:1 Mem:75.32M (Peak 124.44M) | Time:00:00.27 | Mem:2.49M, Peak:2.49M | Scene, ViewLayer | Updating Geometry BVH Icosphere.044 530/1003 | Building BVH
Fra:1 Mem:75.32M (Peak 124.44M) | Time:00:00.27 | Mem:2.49M, Peak:2.49M | Scene, ViewLayer | Updating Geometry BVH Icosphere.044 530/1003 | Building mesh BLAS |       1 tris | Right upper codex_corner_plate_mesh.003
Fra:1 Mem:75.32M (Peak 124.44M) | Time:00:00.27 | Mem:2.49M, Peak:2.49M | Scene, ViewLayer | Updating Geometry BVH Icosphere.044 530/1003 | Building mesh BLAS |      20 tris | Icosphere.044
Fra:1 Mem:75.32M (Peak 124.44M) | Time:00:00.27 | Mem:2.50M, Peak:2.50M | Scene, ViewLayer | Updating Geometry BVH Right tarnished chalice_mesh 531/1003 | Building BVH
Fra:1 Mem:75.32M (Peak 124.44M) | Time:00:00.27 | Mem:2.50M, Peak:2.50M | Scene, ViewLayer | Updating Geometry BVH Cube.054 533/1003 | Building BVH
Fra:1 Mem:75.32M (Peak 124.44M) | Time:00:00.27 | Mem:2.50M, Peak:2.50M | Scene, ViewLayer | Updating Geometry BVH Cube.054 533/1003 | Building mesh BLAS |     896 tris | Right tarnished chalice_mesh
Fra:1 Mem:75.32M (Peak 124.44M) | Time:00:00.27 | Mem:2.50M, Peak:2.50M | Scene, ViewLayer | Updating Geometry BVH Cube.054 533/1003 | Building mesh BLAS |      92 tris | Cylinder.147
Fra:1 Mem:75.32M (Peak 124.44M) | Time:00:00.27 | Mem:2.50M, Peak:2.50M | Scene, ViewLayer | Updating Geometry BVH Cube.054 533/1003 | Building mesh BLAS |     108 tris | Cube.054
Fra:1 Mem:75.32M (Peak 124.44M) | Time:00:00.27 | Mem:2.50M, Peak:2.50M | Scene, ViewLayer | Updating Geometry BVH Cube.055 534/1003 | Building BVH
Fra:1 Mem:75.32M (Peak 124.44M) | Time:00:00.27 | Mem:2.50M, Peak:2.50M | Scene, ViewLayer | Updating Geometry BVH Cube.055 534/1003 | Building mesh BLAS |     108 tris | Cube.055
Fra:1 Mem:75.32M (Peak 124.44M) | Time:00:00.27 | Mem:2.50M, Peak:2.50M | Scene, ViewLayer | Updating Geometry BVH Cube.056 535/1003 | Building BVH
Fra:1 Mem:75.32M (Peak 124.44M) | Time:00:00.27 | Mem:2.50M, Peak:2.50M | Scene, ViewLayer | Updating Geometry BVH Cube.056 535/1003 | Building mesh BLAS |     108 tris | Cube.056
Fra:1 Mem:75.32M (Peak 124.44M) | Time:00:00.27 | Mem:2.50M, Peak:2.50M | Scene, ViewLayer | Updating Geometry BVH Cube.057 536/1003 | Building BVH
Fra:1 Mem:75.32M (Peak 124.44M) | Time:00:00.27 | Mem:2.50M, Peak:2.50M | Scene, ViewLayer | Updating Geometry BVH Reliquary | lancet frame_voussoir_mesh 537/1003 | Building BVH
Fra:1 Mem:75.32M (Peak 124.44M) | Time:00:00.27 | Mem:2.50M, Peak:2.50M | Scene, ViewLayer | Updating Geometry BVH Reliquary | lancet frame_voussoir_mesh 537/1003 | Building mesh BLAS |      12 tris | Reliquary | lancet frame_voussoir_mesh
Fra:1 Mem:75.32M (Peak 124.44M) | Time:00:00.27 | Mem:2.50M, Peak:2.50M | Scene, ViewLayer | Updating Geometry BVH Cylinder.272 926/1003 | Building BVH
Fra:1 Mem:75.32M (Peak 124.44M) | Time:00:00.27 | Mem:2.50M, Peak:2.50M | Scene, ViewLayer | Updating Geometry BVH Cylinder.272 926/1003 | Building mesh BLAS |      24 tris | Cylinder.272
Fra:1 Mem:75.32M (Peak 124.44M) | Time:00:00.27 | Mem:2.53M, Peak:2.53M | Scene, ViewLayer | Updating Geometry BVH Reliquary | lancet frame_voussoir_mesh.001 538/1003 | Building BVH
Fra:1 Mem:75.32M (Peak 124.44M) | Time:00:00.27 | Mem:2.54M, Peak:2.54M | Scene, ViewLayer | Updating Geometry BVH Reliquary | lancet frame_voussoir_mesh.001 538/1003 | Building mesh BLAS |      12 tris | Reliquary | lancet frame_voussoir_mesh.001
Fra:1 Mem:75.32M (Peak 124.44M) | Time:00:00.27 | Mem:2.54M, Peak:2.54M | Scene, ViewLayer | Updating Geometry BVH Reliquary | lancet frame_voussoir_mesh.003 540/1003 | Building BVH
Fra:1 Mem:75.32M (Peak 124.44M) | Time:00:00.27 | Mem:2.54M, Peak:2.54M | Scene, ViewLayer | Updating Geometry BVH Reliquary | lancet frame_voussoir_mesh.003 540/1003 | Building mesh BLAS |      12 tris | Reliquary | lancet frame_voussoir_mesh.003
Fra:1 Mem:75.32M (Peak 124.44M) | Time:00:00.27 | Mem:2.54M, Peak:2.54M | Scene, ViewLayer | Updating Geometry BVH Reliquary | lancet frame_voussoir_mesh.004 541/1003 | Building BVH
Fra:1 Mem:75.32M (Peak 124.44M) | Time:00:00.27 | Mem:2.54M, Peak:2.54M | Scene, ViewLayer | Updating Geometry BVH Reliquary | lancet frame_voussoir_mesh.006 543/1003 | Building mesh BLAS |      12 tris | Reliquary | lancet frame_voussoir_mesh.004
Fra:1 Mem:75.32M (Peak 124.44M) | Time:00:00.27 | Mem:2.54M, Peak:2.54M | Scene, ViewLayer | Updating Geometry BVH Reliquary | lancet frame_voussoir_mesh.006 543/1003 | Building mesh BLAS |      12 tris | Reliquary | lancet frame_voussoir_mesh.006
Fra:1 Mem:75.32M (Peak 124.44M) | Time:00:00.27 | Mem:2.54M, Peak:2.54M | Scene, ViewLayer | Updating Geometry BVH Reliquary | lancet frame_voussoir_mesh.007 544/1003 | Building BVH
Fra:1 Mem:75.32M (Peak 124.44M) | Time:00:00.27 | Mem:2.54M, Peak:2.54M | Scene, ViewLayer | Updating Geometry BVH Reliquary | lancet frame_voussoir_mesh.007 544/1003 | Building mesh BLAS |      12 tris | Reliquary | lancet frame_voussoir_mesh.005
Fra:1 Mem:75.32M (Peak 124.44M) | Time:00:00.27 | Mem:2.54M, Peak:2.54M | Scene, ViewLayer | Updating Geometry BVH Reliquary | lancet frame_voussoir_mesh.007 544/1003 | Building mesh BLAS |      12 tris | Reliquary | lancet frame_voussoir_mesh.007
Fra:1 Mem:75.32M (Peak 124.44M) | Time:00:00.27 | Mem:2.56M, Peak:2.56M | Scene, ViewLayer | Updating Geometry BVH Reliquary | lancet frame_voussoir_mesh.008 545/1003 | Building BVH
Fra:1 Mem:75.32M (Peak 124.44M) | Time:00:00.27 | Mem:2.56M, Peak:2.56M | Scene, ViewLayer | Updating Geometry BVH Icosphere.134 925/1003 | Building mesh BLAS |      12 tris | Reliquary | lancet frame_voussoir_mesh.008
Fra:1 Mem:75.32M (Peak 124.44M) | Time:00:00.27 | Mem:2.56M, Peak:2.56M | Scene, ViewLayer | Updating Geometry BVH Reliquary | lancet frame_voussoir_mesh.009 546/1003 | Building BVH
Fra:1 Mem:75.32M (Peak 124.44M) | Time:00:00.27 | Mem:2.56M, Peak:2.56M | Scene, ViewLayer | Updating Geometry BVH Reliquary | lancet frame_voussoir_mesh.009 546/1003 | Building mesh BLAS |      20 tris | Icosphere.134
Fra:1 Mem:75.32M (Peak 124.44M) | Time:00:00.27 | Mem:2.56M, Peak:2.56M | Scene, ViewLayer | Updating Geometry BVH Reliquary | lancet frame_voussoir_mesh.009 546/1003 | Building mesh BLAS |      12 tris | Reliquary | lancet frame_voussoir_mesh.009
Fra:1 Mem:75.32M (Peak 124.44M) | Time:00:00.27 | Mem:2.56M, Peak:2.56M | Scene, ViewLayer | Updating Geometry BVH Reliquary | lancet frame_voussoir_mesh.010 547/1003 | Building BVH
Fra:1 Mem:75.32M (Peak 124.44M) | Time:00:00.27 | Mem:2.56M, Peak:2.56M | Scene, ViewLayer | Updating Geometry BVH Reliquary | lancet frame_voussoir_mesh.010 547/1003 | Building mesh BLAS |      12 tris | Reliquary | lancet frame_voussoir_mesh.010
Fra:1 Mem:75.32M (Peak 124.44M) | Time:00:00.27 | Mem:2.57M, Peak:2.57M | Scene, ViewLayer | Updating Geometry BVH Reliquary | lancet frame_voussoir_mesh.011 548/1003 | Building BVH
Fra:1 Mem:75.32M (Peak 124.44M) | Time:00:00.27 | Mem:2.57M, Peak:2.57M | Scene, ViewLayer | Updating Geometry BVH Reliquary | lancet frame_voussoir_mesh.011 548/1003 | Building mesh BLAS |      12 tris | Reliquary | lancet frame_voussoir_mesh.011
Fra:1 Mem:75.32M (Peak 124.44M) | Time:00:00.27 | Mem:2.57M, Peak:2.57M | Scene, ViewLayer | Updating Geometry BVH Reliquary | lancet frame_voussoir_mesh.012 549/1003 | Building BVH
Fra:1 Mem:75.32M (Peak 124.44M) | Time:00:00.27 | Mem:2.58M, Peak:2.58M | Scene, ViewLayer | Updating Geometry BVH Reliquary | lancet frame_voussoir_mesh.012 549/1003 | Building mesh BLAS |      12 tris | Reliquary | lancet frame_voussoir_mesh.012
Fra:1 Mem:75.32M (Peak 124.44M) | Time:00:00.27 | Mem:2.58M, Peak:2.58M | Scene, ViewLayer | Updating Geometry BVH Reliquary | lancet frame_voussoir_mesh.014 551/1003 | Building BVH
Fra:1 Mem:75.32M (Peak 124.44M) | Time:00:00.27 | Mem:2.58M, Peak:2.58M | Scene, ViewLayer | Updating Geometry BVH Reliquary | lancet frame_voussoir_mesh.016 553/1003 | Building BVH
Fra:1 Mem:75.32M (Peak 124.44M) | Time:00:00.27 | Mem:2.58M, Peak:2.58M | Scene, ViewLayer | Updating Geometry BVH Reliquary | lancet frame_voussoir_mesh.016 553/1003 | Building mesh BLAS |      12 tris | Reliquary | lancet frame_voussoir_mesh.014
Fra:1 Mem:75.32M (Peak 124.44M) | Time:00:00.27 | Mem:2.58M, Peak:2.58M | Scene, ViewLayer | Updating Geometry BVH Reliquary | lancet frame_voussoir_mesh.016 553/1003 | Building mesh BLAS |      12 tris | Reliquary | lancet frame_voussoir_mesh.016
Fra:1 Mem:75.32M (Peak 124.44M) | Time:00:00.27 | Mem:2.58M, Peak:2.58M | Scene, ViewLayer | Updating Geometry BVH Reliquary | lancet frame_voussoir_mesh.016 553/1003 | Building mesh BLAS |      12 tris | Reliquary | lancet frame_voussoir_mesh.013
Fra:1 Mem:75.32M (Peak 124.44M) | Time:00:00.27 | Mem:2.58M, Peak:2.58M | Scene, ViewLayer | Updating Geometry BVH Reliquary | lancet frame_voussoir_mesh.016 553/1003 | Building mesh BLAS |      12 tris | Reliquary | lancet frame_voussoir_mesh.015
Fra:1 Mem:75.32M (Peak 124.44M) | Time:00:00.27 | Mem:2.64M, Peak:2.64M | Scene, ViewLayer | Updating Geometry BVH Reliquary | lancet frame_voussoir_mesh.017 554/1003 | Building BVH
Fra:1 Mem:75.32M (Peak 124.44M) | Time:00:00.27 | Mem:2.64M, Peak:2.64M | Scene, ViewLayer | Updating Geometry BVH Reliquary | lancet frame_voussoir_mesh.017 554/1003 | Building mesh BLAS |      12 tris | Reliquary | lancet frame_voussoir_mesh.017
Fra:1 Mem:75.32M (Peak 124.44M) | Time:00:00.27 | Mem:2.64M, Peak:2.64M | Scene, ViewLayer | Updating Geometry BVH Cylinder.271 924/1003 | Building BVH
Fra:1 Mem:75.32M (Peak 124.44M) | Time:00:00.27 | Mem:2.64M, Peak:2.64M | Scene, ViewLayer | Updating Geometry BVH Cylinder.271 924/1003 | Building mesh BLAS |      24 tris | Cylinder.271
Fra:1 Mem:75.32M (Peak 124.44M) | Time:00:00.27 | Mem:2.64M, Peak:2.64M | Scene, ViewLayer | Updating Geometry BVH Reliquary | lancet frame_voussoir_mesh.018 555/1003 | Building BVH
Fra:1 Mem:75.32M (Peak 124.44M) | Time:00:00.27 | Mem:2.64M, Peak:2.64M | Scene, ViewLayer | Updating Geometry BVH Reliquary | lancet frame_voussoir_mesh.018 555/1003 | Building mesh BLAS |      12 tris | Reliquary | lancet frame_voussoir_mesh.018
Fra:1 Mem:75.32M (Peak 124.44M) | Time:00:00.27 | Mem:2.65M, Peak:2.65M | Scene, ViewLayer | Updating Geometry BVH Reliquary | lancet frame_voussoir_mesh.019 556/1003 | Building BVH
Fra:1 Mem:75.32M (Peak 124.44M) | Time:00:00.27 | Mem:2.65M, Peak:2.65M | Scene, ViewLayer | Updating Geometry BVH Reliquary | lancet frame_voussoir_mesh.020 557/1003 | Building BVH
Fra:1 Mem:75.32M (Peak 124.44M) | Time:00:00.27 | Mem:2.65M, Peak:2.65M | Scene, ViewLayer | Updating Geometry BVH Reliquary | lancet frame_voussoir_mesh.020 557/1003 | Building mesh BLAS |      12 tris | Reliquary | lancet frame_voussoir_mesh.020
Fra:1 Mem:75.32M (Peak 124.44M) | Time:00:00.27 | Mem:2.65M, Peak:2.65M | Scene, ViewLayer | Updating Geometry BVH Reliquary | lancet frame_voussoir_mesh.021 558/1003 | Building BVH
Fra:1 Mem:75.32M (Peak 124.44M) | Time:00:00.27 | Mem:2.65M, Peak:2.65M | Scene, ViewLayer | Updating Geometry BVH Reliquary | lancet frame_voussoir_mesh.021 558/1003 | Building mesh BLAS |      12 tris | Reliquary | lancet frame_voussoir_mesh.021
Fra:1 Mem:75.32M (Peak 124.44M) | Time:00:00.27 | Mem:2.65M, Peak:2.65M | Scene, ViewLayer | Updating Geometry BVH Reliquary | lancet frame_voussoir_mesh.022 559/1003 | Building BVH
Fra:1 Mem:75.32M (Peak 124.44M) | Time:00:00.27 | Mem:2.65M, Peak:2.65M | Scene, ViewLayer | Updating Geometry BVH Reliquary | lancet frame_voussoir_mesh.023 560/1003 | Building BVH
Fra:1 Mem:75.32M (Peak 124.44M) | Time:00:00.27 | Mem:2.65M, Peak:2.65M | Scene, ViewLayer | Updating Geometry BVH Reliquary | lancet frame_voussoir_mesh.023 560/1003 | Building mesh BLAS |      12 tris | Reliquary | lancet frame_voussoir_mesh.023
Fra:1 Mem:75.32M (Peak 124.44M) | Time:00:00.27 | Mem:2.65M, Peak:2.65M | Scene, ViewLayer | Updating Geometry BVH Reliquary | lancet frame_voussoir_mesh.024 561/1003 | Building BVH
Fra:1 Mem:75.32M (Peak 124.44M) | Time:00:00.27 | Mem:2.65M, Peak:2.65M | Scene, ViewLayer | Updating Geometry BVH Reliquary | lancet frame_voussoir_mesh.025 562/1003 | Building BVH
Fra:1 Mem:75.32M (Peak 124.44M) | Time:00:00.27 | Mem:2.65M, Peak:2.65M | Scene, ViewLayer | Updating Geometry BVH Reliquary | lancet frame_voussoir_mesh.025 562/1003 | Building mesh BLAS |      12 tris | Reliquary | lancet frame_voussoir_mesh.024
Fra:1 Mem:75.32M (Peak 124.44M) | Time:00:00.27 | Mem:2.65M, Peak:2.65M | Scene, ViewLayer | Updating Geometry BVH Reliquary | lancet frame_voussoir_mesh.025 562/1003 | Building mesh BLAS |      12 tris | Reliquary | lancet frame_voussoir_mesh.025
Fra:1 Mem:75.32M (Peak 124.44M) | Time:00:00.27 | Mem:2.66M, Peak:2.66M | Scene, ViewLayer | Updating Geometry BVH Cylinder.148 563/1003 | Building BVH
Fra:1 Mem:75.32M (Peak 124.44M) | Time:00:00.27 | Mem:2.66M, Peak:2.66M | Scene, ViewLayer | Updating Geometry BVH Cylinder.148 563/1003 | Building mesh BLAS |      36 tris | Cylinder.148
Fra:1 Mem:75.32M (Peak 124.44M) | Time:00:00.27 | Mem:2.66M, Peak:2.66M | Scene, ViewLayer | Updating Geometry BVH Icosphere.133 923/1003 | Building BVH
Fra:1 Mem:75.32M (Peak 124.44M) | Time:00:00.27 | Mem:2.66M, Peak:2.66M | Scene, ViewLayer | Updating Geometry BVH Reliquary | finial_mesh 564/1003 | Building BVH
Fra:1 Mem:75.32M (Peak 124.44M) | Time:00:00.27 | Mem:2.66M, Peak:2.66M | Scene, ViewLayer | Updating Geometry BVH Reliquary | finial_mesh 564/1003 | Building mesh BLAS |      20 tris | Icosphere.133
Fra:1 Mem:75.32M (Peak 124.44M) | Time:00:00.27 | Mem:2.66M, Peak:2.66M | Scene, ViewLayer | Updating Geometry BVH Reliquary | finial_mesh 564/1003 | Building mesh BLAS |      48 tris | Reliquary | finial_mesh
Fra:1 Mem:75.32M (Peak 124.44M) | Time:00:00.27 | Mem:2.66M, Peak:2.66M | Scene, ViewLayer | Updating Geometry BVH Cylinder.149 565/1003 | Building BVH
Fra:1 Mem:75.32M (Peak 124.44M) | Time:00:00.27 | Mem:2.66M, Peak:2.66M | Scene, ViewLayer | Updating Geometry BVH Cylinder.149 565/1003 | Building mesh BLAS |      36 tris | Cylinder.149
Fra:1 Mem:75.32M (Peak 124.44M) | Time:00:00.27 | Mem:2.66M, Peak:2.66M | Scene, ViewLayer | Updating Geometry BVH Reliquary | finial_mesh.001 566/1003 | Building BVH
Fra:1 Mem:75.32M (Peak 124.44M) | Time:00:00.27 | Mem:2.66M, Peak:2.66M | Scene, ViewLayer | Updating Geometry BVH Cylinder.150 567/1003 | Building BVH
Fra:1 Mem:75.32M (Peak 124.44M) | Time:00:00.27 | Mem:2.66M, Peak:2.66M | Scene, ViewLayer | Updating Geometry BVH Cylinder.150 567/1003 | Building mesh BLAS |      36 tris | Cylinder.150
Fra:1 Mem:75.32M (Peak 124.44M) | Time:00:00.27 | Mem:2.66M, Peak:2.66M | Scene, ViewLayer | Updating Geometry BVH Cylinder.151 569/1003 | Building BVH
Fra:1 Mem:75.32M (Peak 124.44M) | Time:00:00.27 | Mem:2.66M, Peak:2.66M | Scene, ViewLayer | Updating Geometry BVH Reliquary | finial_mesh.002 568/1003 | Building BVH
Fra:1 Mem:75.32M (Peak 124.44M) | Time:00:00.27 | Mem:2.66M, Peak:2.66M | Scene, ViewLayer | Updating Geometry BVH Reliquary | finial_mesh.002 568/1003 | Building mesh BLAS |      36 tris | Cylinder.151
Fra:1 Mem:75.32M (Peak 124.44M) | Time:00:00.27 | Mem:2.66M, Peak:2.66M | Scene, ViewLayer | Updating Geometry BVH Reliquary | finial_mesh.002 568/1003 | Building mesh BLAS |      48 tris | Reliquary | finial_mesh.002
Fra:1 Mem:75.32M (Peak 124.44M) | Time:00:00.27 | Mem:2.66M, Peak:2.66M | Scene, ViewLayer | Updating Geometry BVH Reliquary | finial_mesh.003 570/1003 | Building BVH
Fra:1 Mem:75.32M (Peak 124.44M) | Time:00:00.27 | Mem:2.66M, Peak:2.66M | Scene, ViewLayer | Updating Geometry BVH Reliquary | pitched roof_mesh 571/1003 | Building BVH
Fra:1 Mem:75.32M (Peak 124.44M) | Time:00:00.27 | Mem:2.66M, Peak:2.66M | Scene, ViewLayer | Updating Geometry BVH Reliquary | pitched roof_mesh 571/1003 | Building mesh BLAS |      48 tris | Reliquary | finial_mesh.003
Fra:1 Mem:75.32M (Peak 124.44M) | Time:00:00.27 | Mem:2.66M, Peak:2.66M | Scene, ViewLayer | Updating Geometry BVH Reliquary | pitched roof_mesh 571/1003 | Building mesh BLAS |       4 tris | Reliquary | pitched roof_mesh
Fra:1 Mem:75.32M (Peak 124.44M) | Time:00:00.27 | Mem:2.66M, Peak:2.66M | Scene, ViewLayer | Updating Geometry BVH Icosphere.045 572/1003 | Building BVH
Fra:1 Mem:75.32M (Peak 124.44M) | Time:00:00.27 | Mem:2.66M, Peak:2.66M | Scene, ViewLayer | Updating Geometry BVH Icosphere.045 572/1003 | Building mesh BLAS |      20 tris | Icosphere.045
Fra:1 Mem:75.32M (Peak 124.44M) | Time:00:00.27 | Mem:2.67M, Peak:2.67M | Scene, ViewLayer | Updating Geometry BVH Cylinder.270 922/1003 | Building BVH
Fra:1 Mem:75.32M (Peak 124.44M) | Time:00:00.27 | Mem:2.67M, Peak:2.67M | Scene, ViewLayer | Updating Geometry BVH Cylinder.270 922/1003 | Building mesh BLAS |      24 tris | Cylinder.270
Fra:1 Mem:75.32M (Peak 124.44M) | Time:00:00.27 | Mem:2.68M, Peak:2.68M | Scene, ViewLayer | Updating Geometry BVH Cylinder.152 573/1003 | Building BVH
Fra:1 Mem:75.32M (Peak 124.44M) | Time:00:00.27 | Mem:2.68M, Peak:2.68M | Scene, ViewLayer | Updating Geometry BVH Loose parchment_mesh 574/1003 | Building BVH
Fra:1 Mem:75.32M (Peak 124.44M) | Time:00:00.27 | Mem:2.68M, Peak:2.68M | Scene, ViewLayer | Updating Geometry BVH Loose parchment_mesh 574/1003 | Building mesh BLAS |      36 tris | Cylinder.152
Fra:1 Mem:75.32M (Peak 124.44M) | Time:00:00.27 | Mem:2.68M, Peak:2.68M | Scene, ViewLayer | Updating Geometry BVH Loose parchment_mesh 574/1003 | Building mesh BLAS |     240 tris | Loose parchment_mesh
Fra:1 Mem:75.32M (Peak 124.44M) | Time:00:00.28 | Mem:2.68M, Peak:2.68M | Scene, ViewLayer | Updating Geometry BVH Folded vellum_mesh 575/1003 | Building BVH
Fra:1 Mem:75.32M (Peak 124.44M) | Time:00:00.28 | Mem:2.68M, Peak:2.68M | Scene, ViewLayer | Updating Geometry BVH Cylinder.153 576/1003 | Building BVH
Fra:1 Mem:75.32M (Peak 124.44M) | Time:00:00.28 | Mem:2.68M, Peak:2.68M | Scene, ViewLayer | Updating Geometry BVH Cylinder.153 576/1003 | Building mesh BLAS |     240 tris | Folded vellum_mesh
Fra:1 Mem:75.32M (Peak 124.44M) | Time:00:00.28 | Mem:2.68M, Peak:2.68M | Scene, ViewLayer | Updating Geometry BVH Cylinder.153 576/1003 | Building mesh BLAS |      56 tris | Cylinder.153
Fra:1 Mem:75.32M (Peak 124.44M) | Time:00:00.28 | Mem:2.68M, Peak:2.68M | Scene, ViewLayer | Updating Geometry BVH Seal cord_curve 577/1003 | Building BVH
Fra:1 Mem:75.32M (Peak 124.44M) | Time:00:00.28 | Mem:2.68M, Peak:2.68M | Scene, ViewLayer | Updating Geometry BVH Seal cord_curve 577/1003 | Building mesh BLAS |      36 tris | Seal cord_curve
Fra:1 Mem:75.32M (Peak 124.44M) | Time:00:00.28 | Mem:2.68M, Peak:2.68M | Scene, ViewLayer | Updating Geometry BVH Book chain | iron link_curve 578/1003 | Building BVH
Fra:1 Mem:75.32M (Peak 124.44M) | Time:00:00.28 | Mem:2.68M, Peak:2.68M | Scene, ViewLayer | Updating Geometry BVH Book chain | iron link_curve.001 579/1003 | Building BVH
Fra:1 Mem:75.32M (Peak 124.44M) | Time:00:00.28 | Mem:2.68M, Peak:2.68M | Scene, ViewLayer | Updating Geometry BVH Book chain | iron link_curve.001 579/1003 | Building mesh BLAS |     144 tris | Book chain | iron link_curve
Fra:1 Mem:75.32M (Peak 124.44M) | Time:00:00.28 | Mem:2.68M, Peak:2.68M | Scene, ViewLayer | Updating Geometry BVH Book chain | iron link_curve.001 579/1003 | Building mesh BLAS |     144 tris | Book chain | iron link_curve.001
Fra:1 Mem:75.32M (Peak 124.44M) | Time:00:00.28 | Mem:2.68M, Peak:2.68M | Scene, ViewLayer | Updating Geometry BVH Book chain | iron link_curve.002 580/1003 | Building BVH
Fra:1 Mem:75.32M (Peak 124.44M) | Time:00:00.28 | Mem:2.68M, Peak:2.68M | Scene, ViewLayer | Updating Geometry BVH Book chain | iron link_curve.002 580/1003 | Building mesh BLAS |     144 tris | Book chain | iron link_curve.002
Fra:1 Mem:75.32M (Peak 124.44M) | Time:00:00.28 | Mem:2.68M, Peak:2.68M | Scene, ViewLayer | Updating Geometry BVH Book chain | iron link_curve.003 581/1003 | Building BVH
Fra:1 Mem:75.32M (Peak 124.44M) | Time:00:00.28 | Mem:2.68M, Peak:2.68M | Scene, ViewLayer | Updating Geometry BVH Book chain | iron link_curve.003 581/1003 | Building mesh BLAS |     144 tris | Book chain | iron link_curve.003
Fra:1 Mem:75.32M (Peak 124.44M) | Time:00:00.28 | Mem:2.68M, Peak:2.68M | Scene, ViewLayer | Updating Geometry BVH Icosphere.132 921/1003 | Building BVH
Fra:1 Mem:75.32M (Peak 124.44M) | Time:00:00.28 | Mem:2.69M, Peak:2.69M | Scene, ViewLayer | Updating Geometry BVH Icosphere.132 921/1003 | Building mesh BLAS |      20 tris | Icosphere.132
Fra:1 Mem:75.32M (Peak 124.44M) | Time:00:00.28 | Mem:2.69M, Peak:2.69M | Scene, ViewLayer | Updating Geometry BVH Book chain | iron link_curve.004 582/1003 | Building BVH
Fra:1 Mem:75.32M (Peak 124.44M) | Time:00:00.28 | Mem:2.69M, Peak:2.69M | Scene, ViewLayer | Updating Geometry BVH Book chain | iron link_curve.004 582/1003 | Building mesh BLAS |     144 tris | Book chain | iron link_curve.004
Fra:1 Mem:75.32M (Peak 124.44M) | Time:00:00.28 | Mem:2.69M, Peak:2.69M | Scene, ViewLayer | Updating Geometry BVH Book chain | iron link_curve.005 583/1003 | Building BVH
Fra:1 Mem:75.32M (Peak 124.44M) | Time:00:00.28 | Mem:2.69M, Peak:2.69M | Scene, ViewLayer | Updating Geometry BVH Book chain | iron link_curve.005 583/1003 | Building mesh BLAS |     144 tris | Book chain | iron link_curve.005
Fra:1 Mem:75.32M (Peak 124.44M) | Time:00:00.28 | Mem:2.69M, Peak:2.69M | Scene, ViewLayer | Updating Geometry BVH Book chain | iron link_curve.006 584/1003 | Building BVH
Fra:1 Mem:75.32M (Peak 124.44M) | Time:00:00.28 | Mem:2.69M, Peak:2.69M | Scene, ViewLayer | Updating Geometry BVH Book chain | iron link_curve.006 584/1003 | Building mesh BLAS |     144 tris | Book chain | iron link_curve.006
Fra:1 Mem:75.32M (Peak 124.44M) | Time:00:00.28 | Mem:2.69M, Peak:2.69M | Scene, ViewLayer | Updating Geometry BVH Book chain | iron link_curve.007 585/1003 | Building BVH
Fra:1 Mem:75.32M (Peak 124.44M) | Time:00:00.28 | Mem:2.69M, Peak:2.69M | Scene, ViewLayer | Updating Geometry BVH Book chain | iron link_curve.007 585/1003 | Building mesh BLAS |     144 tris | Book chain | iron link_curve.007
Fra:1 Mem:75.32M (Peak 124.44M) | Time:00:00.28 | Mem:2.69M, Peak:2.69M | Scene, ViewLayer | Updating Geometry BVH Book chain | iron link_curve.008 586/1003 | Building BVH
Fra:1 Mem:75.32M (Peak 124.44M) | Time:00:00.28 | Mem:2.69M, Peak:2.69M | Scene, ViewLayer | Updating Geometry BVH Book chain | iron link_curve.008 586/1003 | Building mesh BLAS |     144 tris | Book chain | iron link_curve.008
Fra:1 Mem:75.32M (Peak 124.44M) | Time:00:00.28 | Mem:2.69M, Peak:2.69M | Scene, ViewLayer | Updating Geometry BVH Book chain | iron link_curve.009 587/1003 | Building BVH
Fra:1 Mem:75.32M (Peak 124.44M) | Time:00:00.28 | Mem:2.69M, Peak:2.69M | Scene, ViewLayer | Updating Geometry BVH Book chain | iron link_curve.009 587/1003 | Building mesh BLAS |     144 tris | Book chain | iron link_curve.009
Fra:1 Mem:75.32M (Peak 124.44M) | Time:00:00.28 | Mem:2.69M, Peak:2.69M | Scene, ViewLayer | Updating Geometry BVH Book chain | iron link_curve.010 588/1003 | Building BVH
Fra:1 Mem:75.32M (Peak 124.44M) | Time:00:00.28 | Mem:2.69M, Peak:2.69M | Scene, ViewLayer | Updating Geometry BVH Book chain | iron link_curve.010 588/1003 | Building mesh BLAS |     144 tris | Book chain | iron link_curve.010
Fra:1 Mem:75.32M (Peak 124.44M) | Time:00:00.28 | Mem:2.70M, Peak:2.70M | Scene, ViewLayer | Updating Geometry BVH Book chain | iron link_curve.011 589/1003 | Building BVH
Fra:1 Mem:75.32M (Peak 124.44M) | Time:00:00.28 | Mem:2.70M, Peak:2.70M | Scene, ViewLayer | Updating Geometry BVH Book chain | iron link_curve.012 590/1003 | Building BVH
Fra:1 Mem:75.32M (Peak 124.44M) | Time:00:00.28 | Mem:2.70M, Peak:2.70M | Scene, ViewLayer | Updating Geometry BVH Book chain | iron link_curve.012 590/1003 | Building mesh BLAS |     144 tris | Book chain | iron link_curve.011
Fra:1 Mem:75.32M (Peak 124.44M) | Time:00:00.28 | Mem:2.70M, Peak:2.70M | Scene, ViewLayer | Updating Geometry BVH Book chain | iron link_curve.012 590/1003 | Building mesh BLAS |     144 tris | Book chain | iron link_curve.012
Fra:1 Mem:75.32M (Peak 124.44M) | Time:00:00.28 | Mem:2.71M, Peak:2.71M | Scene, ViewLayer | Updating Geometry BVH Cylinder.269 920/1003 | Building BVH
Fra:1 Mem:75.32M (Peak 124.44M) | Time:00:00.28 | Mem:2.71M, Peak:2.71M | Scene, ViewLayer | Updating Geometry BVH Cylinder.269 920/1003 | Building mesh BLAS |      24 tris | Cylinder.269
Fra:1 Mem:75.32M (Peak 124.44M) | Time:00:00.28 | Mem:2.71M, Peak:2.71M | Scene, ViewLayer | Updating Geometry BVH Book chain | iron link_curve.013 591/1003 | Building BVH
Fra:1 Mem:75.32M (Peak 124.44M) | Time:00:00.28 | Mem:2.71M, Peak:2.71M | Scene, ViewLayer | Updating Geometry BVH Book chain | iron link_curve.013 591/1003 | Building mesh BLAS |     144 tris | Book chain | iron link_curve.013
Fra:1 Mem:75.32M (Peak 124.44M) | Time:00:00.28 | Mem:2.71M, Peak:2.71M | Scene, ViewLayer | Updating Geometry BVH Book chain | iron link_curve.014 592/1003 | Building BVH
Fra:1 Mem:75.32M (Peak 124.44M) | Time:00:00.28 | Mem:2.71M, Peak:2.71M | Scene, ViewLayer | Updating Geometry BVH Book chain | iron link_curve.014 592/1003 | Building mesh BLAS |     144 tris | Book chain | iron link_curve.014
Fra:1 Mem:75.32M (Peak 124.44M) | Time:00:00.28 | Mem:2.72M, Peak:2.72M | Scene, ViewLayer | Updating Geometry BVH Book chain | iron link_curve.015 593/1003 | Building BVH
Fra:1 Mem:75.32M (Peak 124.44M) | Time:00:00.28 | Mem:2.72M, Peak:2.72M | Scene, ViewLayer | Updating Geometry BVH Book chain | iron link_curve.016 594/1003 | Building BVH
Fra:1 Mem:75.32M (Peak 124.44M) | Time:00:00.28 | Mem:2.72M, Peak:2.72M | Scene, ViewLayer | Updating Geometry BVH Book chain | iron link_curve.016 594/1003 | Building mesh BLAS |     144 tris | Book chain | iron link_curve.015
Fra:1 Mem:75.32M (Peak 124.44M) | Time:00:00.28 | Mem:2.72M, Peak:2.72M | Scene, ViewLayer | Updating Geometry BVH Book chain | iron link_curve.016 594/1003 | Building mesh BLAS |     144 tris | Book chain | iron link_curve.016
Fra:1 Mem:75.32M (Peak 124.44M) | Time:00:00.28 | Mem:2.72M, Peak:2.72M | Scene, ViewLayer | Updating Geometry BVH Book chain | iron link_curve.017 595/1003 | Building BVH
Fra:1 Mem:75.32M (Peak 124.44M) | Time:00:00.28 | Mem:2.72M, Peak:2.72M | Scene, ViewLayer | Updating Geometry BVH Book chain | iron link_curve.018 596/1003 | Building BVH
Fra:1 Mem:75.32M (Peak 124.44M) | Time:00:00.28 | Mem:2.72M, Peak:2.72M | Scene, ViewLayer | Updating Geometry BVH Book chain | iron link_curve.018 596/1003 | Building mesh BLAS |     144 tris | Book chain | iron link_curve.018
Fra:1 Mem:75.32M (Peak 124.44M) | Time:00:00.28 | Mem:2.72M, Peak:2.72M | Scene, ViewLayer | Updating Geometry BVH Book chain | iron link_curve.019 597/1003 | Building BVH
Fra:1 Mem:75.32M (Peak 124.44M) | Time:00:00.28 | Mem:2.72M, Peak:2.72M | Scene, ViewLayer | Updating Geometry BVH Book chain | iron link_curve.019 597/1003 | Building mesh BLAS |     144 tris | Book chain | iron link_curve.019
Fra:1 Mem:75.32M (Peak 124.44M) | Time:00:00.28 | Mem:2.72M, Peak:2.72M | Scene, ViewLayer | Updating Geometry BVH Book chain | iron link_curve.020 598/1003 | Building BVH
Fra:1 Mem:75.32M (Peak 124.44M) | Time:00:00.28 | Mem:2.72M, Peak:2.72M | Scene, ViewLayer | Updating Geometry BVH Book chain | iron link_curve.020 598/1003 | Building mesh BLAS |     144 tris | Book chain | iron link_curve.020
Fra:1 Mem:75.32M (Peak 124.44M) | Time:00:00.28 | Mem:2.72M, Peak:2.72M | Scene, ViewLayer | Updating Geometry BVH Book chain | iron link_curve.021 599/1003 | Building BVH
Fra:1 Mem:75.32M (Peak 124.44M) | Time:00:00.28 | Mem:2.72M, Peak:2.72M | Scene, ViewLayer | Updating Geometry BVH Book chain | iron link_curve.021 599/1003 | Building mesh BLAS |     144 tris | Book chain | iron link_curve.021
Fra:1 Mem:75.32M (Peak 124.44M) | Time:00:00.28 | Mem:2.72M, Peak:2.72M | Scene, ViewLayer | Updating Geometry BVH Icosphere.131 919/1003 | Building BVH
Fra:1 Mem:75.32M (Peak 124.44M) | Time:00:00.28 | Mem:2.72M, Peak:2.72M | Scene, ViewLayer | Updating Geometry BVH Icosphere.131 919/1003 | Building mesh BLAS |      20 tris | Icosphere.131
Fra:1 Mem:75.32M (Peak 124.44M) | Time:00:00.28 | Mem:2.72M, Peak:2.72M | Scene, ViewLayer | Updating Geometry BVH Book chain | iron link_curve.022 600/1003 | Building BVH
Fra:1 Mem:75.32M (Peak 124.44M) | Time:00:00.28 | Mem:2.72M, Peak:2.72M | Scene, ViewLayer | Updating Geometry BVH Book chain | iron link_curve.022 600/1003 | Building mesh BLAS |     144 tris | Book chain | iron link_curve.022
Fra:1 Mem:75.32M (Peak 124.44M) | Time:00:00.28 | Mem:2.72M, Peak:2.72M | Scene, ViewLayer | Updating Geometry BVH Book chain | iron link_curve.023 601/1003 | Building BVH
Fra:1 Mem:75.32M (Peak 124.44M) | Time:00:00.28 | Mem:2.72M, Peak:2.72M | Scene, ViewLayer | Updating Geometry BVH Book chain | iron link_curve.023 601/1003 | Building mesh BLAS |     144 tris | Book chain | iron link_curve.023
Fra:1 Mem:75.32M (Peak 124.44M) | Time:00:00.28 | Mem:2.72M, Peak:2.72M | Scene, ViewLayer | Updating Geometry BVH Book chain | iron link_curve.024 602/1003 | Building BVH
Fra:1 Mem:75.32M (Peak 124.44M) | Time:00:00.28 | Mem:2.72M, Peak:2.72M | Scene, ViewLayer | Updating Geometry BVH Book chain | iron link_curve.024 602/1003 | Building mesh BLAS |     144 tris | Book chain | iron link_curve.024
Fra:1 Mem:75.32M (Peak 124.44M) | Time:00:00.28 | Mem:2.73M, Peak:2.73M | Scene, ViewLayer | Updating Geometry BVH Cylinder.154 603/1003 | Building BVH
Fra:1 Mem:75.32M (Peak 124.44M) | Time:00:00.28 | Mem:2.73M, Peak:2.73M | Scene, ViewLayer | Updating Geometry BVH Cylinder.154 603/1003 | Building mesh BLAS |      44 tris | Cylinder.154
Fra:1 Mem:75.32M (Peak 124.44M) | Time:00:00.28 | Mem:2.73M, Peak:2.73M | Scene, ViewLayer | Updating Geometry BVH Cylinder.155 604/1003 | Building BVH
Fra:1 Mem:75.32M (Peak 124.44M) | Time:00:00.28 | Mem:2.73M, Peak:2.73M | Scene, ViewLayer | Updating Geometry BVH Cylinder.155 604/1003 | Building mesh BLAS |      44 tris | Cylinder.155
Fra:1 Mem:75.32M (Peak 124.44M) | Time:00:00.28 | Mem:2.77M, Peak:2.77M | Scene, ViewLayer | Updating Geometry BVH Cylinder.156 605/1003 | Building BVH
Fra:1 Mem:75.32M (Peak 124.44M) | Time:00:00.28 | Mem:2.77M, Peak:2.77M | Scene, ViewLayer | Updating Geometry BVH Cylinder.156 605/1003 | Building mesh BLAS |      44 tris | Cylinder.156
Fra:1 Mem:75.32M (Peak 124.44M) | Time:00:00.28 | Mem:2.78M, Peak:2.78M | Scene, ViewLayer | Updating Geometry BVH Cylinder.157 606/1003 | Building BVH
Fra:1 Mem:75.32M (Peak 124.44M) | Time:00:00.28 | Mem:2.78M, Peak:2.78M | Scene, ViewLayer | Updating Geometry BVH Cylinder.157 606/1003 | Building mesh BLAS |      44 tris | Cylinder.157
Fra:1 Mem:75.32M (Peak 124.44M) | Time:00:00.28 | Mem:2.78M, Peak:2.78M | Scene, ViewLayer | Updating Geometry BVH Cylinder.158 607/1003 | Building BVH
Fra:1 Mem:75.32M (Peak 124.44M) | Time:00:00.28 | Mem:2.78M, Peak:2.78M | Scene, ViewLayer | Updating Geometry BVH Cylinder.158 607/1003 | Building mesh BLAS |      44 tris | Cylinder.158
Fra:1 Mem:75.32M (Peak 124.44M) | Time:00:00.28 | Mem:2.78M, Peak:2.78M | Scene, ViewLayer | Updating Geometry BVH Cylinder.159 608/1003 | Building BVH
Fra:1 Mem:75.32M (Peak 124.44M) | Time:00:00.28 | Mem:2.78M, Peak:2.78M | Scene, ViewLayer | Updating Geometry BVH Cylinder.159 608/1003 | Building mesh BLAS |      44 tris | Cylinder.159
Fra:1 Mem:75.32M (Peak 124.44M) | Time:00:00.28 | Mem:2.79M, Peak:2.79M | Scene, ViewLayer | Updating Geometry BVH Cylinder.268 918/1003 | Building BVH
Fra:1 Mem:75.32M (Peak 124.44M) | Time:00:00.28 | Mem:2.80M, Peak:2.80M | Scene, ViewLayer | Updating Geometry BVH Cylinder.268 918/1003 | Building mesh BLAS |      24 tris | Cylinder.268
Fra:1 Mem:75.32M (Peak 124.44M) | Time:00:00.28 | Mem:2.80M, Peak:2.80M | Scene, ViewLayer | Updating Geometry BVH Cylinder.160 609/1003 | Building BVH
Fra:1 Mem:75.32M (Peak 124.44M) | Time:00:00.28 | Mem:2.80M, Peak:2.80M | Scene, ViewLayer | Updating Geometry BVH Oak | old incision_curve 610/1003 | Building mesh BLAS |      44 tris | Cylinder.160
Fra:1 Mem:75.32M (Peak 124.44M) | Time:00:00.28 | Mem:2.80M, Peak:2.80M | Scene, ViewLayer | Updating Geometry BVH Oak | old incision_curve 610/1003 | Building mesh BLAS |      24 tris | Oak | old incision_curve
Fra:1 Mem:75.32M (Peak 124.44M) | Time:00:00.28 | Mem:2.80M, Peak:2.80M | Scene, ViewLayer | Updating Geometry BVH Oak | old incision_curve.001 611/1003 | Building BVH
Fra:1 Mem:75.32M (Peak 124.44M) | Time:00:00.28 | Mem:2.80M, Peak:2.80M | Scene, ViewLayer | Updating Geometry BVH Oak | old incision_curve.002 612/1003 | Building BVH
Fra:1 Mem:75.32M (Peak 124.44M) | Time:00:00.28 | Mem:2.80M, Peak:2.80M | Scene, ViewLayer | Updating Geometry BVH Oak | old incision_curve.002 612/1003 | Building mesh BLAS |      24 tris | Oak | old incision_curve.001
Fra:1 Mem:75.32M (Peak 124.44M) | Time:00:00.28 | Mem:2.80M, Peak:2.80M | Scene, ViewLayer | Updating Geometry BVH Oak | old incision_curve.002 612/1003 | Building mesh BLAS |      24 tris | Oak | old incision_curve.002
Fra:1 Mem:75.32M (Peak 124.44M) | Time:00:00.28 | Mem:2.80M, Peak:2.80M | Scene, ViewLayer | Updating Geometry BVH Oak | old incision_curve.003 613/1003 | Building BVH
Fra:1 Mem:75.32M (Peak 124.44M) | Time:00:00.28 | Mem:2.80M, Peak:2.80M | Scene, ViewLayer | Updating Geometry BVH Oak | old incision_curve.003 613/1003 | Building mesh BLAS |      24 tris | Oak | old incision_curve.003
Fra:1 Mem:75.32M (Peak 124.44M) | Time:00:00.28 | Mem:2.81M, Peak:2.81M | Scene, ViewLayer | Updating Geometry BVH Oak | old incision_curve.004 614/1003 | Building BVH
Fra:1 Mem:75.32M (Peak 124.44M) | Time:00:00.28 | Mem:2.81M, Peak:2.81M | Scene, ViewLayer | Updating Geometry BVH Oak | old incision_curve.004 614/1003 | Building mesh BLAS |      24 tris | Oak | old incision_curve.004
Fra:1 Mem:75.32M (Peak 124.44M) | Time:00:00.28 | Mem:2.81M, Peak:2.81M | Scene, ViewLayer | Updating Geometry BVH Oak | old incision_curve.005 615/1003 | Building BVH
Fra:1 Mem:75.32M (Peak 124.44M) | Time:00:00.28 | Mem:2.81M, Peak:2.81M | Scene, ViewLayer | Updating Geometry BVH Oak | old incision_curve.005 615/1003 | Building mesh BLAS |      24 tris | Oak | old incision_curve.005
Fra:1 Mem:75.32M (Peak 124.44M) | Time:00:00.28 | Mem:2.81M, Peak:2.81M | Scene, ViewLayer | Updating Geometry BVH Oak | old incision_curve.006 616/1003 | Building BVH
Fra:1 Mem:75.32M (Peak 124.44M) | Time:00:00.28 | Mem:2.81M, Peak:2.81M | Scene, ViewLayer | Updating Geometry BVH Oak | old incision_curve.006 616/1003 | Building mesh BLAS |      24 tris | Oak | old incision_curve.006
Fra:1 Mem:75.32M (Peak 124.44M) | Time:00:00.28 | Mem:2.81M, Peak:2.81M | Scene, ViewLayer | Updating Geometry BVH Icosphere.130 917/1003 | Building BVH
Fra:1 Mem:75.32M (Peak 124.44M) | Time:00:00.28 | Mem:2.81M, Peak:2.81M | Scene, ViewLayer | Updating Geometry BVH Icosphere.130 917/1003 | Building mesh BLAS |      20 tris | Icosphere.130
Fra:1 Mem:75.32M (Peak 124.44M) | Time:00:00.28 | Mem:2.81M, Peak:2.81M | Scene, ViewLayer | Updating Geometry BVH Oak | old incision_curve.007 617/1003 | Building BVH
Fra:1 Mem:75.32M (Peak 124.44M) | Time:00:00.28 | Mem:2.81M, Peak:2.81M | Scene, ViewLayer | Updating Geometry BVH Oak | old incision_curve.008 618/1003 | Building BVH
Fra:1 Mem:75.32M (Peak 124.44M) | Time:00:00.28 | Mem:2.81M, Peak:2.81M | Scene, ViewLayer | Updating Geometry BVH Oak | old incision_curve.008 618/1003 | Building mesh BLAS |      24 tris | Oak | old incision_curve.007
Fra:1 Mem:75.32M (Peak 124.44M) | Time:00:00.28 | Mem:2.81M, Peak:2.81M | Scene, ViewLayer | Updating Geometry BVH Oak | old incision_curve.008 618/1003 | Building mesh BLAS |      24 tris | Oak | old incision_curve.008
Fra:1 Mem:75.32M (Peak 124.44M) | Time:00:00.28 | Mem:2.81M, Peak:2.81M | Scene, ViewLayer | Updating Geometry BVH Oak | old incision_curve.009 619/1003 | Building BVH
Fra:1 Mem:75.32M (Peak 124.44M) | Time:00:00.28 | Mem:2.81M, Peak:2.81M | Scene, ViewLayer | Updating Geometry BVH Oak | old incision_curve.009 619/1003 | Building mesh BLAS |      24 tris | Oak | old incision_curve.009
Fra:1 Mem:75.32M (Peak 124.44M) | Time:00:00.28 | Mem:2.81M, Peak:2.81M | Scene, ViewLayer | Updating Geometry BVH Oak | old incision_curve.010 620/1003 | Building BVH
Fra:1 Mem:75.32M (Peak 124.44M) | Time:00:00.28 | Mem:2.81M, Peak:2.81M | Scene, ViewLayer | Updating Geometry BVH Oak | old incision_curve.011 621/1003 | Building BVH
Fra:1 Mem:75.32M (Peak 124.44M) | Time:00:00.28 | Mem:2.81M, Peak:2.81M | Scene, ViewLayer | Updating Geometry BVH Oak | old incision_curve.011 621/1003 | Building mesh BLAS |      24 tris | Oak | old incision_curve.010
Fra:1 Mem:75.32M (Peak 124.44M) | Time:00:00.28 | Mem:2.81M, Peak:2.81M | Scene, ViewLayer | Updating Geometry BVH Oak | old incision_curve.011 621/1003 | Building mesh BLAS |      24 tris | Oak | old incision_curve.011
Fra:1 Mem:75.32M (Peak 124.44M) | Time:00:00.28 | Mem:2.81M, Peak:2.81M | Scene, ViewLayer | Updating Geometry BVH Oak | old incision_curve.012 622/1003 | Building BVH
Fra:1 Mem:75.32M (Peak 124.44M) | Time:00:00.28 | Mem:2.81M, Peak:2.81M | Scene, ViewLayer | Updating Geometry BVH Oak | old incision_curve.013 623/1003 | Building BVH
Fra:1 Mem:75.32M (Peak 124.44M) | Time:00:00.28 | Mem:2.82M, Peak:2.82M | Scene, ViewLayer | Updating Geometry BVH Oak | old incision_curve.013 623/1003 | Building mesh BLAS |      24 tris | Oak | old incision_curve.013
Fra:1 Mem:75.32M (Peak 124.44M) | Time:00:00.28 | Mem:2.82M, Peak:2.82M | Scene, ViewLayer | Updating Geometry BVH Oak | old incision_curve.014 624/1003 | Building BVH
Fra:1 Mem:75.32M (Peak 124.44M) | Time:00:00.28 | Mem:2.82M, Peak:2.82M | Scene, ViewLayer | Updating Geometry BVH Cylinder.267 916/1003 | Building BVH
Fra:1 Mem:75.32M (Peak 124.44M) | Time:00:00.28 | Mem:2.82M, Peak:2.82M | Scene, ViewLayer | Updating Geometry BVH Oak | old incision_curve.015 625/1003 | Building BVH
Fra:1 Mem:75.32M (Peak 124.44M) | Time:00:00.28 | Mem:2.82M, Peak:2.82M | Scene, ViewLayer | Updating Geometry BVH Oak | old incision_curve.015 625/1003 | Building mesh BLAS |      24 tris | Cylinder.267
Fra:1 Mem:75.32M (Peak 124.44M) | Time:00:00.28 | Mem:2.82M, Peak:2.82M | Scene, ViewLayer | Updating Geometry BVH Oak | old incision_curve.016 626/1003 | Building mesh BLAS |      24 tris | Oak | old incision_curve.015
Fra:1 Mem:75.32M (Peak 124.44M) | Time:00:00.28 | Mem:2.82M, Peak:2.82M | Scene, ViewLayer | Updating Geometry BVH Oak | old incision_curve.016 626/1003 | Building mesh BLAS |      24 tris | Oak | old incision_curve.016
Fra:1 Mem:75.32M (Peak 124.44M) | Time:00:00.28 | Mem:2.82M, Peak:2.82M | Scene, ViewLayer | Updating Geometry BVH Oak | old incision_curve.017 627/1003 | Building BVH
Fra:1 Mem:75.32M (Peak 124.44M) | Time:00:00.28 | Mem:2.82M, Peak:2.82M | Scene, ViewLayer | Updating Geometry BVH Oak | old incision_curve.017 627/1003 | Building mesh BLAS |      24 tris | Oak | old incision_curve.017
Fra:1 Mem:75.32M (Peak 124.44M) | Time:00:00.28 | Mem:2.82M, Peak:2.82M | Scene, ViewLayer | Updating Geometry BVH Oak | old incision_curve.018 628/1003 | Building BVH
Fra:1 Mem:75.32M (Peak 124.44M) | Time:00:00.28 | Mem:2.82M, Peak:2.82M | Scene, ViewLayer | Updating Geometry BVH Oak | old incision_curve.018 628/1003 | Building mesh BLAS |      24 tris | Oak | old incision_curve.018
Fra:1 Mem:75.32M (Peak 124.44M) | Time:00:00.28 | Mem:2.82M, Peak:2.82M | Scene, ViewLayer | Updating Geometry BVH Oak | old incision_curve.019 629/1003 | Building BVH
Fra:1 Mem:75.32M (Peak 124.44M) | Time:00:00.28 | Mem:2.82M, Peak:2.82M | Scene, ViewLayer | Updating Geometry BVH Oak | old incision_curve.020 630/1003 | Building BVH
Fra:1 Mem:75.32M (Peak 124.44M) | Time:00:00.28 | Mem:2.82M, Peak:2.82M | Scene, ViewLayer | Updating Geometry BVH Oak | old incision_curve.020 630/1003 | Building mesh BLAS |      24 tris | Oak | old incision_curve.019
Fra:1 Mem:75.32M (Peak 124.44M) | Time:00:00.28 | Mem:2.82M, Peak:2.82M | Scene, ViewLayer | Updating Geometry BVH Oak | old incision_curve.020 630/1003 | Building mesh BLAS |      24 tris | Oak | old incision_curve.020
Fra:1 Mem:75.32M (Peak 124.44M) | Time:00:00.28 | Mem:2.82M, Peak:2.82M | Scene, ViewLayer | Updating Geometry BVH Oak | old incision_curve.021 631/1003 | Building BVH
Fra:1 Mem:75.32M (Peak 124.44M) | Time:00:00.28 | Mem:2.82M, Peak:2.82M | Scene, ViewLayer | Updating Geometry BVH Oak | old incision_curve.021 631/1003 | Building mesh BLAS |      24 tris | Oak | old incision_curve.021
Fra:1 Mem:75.32M (Peak 124.44M) | Time:00:00.28 | Mem:2.82M, Peak:2.82M | Scene, ViewLayer | Updating Geometry BVH Oak | old incision_curve.022 632/1003 | Building BVH
Fra:1 Mem:75.32M (Peak 124.44M) | Time:00:00.28 | Mem:2.82M, Peak:2.82M | Scene, ViewLayer | Updating Geometry BVH Oak | old incision_curve.022 632/1003 | Building mesh BLAS |      24 tris | Oak | old incision_curve.022
Fra:1 Mem:75.32M (Peak 124.44M) | Time:00:00.28 | Mem:2.82M, Peak:2.82M | Scene, ViewLayer | Updating Geometry BVH Oak | old incision_curve.023 633/1003 | Building BVH
Fra:1 Mem:75.32M (Peak 124.44M) | Time:00:00.28 | Mem:2.82M, Peak:2.82M | Scene, ViewLayer | Updating Geometry BVH Oak | old incision_curve.023 633/1003 | Building mesh BLAS |      24 tris | Oak | old incision_curve.023
Fra:1 Mem:75.32M (Peak 124.44M) | Time:00:00.28 | Mem:2.82M, Peak:2.82M | Scene, ViewLayer | Updating Geometry BVH Cylinder.266 915/1003 | Building BVH
Fra:1 Mem:75.32M (Peak 124.44M) | Time:00:00.28 | Mem:2.82M, Peak:2.82M | Scene, ViewLayer | Updating Geometry BVH Oak | old incision_curve.024 634/1003 | Building BVH
Fra:1 Mem:75.32M (Peak 124.44M) | Time:00:00.28 | Mem:2.82M, Peak:2.82M | Scene, ViewLayer | Updating Geometry BVH Oak | old incision_curve.024 634/1003 | Building mesh BLAS |      52 tris | Cylinder.266
Fra:1 Mem:75.32M (Peak 124.44M) | Time:00:00.28 | Mem:2.82M, Peak:2.82M | Scene, ViewLayer | Updating Geometry BVH Oak | old incision_curve.025 635/1003 | Building mesh BLAS |      24 tris | Oak | old incision_curve.024
Fra:1 Mem:75.32M (Peak 124.44M) | Time:00:00.28 | Mem:2.82M, Peak:2.82M | Scene, ViewLayer | Updating Geometry BVH Oak | old incision_curve.025 635/1003 | Building mesh BLAS |      24 tris | Oak | old incision_curve.025
Fra:1 Mem:75.32M (Peak 124.44M) | Time:00:00.28 | Mem:2.83M, Peak:2.83M | Scene, ViewLayer | Updating Geometry BVH Oak | old incision_curve.026 636/1003 | Building BVH
Fra:1 Mem:75.32M (Peak 124.44M) | Time:00:00.28 | Mem:2.83M, Peak:2.83M | Scene, ViewLayer | Updating Geometry BVH Oak | old incision_curve.026 636/1003 | Building mesh BLAS |      24 tris | Oak | old incision_curve.026
Fra:1 Mem:75.32M (Peak 124.44M) | Time:00:00.28 | Mem:2.83M, Peak:2.83M | Scene, ViewLayer | Updating Geometry BVH Oak | old incision_curve.027 637/1003 | Building BVH
Fra:1 Mem:75.32M (Peak 124.44M) | Time:00:00.28 | Mem:2.83M, Peak:2.83M | Scene, ViewLayer | Updating Geometry BVH Oak | old incision_curve.027 637/1003 | Building mesh BLAS |      24 tris | Oak | old incision_curve.027
Fra:1 Mem:75.32M (Peak 124.44M) | Time:00:00.28 | Mem:2.83M, Peak:2.83M | Scene, ViewLayer | Updating Geometry BVH Oak | old incision_curve.028 638/1003 | Building BVH
Fra:1 Mem:75.32M (Peak 124.44M) | Time:00:00.28 | Mem:2.83M, Peak:2.83M | Scene, ViewLayer | Updating Geometry BVH Oak | old incision_curve.028 638/1003 | Building mesh BLAS |      24 tris | Oak | old incision_curve.028
Fra:1 Mem:75.32M (Peak 124.44M) | Time:00:00.28 | Mem:2.83M, Peak:2.83M | Scene, ViewLayer | Updating Geometry BVH Oak | old incision_curve.029 639/1003 | Building BVH
Fra:1 Mem:75.32M (Peak 124.44M) | Time:00:00.28 | Mem:2.83M, Peak:2.83M | Scene, ViewLayer | Updating Geometry BVH Oak | old incision_curve.030 640/1003 | Building BVH
Fra:1 Mem:75.32M (Peak 124.44M) | Time:00:00.28 | Mem:2.83M, Peak:2.83M | Scene, ViewLayer | Updating Geometry BVH Oak | old incision_curve.030 640/1003 | Building mesh BLAS |      24 tris | Oak | old incision_curve.029
Fra:1 Mem:75.32M (Peak 124.44M) | Time:00:00.28 | Mem:2.83M, Peak:2.83M | Scene, ViewLayer | Updating Geometry BVH Oak | old incision_curve.030 640/1003 | Building mesh BLAS |      24 tris | Oak | old incision_curve.030
Fra:1 Mem:75.32M (Peak 124.44M) | Time:00:00.28 | Mem:2.84M, Peak:2.84M | Scene, ViewLayer | Updating Geometry BVH Oak | old incision_curve.031 641/1003 | Building BVH
Fra:1 Mem:75.32M (Peak 124.44M) | Time:00:00.28 | Mem:2.84M, Peak:2.84M | Scene, ViewLayer | Updating Geometry BVH Oak | old incision_curve.031 641/1003 | Building mesh BLAS |      24 tris | Oak | old incision_curve.031
Fra:1 Mem:75.32M (Peak 124.44M) | Time:00:00.28 | Mem:2.84M, Peak:2.84M | Scene, ViewLayer | Updating Geometry BVH Oak | old incision_curve.032 642/1003 | Building BVH
Fra:1 Mem:75.32M (Peak 124.44M) | Time:00:00.28 | Mem:2.84M, Peak:2.84M | Scene, ViewLayer | Updating Geometry BVH Oak | old incision_curve.032 642/1003 | Building mesh BLAS |      24 tris | Oak | old incision_curve.032
Fra:1 Mem:75.32M (Peak 124.44M) | Time:00:00.28 | Mem:2.84M, Peak:2.84M | Scene, ViewLayer | Updating Geometry BVH Icosphere.129 914/1003 | Building BVH
Fra:1 Mem:75.32M (Peak 124.44M) | Time:00:00.28 | Mem:2.84M, Peak:2.84M | Scene, ViewLayer | Updating Geometry BVH Oak | old incision_curve.033 643/1003 | Building BVH
Fra:1 Mem:75.32M (Peak 124.44M) | Time:00:00.28 | Mem:2.84M, Peak:2.84M | Scene, ViewLayer | Updating Geometry BVH Oak | old incision_curve.033 643/1003 | Building mesh BLAS |      20 tris | Icosphere.129
Fra:1 Mem:75.32M (Peak 124.44M) | Time:00:00.28 | Mem:2.84M, Peak:2.84M | Scene, ViewLayer | Updating Geometry BVH Oak | old incision_curve.033 643/1003 | Building mesh BLAS |      24 tris | Oak | old incision_curve.033
Fra:1 Mem:75.32M (Peak 124.44M) | Time:00:00.28 | Mem:2.85M, Peak:2.85M | Scene, ViewLayer | Updating Geometry BVH Oak | old incision_curve.034 644/1003 | Building BVH
Fra:1 Mem:75.32M (Peak 124.44M) | Time:00:00.28 | Mem:2.85M, Peak:2.85M | Scene, ViewLayer | Updating Geometry BVH Oak | old incision_curve.034 644/1003 | Building mesh BLAS |      24 tris | Oak | old incision_curve.034
Fra:1 Mem:75.32M (Peak 124.44M) | Time:00:00.28 | Mem:2.85M, Peak:2.85M | Scene, ViewLayer | Updating Geometry BVH Oak | old incision_curve.035 645/1003 | Building BVH
Fra:1 Mem:75.32M (Peak 124.44M) | Time:00:00.28 | Mem:2.85M, Peak:2.85M | Scene, ViewLayer | Updating Geometry BVH Oak | old incision_curve.035 645/1003 | Building mesh BLAS |      24 tris | Oak | old incision_curve.035
Fra:1 Mem:75.32M (Peak 124.44M) | Time:00:00.28 | Mem:2.86M, Peak:2.86M | Scene, ViewLayer | Updating Geometry BVH Oak | old incision_curve.036 646/1003 | Building BVH
Fra:1 Mem:75.32M (Peak 124.44M) | Time:00:00.28 | Mem:2.86M, Peak:2.86M | Scene, ViewLayer | Updating Geometry BVH Oak | old incision_curve.036 646/1003 | Building mesh BLAS |      24 tris | Oak | old incision_curve.036
Fra:1 Mem:75.32M (Peak 124.44M) | Time:00:00.28 | Mem:2.86M, Peak:2.86M | Scene, ViewLayer | Updating Geometry BVH Oak | old incision_curve.037 647/1003 | Building BVH
Fra:1 Mem:75.32M (Peak 124.44M) | Time:00:00.28 | Mem:2.86M, Peak:2.86M | Scene, ViewLayer | Updating Geometry BVH Oak | old incision_curve.038 648/1003 | Building BVH
Fra:1 Mem:75.32M (Peak 124.44M) | Time:00:00.28 | Mem:2.87M, Peak:2.87M | Scene, ViewLayer | Updating Geometry BVH Oak | old incision_curve.038 648/1003 | Building mesh BLAS |      24 tris | Oak | old incision_curve.038
Fra:1 Mem:75.32M (Peak 124.44M) | Time:00:00.28 | Mem:2.87M, Peak:2.87M | Scene, ViewLayer | Updating Geometry BVH Oak | old incision_curve.038 648/1003 | Building mesh BLAS |      24 tris | Oak | old incision_curve.037
Fra:1 Mem:75.32M (Peak 124.44M) | Time:00:00.28 | Mem:2.87M, Peak:2.87M | Scene, ViewLayer | Updating Geometry BVH Oak | old incision_curve.039 649/1003 | Building BVH
Fra:1 Mem:75.32M (Peak 124.44M) | Time:00:00.28 | Mem:2.87M, Peak:2.87M | Scene, ViewLayer | Updating Geometry BVH Oak | old incision_curve.040 650/1003 | Building BVH
Fra:1 Mem:75.32M (Peak 124.44M) | Time:00:00.28 | Mem:2.87M, Peak:2.87M | Scene, ViewLayer | Updating Geometry BVH Oak | old incision_curve.040 650/1003 | Building mesh BLAS |      24 tris | Oak | old incision_curve.039
Fra:1 Mem:75.32M (Peak 124.44M) | Time:00:00.28 | Mem:2.87M, Peak:2.87M | Scene, ViewLayer | Updating Geometry BVH Oak | old incision_curve.040 650/1003 | Building mesh BLAS |      24 tris | Oak | old incision_curve.040
Fra:1 Mem:75.32M (Peak 124.44M) | Time:00:00.28 | Mem:2.88M, Peak:2.88M | Scene, ViewLayer | Updating Geometry BVH Oak | old incision_curve.041 651/1003 | Building BVH
Fra:1 Mem:75.32M (Peak 124.44M) | Time:00:00.28 | Mem:2.88M, Peak:2.88M | Scene, ViewLayer | Updating Geometry BVH Cylinder.265 913/1003 | Building BVH
Fra:1 Mem:75.32M (Peak 124.44M) | Time:00:00.28 | Mem:2.89M, Peak:2.89M | Scene, ViewLayer | Updating Geometry BVH Cylinder.265 913/1003 | Building mesh BLAS |      24 tris | Cylinder.265
Fra:1 Mem:75.32M (Peak 124.44M) | Time:00:00.28 | Mem:2.89M, Peak:2.89M | Scene, ViewLayer | Updating Geometry BVH Cylinder.265 913/1003 | Building mesh BLAS |      24 tris | Oak | old incision_curve.041
Fra:1 Mem:75.32M (Peak 124.44M) | Time:00:00.28 | Mem:2.90M, Peak:2.90M | Scene, ViewLayer | Updating Geometry BVH Oak | old incision_curve.042 652/1003 | Building BVH
Fra:1 Mem:75.32M (Peak 124.44M) | Time:00:00.28 | Mem:2.90M, Peak:2.90M | Scene, ViewLayer | Updating Geometry BVH Oak | old incision_curve.042 652/1003 | Building mesh BLAS |      24 tris | Oak | old incision_curve.042
Fra:1 Mem:75.32M (Peak 124.44M) | Time:00:00.28 | Mem:2.91M, Peak:2.91M | Scene, ViewLayer | Updating Geometry BVH Oak | old incision_curve.043 653/1003 | Building BVH
Fra:1 Mem:75.32M (Peak 124.44M) | Time:00:00.28 | Mem:2.91M, Peak:2.91M | Scene, ViewLayer | Updating Geometry BVH Oak | old incision_curve.044 654/1003 | Building BVH
Fra:1 Mem:75.32M (Peak 124.44M) | Time:00:00.28 | Mem:2.93M, Peak:2.93M | Scene, ViewLayer | Updating Geometry BVH Oak | old incision_curve.045 655/1003 | Building BVH
Fra:1 Mem:75.32M (Peak 124.44M) | Time:00:00.28 | Mem:2.93M, Peak:2.93M | Scene, ViewLayer | Updating Geometry BVH Oak | old incision_curve.046 656/1003 | Building BVH
Fra:1 Mem:75.32M (Peak 124.44M) | Time:00:00.28 | Mem:2.94M, Peak:2.94M | Scene, ViewLayer | Updating Geometry BVH Oak | old incision_curve.048 658/1003 | Building BVH
Fra:1 Mem:75.32M (Peak 124.44M) | Time:00:00.28 | Mem:2.94M, Peak:2.94M | Scene, ViewLayer | Updating Geometry BVH Oak | old incision_curve.049 659/1003 | Building BVH
Fra:1 Mem:75.32M (Peak 124.44M) | Time:00:00.28 | Mem:2.94M, Peak:2.94M | Scene, ViewLayer | Updating Geometry BVH Oak | old incision_curve.049 659/1003 | Building mesh BLAS |      24 tris | Oak | old incision_curve.048
Fra:1 Mem:75.32M (Peak 124.44M) | Time:00:00.28 | Mem:2.94M, Peak:2.94M | Scene, ViewLayer | Updating Geometry BVH Oak | old incision_curve.049 659/1003 | Building mesh BLAS |      24 tris | Oak | old incision_curve.049
Fra:1 Mem:75.32M (Peak 124.44M) | Time:00:00.28 | Mem:2.94M, Peak:2.94M | Scene, ViewLayer | Updating Geometry BVH Oak | old incision_curve.050 660/1003 | Building BVH
Fra:1 Mem:75.32M (Peak 124.44M) | Time:00:00.28 | Mem:2.94M, Peak:2.94M | Scene, ViewLayer | Updating Geometry BVH Oak | old incision_curve.050 660/1003 | Building mesh BLAS |      24 tris | Oak | old incision_curve.050
Fra:1 Mem:75.32M (Peak 124.44M) | Time:00:00.28 | Mem:2.95M, Peak:2.95M | Scene, ViewLayer | Updating Geometry BVH Icosphere.128 912/1003 | Building BVH
Fra:1 Mem:75.32M (Peak 124.44M) | Time:00:00.28 | Mem:2.95M, Peak:2.95M | Scene, ViewLayer | Updating Geometry BVH Icosphere.128 912/1003 | Building mesh BLAS |      20 tris | Icosphere.128
Fra:1 Mem:75.32M (Peak 124.44M) | Time:00:00.28 | Mem:2.95M, Peak:2.95M | Scene, ViewLayer | Updating Geometry BVH Icosphere.128 912/1003 | Building mesh BLAS |      24 tris | Oak | old incision_curve.047
Fra:1 Mem:75.32M (Peak 124.44M) | Time:00:00.28 | Mem:2.97M, Peak:2.97M | Scene, ViewLayer | Updating Geometry BVH Oak | old incision_curve.051 661/1003 | Building BVH
Fra:1 Mem:75.32M (Peak 124.44M) | Time:00:00.28 | Mem:2.97M, Peak:2.97M | Scene, ViewLayer | Updating Geometry BVH Oak | old incision_curve.051 661/1003 | Building mesh BLAS |      24 tris | Oak | old incision_curve.051
Fra:1 Mem:75.32M (Peak 124.44M) | Time:00:00.28 | Mem:2.97M, Peak:2.97M | Scene, ViewLayer | Updating Geometry BVH Oak | old incision_curve.052 662/1003 | Building BVH
Fra:1 Mem:75.32M (Peak 124.44M) | Time:00:00.28 | Mem:2.97M, Peak:2.97M | Scene, ViewLayer | Updating Geometry BVH Oak | old incision_curve.052 662/1003 | Building mesh BLAS |      24 tris | Oak | old incision_curve.052
Fra:1 Mem:75.32M (Peak 124.44M) | Time:00:00.28 | Mem:2.99M, Peak:2.99M | Scene, ViewLayer | Updating Geometry BVH Oak | old incision_curve.053 663/1003 | Building BVH
Fra:1 Mem:75.32M (Peak 124.44M) | Time:00:00.28 | Mem:2.99M, Peak:2.99M | Scene, ViewLayer | Updating Geometry BVH Oak | old incision_curve.053 663/1003 | Building mesh BLAS |      24 tris | Oak | old incision_curve.053
Fra:1 Mem:75.32M (Peak 124.44M) | Time:00:00.28 | Mem:2.99M, Peak:2.99M | Scene, ViewLayer | Updating Geometry BVH Oak | old incision_curve.054 664/1003 | Building BVH
Fra:1 Mem:75.32M (Peak 124.44M) | Time:00:00.28 | Mem:2.99M, Peak:2.99M | Scene, ViewLayer | Updating Geometry BVH Oak | old incision_curve.054 664/1003 | Building mesh BLAS |      24 tris | Oak | old incision_curve.054
Fra:1 Mem:75.32M (Peak 124.44M) | Time:00:00.28 | Mem:2.99M, Peak:2.99M | Scene, ViewLayer | Updating Geometry BVH Oak | old incision_curve.055 665/1003 | Building BVH
Fra:1 Mem:75.32M (Peak 124.44M) | Time:00:00.28 | Mem:2.99M, Peak:2.99M | Scene, ViewLayer | Updating Geometry BVH Oak | old incision_curve.055 665/1003 | Building mesh BLAS |      24 tris | Oak | old incision_curve.055
Fra:1 Mem:75.32M (Peak 124.44M) | Time:00:00.28 | Mem:2.99M, Peak:2.99M | Scene, ViewLayer | Updating Geometry BVH Oak | old incision_curve.056 666/1003 | Building BVH
Fra:1 Mem:75.32M (Peak 124.44M) | Time:00:00.28 | Mem:2.99M, Peak:2.99M | Scene, ViewLayer | Updating Geometry BVH Cylinder.264 911/1003 | Building BVH
Fra:1 Mem:75.32M (Peak 124.44M) | Time:00:00.28 | Mem:2.99M, Peak:2.99M | Scene, ViewLayer | Updating Geometry BVH Cylinder.264 911/1003 | Building mesh BLAS |      24 tris | Oak | old incision_curve.056
Fra:1 Mem:75.32M (Peak 124.44M) | Time:00:00.28 | Mem:2.99M, Peak:2.99M | Scene, ViewLayer | Updating Geometry BVH Cylinder.264 911/1003 | Building mesh BLAS |      24 tris | Cylinder.264
Fra:1 Mem:75.32M (Peak 124.44M) | Time:00:00.28 | Mem:3.01M, Peak:3.01M | Scene, ViewLayer | Updating Geometry BVH Oak | old incision_curve.057 667/1003 | Building BVH
Fra:1 Mem:75.32M (Peak 124.44M) | Time:00:00.28 | Mem:3.02M, Peak:3.02M | Scene, ViewLayer | Updating Geometry BVH Oak | old incision_curve.057 667/1003 | Building mesh BLAS |      24 tris | Oak | old incision_curve.057
Fra:1 Mem:75.32M (Peak 124.44M) | Time:00:00.28 | Mem:3.02M, Peak:3.02M | Scene, ViewLayer | Updating Geometry BVH Oak | old incision_curve.058 668/1003 | Building BVH
Fra:1 Mem:75.32M (Peak 124.44M) | Time:00:00.28 | Mem:3.02M, Peak:3.02M | Scene, ViewLayer | Updating Geometry BVH Oak | old incision_curve.058 668/1003 | Building mesh BLAS |      24 tris | Oak | old incision_curve.058
Fra:1 Mem:75.32M (Peak 124.44M) | Time:00:00.28 | Mem:3.02M, Peak:3.02M | Scene, ViewLayer | Updating Geometry BVH Oak | old incision_curve.059 669/1003 | Building BVH
Fra:1 Mem:75.32M (Peak 124.44M) | Time:00:00.28 | Mem:3.02M, Peak:3.02M | Scene, ViewLayer | Updating Geometry BVH Oak | old incision_curve.060 670/1003 | Building BVH
Fra:1 Mem:75.32M (Peak 124.44M) | Time:00:00.28 | Mem:3.02M, Peak:3.02M | Scene, ViewLayer | Updating Geometry BVH Oak | old incision_curve.060 670/1003 | Building mesh BLAS |      24 tris | Oak | old incision_curve.059
Fra:1 Mem:75.32M (Peak 124.44M) | Time:00:00.28 | Mem:3.02M, Peak:3.02M | Scene, ViewLayer | Updating Geometry BVH Oak | old incision_curve.060 670/1003 | Building mesh BLAS |      24 tris | Oak | old incision_curve.060
Fra:1 Mem:75.32M (Peak 124.44M) | Time:00:00.28 | Mem:3.05M, Peak:3.05M | Scene, ViewLayer | Updating Geometry BVH Oak | old incision_curve.061 671/1003 | Building BVH
Fra:1 Mem:75.32M (Peak 124.44M) | Time:00:00.28 | Mem:3.05M, Peak:3.05M | Scene, ViewLayer | Updating Geometry BVH Oak | old incision_curve.061 671/1003 | Building mesh BLAS |      24 tris | Oak | old incision_curve.061
Fra:1 Mem:75.32M (Peak 124.44M) | Time:00:00.28 | Mem:3.05M, Peak:3.05M | Scene, ViewLayer | Updating Geometry BVH Oak | old incision_curve.062 672/1003 | Building BVH
Fra:1 Mem:75.32M (Peak 124.44M) | Time:00:00.28 | Mem:3.05M, Peak:3.05M | Scene, ViewLayer | Updating Geometry BVH Oak | old incision_curve.062 672/1003 | Building mesh BLAS |      24 tris | Oak | old incision_curve.062
Fra:1 Mem:75.32M (Peak 124.44M) | Time:00:00.28 | Mem:3.05M, Peak:3.05M | Scene, ViewLayer | Updating Geometry BVH Oak | old incision_curve.063 673/1003 | Building BVH
Fra:1 Mem:75.32M (Peak 124.44M) | Time:00:00.28 | Mem:3.05M, Peak:3.05M | Scene, ViewLayer | Updating Geometry BVH Oak | old incision_curve.063 673/1003 | Building mesh BLAS |      24 tris | Oak | old incision_curve.063
Fra:1 Mem:75.32M (Peak 124.44M) | Time:00:00.28 | Mem:3.05M, Peak:3.05M | Scene, ViewLayer | Updating Geometry BVH Oak | old incision_curve.064 674/1003 | Building BVH
Fra:1 Mem:75.32M (Peak 124.44M) | Time:00:00.28 | Mem:3.05M, Peak:3.05M | Scene, ViewLayer | Updating Geometry BVH Oak | old incision_curve.065 675/1003 | Building mesh BLAS |      24 tris | Oak | old incision_curve.064
Fra:1 Mem:75.32M (Peak 124.44M) | Time:00:00.28 | Mem:3.05M, Peak:3.05M | Scene, ViewLayer | Updating Geometry BVH Oak | old incision_curve.065 675/1003 | Building mesh BLAS |      24 tris | Oak | old incision_curve.065
Fra:1 Mem:75.32M (Peak 124.44M) | Time:00:00.28 | Mem:3.06M, Peak:3.06M | Scene, ViewLayer | Updating Geometry BVH Icosphere.127 910/1003 | Building BVH
Fra:1 Mem:75.32M (Peak 124.44M) | Time:00:00.28 | Mem:3.06M, Peak:3.06M | Scene, ViewLayer | Updating Geometry BVH Icosphere.127 910/1003 | Building mesh BLAS |      20 tris | Icosphere.127
Fra:1 Mem:75.32M (Peak 124.44M) | Time:00:00.28 | Mem:3.07M, Peak:3.07M | Scene, ViewLayer | Updating Geometry BVH Oak | old incision_curve.066 676/1003 | Building BVH
Fra:1 Mem:75.32M (Peak 124.44M) | Time:00:00.28 | Mem:3.07M, Peak:3.07M | Scene, ViewLayer | Updating Geometry BVH Oak | old incision_curve.066 676/1003 | Building mesh BLAS |      24 tris | Oak | old incision_curve.066
Fra:1 Mem:75.32M (Peak 124.44M) | Time:00:00.28 | Mem:3.07M, Peak:3.07M | Scene, ViewLayer | Updating Geometry BVH Oak | old incision_curve.067 677/1003 | Building BVH
Fra:1 Mem:75.32M (Peak 124.44M) | Time:00:00.28 | Mem:3.07M, Peak:3.07M | Scene, ViewLayer | Updating Geometry BVH Oak | old incision_curve.067 677/1003 | Building mesh BLAS |      24 tris | Oak | old incision_curve.067
Fra:1 Mem:75.32M (Peak 124.44M) | Time:00:00.28 | Mem:3.07M, Peak:3.07M | Scene, ViewLayer | Updating Geometry BVH Oak | old incision_curve.068 678/1003 | Building BVH
Fra:1 Mem:75.32M (Peak 124.44M) | Time:00:00.28 | Mem:3.07M, Peak:3.07M | Scene, ViewLayer | Updating Geometry BVH Oak | old incision_curve.069 679/1003 | Building BVH
Fra:1 Mem:75.32M (Peak 124.44M) | Time:00:00.28 | Mem:3.07M, Peak:3.07M | Scene, ViewLayer | Updating Geometry BVH Oak | old incision_curve.069 679/1003 | Building mesh BLAS |      24 tris | Oak | old incision_curve.068
Fra:1 Mem:75.32M (Peak 124.44M) | Time:00:00.28 | Mem:3.07M, Peak:3.07M | Scene, ViewLayer | Updating Geometry BVH Oak | old incision_curve.069 679/1003 | Building mesh BLAS |      24 tris | Oak | old incision_curve.069
Fra:1 Mem:75.32M (Peak 124.44M) | Time:00:00.29 | Mem:3.09M, Peak:3.09M | Scene, ViewLayer | Updating Geometry BVH Oak | old incision_curve.070 680/1003 | Building BVH
Fra:1 Mem:75.32M (Peak 124.44M) | Time:00:00.29 | Mem:3.09M, Peak:3.09M | Scene, ViewLayer | Updating Geometry BVH Oak | old incision_curve.071 681/1003 | Building BVH
Fra:1 Mem:75.32M (Peak 124.44M) | Time:00:00.29 | Mem:3.09M, Peak:3.09M | Scene, ViewLayer | Updating Geometry BVH Oak | old incision_curve.071 681/1003 | Building mesh BLAS |      24 tris | Oak | old incision_curve.070
Fra:1 Mem:75.32M (Peak 124.44M) | Time:00:00.29 | Mem:3.09M, Peak:3.09M | Scene, ViewLayer | Updating Geometry BVH Oak | old incision_curve.071 681/1003 | Building mesh BLAS |      24 tris | Oak | old incision_curve.071
Fra:1 Mem:75.32M (Peak 124.44M) | Time:00:00.29 | Mem:3.09M, Peak:3.09M | Scene, ViewLayer | Updating Geometry BVH Oak | old incision_curve.072 682/1003 | Building BVH
Fra:1 Mem:75.32M (Peak 124.44M) | Time:00:00.29 | Mem:3.09M, Peak:3.09M | Scene, ViewLayer | Updating Geometry BVH Oak | old incision_curve.072 682/1003 | Building mesh BLAS |      24 tris | Oak | old incision_curve.072
Fra:1 Mem:75.32M (Peak 124.44M) | Time:00:00.29 | Mem:3.09M, Peak:3.09M | Scene, ViewLayer | Updating Geometry BVH Cylinder.263 909/1003 | Building BVH
Fra:1 Mem:75.32M (Peak 124.44M) | Time:00:00.29 | Mem:3.09M, Peak:3.09M | Scene, ViewLayer | Updating Geometry BVH Oak | old incision_curve.073 683/1003 | Building mesh BLAS |      24 tris | Cylinder.263
Fra:1 Mem:75.32M (Peak 124.44M) | Time:00:00.29 | Mem:3.09M, Peak:3.09M | Scene, ViewLayer | Updating Geometry BVH Oak | old incision_curve.074 684/1003 | Building BVH
Fra:1 Mem:75.32M (Peak 124.44M) | Time:00:00.29 | Mem:3.09M, Peak:3.09M | Scene, ViewLayer | Updating Geometry BVH Oak | dried oil stain_mesh.001 686/1003 | Building BVH
Fra:1 Mem:75.32M (Peak 124.44M) | Time:00:00.29 | Mem:3.09M, Peak:3.09M | Scene, ViewLayer | Updating Geometry BVH Oak | dried oil stain_mesh.001 686/1003 | Building mesh BLAS |      20 tris | Oak | dried oil stain_mesh.001
Fra:1 Mem:75.32M (Peak 124.44M) | Time:00:00.29 | Mem:3.09M, Peak:3.09M | Scene, ViewLayer | Updating Geometry BVH Oak | dried oil stain_mesh.002 687/1003 | Building BVH
Fra:1 Mem:75.32M (Peak 124.44M) | Time:00:00.29 | Mem:3.09M, Peak:3.09M | Scene, ViewLayer | Updating Geometry BVH Oak | dried oil stain_mesh.002 687/1003 | Building mesh BLAS |      24 tris | Oak | old incision_curve.074
Fra:1 Mem:75.32M (Peak 124.44M) | Time:00:00.29 | Mem:3.09M, Peak:3.09M | Scene, ViewLayer | Updating Geometry BVH Oak | dried oil stain_mesh.002 687/1003 | Building mesh BLAS |      24 tris | Oak | old incision_curve.073
Fra:1 Mem:75.32M (Peak 124.44M) | Time:00:00.29 | Mem:3.10M, Peak:3.10M | Scene, ViewLayer | Updating Geometry BVH Oak | dried oil stain_mesh.003 688/1003 | Building BVH
Fra:1 Mem:75.32M (Peak 124.44M) | Time:00:00.29 | Mem:3.10M, Peak:3.10M | Scene, ViewLayer | Updating Geometry BVH Oak | dried oil stain_mesh.004 689/1003 | Building BVH
Fra:1 Mem:75.32M (Peak 124.44M) | Time:00:00.29 | Mem:3.10M, Peak:3.10M | Scene, ViewLayer | Updating Geometry BVH Wax | spilled drop_mesh 690/1003 | Building mesh BLAS |      20 tris | Oak | dried oil stain_mesh.003
Fra:1 Mem:75.32M (Peak 124.44M) | Time:00:00.29 | Mem:3.10M, Peak:3.10M | Scene, ViewLayer | Updating Geometry BVH Wax | spilled drop_mesh 690/1003 | Building mesh BLAS |      20 tris | Oak | dried oil stain_mesh.004
Fra:1 Mem:75.32M (Peak 124.44M) | Time:00:00.29 | Mem:3.10M, Peak:3.10M | Scene, ViewLayer | Updating Geometry BVH Wax | spilled drop_mesh.001 691/1003 | Building BVH
Fra:1 Mem:75.32M (Peak 124.44M) | Time:00:00.29 | Mem:3.11M, Peak:3.11M | Scene, ViewLayer | Updating Geometry BVH Icosphere.126 908/1003 | Building BVH
Fra:1 Mem:75.32M (Peak 124.44M) | Time:00:00.29 | Mem:3.11M, Peak:3.11M | Scene, ViewLayer | Updating Geometry BVH Icosphere.126 908/1003 | Building mesh BLAS |      20 tris | Wax | spilled drop_mesh.001
Fra:1 Mem:75.32M (Peak 124.44M) | Time:00:00.29 | Mem:3.11M, Peak:3.11M | Scene, ViewLayer | Updating Geometry BVH Icosphere.126 908/1003 | Building mesh BLAS |      20 tris | Icosphere.126
Fra:1 Mem:75.32M (Peak 124.44M) | Time:00:00.29 | Mem:3.11M, Peak:3.11M | Scene, ViewLayer | Updating Geometry BVH Wax | spilled drop_mesh.002 692/1003 | Building BVH
Fra:1 Mem:75.32M (Peak 124.44M) | Time:00:00.29 | Mem:3.11M, Peak:3.11M | Scene, ViewLayer | Updating Geometry BVH Wax | spilled drop_mesh.002 692/1003 | Building mesh BLAS |      20 tris | Wax | spilled drop_mesh.002
Fra:1 Mem:75.32M (Peak 124.44M) | Time:00:00.29 | Mem:3.11M, Peak:3.11M | Scene, ViewLayer | Updating Geometry BVH Wax | spilled drop_mesh.003 693/1003 | Building BVH
Fra:1 Mem:75.32M (Peak 124.44M) | Time:00:00.29 | Mem:3.11M, Peak:3.11M | Scene, ViewLayer | Updating Geometry BVH Wax | spilled drop_mesh.003 693/1003 | Building mesh BLAS |      20 tris | Wax | spilled drop_mesh.003
Fra:1 Mem:75.32M (Peak 124.44M) | Time:00:00.29 | Mem:3.11M, Peak:3.11M | Scene, ViewLayer | Updating Geometry BVH Wax | spilled drop_mesh.004 694/1003 | Building BVH
Fra:1 Mem:75.32M (Peak 124.44M) | Time:00:00.29 | Mem:3.11M, Peak:3.11M | Scene, ViewLayer | Updating Geometry BVH Wax | spilled drop_mesh.004 694/1003 | Building mesh BLAS |      20 tris | Wax | spilled drop_mesh.004
Fra:1 Mem:75.32M (Peak 124.44M) | Time:00:00.29 | Mem:3.11M, Peak:3.11M | Scene, ViewLayer | Updating Geometry BVH Wax | spilled drop_mesh.005 695/1003 | Building BVH
Fra:1 Mem:75.32M (Peak 124.44M) | Time:00:00.29 | Mem:3.11M, Peak:3.11M | Scene, ViewLayer | Updating Geometry BVH Wax | spilled drop_mesh.006 696/1003 | Building BVH
Fra:1 Mem:75.32M (Peak 124.44M) | Time:00:00.29 | Mem:3.11M, Peak:3.11M | Scene, ViewLayer | Updating Geometry BVH Wax | spilled drop_mesh.006 696/1003 | Building mesh BLAS |      20 tris | Wax | spilled drop_mesh.005
Fra:1 Mem:75.32M (Peak 124.44M) | Time:00:00.29 | Mem:3.11M, Peak:3.11M | Scene, ViewLayer | Updating Geometry BVH Wax | spilled drop_mesh.006 696/1003 | Building mesh BLAS |      20 tris | Wax | spilled drop_mesh.006
Fra:1 Mem:75.32M (Peak 124.44M) | Time:00:00.29 | Mem:3.11M, Peak:3.11M | Scene, ViewLayer | Updating Geometry BVH Wax | spilled drop_mesh.007 697/1003 | Building BVH
Fra:1 Mem:75.32M (Peak 124.44M) | Time:00:00.29 | Mem:3.11M, Peak:3.11M | Scene, ViewLayer | Updating Geometry BVH Wax | spilled drop_mesh.007 697/1003 | Building mesh BLAS |      20 tris | Wax | spilled drop_mesh.007
Fra:1 Mem:75.32M (Peak 124.44M) | Time:00:00.29 | Mem:3.12M, Peak:3.12M | Scene, ViewLayer | Updating Geometry BVH Wax | spilled drop_mesh.008 698/1003 | Building BVH
Fra:1 Mem:75.32M (Peak 124.44M) | Time:00:00.29 | Mem:3.12M, Peak:3.12M | Scene, ViewLayer | Updating Geometry BVH Wax | spilled drop_mesh.008 698/1003 | Building mesh BLAS |      20 tris | Wax | spilled drop_mesh.008
Fra:1 Mem:75.32M (Peak 124.44M) | Time:00:00.29 | Mem:3.12M, Peak:3.12M | Scene, ViewLayer | Updating Geometry BVH Cylinder.262 907/1003 | Building BVH
Fra:1 Mem:75.32M (Peak 124.44M) | Time:00:00.29 | Mem:3.12M, Peak:3.12M | Scene, ViewLayer | Updating Geometry BVH Wax | spilled drop_mesh.010 700/1003 | Building BVH
Fra:1 Mem:75.32M (Peak 124.44M) | Time:00:00.29 | Mem:3.12M, Peak:3.12M | Scene, ViewLayer | Updating Geometry BVH Wax | spilled drop_mesh.010 700/1003 | Building mesh BLAS |      24 tris | Cylinder.262
Fra:1 Mem:75.32M (Peak 124.44M) | Time:00:00.29 | Mem:3.12M, Peak:3.12M | Scene, ViewLayer | Updating Geometry BVH Wax | spilled drop_mesh.010 700/1003 | Building mesh BLAS |      20 tris | Wax | spilled drop_mesh.010
Fra:1 Mem:75.32M (Peak 124.44M) | Time:00:00.29 | Mem:3.12M, Peak:3.12M | Scene, ViewLayer | Updating Geometry BVH Wax | spilled drop_mesh.010 700/1003 | Building mesh BLAS |      20 tris | Wax | spilled drop_mesh.009
Fra:1 Mem:75.32M (Peak 124.44M) | Time:00:00.29 | Mem:3.12M, Peak:3.12M | Scene, ViewLayer | Updating Geometry BVH Wax | spilled drop_mesh.011 701/1003 | Building BVH
Fra:1 Mem:75.32M (Peak 124.44M) | Time:00:00.29 | Mem:3.12M, Peak:3.12M | Scene, ViewLayer | Updating Geometry BVH Wax | spilled drop_mesh.011 701/1003 | Building mesh BLAS |      20 tris | Wax | spilled drop_mesh.011
Fra:1 Mem:75.32M (Peak 124.44M) | Time:00:00.29 | Mem:3.12M, Peak:3.12M | Scene, ViewLayer | Updating Geometry BVH Wax | spilled drop_mesh.012 702/1003 | Building BVH
Fra:1 Mem:75.32M (Peak 124.44M) | Time:00:00.29 | Mem:3.12M, Peak:3.12M | Scene, ViewLayer | Updating Geometry BVH Wax | spilled drop_mesh.012 702/1003 | Building mesh BLAS |      20 tris | Wax | spilled drop_mesh.012
Fra:1 Mem:75.32M (Peak 124.44M) | Time:00:00.29 | Mem:3.12M, Peak:3.12M | Scene, ViewLayer | Updating Geometry BVH Wax | spilled drop_mesh.013 703/1003 | Building BVH
Fra:1 Mem:75.32M (Peak 124.44M) | Time:00:00.29 | Mem:3.12M, Peak:3.12M | Scene, ViewLayer | Updating Geometry BVH Wax | spilled drop_mesh.014 704/1003 | Building BVH
Fra:1 Mem:75.32M (Peak 124.44M) | Time:00:00.29 | Mem:3.12M, Peak:3.12M | Scene, ViewLayer | Updating Geometry BVH Wax | spilled drop_mesh.014 704/1003 | Building mesh BLAS |      20 tris | Wax | spilled drop_mesh.013
Fra:1 Mem:75.32M (Peak 124.44M) | Time:00:00.29 | Mem:3.12M, Peak:3.12M | Scene, ViewLayer | Updating Geometry BVH Wax | spilled drop_mesh.014 704/1003 | Building mesh BLAS |      20 tris | Wax | spilled drop_mesh.014
Fra:1 Mem:75.32M (Peak 124.44M) | Time:00:00.29 | Mem:3.12M, Peak:3.12M | Scene, ViewLayer | Updating Geometry BVH Wax | spilled drop_mesh.015 705/1003 | Building BVH
Fra:1 Mem:75.32M (Peak 124.44M) | Time:00:00.29 | Mem:3.12M, Peak:3.12M | Scene, ViewLayer | Updating Geometry BVH Wax | spilled drop_mesh.015 705/1003 | Building mesh BLAS |      20 tris | Wax | spilled drop_mesh.015
Fra:1 Mem:75.32M (Peak 124.44M) | Time:00:00.29 | Mem:3.12M, Peak:3.12M | Scene, ViewLayer | Updating Geometry BVH Wax | spilled drop_mesh.016 706/1003 | Building BVH
Fra:1 Mem:75.32M (Peak 124.44M) | Time:00:00.29 | Mem:3.13M, Peak:3.13M | Scene, ViewLayer | Updating Geometry BVH Wax | spilled drop_mesh.016 706/1003 | Building mesh BLAS |      20 tris | Wax | spilled drop_mesh.016
Fra:1 Mem:75.32M (Peak 124.44M) | Time:00:00.29 | Mem:3.13M, Peak:3.13M | Scene, ViewLayer | Updating Geometry BVH Wax | spilled drop_mesh.017 707/1003 | Building BVH
Fra:1 Mem:75.32M (Peak 124.44M) | Time:00:00.29 | Mem:3.13M, Peak:3.13M | Scene, ViewLayer | Updating Geometry BVH Wax | spilled drop_mesh.017 707/1003 | Building mesh BLAS |      20 tris | Wax | spilled drop_mesh.017
Fra:1 Mem:75.32M (Peak 124.44M) | Time:00:00.29 | Mem:3.13M, Peak:3.13M | Scene, ViewLayer | Updating Geometry BVH Icosphere.125 906/1003 | Building BVH
Fra:1 Mem:75.32M (Peak 124.44M) | Time:00:00.29 | Mem:3.13M, Peak:3.13M | Scene, ViewLayer | Updating Geometry BVH Wax | spilled drop_mesh.018 708/1003 | Building BVH
Fra:1 Mem:75.32M (Peak 124.44M) | Time:00:00.29 | Mem:3.13M, Peak:3.13M | Scene, ViewLayer | Updating Geometry BVH Wax | spilled drop_mesh.019 709/1003 | Building BVH
Fra:1 Mem:75.32M (Peak 124.44M) | Time:00:00.29 | Mem:3.13M, Peak:3.13M | Scene, ViewLayer | Updating Geometry BVH Wax | spilled drop_mesh.019 709/1003 | Building mesh BLAS |      20 tris | Wax | spilled drop_mesh.018
Fra:1 Mem:75.32M (Peak 124.44M) | Time:00:00.29 | Mem:3.13M, Peak:3.13M | Scene, ViewLayer | Updating Geometry BVH Wax | spilled drop_mesh.019 709/1003 | Building mesh BLAS |      20 tris | Wax | spilled drop_mesh.019
Fra:1 Mem:75.32M (Peak 124.44M) | Time:00:00.29 | Mem:3.14M, Peak:3.14M | Scene, ViewLayer | Updating Geometry BVH Wax | spilled drop_mesh.020 710/1003 | Building BVH
Fra:1 Mem:75.32M (Peak 124.44M) | Time:00:00.29 | Mem:3.14M, Peak:3.14M | Scene, ViewLayer | Updating Geometry BVH Wax | spilled drop_mesh.020 710/1003 | Building mesh BLAS |      20 tris | Wax | spilled drop_mesh.020
Fra:1 Mem:75.32M (Peak 124.44M) | Time:00:00.29 | Mem:3.14M, Peak:3.14M | Scene, ViewLayer | Updating Geometry BVH Wax | spilled drop_mesh.021 711/1003 | Building BVH
Fra:1 Mem:75.32M (Peak 124.44M) | Time:00:00.29 | Mem:3.14M, Peak:3.14M | Scene, ViewLayer | Updating Geometry BVH Wax | spilled drop_mesh.021 711/1003 | Building mesh BLAS |      20 tris | Wax | spilled drop_mesh.021
Fra:1 Mem:75.32M (Peak 124.44M) | Time:00:00.29 | Mem:3.14M, Peak:3.14M | Scene, ViewLayer | Updating Geometry BVH Cylinder.161 712/1003 | Building BVH
Fra:1 Mem:75.32M (Peak 124.44M) | Time:00:00.29 | Mem:3.14M, Peak:3.14M | Scene, ViewLayer | Updating Geometry BVH Cylinder.161 712/1003 | Building mesh BLAS |      28 tris | Cylinder.161
Fra:1 Mem:75.32M (Peak 124.44M) | Time:00:00.29 | Mem:3.14M, Peak:3.14M | Scene, ViewLayer | Updating Geometry BVH Cylinder.162 713/1003 | Building BVH
Fra:1 Mem:75.32M (Peak 124.44M) | Time:00:00.29 | Mem:3.14M, Peak:3.14M | Scene, ViewLayer | Updating Geometry BVH Cylinder.162 713/1003 | Building mesh BLAS |      28 tris | Cylinder.162
Fra:1 Mem:75.32M (Peak 124.44M) | Time:00:00.29 | Mem:3.14M, Peak:3.14M | Scene, ViewLayer | Updating Geometry BVH Cylinder.163 714/1003 | Building BVH
Fra:1 Mem:75.32M (Peak 124.44M) | Time:00:00.29 | Mem:3.14M, Peak:3.14M | Scene, ViewLayer | Updating Geometry BVH Cylinder.163 714/1003 | Building mesh BLAS |      28 tris | Cylinder.163
Fra:1 Mem:75.32M (Peak 124.44M) | Time:00:00.29 | Mem:3.14M, Peak:3.14M | Scene, ViewLayer | Updating Geometry BVH Cylinder.164 715/1003 | Building BVH
Fra:1 Mem:75.32M (Peak 124.44M) | Time:00:00.29 | Mem:3.14M, Peak:3.14M | Scene, ViewLayer | Updating Geometry BVH Cylinder.164 715/1003 | Building mesh BLAS |      28 tris | Cylinder.164
Fra:1 Mem:75.32M (Peak 124.44M) | Time:00:00.29 | Mem:3.14M, Peak:3.14M | Scene, ViewLayer | Updating Geometry BVH Cylinder.165 716/1003 | Building BVH
Fra:1 Mem:75.32M (Peak 124.44M) | Time:00:00.29 | Mem:3.15M, Peak:3.15M | Scene, ViewLayer | Updating Geometry BVH Cylinder.165 716/1003 | Building mesh BLAS |      28 tris | Cylinder.165
Fra:1 Mem:75.32M (Peak 124.44M) | Time:00:00.29 | Mem:3.15M, Peak:3.15M | Scene, ViewLayer | Updating Geometry BVH Cylinder.261 905/1003 | Building BVH
Fra:1 Mem:75.32M (Peak 124.44M) | Time:00:00.29 | Mem:3.15M, Peak:3.15M | Scene, ViewLayer | Updating Geometry BVH Cylinder.166 717/1003 | Building BVH
Fra:1 Mem:75.32M (Peak 124.44M) | Time:00:00.29 | Mem:3.15M, Peak:3.15M | Scene, ViewLayer | Updating Geometry BVH Cylinder.166 717/1003 | Building mesh BLAS |      24 tris | Cylinder.261
Fra:1 Mem:75.32M (Peak 124.44M) | Time:00:00.29 | Mem:3.15M, Peak:3.15M | Scene, ViewLayer | Updating Geometry BVH Cylinder.166 717/1003 | Building mesh BLAS |      28 tris | Cylinder.166
Fra:1 Mem:75.32M (Peak 124.44M) | Time:00:00.29 | Mem:3.15M, Peak:3.15M | Scene, ViewLayer | Updating Geometry BVH Cylinder.167 718/1003 | Building BVH
Fra:1 Mem:75.32M (Peak 124.44M) | Time:00:00.29 | Mem:3.15M, Peak:3.15M | Scene, ViewLayer | Updating Geometry BVH Cylinder.167 718/1003 | Building mesh BLAS |      28 tris | Cylinder.167
Fra:1 Mem:75.32M (Peak 124.44M) | Time:00:00.29 | Mem:3.15M, Peak:3.15M | Scene, ViewLayer | Updating Geometry BVH Cylinder.168 719/1003 | Building BVH
Fra:1 Mem:75.32M (Peak 124.44M) | Time:00:00.29 | Mem:3.15M, Peak:3.15M | Scene, ViewLayer | Updating Geometry BVH Cylinder.168 719/1003 | Building mesh BLAS |      28 tris | Cylinder.168
Fra:1 Mem:75.32M (Peak 124.44M) | Time:00:00.29 | Mem:3.15M, Peak:3.15M | Scene, ViewLayer | Updating Geometry BVH Cube.058 720/1003 | Building BVH
Fra:1 Mem:75.32M (Peak 124.44M) | Time:00:00.29 | Mem:3.15M, Peak:3.15M | Scene, ViewLayer | Updating Geometry BVH Cube.058 720/1003 | Building mesh BLAS |     108 tris | Cube.058
Fra:1 Mem:75.32M (Peak 124.44M) | Time:00:00.29 | Mem:3.16M, Peak:3.16M | Scene, ViewLayer | Updating Geometry BVH Cube.059 721/1003 | Building BVH
Fra:1 Mem:75.32M (Peak 124.44M) | Time:00:00.29 | Mem:3.16M, Peak:3.16M | Scene, ViewLayer | Updating Geometry BVH Cube.060 722/1003 | Building mesh BLAS |     108 tris | Cube.059
Fra:1 Mem:75.32M (Peak 124.44M) | Time:00:00.29 | Mem:3.16M, Peak:3.16M | Scene, ViewLayer | Updating Geometry BVH Cube.061 723/1003 | Building BVH
Fra:1 Mem:75.32M (Peak 124.44M) | Time:00:00.29 | Mem:3.16M, Peak:3.16M | Scene, ViewLayer | Updating Geometry BVH Cube.061 723/1003 | Building mesh BLAS |     108 tris | Cube.060
Fra:1 Mem:75.32M (Peak 124.44M) | Time:00:00.29 | Mem:3.16M, Peak:3.16M | Scene, ViewLayer | Updating Geometry BVH Cube.062 724/1003 | Building BVH
Fra:1 Mem:75.32M (Peak 124.44M) | Time:00:00.29 | Mem:3.16M, Peak:3.16M | Scene, ViewLayer | Updating Geometry BVH Cube.062 724/1003 | Building mesh BLAS |     108 tris | Cube.062
Fra:1 Mem:75.32M (Peak 124.44M) | Time:00:00.29 | Mem:3.16M, Peak:3.16M | Scene, ViewLayer | Updating Geometry BVH Cube.063 725/1003 | Building BVH
Fra:1 Mem:75.32M (Peak 124.44M) | Time:00:00.29 | Mem:3.16M, Peak:3.16M | Scene, ViewLayer | Updating Geometry BVH Cube.063 725/1003 | Building mesh BLAS |     108 tris | Cube.063
Fra:1 Mem:75.32M (Peak 124.44M) | Time:00:00.29 | Mem:3.16M, Peak:3.16M | Scene, ViewLayer | Updating Geometry BVH Cube.064 726/1003 | Building BVH
Fra:1 Mem:75.32M (Peak 124.44M) | Time:00:00.29 | Mem:3.16M, Peak:3.16M | Scene, ViewLayer | Updating Geometry BVH Icosphere.124 904/1003 | Building BVH
Fra:1 Mem:75.32M (Peak 124.44M) | Time:00:00.29 | Mem:3.16M, Peak:3.16M | Scene, ViewLayer | Updating Geometry BVH Cube.065 727/1003 | Building BVH
Fra:1 Mem:75.32M (Peak 124.44M) | Time:00:00.29 | Mem:3.16M, Peak:3.16M | Scene, ViewLayer | Updating Geometry BVH Cube.065 727/1003 | Building mesh BLAS |      20 tris | Icosphere.124
Fra:1 Mem:75.32M (Peak 124.44M) | Time:00:00.29 | Mem:3.16M, Peak:3.16M | Scene, ViewLayer | Updating Geometry BVH Cube.065 727/1003 | Building mesh BLAS |     108 tris | Cube.065
Fra:1 Mem:75.32M (Peak 124.44M) | Time:00:00.29 | Mem:3.16M, Peak:3.16M | Scene, ViewLayer | Updating Geometry BVH Cube.066 728/1003 | Building BVH
Fra:1 Mem:75.32M (Peak 124.44M) | Time:00:00.29 | Mem:3.17M, Peak:3.17M | Scene, ViewLayer | Updating Geometry BVH Cube.066 728/1003 | Building mesh BLAS |     108 tris | Cube.066
Fra:1 Mem:75.32M (Peak 124.44M) | Time:00:00.29 | Mem:3.17M, Peak:3.17M | Scene, ViewLayer | Updating Geometry BVH Cube.067 729/1003 | Building BVH
Fra:1 Mem:75.32M (Peak 124.44M) | Time:00:00.29 | Mem:3.17M, Peak:3.17M | Scene, ViewLayer | Updating Geometry BVH Cube.068 730/1003 | Building BVH
Fra:1 Mem:75.32M (Peak 124.44M) | Time:00:00.29 | Mem:3.17M, Peak:3.17M | Scene, ViewLayer | Updating Geometry BVH Cube.068 730/1003 | Building mesh BLAS |     108 tris | Cube.067
Fra:1 Mem:75.32M (Peak 124.44M) | Time:00:00.29 | Mem:3.17M, Peak:3.17M | Scene, ViewLayer | Updating Geometry BVH Cube.068 730/1003 | Building mesh BLAS |     108 tris | Cube.068
Fra:1 Mem:75.32M (Peak 124.44M) | Time:00:00.29 | Mem:3.17M, Peak:3.17M | Scene, ViewLayer | Updating Geometry BVH Cube.070 732/1003 | Building BVH
Fra:1 Mem:75.32M (Peak 124.44M) | Time:00:00.29 | Mem:3.17M, Peak:3.17M | Scene, ViewLayer | Updating Geometry BVH Cube.071 733/1003 | Building BVH
Fra:1 Mem:75.32M (Peak 124.44M) | Time:00:00.29 | Mem:3.17M, Peak:3.17M | Scene, ViewLayer | Updating Geometry BVH Cube.071 733/1003 | Building mesh BLAS |     108 tris | Cube.070
Fra:1 Mem:75.32M (Peak 124.44M) | Time:00:00.29 | Mem:3.17M, Peak:3.17M | Scene, ViewLayer | Updating Geometry BVH Cube.071 733/1003 | Building mesh BLAS |     108 tris | Cube.071
Fra:1 Mem:75.32M (Peak 124.44M) | Time:00:00.29 | Mem:3.17M, Peak:3.17M | Scene, ViewLayer | Updating Geometry BVH Cube.071 733/1003 | Building mesh BLAS |     108 tris | Cube.069
Fra:1 Mem:75.32M (Peak 124.44M) | Time:00:00.29 | Mem:3.17M, Peak:3.17M | Scene, ViewLayer | Updating Geometry BVH Cylinder.169 734/1003 | Building BVH
Fra:1 Mem:75.32M (Peak 124.44M) | Time:00:00.29 | Mem:3.17M, Peak:3.17M | Scene, ViewLayer | Updating Geometry BVH Icosphere.046 735/1003 | Building BVH
Fra:1 Mem:75.32M (Peak 124.44M) | Time:00:00.29 | Mem:3.17M, Peak:3.17M | Scene, ViewLayer | Updating Geometry BVH Icosphere.046 735/1003 | Building mesh BLAS |      20 tris | Icosphere.046
Fra:1 Mem:75.32M (Peak 124.44M) | Time:00:00.29 | Mem:3.17M, Peak:3.17M | Scene, ViewLayer | Updating Geometry BVH Icosphere.046 735/1003 | Building mesh BLAS |      24 tris | Cylinder.169
Fra:1 Mem:75.32M (Peak 124.44M) | Time:00:00.29 | Mem:3.17M, Peak:3.17M | Scene, ViewLayer | Updating Geometry BVH Cylinder.170 736/1003 | Building BVH
Fra:1 Mem:75.32M (Peak 124.44M) | Time:00:00.29 | Mem:3.17M, Peak:3.17M | Scene, ViewLayer | Updating Geometry BVH Cylinder.260 903/1003 | Building BVH
Fra:1 Mem:75.32M (Peak 124.44M) | Time:00:00.29 | Mem:3.17M, Peak:3.17M | Scene, ViewLayer | Updating Geometry BVH Cylinder.260 903/1003 | Building mesh BLAS |      24 tris | Cylinder.170
Fra:1 Mem:75.32M (Peak 124.44M) | Time:00:00.29 | Mem:3.17M, Peak:3.17M | Scene, ViewLayer | Updating Geometry BVH Cylinder.260 903/1003 | Building mesh BLAS |      24 tris | Cylinder.260
Fra:1 Mem:75.32M (Peak 124.44M) | Time:00:00.29 | Mem:3.18M, Peak:3.18M | Scene, ViewLayer | Updating Geometry BVH Icosphere.047 737/1003 | Building BVH
Fra:1 Mem:75.32M (Peak 124.44M) | Time:00:00.29 | Mem:3.18M, Peak:3.18M | Scene, ViewLayer | Updating Geometry BVH Icosphere.047 737/1003 | Building mesh BLAS |      20 tris | Icosphere.047
Fra:1 Mem:75.32M (Peak 124.44M) | Time:00:00.29 | Mem:3.18M, Peak:3.18M | Scene, ViewLayer | Updating Geometry BVH Cylinder.171 738/1003 | Building BVH
Fra:1 Mem:75.32M (Peak 124.44M) | Time:00:00.29 | Mem:3.18M, Peak:3.18M | Scene, ViewLayer | Updating Geometry BVH Icosphere.048 739/1003 | Building BVH
Fra:1 Mem:75.32M (Peak 124.44M) | Time:00:00.29 | Mem:3.18M, Peak:3.18M | Scene, ViewLayer | Updating Geometry BVH Icosphere.048 739/1003 | Building mesh BLAS |      24 tris | Cylinder.171
Fra:1 Mem:75.32M (Peak 124.44M) | Time:00:00.29 | Mem:3.18M, Peak:3.18M | Scene, ViewLayer | Updating Geometry BVH Icosphere.048 739/1003 | Building mesh BLAS |      20 tris | Icosphere.048
Fra:1 Mem:75.32M (Peak 124.44M) | Time:00:00.29 | Mem:3.18M, Peak:3.18M | Scene, ViewLayer | Updating Geometry BVH Cylinder.172 740/1003 | Building BVH
Fra:1 Mem:75.32M (Peak 124.44M) | Time:00:00.29 | Mem:3.18M, Peak:3.18M | Scene, ViewLayer | Updating Geometry BVH Cylinder.172 740/1003 | Building mesh BLAS |      24 tris | Cylinder.172
Fra:1 Mem:75.32M (Peak 124.44M) | Time:00:00.29 | Mem:3.19M, Peak:3.19M | Scene, ViewLayer | Updating Geometry BVH Icosphere.049 741/1003 | Building BVH
Fra:1 Mem:75.32M (Peak 124.44M) | Time:00:00.29 | Mem:3.19M, Peak:3.19M | Scene, ViewLayer | Updating Geometry BVH Icosphere.049 741/1003 | Building mesh BLAS |      20 tris | Icosphere.049
Fra:1 Mem:75.32M (Peak 124.44M) | Time:00:00.29 | Mem:3.19M, Peak:3.19M | Scene, ViewLayer | Updating Geometry BVH Cylinder.173 742/1003 | Building BVH
Fra:1 Mem:75.32M (Peak 124.44M) | Time:00:00.29 | Mem:3.19M, Peak:3.19M | Scene, ViewLayer | Updating Geometry BVH Icosphere.050 743/1003 | Building BVH
Fra:1 Mem:75.32M (Peak 124.44M) | Time:00:00.29 | Mem:3.19M, Peak:3.19M | Scene, ViewLayer | Updating Geometry BVH Icosphere.050 743/1003 | Building mesh BLAS |      24 tris | Cylinder.173
Fra:1 Mem:75.32M (Peak 124.44M) | Time:00:00.29 | Mem:3.19M, Peak:3.19M | Scene, ViewLayer | Updating Geometry BVH Icosphere.050 743/1003 | Building mesh BLAS |      20 tris | Icosphere.050
Fra:1 Mem:75.32M (Peak 124.44M) | Time:00:00.29 | Mem:3.19M, Peak:3.19M | Scene, ViewLayer | Updating Geometry BVH Cylinder.174 744/1003 | Building BVH
Fra:1 Mem:75.32M (Peak 124.44M) | Time:00:00.29 | Mem:3.19M, Peak:3.19M | Scene, ViewLayer | Updating Geometry BVH Cylinder.174 744/1003 | Building mesh BLAS |      24 tris | Cylinder.174
Fra:1 Mem:75.32M (Peak 124.44M) | Time:00:00.29 | Mem:3.19M, Peak:3.19M | Scene, ViewLayer | Updating Geometry BVH Icosphere.051 745/1003 | Building BVH
Fra:1 Mem:75.32M (Peak 124.44M) | Time:00:00.29 | Mem:3.19M, Peak:3.19M | Scene, ViewLayer | Updating Geometry BVH Cylinder.259 902/1003 | Building BVH
Fra:1 Mem:75.32M (Peak 124.44M) | Time:00:00.29 | Mem:3.19M, Peak:3.19M | Scene, ViewLayer | Updating Geometry BVH Cylinder.259 902/1003 | Building mesh BLAS |      20 tris | Icosphere.051
Fra:1 Mem:75.32M (Peak 124.44M) | Time:00:00.29 | Mem:3.19M, Peak:3.19M | Scene, ViewLayer | Updating Geometry BVH Cylinder.259 902/1003 | Building mesh BLAS |      52 tris | Cylinder.259
Fra:1 Mem:75.32M (Peak 124.44M) | Time:00:00.29 | Mem:3.19M, Peak:3.19M | Scene, ViewLayer | Updating Geometry BVH Cylinder.175 746/1003 | Building BVH
Fra:1 Mem:75.32M (Peak 124.44M) | Time:00:00.29 | Mem:3.19M, Peak:3.19M | Scene, ViewLayer | Updating Geometry BVH Cylinder.175 746/1003 | Building mesh BLAS |      52 tris | Cylinder.175
Fra:1 Mem:75.32M (Peak 124.44M) | Time:00:00.29 | Mem:3.19M, Peak:3.19M | Scene, ViewLayer | Updating Geometry BVH Cylinder.176 747/1003 | Building BVH
Fra:1 Mem:75.32M (Peak 124.44M) | Time:00:00.29 | Mem:3.19M, Peak:3.19M | Scene, ViewLayer | Updating Geometry BVH Cylinder.176 747/1003 | Building mesh BLAS |      24 tris | Cylinder.176
Fra:1 Mem:75.32M (Peak 124.44M) | Time:00:00.29 | Mem:3.19M, Peak:3.19M | Scene, ViewLayer | Updating Geometry BVH Icosphere.052 748/1003 | Building BVH
Fra:1 Mem:75.32M (Peak 124.44M) | Time:00:00.29 | Mem:3.19M, Peak:3.19M | Scene, ViewLayer | Updating Geometry BVH Icosphere.052 748/1003 | Building mesh BLAS |      20 tris | Icosphere.052
Fra:1 Mem:75.32M (Peak 124.44M) | Time:00:00.29 | Mem:3.20M, Peak:3.20M | Scene, ViewLayer | Updating Geometry BVH Cylinder.177 749/1003 | Building BVH
Fra:1 Mem:75.32M (Peak 124.44M) | Time:00:00.29 | Mem:3.20M, Peak:3.20M | Scene, ViewLayer | Updating Geometry BVH Cylinder.177 749/1003 | Building mesh BLAS |      24 tris | Cylinder.177
Fra:1 Mem:75.32M (Peak 124.44M) | Time:00:00.29 | Mem:3.20M, Peak:3.20M | Scene, ViewLayer | Updating Geometry BVH Icosphere.053 750/1003 | Building BVH
Fra:1 Mem:75.32M (Peak 124.44M) | Time:00:00.29 | Mem:3.20M, Peak:3.20M | Scene, ViewLayer | Updating Geometry BVH Icosphere.053 750/1003 | Building mesh BLAS |      20 tris | Icosphere.053
Fra:1 Mem:75.32M (Peak 124.44M) | Time:00:00.29 | Mem:3.20M, Peak:3.20M | Scene, ViewLayer | Updating Geometry BVH Cylinder.178 751/1003 | Building BVH
Fra:1 Mem:75.32M (Peak 124.44M) | Time:00:00.29 | Mem:3.20M, Peak:3.20M | Scene, ViewLayer | Updating Geometry BVH Icosphere.054 752/1003 | Building BVH
Fra:1 Mem:75.32M (Peak 124.44M) | Time:00:00.29 | Mem:3.20M, Peak:3.20M | Scene, ViewLayer | Updating Geometry BVH Icosphere.054 752/1003 | Building mesh BLAS |      24 tris | Cylinder.178
Fra:1 Mem:75.32M (Peak 124.44M) | Time:00:00.29 | Mem:3.20M, Peak:3.20M | Scene, ViewLayer | Updating Geometry BVH Icosphere.054 752/1003 | Building mesh BLAS |      20 tris | Icosphere.054
Fra:1 Mem:75.32M (Peak 124.44M) | Time:00:00.29 | Mem:3.20M, Peak:3.20M | Scene, ViewLayer | Updating Geometry BVH Cylinder.179 753/1003 | Building BVH
Fra:1 Mem:75.32M (Peak 124.44M) | Time:00:00.29 | Mem:3.20M, Peak:3.20M | Scene, ViewLayer | Updating Geometry BVH Cylinder.179 753/1003 | Building mesh BLAS |      24 tris | Cylinder.179
Fra:1 Mem:75.32M (Peak 124.44M) | Time:00:00.29 | Mem:3.20M, Peak:3.20M | Scene, ViewLayer | Updating Geometry BVH Icosphere.055 754/1003 | Building BVH
Fra:1 Mem:75.32M (Peak 124.44M) | Time:00:00.29 | Mem:3.20M, Peak:3.20M | Scene, ViewLayer | Updating Geometry BVH Icosphere.055 754/1003 | Building mesh BLAS |      20 tris | Icosphere.055
Fra:1 Mem:75.32M (Peak 124.44M) | Time:00:00.29 | Mem:3.20M, Peak:3.20M | Scene, ViewLayer | Updating Geometry BVH Icosphere.123 901/1003 | Building BVH
Fra:1 Mem:75.32M (Peak 124.44M) | Time:00:00.29 | Mem:3.20M, Peak:3.20M | Scene, ViewLayer | Updating Geometry BVH Icosphere.123 901/1003 | Building mesh BLAS |      20 tris | Icosphere.123
Fra:1 Mem:75.32M (Peak 124.44M) | Time:00:00.29 | Mem:3.20M, Peak:3.20M | Scene, ViewLayer | Updating Geometry BVH Cylinder.180 755/1003 | Building BVH
Fra:1 Mem:75.32M (Peak 124.44M) | Time:00:00.29 | Mem:3.20M, Peak:3.20M | Scene, ViewLayer | Updating Geometry BVH Cylinder.180 755/1003 | Building mesh BLAS |      24 tris | Cylinder.180
Fra:1 Mem:75.32M (Peak 124.44M) | Time:00:00.29 | Mem:3.20M, Peak:3.20M | Scene, ViewLayer | Updating Geometry BVH Icosphere.056 756/1003 | Building BVH
Fra:1 Mem:75.32M (Peak 124.44M) | Time:00:00.29 | Mem:3.20M, Peak:3.20M | Scene, ViewLayer | Updating Geometry BVH Icosphere.056 756/1003 | Building mesh BLAS |      20 tris | Icosphere.056
Fra:1 Mem:75.32M (Peak 124.44M) | Time:00:00.29 | Mem:3.21M, Peak:3.21M | Scene, ViewLayer | Updating Geometry BVH Cylinder.181 757/1003 | Building BVH
Fra:1 Mem:75.33M (Peak 124.44M) | Time:00:00.29 | Mem:3.21M, Peak:3.21M | Scene, ViewLayer | Updating Geometry BVH Cylinder.181 757/1003 | Building mesh BLAS |      24 tris | Cylinder.181
Fra:1 Mem:75.33M (Peak 124.44M) | Time:00:00.29 | Mem:3.21M, Peak:3.21M | Scene, ViewLayer | Updating Geometry BVH Icosphere.057 758/1003 | Building BVH
Fra:1 Mem:75.33M (Peak 124.44M) | Time:00:00.29 | Mem:3.21M, Peak:3.21M | Scene, ViewLayer | Updating Geometry BVH Icosphere.057 758/1003 | Building mesh BLAS |      20 tris | Icosphere.057
Fra:1 Mem:75.33M (Peak 124.44M) | Time:00:00.29 | Mem:3.21M, Peak:3.21M | Scene, ViewLayer | Updating Geometry BVH Cylinder.182 759/1003 | Building BVH
Fra:1 Mem:75.33M (Peak 124.44M) | Time:00:00.29 | Mem:3.21M, Peak:3.21M | Scene, ViewLayer | Updating Geometry BVH Cylinder.182 759/1003 | Building mesh BLAS |      52 tris | Cylinder.182
Fra:1 Mem:75.33M (Peak 124.44M) | Time:00:00.29 | Mem:3.21M, Peak:3.21M | Scene, ViewLayer | Updating Geometry BVH Cylinder.183 760/1003 | Building BVH
Fra:1 Mem:75.33M (Peak 124.44M) | Time:00:00.29 | Mem:3.21M, Peak:3.21M | Scene, ViewLayer | Updating Geometry BVH Cylinder.258 900/1003 | Building BVH
Fra:1 Mem:75.33M (Peak 124.44M) | Time:00:00.29 | Mem:3.22M, Peak:3.22M | Scene, ViewLayer | Updating Geometry BVH Cylinder.258 900/1003 | Building mesh BLAS |      24 tris | Cylinder.183
Fra:1 Mem:75.33M (Peak 124.44M) | Time:00:00.29 | Mem:3.22M, Peak:3.22M | Scene, ViewLayer | Updating Geometry BVH Cylinder.258 900/1003 | Building mesh BLAS |      20 tris | Icosphere.058
Fra:1 Mem:75.33M (Peak 124.44M) | Time:00:00.29 | Mem:3.22M, Peak:3.22M | Scene, ViewLayer | Updating Geometry BVH Cylinder.185 764/1003 | Building BVH
Fra:1 Mem:75.33M (Peak 124.44M) | Time:00:00.29 | Mem:3.22M, Peak:3.22M | Scene, ViewLayer | Updating Geometry BVH Cylinder.185 764/1003 | Building mesh BLAS |      24 tris | Cylinder.185
Fra:1 Mem:75.33M (Peak 124.44M) | Time:00:00.29 | Mem:3.22M, Peak:3.22M | Scene, ViewLayer | Updating Geometry BVH Cylinder.185 764/1003 | Building mesh BLAS |      24 tris | Cylinder.258
Fra:1 Mem:75.33M (Peak 124.44M) | Time:00:00.29 | Mem:3.22M, Peak:3.22M | Scene, ViewLayer | Updating Geometry BVH Icosphere.060 765/1003 | Building BVH
Fra:1 Mem:75.33M (Peak 124.44M) | Time:00:00.29 | Mem:3.22M, Peak:3.22M | Scene, ViewLayer | Updating Geometry BVH Icosphere.060 765/1003 | Building mesh BLAS |      20 tris | Icosphere.059
Fra:1 Mem:75.33M (Peak 124.44M) | Time:00:00.29 | Mem:3.22M, Peak:3.22M | Scene, ViewLayer | Updating Geometry BVH Icosphere.060 765/1003 | Building mesh BLAS |      20 tris | Icosphere.060
Fra:1 Mem:75.33M (Peak 124.44M) | Time:00:00.29 | Mem:3.22M, Peak:3.22M | Scene, ViewLayer | Updating Geometry BVH Cylinder.186 766/1003 | Building BVH
Fra:1 Mem:75.33M (Peak 124.44M) | Time:00:00.29 | Mem:3.22M, Peak:3.22M | Scene, ViewLayer | Updating Geometry BVH Icosphere.061 767/1003 | Building BVH
Fra:1 Mem:75.33M (Peak 124.44M) | Time:00:00.29 | Mem:3.22M, Peak:3.22M | Scene, ViewLayer | Updating Geometry BVH Icosphere.061 767/1003 | Building mesh BLAS |      20 tris | Icosphere.061
Fra:1 Mem:75.33M (Peak 124.44M) | Time:00:00.29 | Mem:3.22M, Peak:3.22M | Scene, ViewLayer | Updating Geometry BVH Cylinder.187 768/1003 | Building BVH
Fra:1 Mem:75.33M (Peak 124.44M) | Time:00:00.29 | Mem:3.22M, Peak:3.22M | Scene, ViewLayer | Updating Geometry BVH Cylinder.187 768/1003 | Building mesh BLAS |      24 tris | Cylinder.187
Fra:1 Mem:75.33M (Peak 124.44M) | Time:00:00.29 | Mem:3.23M, Peak:3.23M | Scene, ViewLayer | Updating Geometry BVH Icosphere.062 769/1003 | Building BVH
Fra:1 Mem:75.33M (Peak 124.44M) | Time:00:00.29 | Mem:3.23M, Peak:3.23M | Scene, ViewLayer | Updating Geometry BVH Icosphere.062 769/1003 | Building mesh BLAS |      20 tris | Icosphere.062
Fra:1 Mem:75.33M (Peak 124.44M) | Time:00:00.29 | Mem:3.23M, Peak:3.23M | Scene, ViewLayer | Updating Geometry BVH Cylinder.188 770/1003 | Building BVH
Fra:1 Mem:75.33M (Peak 124.44M) | Time:00:00.29 | Mem:3.23M, Peak:3.23M | Scene, ViewLayer | Updating Geometry BVH Cylinder.188 770/1003 | Building mesh BLAS |      24 tris | Cylinder.188
Fra:1 Mem:75.33M (Peak 124.44M) | Time:00:00.29 | Mem:3.23M, Peak:3.23M | Scene, ViewLayer | Updating Geometry BVH Icosphere.063 771/1003 | Building BVH
Fra:1 Mem:75.33M (Peak 124.44M) | Time:00:00.29 | Mem:3.23M, Peak:3.23M | Scene, ViewLayer | Updating Geometry BVH Cylinder.189 772/1003 | Building BVH
Fra:1 Mem:75.33M (Peak 124.44M) | Time:00:00.29 | Mem:3.23M, Peak:3.23M | Scene, ViewLayer | Updating Geometry BVH Cylinder.190 773/1003 | Building mesh BLAS |      20 tris | Icosphere.063
Fra:1 Mem:75.33M (Peak 124.44M) | Time:00:00.29 | Mem:3.23M, Peak:3.23M | Scene, ViewLayer | Updating Geometry BVH Icosphere.122 899/1003 | Building mesh BLAS |      52 tris | Cylinder.189
Fra:1 Mem:75.33M (Peak 124.44M) | Time:00:00.29 | Mem:3.23M, Peak:3.23M | Scene, ViewLayer | Updating Geometry BVH Icosphere.122 899/1003 | Building mesh BLAS |      24 tris | Cylinder.190
Fra:1 Mem:75.33M (Peak 124.44M) | Time:00:00.29 | Mem:3.23M, Peak:3.23M | Scene, ViewLayer | Updating Geometry BVH Icosphere.122 899/1003 | Building mesh BLAS |      20 tris | Icosphere.122
Fra:1 Mem:75.33M (Peak 124.44M) | Time:00:00.29 | Mem:3.23M, Peak:3.23M | Scene, ViewLayer | Updating Geometry BVH Icosphere.064 774/1003 | Building BVH
Fra:1 Mem:75.33M (Peak 124.44M) | Time:00:00.29 | Mem:3.23M, Peak:3.23M | Scene, ViewLayer | Updating Geometry BVH Icosphere.064 774/1003 | Building mesh BLAS |      20 tris | Icosphere.064
Fra:1 Mem:75.33M (Peak 124.44M) | Time:00:00.29 | Mem:3.24M, Peak:3.24M | Scene, ViewLayer | Updating Geometry BVH Cylinder.191 775/1003 | Building BVH
Fra:1 Mem:75.33M (Peak 124.44M) | Time:00:00.29 | Mem:3.24M, Peak:3.24M | Scene, ViewLayer | Updating Geometry BVH Icosphere.065 776/1003 | Building BVH
Fra:1 Mem:75.33M (Peak 124.44M) | Time:00:00.29 | Mem:3.24M, Peak:3.24M | Scene, ViewLayer | Updating Geometry BVH Icosphere.065 776/1003 | Building mesh BLAS |      24 tris | Cylinder.191
Fra:1 Mem:75.33M (Peak 124.44M) | Time:00:00.29 | Mem:3.24M, Peak:3.24M | Scene, ViewLayer | Updating Geometry BVH Icosphere.065 776/1003 | Building mesh BLAS |      20 tris | Icosphere.065
Fra:1 Mem:75.33M (Peak 124.44M) | Time:00:00.29 | Mem:3.24M, Peak:3.24M | Scene, ViewLayer | Updating Geometry BVH Cylinder.192 777/1003 | Building BVH
Fra:1 Mem:75.33M (Peak 124.44M) | Time:00:00.29 | Mem:3.24M, Peak:3.24M | Scene, ViewLayer | Updating Geometry BVH Cylinder.192 777/1003 | Building mesh BLAS |      24 tris | Cylinder.192
Fra:1 Mem:75.33M (Peak 124.44M) | Time:00:00.29 | Mem:3.24M, Peak:3.24M | Scene, ViewLayer | Updating Geometry BVH Icosphere.066 778/1003 | Building BVH
Fra:1 Mem:75.33M (Peak 124.44M) | Time:00:00.29 | Mem:3.24M, Peak:3.24M | Scene, ViewLayer | Updating Geometry BVH Icosphere.066 778/1003 | Building mesh BLAS |      20 tris | Icosphere.066
Fra:1 Mem:75.33M (Peak 124.44M) | Time:00:00.30 | Mem:3.24M, Peak:3.24M | Scene, ViewLayer | Updating Geometry BVH Cylinder.193 779/1003 | Building BVH
Fra:1 Mem:75.33M (Peak 124.44M) | Time:00:00.30 | Mem:3.24M, Peak:3.24M | Scene, ViewLayer | Updating Geometry BVH Cylinder.193 779/1003 | Building mesh BLAS |      24 tris | Cylinder.193
Fra:1 Mem:75.33M (Peak 124.44M) | Time:00:00.30 | Mem:3.24M, Peak:3.24M | Scene, ViewLayer | Updating Geometry BVH Icosphere.067 780/1003 | Building BVH
Fra:1 Mem:75.33M (Peak 124.44M) | Time:00:00.30 | Mem:3.24M, Peak:3.24M | Scene, ViewLayer | Updating Geometry BVH Icosphere.067 780/1003 | Building mesh BLAS |      20 tris | Icosphere.067
Fra:1 Mem:75.33M (Peak 124.44M) | Time:00:00.30 | Mem:3.24M, Peak:3.24M | Scene, ViewLayer | Updating Geometry BVH Cylinder.194 781/1003 | Building BVH
Fra:1 Mem:75.33M (Peak 124.44M) | Time:00:00.30 | Mem:3.24M, Peak:3.24M | Scene, ViewLayer | Updating Geometry BVH Icosphere.068 782/1003 | Building BVH
Fra:1 Mem:75.33M (Peak 124.44M) | Time:00:00.30 | Mem:3.24M, Peak:3.24M | Scene, ViewLayer | Updating Geometry BVH Icosphere.068 782/1003 | Building mesh BLAS |      24 tris | Cylinder.194
Fra:1 Mem:75.33M (Peak 124.44M) | Time:00:00.30 | Mem:3.24M, Peak:3.24M | Scene, ViewLayer | Updating Geometry BVH Icosphere.068 782/1003 | Building mesh BLAS |      20 tris | Icosphere.068
Fra:1 Mem:75.33M (Peak 124.44M) | Time:00:00.30 | Mem:3.24M, Peak:3.24M | Scene, ViewLayer | Updating Geometry BVH Cylinder.195 783/1003 | Building BVH
Fra:1 Mem:75.33M (Peak 124.44M) | Time:00:00.30 | Mem:3.24M, Peak:3.24M | Scene, ViewLayer | Updating Geometry BVH Cylinder.195 783/1003 | Building mesh BLAS |      24 tris | Cylinder.195
Fra:1 Mem:75.33M (Peak 124.44M) | Time:00:00.30 | Mem:3.25M, Peak:3.25M | Scene, ViewLayer | Updating Geometry BVH Icosphere.069 784/1003 | Building BVH
Fra:1 Mem:75.33M (Peak 124.44M) | Time:00:00.30 | Mem:3.25M, Peak:3.25M | Scene, ViewLayer | Updating Geometry BVH Icosphere.069 784/1003 | Building mesh BLAS |      20 tris | Icosphere.069
Fra:1 Mem:75.33M (Peak 124.44M) | Time:00:00.30 | Mem:3.25M, Peak:3.25M | Scene, ViewLayer | Updating Geometry BVH Cylinder.257 898/1003 | Building BVH
Fra:1 Mem:75.33M (Peak 124.44M) | Time:00:00.30 | Mem:3.25M, Peak:3.25M | Scene, ViewLayer | Updating Geometry BVH Cylinder.196 785/1003 | Building BVH
Fra:1 Mem:75.33M (Peak 124.44M) | Time:00:00.30 | Mem:3.25M, Peak:3.25M | Scene, ViewLayer | Updating Geometry BVH Cylinder.196 785/1003 | Building mesh BLAS |      24 tris | Cylinder.257
Fra:1 Mem:75.33M (Peak 124.44M) | Time:00:00.30 | Mem:3.25M, Peak:3.25M | Scene, ViewLayer | Updating Geometry BVH Cylinder.196 785/1003 | Building mesh BLAS |      52 tris | Cylinder.196
Fra:1 Mem:75.33M (Peak 124.44M) | Time:00:00.30 | Mem:3.25M, Peak:3.25M | Scene, ViewLayer | Updating Geometry BVH Cylinder.197 786/1003 | Building BVH
Fra:1 Mem:75.33M (Peak 124.44M) | Time:00:00.30 | Mem:3.25M, Peak:3.25M | Scene, ViewLayer | Updating Geometry BVH Cylinder.197 786/1003 | Building mesh BLAS |      24 tris | Cylinder.197
Fra:1 Mem:75.33M (Peak 124.44M) | Time:00:00.30 | Mem:3.25M, Peak:3.25M | Scene, ViewLayer | Updating Geometry BVH Icosphere.070 787/1003 | Building BVH
Fra:1 Mem:75.33M (Peak 124.44M) | Time:00:00.30 | Mem:3.25M, Peak:3.25M | Scene, ViewLayer | Updating Geometry BVH Icosphere.070 787/1003 | Building mesh BLAS |      20 tris | Icosphere.070
Fra:1 Mem:75.33M (Peak 124.44M) | Time:00:00.30 | Mem:3.25M, Peak:3.25M | Scene, ViewLayer | Updating Geometry BVH Cylinder.198 788/1003 | Building BVH
Fra:1 Mem:75.33M (Peak 124.44M) | Time:00:00.30 | Mem:3.25M, Peak:3.25M | Scene, ViewLayer | Updating Geometry BVH Cylinder.198 788/1003 | Building mesh BLAS |      24 tris | Cylinder.198
Fra:1 Mem:75.33M (Peak 124.44M) | Time:00:00.30 | Mem:3.25M, Peak:3.25M | Scene, ViewLayer | Updating Geometry BVH Icosphere.071 789/1003 | Building BVH
Fra:1 Mem:75.33M (Peak 124.44M) | Time:00:00.30 | Mem:3.25M, Peak:3.25M | Scene, ViewLayer | Updating Geometry BVH Icosphere.071 789/1003 | Building mesh BLAS |      20 tris | Icosphere.071
Fra:1 Mem:75.33M (Peak 124.44M) | Time:00:00.30 | Mem:3.26M, Peak:3.26M | Scene, ViewLayer | Updating Geometry BVH Cylinder.199 790/1003 | Building BVH
Fra:1 Mem:75.33M (Peak 124.44M) | Time:00:00.30 | Mem:3.26M, Peak:3.26M | Scene, ViewLayer | Updating Geometry BVH Cylinder.199 790/1003 | Building mesh BLAS |      24 tris | Cylinder.199
Fra:1 Mem:75.33M (Peak 124.44M) | Time:00:00.30 | Mem:3.26M, Peak:3.26M | Scene, ViewLayer | Updating Geometry BVH Icosphere.072 791/1003 | Building BVH
Fra:1 Mem:75.33M (Peak 124.44M) | Time:00:00.30 | Mem:3.26M, Peak:3.26M | Scene, ViewLayer | Updating Geometry BVH Icosphere.072 791/1003 | Building mesh BLAS |      20 tris | Icosphere.072
Fra:1 Mem:75.33M (Peak 124.44M) | Time:00:00.30 | Mem:3.26M, Peak:3.26M | Scene, ViewLayer | Updating Geometry BVH Cylinder.200 792/1003 | Building BVH
Fra:1 Mem:75.33M (Peak 124.44M) | Time:00:00.30 | Mem:3.26M, Peak:3.26M | Scene, ViewLayer | Updating Geometry BVH Cylinder.200 792/1003 | Building mesh BLAS |      24 tris | Cylinder.200
Fra:1 Mem:75.33M (Peak 124.44M) | Time:00:00.30 | Mem:3.26M, Peak:3.26M | Scene, ViewLayer | Updating Geometry BVH Icosphere.121 897/1003 | Building BVH
Fra:1 Mem:75.33M (Peak 124.44M) | Time:00:00.30 | Mem:3.27M, Peak:3.27M | Scene, ViewLayer | Updating Geometry BVH Icosphere.121 897/1003 | Building mesh BLAS |      20 tris | Icosphere.121
Fra:1 Mem:75.33M (Peak 124.44M) | Time:00:00.30 | Mem:3.28M, Peak:3.28M | Scene, ViewLayer | Updating Geometry BVH Icosphere.073 793/1003 | Building BVH
Fra:1 Mem:75.33M (Peak 124.44M) | Time:00:00.30 | Mem:3.28M, Peak:3.28M | Scene, ViewLayer | Updating Geometry BVH Icosphere.073 793/1003 | Building mesh BLAS |      20 tris | Icosphere.073
Fra:1 Mem:75.33M (Peak 124.44M) | Time:00:00.30 | Mem:3.28M, Peak:3.28M | Scene, ViewLayer | Updating Geometry BVH Icosphere.074 795/1003 | Building BVH
Fra:1 Mem:75.33M (Peak 124.44M) | Time:00:00.30 | Mem:3.28M, Peak:3.28M | Scene, ViewLayer | Updating Geometry BVH Cylinder.201 794/1003 | Building BVH
Fra:1 Mem:75.33M (Peak 124.44M) | Time:00:00.30 | Mem:3.28M, Peak:3.28M | Scene, ViewLayer | Updating Geometry BVH Cylinder.201 794/1003 | Building mesh BLAS |      20 tris | Icosphere.074
Fra:1 Mem:75.33M (Peak 124.44M) | Time:00:00.30 | Mem:3.28M, Peak:3.28M | Scene, ViewLayer | Updating Geometry BVH Cylinder.201 794/1003 | Building mesh BLAS |      24 tris | Cylinder.202
Fra:1 Mem:75.33M (Peak 124.44M) | Time:00:00.30 | Mem:3.28M, Peak:3.28M | Scene, ViewLayer | Updating Geometry BVH Cylinder.201 794/1003 | Building mesh BLAS |      24 tris | Cylinder.201
Fra:1 Mem:75.33M (Peak 124.44M) | Time:00:00.30 | Mem:3.30M, Peak:3.30M | Scene, ViewLayer | Updating Geometry BVH Icosphere.075 797/1003 | Building BVH
Fra:1 Mem:75.33M (Peak 124.44M) | Time:00:00.30 | Mem:3.30M, Peak:3.30M | Scene, ViewLayer | Updating Geometry BVH Cylinder.203 798/1003 | Building mesh BLAS |      20 tris | Icosphere.075
Fra:1 Mem:75.33M (Peak 124.44M) | Time:00:00.30 | Mem:3.30M, Peak:3.30M | Scene, ViewLayer | Updating Geometry BVH Cylinder.204 799/1003 | Building BVH
Fra:1 Mem:75.33M (Peak 124.44M) | Time:00:00.30 | Mem:3.30M, Peak:3.30M | Scene, ViewLayer | Updating Geometry BVH Cylinder.204 799/1003 | Building mesh BLAS |      24 tris | Cylinder.204
Fra:1 Mem:75.33M (Peak 124.44M) | Time:00:00.30 | Mem:3.30M, Peak:3.30M | Scene, ViewLayer | Updating Geometry BVH Icosphere.076 800/1003 | Building BVH
Fra:1 Mem:75.33M (Peak 124.44M) | Time:00:00.30 | Mem:3.30M, Peak:3.30M | Scene, ViewLayer | Updating Geometry BVH Cylinder.256 896/1003 | Building BVH
Fra:1 Mem:75.33M (Peak 124.44M) | Time:00:00.30 | Mem:3.30M, Peak:3.30M | Scene, ViewLayer | Updating Geometry BVH Cylinder.256 896/1003 | Building mesh BLAS |      20 tris | Icosphere.076
Fra:1 Mem:75.33M (Peak 124.44M) | Time:00:00.30 | Mem:3.30M, Peak:3.30M | Scene, ViewLayer | Updating Geometry BVH Cylinder.256 896/1003 | Building mesh BLAS |      24 tris | Cylinder.256
Fra:1 Mem:75.33M (Peak 124.44M) | Time:00:00.30 | Mem:3.30M, Peak:3.30M | Scene, ViewLayer | Updating Geometry BVH Cylinder.205 801/1003 | Building BVH
Fra:1 Mem:75.33M (Peak 124.44M) | Time:00:00.30 | Mem:3.30M, Peak:3.30M | Scene, ViewLayer | Updating Geometry BVH Cylinder.205 801/1003 | Building mesh BLAS |      24 tris | Cylinder.205
Fra:1 Mem:75.33M (Peak 124.44M) | Time:00:00.30 | Mem:3.32M, Peak:3.32M | Scene, ViewLayer | Updating Geometry BVH Icosphere.077 802/1003 | Building BVH
Fra:1 Mem:75.33M (Peak 124.44M) | Time:00:00.30 | Mem:3.32M, Peak:3.32M | Scene, ViewLayer | Updating Geometry BVH Cylinder.206 803/1003 | Building BVH
Fra:1 Mem:75.33M (Peak 124.44M) | Time:00:00.30 | Mem:3.32M, Peak:3.32M | Scene, ViewLayer | Updating Geometry BVH Cylinder.206 803/1003 | Building mesh BLAS |      24 tris | Cylinder.206
Fra:1 Mem:75.33M (Peak 124.44M) | Time:00:00.30 | Mem:3.32M, Peak:3.32M | Scene, ViewLayer | Updating Geometry BVH Icosphere.078 804/1003 | Building BVH
Fra:1 Mem:75.33M (Peak 124.44M) | Time:00:00.30 | Mem:3.32M, Peak:3.32M | Scene, ViewLayer | Updating Geometry BVH Cylinder.207 805/1003 | Building BVH
Fra:1 Mem:75.33M (Peak 124.44M) | Time:00:00.30 | Mem:3.32M, Peak:3.32M | Scene, ViewLayer | Updating Geometry BVH Cylinder.207 805/1003 | Building mesh BLAS |      24 tris | Cylinder.207
Fra:1 Mem:75.33M (Peak 124.44M) | Time:00:00.30 | Mem:3.32M, Peak:3.32M | Scene, ViewLayer | Updating Geometry BVH Cylinder.207 805/1003 | Building mesh BLAS |      20 tris | Icosphere.078
Fra:1 Mem:75.33M (Peak 124.44M) | Time:00:00.30 | Mem:3.32M, Peak:3.32M | Scene, ViewLayer | Updating Geometry BVH Icosphere.079 806/1003 | Building BVH
Fra:1 Mem:75.33M (Peak 124.44M) | Time:00:00.30 | Mem:3.32M, Peak:3.32M | Scene, ViewLayer | Updating Geometry BVH Icosphere.079 806/1003 | Building mesh BLAS |      20 tris | Icosphere.079
Fra:1 Mem:75.33M (Peak 124.44M) | Time:00:00.30 | Mem:3.32M, Peak:3.32M | Scene, ViewLayer | Updating Geometry BVH Cylinder.208 807/1003 | Building BVH
Fra:1 Mem:75.33M (Peak 124.44M) | Time:00:00.30 | Mem:3.33M, Peak:3.33M | Scene, ViewLayer | Updating Geometry BVH Icosphere.080 808/1003 | Building mesh BLAS |      24 tris | Cylinder.208
Fra:1 Mem:75.33M (Peak 124.44M) | Time:00:00.30 | Mem:3.33M, Peak:3.33M | Scene, ViewLayer | Updating Geometry BVH Cylinder.209 809/1003 | Building BVH
Fra:1 Mem:75.33M (Peak 124.44M) | Time:00:00.30 | Mem:3.33M, Peak:3.33M | Scene, ViewLayer | Updating Geometry BVH Cylinder.209 809/1003 | Building mesh BLAS |      24 tris | Cylinder.209
Fra:1 Mem:75.33M (Peak 124.44M) | Time:00:00.30 | Mem:3.33M, Peak:3.33M | Scene, ViewLayer | Updating Geometry BVH Icosphere.120 895/1003 | Building mesh BLAS |      20 tris | Icosphere.080
Fra:1 Mem:75.33M (Peak 124.44M) | Time:00:00.30 | Mem:3.33M, Peak:3.33M | Scene, ViewLayer | Updating Geometry BVH Icosphere.120 895/1003 | Building mesh BLAS |      20 tris | Icosphere.120
Fra:1 Mem:75.33M (Peak 124.44M) | Time:00:00.30 | Mem:3.33M, Peak:3.33M | Scene, ViewLayer | Updating Geometry BVH Icosphere.081 810/1003 | Building BVH
Fra:1 Mem:75.33M (Peak 124.44M) | Time:00:00.30 | Mem:3.33M, Peak:3.33M | Scene, ViewLayer | Updating Geometry BVH Icosphere.081 810/1003 | Building mesh BLAS |      20 tris | Icosphere.081
Fra:1 Mem:75.33M (Peak 124.44M) | Time:00:00.30 | Mem:3.33M, Peak:3.33M | Scene, ViewLayer | Updating Geometry BVH Cylinder.210 811/1003 | Building BVH
Fra:1 Mem:75.33M (Peak 124.44M) | Time:00:00.30 | Mem:3.33M, Peak:3.33M | Scene, ViewLayer | Updating Geometry BVH Cylinder.210 811/1003 | Building mesh BLAS |      52 tris | Cylinder.210
Fra:1 Mem:75.33M (Peak 124.44M) | Time:00:00.30 | Mem:3.34M, Peak:3.34M | Scene, ViewLayer | Updating Geometry BVH Cylinder.211 812/1003 | Building BVH
Fra:1 Mem:75.33M (Peak 124.44M) | Time:00:00.30 | Mem:3.34M, Peak:3.34M | Scene, ViewLayer | Updating Geometry BVH Icosphere.082 813/1003 | Building BVH
Fra:1 Mem:75.33M (Peak 124.44M) | Time:00:00.30 | Mem:3.34M, Peak:3.34M | Scene, ViewLayer | Updating Geometry BVH Icosphere.082 813/1003 | Building mesh BLAS |      24 tris | Cylinder.211
Fra:1 Mem:75.33M (Peak 124.44M) | Time:00:00.30 | Mem:3.34M, Peak:3.34M | Scene, ViewLayer | Updating Geometry BVH Icosphere.082 813/1003 | Building mesh BLAS |      20 tris | Icosphere.082
Fra:1 Mem:75.33M (Peak 124.44M) | Time:00:00.30 | Mem:3.34M, Peak:3.34M | Scene, ViewLayer | Updating Geometry BVH Cylinder.212 814/1003 | Building BVH
Fra:1 Mem:75.33M (Peak 124.44M) | Time:00:00.30 | Mem:3.34M, Peak:3.34M | Scene, ViewLayer | Updating Geometry BVH Icosphere.083 815/1003 | Building BVH
Fra:1 Mem:75.33M (Peak 124.44M) | Time:00:00.30 | Mem:3.34M, Peak:3.34M | Scene, ViewLayer | Updating Geometry BVH Icosphere.083 815/1003 | Building mesh BLAS |      24 tris | Cylinder.212
Fra:1 Mem:75.33M (Peak 124.44M) | Time:00:00.30 | Mem:3.34M, Peak:3.34M | Scene, ViewLayer | Updating Geometry BVH Icosphere.083 815/1003 | Building mesh BLAS |      20 tris | Icosphere.083
Fra:1 Mem:75.33M (Peak 124.44M) | Time:00:00.30 | Mem:3.34M, Peak:3.34M | Scene, ViewLayer | Updating Geometry BVH Cylinder.213 816/1003 | Building BVH
Fra:1 Mem:75.33M (Peak 124.44M) | Time:00:00.30 | Mem:3.34M, Peak:3.34M | Scene, ViewLayer | Updating Geometry BVH Cylinder.213 816/1003 | Building mesh BLAS |      24 tris | Cylinder.213
Fra:1 Mem:75.33M (Peak 124.44M) | Time:00:00.30 | Mem:3.34M, Peak:3.34M | Scene, ViewLayer | Updating Geometry BVH Icosphere.084 817/1003 | Building BVH
Fra:1 Mem:75.33M (Peak 124.44M) | Time:00:00.30 | Mem:3.34M, Peak:3.34M | Scene, ViewLayer | Updating Geometry BVH Cylinder.214 818/1003 | Building BVH
Fra:1 Mem:75.33M (Peak 124.44M) | Time:00:00.30 | Mem:3.34M, Peak:3.34M | Scene, ViewLayer | Updating Geometry BVH Cylinder.214 818/1003 | Building mesh BLAS |      20 tris | Icosphere.084
Fra:1 Mem:75.33M (Peak 124.44M) | Time:00:00.30 | Mem:3.34M, Peak:3.34M | Scene, ViewLayer | Updating Geometry BVH Cylinder.214 818/1003 | Building mesh BLAS |      24 tris | Cylinder.214
Fra:1 Mem:75.33M (Peak 124.44M) | Time:00:00.30 | Mem:3.34M, Peak:3.34M | Scene, ViewLayer | Updating Geometry BVH Cylinder.255 894/1003 | Building BVH
Fra:1 Mem:75.33M (Peak 124.44M) | Time:00:00.30 | Mem:3.34M, Peak:3.34M | Scene, ViewLayer | Updating Geometry BVH Cylinder.255 894/1003 | Building mesh BLAS |      24 tris | Cylinder.255
Fra:1 Mem:75.33M (Peak 124.44M) | Time:00:00.30 | Mem:3.35M, Peak:3.35M | Scene, ViewLayer | Updating Geometry BVH Icosphere.085 819/1003 | Building BVH
Fra:1 Mem:75.33M (Peak 124.44M) | Time:00:00.30 | Mem:3.35M, Peak:3.35M | Scene, ViewLayer | Updating Geometry BVH Icosphere.085 819/1003 | Building mesh BLAS |      20 tris | Icosphere.085
Fra:1 Mem:75.33M (Peak 124.44M) | Time:00:00.30 | Mem:3.35M, Peak:3.35M | Scene, ViewLayer | Updating Geometry BVH Cylinder.215 820/1003 | Building BVH
Fra:1 Mem:75.33M (Peak 124.44M) | Time:00:00.30 | Mem:3.35M, Peak:3.35M | Scene, ViewLayer | Updating Geometry BVH Cylinder.215 820/1003 | Building mesh BLAS |      24 tris | Cylinder.215
Fra:1 Mem:75.33M (Peak 124.44M) | Time:00:00.30 | Mem:3.35M, Peak:3.35M | Scene, ViewLayer | Updating Geometry BVH Icosphere.086 821/1003 | Building BVH
Fra:1 Mem:75.33M (Peak 124.44M) | Time:00:00.30 | Mem:3.35M, Peak:3.35M | Scene, ViewLayer | Updating Geometry BVH Icosphere.086 821/1003 | Building mesh BLAS |      20 tris | Icosphere.086
Fra:1 Mem:75.33M (Peak 124.44M) | Time:00:00.30 | Mem:3.35M, Peak:3.35M | Scene, ViewLayer | Updating Geometry BVH Cylinder.216 822/1003 | Building BVH
Fra:1 Mem:75.33M (Peak 124.44M) | Time:00:00.30 | Mem:3.35M, Peak:3.35M | Scene, ViewLayer | Updating Geometry BVH Cylinder.216 822/1003 | Building mesh BLAS |      24 tris | Cylinder.216
Fra:1 Mem:75.33M (Peak 124.44M) | Time:00:00.30 | Mem:3.35M, Peak:3.35M | Scene, ViewLayer | Updating Geometry BVH Icosphere.087 823/1003 | Building BVH
Fra:1 Mem:75.33M (Peak 124.44M) | Time:00:00.30 | Mem:3.35M, Peak:3.35M | Scene, ViewLayer | Updating Geometry BVH Cylinder.217 824/1003 | Building mesh BLAS |      20 tris | Icosphere.087
Fra:1 Mem:75.33M (Peak 124.44M) | Time:00:00.30 | Mem:3.35M, Peak:3.35M | Scene, ViewLayer | Updating Geometry BVH Cylinder.217 824/1003 | Building mesh BLAS |      52 tris | Cylinder.217
Fra:1 Mem:75.33M (Peak 124.44M) | Time:00:00.30 | Mem:3.36M, Peak:3.36M | Scene, ViewLayer | Updating Geometry BVH Cylinder.218 825/1003 | Building BVH
Fra:1 Mem:75.33M (Peak 124.44M) | Time:00:00.30 | Mem:3.36M, Peak:3.36M | Scene, ViewLayer | Updating Geometry BVH Icosphere.088 826/1003 | Building BVH
Fra:1 Mem:75.33M (Peak 124.44M) | Time:00:00.30 | Mem:3.36M, Peak:3.36M | Scene, ViewLayer | Updating Geometry BVH Icosphere.088 826/1003 | Building mesh BLAS |      24 tris | Cylinder.218
Fra:1 Mem:75.33M (Peak 124.44M) | Time:00:00.30 | Mem:3.36M, Peak:3.36M | Scene, ViewLayer | Updating Geometry BVH Icosphere.088 826/1003 | Building mesh BLAS |      20 tris | Icosphere.088
Fra:1 Mem:75.33M (Peak 124.44M) | Time:00:00.30 | Mem:3.36M, Peak:3.36M | Scene, ViewLayer | Updating Geometry BVH Cylinder.219 827/1003 | Building BVH
Fra:1 Mem:75.33M (Peak 124.44M) | Time:00:00.30 | Mem:3.36M, Peak:3.36M | Scene, ViewLayer | Updating Geometry BVH Cylinder.219 827/1003 | Building mesh BLAS |      24 tris | Cylinder.219
Fra:1 Mem:75.33M (Peak 124.44M) | Time:00:00.30 | Mem:3.36M, Peak:3.36M | Scene, ViewLayer | Updating Geometry BVH Icosphere.119 893/1003 | Building BVH
Fra:1 Mem:75.33M (Peak 124.44M) | Time:00:00.30 | Mem:3.36M, Peak:3.36M | Scene, ViewLayer | Updating Geometry BVH Icosphere.119 893/1003 | Building mesh BLAS |      20 tris | Icosphere.119
Fra:1 Mem:75.33M (Peak 124.44M) | Time:00:00.30 | Mem:3.36M, Peak:3.36M | Scene, ViewLayer | Updating Geometry BVH Icosphere.089 828/1003 | Building BVH
Fra:1 Mem:75.33M (Peak 124.44M) | Time:00:00.30 | Mem:3.36M, Peak:3.36M | Scene, ViewLayer | Updating Geometry BVH Icosphere.089 828/1003 | Building mesh BLAS |      20 tris | Icosphere.089
Fra:1 Mem:75.33M (Peak 124.44M) | Time:00:00.30 | Mem:3.36M, Peak:3.36M | Scene, ViewLayer | Updating Geometry BVH Cylinder.220 829/1003 | Building BVH
Fra:1 Mem:75.33M (Peak 124.44M) | Time:00:00.30 | Mem:3.37M, Peak:3.37M | Scene, ViewLayer | Updating Geometry BVH Cylinder.220 829/1003 | Building mesh BLAS |      24 tris | Cylinder.220
Fra:1 Mem:75.33M (Peak 124.44M) | Time:00:00.30 | Mem:3.37M, Peak:3.37M | Scene, ViewLayer | Updating Geometry BVH Icosphere.090 830/1003 | Building BVH
Fra:1 Mem:75.33M (Peak 124.44M) | Time:00:00.30 | Mem:3.37M, Peak:3.37M | Scene, ViewLayer | Updating Geometry BVH Icosphere.090 830/1003 | Building mesh BLAS |      20 tris | Icosphere.090
Fra:1 Mem:75.33M (Peak 124.44M) | Time:00:00.30 | Mem:3.37M, Peak:3.37M | Scene, ViewLayer | Updating Geometry BVH Cylinder.221 831/1003 | Building BVH
Fra:1 Mem:75.33M (Peak 124.44M) | Time:00:00.30 | Mem:3.37M, Peak:3.37M | Scene, ViewLayer | Updating Geometry BVH Cylinder.221 831/1003 | Building mesh BLAS |      24 tris | Cylinder.221
Fra:1 Mem:75.33M (Peak 124.44M) | Time:00:00.30 | Mem:3.37M, Peak:3.37M | Scene, ViewLayer | Updating Geometry BVH Icosphere.091 832/1003 | Building BVH
Fra:1 Mem:75.33M (Peak 124.44M) | Time:00:00.30 | Mem:3.37M, Peak:3.37M | Scene, ViewLayer | Updating Geometry BVH Cylinder.222 833/1003 | Building BVH
Fra:1 Mem:75.33M (Peak 124.44M) | Time:00:00.30 | Mem:3.37M, Peak:3.37M | Scene, ViewLayer | Updating Geometry BVH Cylinder.222 833/1003 | Building mesh BLAS |      24 tris | Cylinder.222
Fra:1 Mem:75.33M (Peak 124.44M) | Time:00:00.30 | Mem:3.37M, Peak:3.37M | Scene, ViewLayer | Updating Geometry BVH Icosphere.092 834/1003 | Building BVH
Fra:1 Mem:75.33M (Peak 124.44M) | Time:00:00.30 | Mem:3.37M, Peak:3.37M | Scene, ViewLayer | Updating Geometry BVH Icosphere.092 834/1003 | Building mesh BLAS |      20 tris | Icosphere.092
Fra:1 Mem:75.33M (Peak 124.44M) | Time:00:00.30 | Mem:3.37M, Peak:3.37M | Scene, ViewLayer | Updating Geometry BVH Cylinder.223 835/1003 | Building BVH
Fra:1 Mem:75.33M (Peak 124.44M) | Time:00:00.30 | Mem:3.37M, Peak:3.37M | Scene, ViewLayer | Updating Geometry BVH Cylinder.223 835/1003 | Building mesh BLAS |      24 tris | Cylinder.223
Fra:1 Mem:75.33M (Peak 124.44M) | Time:00:00.30 | Mem:3.37M, Peak:3.37M | Scene, ViewLayer | Updating Geometry BVH Icosphere.093 836/1003 | Building BVH
Fra:1 Mem:75.33M (Peak 124.44M) | Time:00:00.30 | Mem:3.37M, Peak:3.37M | Scene, ViewLayer | Updating Geometry BVH Icosphere.093 836/1003 | Building mesh BLAS |      20 tris | Icosphere.093
Fra:1 Mem:75.33M (Peak 124.44M) | Time:00:00.30 | Mem:3.38M, Peak:3.38M | Scene, ViewLayer | Updating Geometry BVH Cylinder.224 837/1003 | Building BVH
Fra:1 Mem:75.33M (Peak 124.44M) | Time:00:00.30 | Mem:3.38M, Peak:3.38M | Scene, ViewLayer | Updating Geometry BVH Cylinder.254 892/1003 | Building BVH
Fra:1 Mem:75.33M (Peak 124.44M) | Time:00:00.30 | Mem:3.38M, Peak:3.38M | Scene, ViewLayer | Updating Geometry BVH Cylinder.254 892/1003 | Building mesh BLAS |      24 tris | Cylinder.254
Fra:1 Mem:75.33M (Peak 124.44M) | Time:00:00.30 | Mem:3.38M, Peak:3.38M | Scene, ViewLayer | Updating Geometry BVH Cylinder.225 838/1003 | Building BVH
Fra:1 Mem:75.33M (Peak 124.44M) | Time:00:00.30 | Mem:3.38M, Peak:3.38M | Scene, ViewLayer | Updating Geometry BVH Icosphere.094 839/1003 | Building mesh BLAS |      24 tris | Cylinder.225
Fra:1 Mem:75.33M (Peak 124.44M) | Time:00:00.30 | Mem:3.38M, Peak:3.38M | Scene, ViewLayer | Updating Geometry BVH Cylinder.226 840/1003 | Building BVH
Fra:1 Mem:75.33M (Peak 124.44M) | Time:00:00.30 | Mem:3.38M, Peak:3.38M | Scene, ViewLayer | Updating Geometry BVH Cylinder.226 840/1003 | Building mesh BLAS |      24 tris | Cylinder.226
Fra:1 Mem:75.33M (Peak 124.44M) | Time:00:00.30 | Mem:3.38M, Peak:3.38M | Scene, ViewLayer | Updating Geometry BVH Cylinder.226 840/1003 | Building mesh BLAS |      20 tris | Icosphere.094
Fra:1 Mem:75.33M (Peak 124.44M) | Time:00:00.30 | Mem:3.38M, Peak:3.38M | Scene, ViewLayer | Updating Geometry BVH Icosphere.095 841/1003 | Building BVH
Fra:1 Mem:75.33M (Peak 124.44M) | Time:00:00.30 | Mem:3.38M, Peak:3.38M | Scene, ViewLayer | Updating Geometry BVH Icosphere.095 841/1003 | Building mesh BLAS |      20 tris | Icosphere.095
Fra:1 Mem:75.33M (Peak 124.44M) | Time:00:00.30 | Mem:3.38M, Peak:3.38M | Scene, ViewLayer | Updating Geometry BVH Cylinder.227 842/1003 | Building BVH
Fra:1 Mem:75.33M (Peak 124.44M) | Time:00:00.30 | Mem:3.38M, Peak:3.38M | Scene, ViewLayer | Updating Geometry BVH Cylinder.227 842/1003 | Building mesh BLAS |      24 tris | Cylinder.227
Fra:1 Mem:75.33M (Peak 124.44M) | Time:00:00.30 | Mem:3.39M, Peak:3.39M | Scene, ViewLayer | Updating Geometry BVH Icosphere.096 843/1003 | Building BVH
Fra:1 Mem:75.33M (Peak 124.44M) | Time:00:00.30 | Mem:3.39M, Peak:3.39M | Scene, ViewLayer | Updating Geometry BVH Icosphere.096 843/1003 | Building mesh BLAS |      20 tris | Icosphere.096
Fra:1 Mem:75.33M (Peak 124.44M) | Time:00:00.30 | Mem:3.39M, Peak:3.39M | Scene, ViewLayer | Updating Geometry BVH Cylinder.228 844/1003 | Building BVH
Fra:1 Mem:75.33M (Peak 124.44M) | Time:00:00.30 | Mem:3.39M, Peak:3.39M | Scene, ViewLayer | Updating Geometry BVH Icosphere.097 845/1003 | Building BVH
Fra:1 Mem:75.33M (Peak 124.44M) | Time:00:00.30 | Mem:3.39M, Peak:3.39M | Scene, ViewLayer | Updating Geometry BVH Icosphere.097 845/1003 | Building mesh BLAS |      24 tris | Cylinder.228
Fra:1 Mem:75.33M (Peak 124.44M) | Time:00:00.30 | Mem:3.39M, Peak:3.39M | Scene, ViewLayer | Updating Geometry BVH Icosphere.097 845/1003 | Building mesh BLAS |      20 tris | Icosphere.097
Fra:1 Mem:75.33M (Peak 124.44M) | Time:00:00.30 | Mem:3.39M, Peak:3.39M | Scene, ViewLayer | Updating Geometry BVH Icosphere.118 891/1003 | Building BVH
Fra:1 Mem:75.33M (Peak 124.44M) | Time:00:00.30 | Mem:3.39M, Peak:3.39M | Scene, ViewLayer | Updating Geometry BVH Icosphere.118 891/1003 | Building mesh BLAS |      20 tris | Icosphere.118
Fra:1 Mem:75.33M (Peak 124.44M) | Time:00:00.30 | Mem:3.39M, Peak:3.39M | Scene, ViewLayer | Updating Geometry BVH Cylinder.229 846/1003 | Building BVH
Fra:1 Mem:75.33M (Peak 124.44M) | Time:00:00.30 | Mem:3.39M, Peak:3.39M | Scene, ViewLayer | Updating Geometry BVH Icosphere.098 847/1003 | Building mesh BLAS |      24 tris | Cylinder.229
Fra:1 Mem:75.33M (Peak 124.44M) | Time:00:00.30 | Mem:3.39M, Peak:3.39M | Scene, ViewLayer | Updating Geometry BVH Icosphere.098 847/1003 | Building mesh BLAS |      20 tris | Icosphere.098
Fra:1 Mem:75.33M (Peak 124.44M) | Time:00:00.30 | Mem:3.39M, Peak:3.39M | Scene, ViewLayer | Updating Geometry BVH Cylinder.230 848/1003 | Building BVH
Fra:1 Mem:75.33M (Peak 124.44M) | Time:00:00.30 | Mem:3.39M, Peak:3.39M | Scene, ViewLayer | Updating Geometry BVH Cylinder.230 848/1003 | Building mesh BLAS |      24 tris | Cylinder.230
Fra:1 Mem:75.33M (Peak 124.44M) | Time:00:00.30 | Mem:3.40M, Peak:3.40M | Scene, ViewLayer | Updating Geometry BVH Icosphere.099 849/1003 | Building BVH
Fra:1 Mem:75.33M (Peak 124.44M) | Time:00:00.30 | Mem:3.40M, Peak:3.40M | Scene, ViewLayer | Updating Geometry BVH Icosphere.099 849/1003 | Building mesh BLAS |      20 tris | Icosphere.099
Fra:1 Mem:75.33M (Peak 124.44M) | Time:00:00.30 | Mem:3.40M, Peak:3.40M | Scene, ViewLayer | Updating Geometry BVH Cylinder.231 850/1003 | Building BVH
Fra:1 Mem:75.33M (Peak 124.44M) | Time:00:00.30 | Mem:3.40M, Peak:3.40M | Scene, ViewLayer | Updating Geometry BVH Cylinder.231 850/1003 | Building mesh BLAS |      52 tris | Cylinder.231
Fra:1 Mem:75.33M (Peak 124.44M) | Time:00:00.30 | Mem:3.40M, Peak:3.40M | Scene, ViewLayer | Updating Geometry BVH Cylinder.232 851/1003 | Building BVH
Fra:1 Mem:75.33M (Peak 124.44M) | Time:00:00.30 | Mem:3.40M, Peak:3.40M | Scene, ViewLayer | Updating Geometry BVH Cylinder.232 851/1003 | Building mesh BLAS |      24 tris | Cylinder.232
Fra:1 Mem:75.33M (Peak 124.44M) | Time:00:00.30 | Mem:3.40M, Peak:3.40M | Scene, ViewLayer | Updating Geometry BVH Icosphere.100 852/1003 | Building BVH
Fra:1 Mem:75.33M (Peak 124.44M) | Time:00:00.30 | Mem:3.40M, Peak:3.40M | Scene, ViewLayer | Updating Geometry BVH Icosphere.100 852/1003 | Building mesh BLAS |      20 tris | Icosphere.100
Fra:1 Mem:75.33M (Peak 124.44M) | Time:00:00.30 | Mem:3.40M, Peak:3.40M | Scene, ViewLayer | Updating Geometry BVH Cylinder.233 853/1003 | Building BVH
Fra:1 Mem:75.33M (Peak 124.44M) | Time:00:00.30 | Mem:3.40M, Peak:3.40M | Scene, ViewLayer | Updating Geometry BVH Cylinder.233 853/1003 | Building mesh BLAS |      24 tris | Cylinder.233
Fra:1 Mem:75.33M (Peak 124.44M) | Time:00:00.30 | Mem:3.40M, Peak:3.40M | Scene, ViewLayer | Updating Geometry BVH Icosphere.101 854/1003 | Building BVH
Fra:1 Mem:75.33M (Peak 124.44M) | Time:00:00.30 | Mem:3.40M, Peak:3.40M | Scene, ViewLayer | Updating Geometry BVH Icosphere.101 854/1003 | Building mesh BLAS |      20 tris | Icosphere.101
Fra:1 Mem:75.33M (Peak 124.44M) | Time:00:00.30 | Mem:3.41M, Peak:3.41M | Scene, ViewLayer | Updating Geometry BVH Cylinder.234 855/1003 | Building BVH
Fra:1 Mem:75.33M (Peak 124.44M) | Time:00:00.30 | Mem:3.41M, Peak:3.41M | Scene, ViewLayer | Updating Geometry BVH Cylinder.234 855/1003 | Building mesh BLAS |      24 tris | Cylinder.234
Fra:1 Mem:75.33M (Peak 124.44M) | Time:00:00.30 | Mem:3.41M, Peak:3.41M | Scene, ViewLayer | Updating Geometry BVH Cylinder.253 890/1003 | Building BVH
Fra:1 Mem:75.33M (Peak 124.44M) | Time:00:00.30 | Mem:3.41M, Peak:3.41M | Scene, ViewLayer | Updating Geometry BVH Icosphere.102 856/1003 | Building BVH
Fra:1 Mem:75.33M (Peak 124.44M) | Time:00:00.30 | Mem:3.41M, Peak:3.41M | Scene, ViewLayer | Updating Geometry BVH Icosphere.102 856/1003 | Building mesh BLAS |      24 tris | Cylinder.253
Fra:1 Mem:75.33M (Peak 124.44M) | Time:00:00.30 | Mem:3.41M, Peak:3.41M | Scene, ViewLayer | Updating Geometry BVH Icosphere.102 856/1003 | Building mesh BLAS |      20 tris | Icosphere.102
Fra:1 Mem:75.33M (Peak 124.44M) | Time:00:00.30 | Mem:3.41M, Peak:3.41M | Scene, ViewLayer | Updating Geometry BVH Cylinder.235 857/1003 | Building BVH
Fra:1 Mem:75.33M (Peak 124.44M) | Time:00:00.30 | Mem:3.41M, Peak:3.41M | Scene, ViewLayer | Updating Geometry BVH Cylinder.235 857/1003 | Building mesh BLAS |      24 tris | Cylinder.235
Fra:1 Mem:75.33M (Peak 124.44M) | Time:00:00.30 | Mem:3.41M, Peak:3.41M | Scene, ViewLayer | Updating Geometry BVH Icosphere.103 858/1003 | Building BVH
Fra:1 Mem:75.33M (Peak 124.44M) | Time:00:00.30 | Mem:3.41M, Peak:3.41M | Scene, ViewLayer | Updating Geometry BVH Icosphere.103 858/1003 | Building mesh BLAS |      20 tris | Icosphere.103
Fra:1 Mem:75.33M (Peak 124.44M) | Time:00:00.30 | Mem:3.41M, Peak:3.41M | Scene, ViewLayer | Updating Geometry BVH Cylinder.236 859/1003 | Building BVH
Fra:1 Mem:75.33M (Peak 124.44M) | Time:00:00.30 | Mem:3.41M, Peak:3.41M | Scene, ViewLayer | Updating Geometry BVH Icosphere.104 860/1003 | Building BVH
Fra:1 Mem:75.33M (Peak 124.44M) | Time:00:00.30 | Mem:3.41M, Peak:3.41M | Scene, ViewLayer | Updating Geometry BVH Icosphere.104 860/1003 | Building mesh BLAS |      24 tris | Cylinder.236
Fra:1 Mem:75.33M (Peak 124.44M) | Time:00:00.30 | Mem:3.41M, Peak:3.41M | Scene, ViewLayer | Updating Geometry BVH Icosphere.104 860/1003 | Building mesh BLAS |      20 tris | Icosphere.104
Fra:1 Mem:75.33M (Peak 124.44M) | Time:00:00.30 | Mem:3.42M, Peak:3.42M | Scene, ViewLayer | Updating Geometry BVH Cylinder.237 861/1003 | Building BVH
Fra:1 Mem:75.33M (Peak 124.44M) | Time:00:00.30 | Mem:3.42M, Peak:3.42M | Scene, ViewLayer | Updating Geometry BVH Cylinder.237 861/1003 | Building mesh BLAS |      24 tris | Cylinder.237
Fra:1 Mem:75.33M (Peak 124.44M) | Time:00:00.30 | Mem:3.42M, Peak:3.42M | Scene, ViewLayer | Updating Geometry BVH Icosphere.105 862/1003 | Building BVH
Fra:1 Mem:75.33M (Peak 124.44M) | Time:00:00.30 | Mem:3.42M, Peak:3.42M | Scene, ViewLayer | Updating Geometry BVH Icosphere.105 862/1003 | Building mesh BLAS |      20 tris | Icosphere.105
Fra:1 Mem:75.33M (Peak 124.44M) | Time:00:00.30 | Mem:3.42M, Peak:3.42M | Scene, ViewLayer | Updating Geometry BVH Cylinder.238 863/1003 | Building BVH
Fra:1 Mem:75.33M (Peak 124.44M) | Time:00:00.30 | Mem:3.42M, Peak:3.42M | Scene, ViewLayer | Updating Geometry BVH Cylinder.238 863/1003 | Building mesh BLAS |      52 tris | Cylinder.238
Fra:1 Mem:75.33M (Peak 124.44M) | Time:00:00.30 | Mem:3.42M, Peak:3.42M | Scene, ViewLayer | Updating Geometry BVH Cylinder.239 864/1003 | Building BVH
Fra:1 Mem:75.33M (Peak 124.44M) | Time:00:00.30 | Mem:3.42M, Peak:3.42M | Scene, ViewLayer | Updating Geometry BVH Cylinder.252 889/1003 | Building mesh BLAS |      24 tris | Cylinder.239
Fra:1 Mem:75.33M (Peak 124.44M) | Time:00:00.30 | Mem:3.42M, Peak:3.42M | Scene, ViewLayer | Updating Geometry BVH Icosphere.106 865/1003 | Building BVH
Fra:1 Mem:75.33M (Peak 124.44M) | Time:00:00.30 | Mem:3.42M, Peak:3.42M | Scene, ViewLayer | Updating Geometry BVH Icosphere.106 865/1003 | Building mesh BLAS |      20 tris | Icosphere.106
Fra:1 Mem:75.33M (Peak 124.44M) | Time:00:00.30 | Mem:3.43M, Peak:3.43M | Scene, ViewLayer | Updating Geometry BVH Icosphere.106 865/1003 | Building mesh BLAS |      52 tris | Cylinder.252
Fra:1 Mem:75.33M (Peak 124.44M) | Time:00:00.30 | Mem:3.43M, Peak:3.43M | Scene, ViewLayer | Updating Geometry BVH Cylinder.240 866/1003 | Building BVH
Fra:1 Mem:75.33M (Peak 124.44M) | Time:00:00.30 | Mem:3.43M, Peak:3.43M | Scene, ViewLayer | Updating Geometry BVH Cylinder.240 866/1003 | Building mesh BLAS |      24 tris | Cylinder.240
Fra:1 Mem:75.33M (Peak 124.44M) | Time:00:00.30 | Mem:3.43M, Peak:3.43M | Scene, ViewLayer | Updating Geometry BVH Icosphere.107 867/1003 | Building BVH
Fra:1 Mem:75.33M (Peak 124.44M) | Time:00:00.30 | Mem:3.43M, Peak:3.43M | Scene, ViewLayer | Updating Geometry BVH Icosphere.107 867/1003 | Building mesh BLAS |      20 tris | Icosphere.107
Fra:1 Mem:75.33M (Peak 124.44M) | Time:00:00.30 | Mem:3.43M, Peak:3.43M | Scene, ViewLayer | Updating Geometry BVH Icosphere.108 869/1003 | Building BVH
Fra:1 Mem:75.33M (Peak 124.44M) | Time:00:00.30 | Mem:3.43M, Peak:3.43M | Scene, ViewLayer | Updating Geometry BVH Cylinder.242 870/1003 | Building BVH
Fra:1 Mem:75.33M (Peak 124.44M) | Time:00:00.30 | Mem:3.43M, Peak:3.43M | Scene, ViewLayer | Updating Geometry BVH Icosphere.109 871/1003 | Building BVH
Fra:1 Mem:75.33M (Peak 124.44M) | Time:00:00.30 | Mem:3.43M, Peak:3.43M | Scene, ViewLayer | Updating Geometry BVH Icosphere.109 871/1003 | Building mesh BLAS |      24 tris | Cylinder.242
Fra:1 Mem:75.33M (Peak 124.44M) | Time:00:00.30 | Mem:3.43M, Peak:3.43M | Scene, ViewLayer | Updating Geometry BVH Icosphere.109 871/1003 | Building mesh BLAS |      20 tris | Icosphere.108
Fra:1 Mem:75.33M (Peak 124.44M) | Time:00:00.30 | Mem:3.43M, Peak:3.43M | Scene, ViewLayer | Updating Geometry BVH Icosphere.109 871/1003 | Building mesh BLAS |      24 tris | Cylinder.241
Fra:1 Mem:75.33M (Peak 124.44M) | Time:00:00.30 | Mem:3.43M, Peak:3.43M | Scene, ViewLayer | Updating Geometry BVH Cylinder.243 872/1003 | Building BVH
Fra:1 Mem:75.33M (Peak 124.44M) | Time:00:00.30 | Mem:3.44M, Peak:3.44M | Scene, ViewLayer | Updating Geometry BVH Cylinder.243 872/1003 | Building mesh BLAS |      24 tris | Cylinder.243
Fra:1 Mem:75.33M (Peak 124.44M) | Time:00:00.30 | Mem:3.44M, Peak:3.44M | Scene, ViewLayer | Updating Geometry BVH Icosphere.110 873/1003 | Building BVH
Fra:1 Mem:75.33M (Peak 124.44M) | Time:00:00.30 | Mem:3.44M, Peak:3.44M | Scene, ViewLayer | Updating Geometry BVH Icosphere.110 873/1003 | Building mesh BLAS |      20 tris | Icosphere.110
Fra:1 Mem:75.33M (Peak 124.44M) | Time:00:00.30 | Mem:3.44M, Peak:3.44M | Scene, ViewLayer | Updating Geometry BVH Cylinder.244 874/1003 | Building BVH
Fra:1 Mem:75.33M (Peak 124.44M) | Time:00:00.30 | Mem:3.44M, Peak:3.44M | Scene, ViewLayer | Updating Geometry BVH Cylinder.244 874/1003 | Building mesh BLAS |      24 tris | Cylinder.244
Fra:1 Mem:75.33M (Peak 124.44M) | Time:00:00.30 | Mem:3.44M, Peak:3.44M | Scene, ViewLayer | Updating Geometry BVH Icosphere.117 888/1003 | Building BVH
Fra:1 Mem:75.33M (Peak 124.44M) | Time:00:00.30 | Mem:3.44M, Peak:3.44M | Scene, ViewLayer | Updating Geometry BVH Icosphere.111 875/1003 | Building mesh BLAS |      20 tris | Icosphere.117
Fra:1 Mem:75.33M (Peak 124.44M) | Time:00:00.30 | Mem:3.44M, Peak:3.44M | Scene, ViewLayer | Updating Geometry BVH Cylinder.245 876/1003 | Building BVH
Fra:1 Mem:75.33M (Peak 124.44M) | Time:00:00.30 | Mem:3.44M, Peak:3.44M | Scene, ViewLayer | Updating Geometry BVH Cylinder.245 876/1003 | Building mesh BLAS |      20 tris | Icosphere.111
Fra:1 Mem:75.33M (Peak 124.44M) | Time:00:00.30 | Mem:3.44M, Peak:3.44M | Scene, ViewLayer | Updating Geometry BVH Cylinder.245 876/1003 | Building mesh BLAS |      52 tris | Cylinder.245
Fra:1 Mem:75.33M (Peak 124.44M) | Time:00:00.30 | Mem:3.45M, Peak:3.45M | Scene, ViewLayer | Updating Geometry BVH Cylinder.246 877/1003 | Building BVH
Fra:1 Mem:75.33M (Peak 124.44M) | Time:00:00.30 | Mem:3.45M, Peak:3.45M | Scene, ViewLayer | Updating Geometry BVH Cylinder.246 877/1003 | Building mesh BLAS |      24 tris | Cylinder.246
Fra:1 Mem:75.33M (Peak 124.44M) | Time:00:00.30 | Mem:3.45M, Peak:3.45M | Scene, ViewLayer | Updating Geometry BVH Icosphere.112 878/1003 | Building BVH
Fra:1 Mem:75.33M (Peak 124.44M) | Time:00:00.30 | Mem:3.45M, Peak:3.45M | Scene, ViewLayer | Updating Geometry BVH Icosphere.112 878/1003 | Building mesh BLAS |      20 tris | Icosphere.112
Fra:1 Mem:75.33M (Peak 124.44M) | Time:00:00.30 | Mem:3.45M, Peak:3.45M | Scene, ViewLayer | Updating Geometry BVH Cylinder.247 879/1003 | Building BVH
Fra:1 Mem:75.33M (Peak 124.44M) | Time:00:00.30 | Mem:3.45M, Peak:3.45M | Scene, ViewLayer | Updating Geometry BVH Cylinder.247 879/1003 | Building mesh BLAS |      24 tris | Cylinder.247
Fra:1 Mem:75.33M (Peak 124.44M) | Time:00:00.30 | Mem:3.45M, Peak:3.45M | Scene, ViewLayer | Updating Geometry BVH Icosphere.113 880/1003 | Building BVH
Fra:1 Mem:75.33M (Peak 124.44M) | Time:00:00.30 | Mem:3.45M, Peak:3.45M | Scene, ViewLayer | Updating Geometry BVH Cylinder.248 881/1003 | Building mesh BLAS |      20 tris | Icosphere.113
Fra:1 Mem:75.33M (Peak 124.44M) | Time:00:00.30 | Mem:3.45M, Peak:3.45M | Scene, ViewLayer | Updating Geometry BVH Icosphere.114 882/1003 | Building BVH
Fra:1 Mem:75.33M (Peak 124.44M) | Time:00:00.30 | Mem:3.45M, Peak:3.45M | Scene, ViewLayer | Updating Geometry BVH Cylinder.249 883/1003 | Building BVH
Fra:1 Mem:75.33M (Peak 124.44M) | Time:00:00.30 | Mem:3.45M, Peak:3.45M | Scene, ViewLayer | Updating Geometry BVH Cylinder.249 883/1003 | Building mesh BLAS |      20 tris | Icosphere.114
Fra:1 Mem:75.33M (Peak 124.44M) | Time:00:00.30 | Mem:3.45M, Peak:3.45M | Scene, ViewLayer | Updating Geometry BVH Cylinder.249 883/1003 | Building mesh BLAS |      24 tris | Cylinder.249
Fra:1 Mem:75.33M (Peak 124.44M) | Time:00:00.30 | Mem:3.45M, Peak:3.45M | Scene, ViewLayer | Updating Geometry BVH Cylinder.251 887/1003 | Building BVH
Fra:1 Mem:75.33M (Peak 124.44M) | Time:00:00.30 | Mem:3.45M, Peak:3.45M | Scene, ViewLayer | Updating Geometry BVH Cylinder.251 887/1003 | Building mesh BLAS |      24 tris | Cylinder.251
Fra:1 Mem:75.33M (Peak 124.44M) | Time:00:00.30 | Mem:3.45M, Peak:3.45M | Scene, ViewLayer | Updating Geometry BVH Icosphere.115 884/1003 | Building BVH
Fra:1 Mem:75.33M (Peak 124.44M) | Time:00:00.30 | Mem:3.45M, Peak:3.45M | Scene, ViewLayer | Updating Geometry BVH Cylinder.250 885/1003 | Building BVH
Fra:1 Mem:75.33M (Peak 124.44M) | Time:00:00.30 | Mem:3.45M, Peak:3.45M | Scene, ViewLayer | Updating Geometry BVH Cylinder.250 885/1003 | Building mesh BLAS |      24 tris | Cylinder.250
Fra:1 Mem:75.33M (Peak 124.44M) | Time:00:00.30 | Mem:3.45M, Peak:3.45M | Scene, ViewLayer | Updating Geometry BVH Cylinder.250 885/1003 | Building mesh BLAS |      20 tris | Icosphere.115
Fra:1 Mem:75.33M (Peak 124.44M) | Time:00:00.30 | Mem:3.45M, Peak:3.45M | Scene, ViewLayer | Updating Geometry BVH Icosphere.116 886/1003 | Building BVH
Fra:1 Mem:75.33M (Peak 124.44M) | Time:00:00.30 | Mem:3.45M, Peak:3.45M | Scene, ViewLayer | Updating Geometry BVH Icosphere.116 886/1003 | Building mesh BLAS |      20 tris | Icosphere.116
Fra:1 Mem:75.33M (Peak 124.44M) | Time:00:00.30 | Mem:3.48M, Peak:3.48M | Scene, ViewLayer | Updating Scene BVH | Building
Fra:1 Mem:75.36M (Peak 124.44M) | Time:00:00.32 | Mem:3.59M, Peak:3.59M | Scene, ViewLayer | Updating Scene BVH | Building TLAS      |    1903 instances
Fra:1 Mem:75.38M (Peak 124.44M) | Time:00:00.32 | Mem:4.01M, Peak:4.01M | Scene, ViewLayer | Updating Scene BVH | Copying BVH to device
Fra:1 Mem:75.38M (Peak 124.44M) | Time:00:00.32 | Mem:4.01M, Peak:4.01M | Scene, ViewLayer | Updating Mesh | Computing normals
Fra:1 Mem:76.69M (Peak 124.44M) | Time:00:00.32 | Mem:4.01M, Peak:4.01M | Scene, ViewLayer | Updating Mesh | Copying Mesh to device
Fra:1 Mem:75.38M (Peak 124.44M) | Time:00:00.32 | Mem:5.35M, Peak:5.35M | Scene, ViewLayer | Updating Objects Flags
Fra:1 Mem:75.36M (Peak 124.44M) | Time:00:00.32 | Mem:5.37M, Peak:5.37M | Scene, ViewLayer | Updating Primitive Offsets
Fra:1 Mem:75.36M (Peak 124.44M) | Time:00:00.32 | Mem:5.37M, Peak:5.37M | Scene, ViewLayer | Updating Images
Fra:1 Mem:75.36M (Peak 124.44M) | Time:00:00.32 | Mem:5.37M, Peak:5.37M | Scene, ViewLayer | Updating Camera Volume
Fra:1 Mem:75.36M (Peak 124.44M) | Time:00:00.32 | Mem:5.37M, Peak:5.37M | Scene, ViewLayer | Updating Lookup Tables
Fra:1 Mem:75.28M (Peak 124.44M) | Time:00:00.32 | Mem:5.47M, Peak:5.47M | Scene, ViewLayer | Updating Lights
Fra:1 Mem:75.28M (Peak 124.44M) | Time:00:00.32 | Mem:5.47M, Peak:5.47M | Scene, ViewLayer | Updating Lights | Computing tree
Fra:1 Mem:75.28M (Peak 124.44M) | Time:00:00.32 | Mem:5.85M, Peak:5.85M | Scene, ViewLayer | Updating Integrator
Fra:1 Mem:75.28M (Peak 124.44M) | Time:00:00.32 | Mem:5.85M, Peak:5.85M | Scene, ViewLayer | Updating Film
Fra:1 Mem:75.37M (Peak 124.44M) | Time:00:00.32 | Mem:5.76M, Peak:5.85M | Scene, ViewLayer | Updating Lookup Tables
Fra:1 Mem:75.28M (Peak 124.44M) | Time:00:00.32 | Mem:5.85M, Peak:5.85M | Scene, ViewLayer | Updating Baking
Fra:1 Mem:75.28M (Peak 124.44M) | Time:00:00.32 | Mem:5.85M, Peak:5.85M | Scene, ViewLayer | Updating Device | Writing constant memory
Fra:1 Mem:75.32M (Peak 124.44M) | Time:00:00.34 | Mem:5.85M, Peak:5.85M | Scene, ViewLayer | Loading denoising kernels (may take a few minutes the first time)
Fra:1 Mem:75.32M (Peak 124.44M) | Time:00:00.35 | Mem:3525.88M, Peak:3525.88M | Scene, ViewLayer | Sample 0/320 (Using optimized kernels)
Fra:1 Mem:75.32M (Peak 191.28M) | Time:00:01.42 | Remaining:05:44.41 | Mem:3641.87M, Peak:3641.87M | Scene, ViewLayer | Sample 1/320 (Using optimized kernels)
Fra:1 Mem:75.32M (Peak 191.28M) | Time:00:14.97 | Remaining:02:07.21 | Mem:3641.88M, Peak:3641.88M | Scene, ViewLayer | Sample 33/320 (Using optimized kernels)
Fra:1 Mem:75.32M (Peak 191.28M) | Time:00:31.57 | Remaining:02:04.91 | Mem:3641.88M, Peak:3641.88M | Scene, ViewLayer | Sample 64/320 (Using optimized kernels)
Fra:1 Mem:75.32M (Peak 191.28M) | Time:00:37.02 | Remaining:01:50.01 | Mem:3641.88M, Peak:3641.88M | Scene, ViewLayer | Sample 80/320 (Using optimized kernels)
Fra:1 Mem:75.32M (Peak 191.28M) | Time:00:43.09 | Remaining:01:39.72 | Mem:3641.88M, Peak:3641.88M | Scene, ViewLayer | Sample 96/320 (Using optimized kernels)
Fra:1 Mem:75.32M (Peak 191.28M) | Time:00:46.96 | Remaining:01:26.56 | Mem:3641.88M, Peak:3641.88M | Scene, ViewLayer | Sample 112/320 (Using optimized kernels)
Fra:1 Mem:75.32M (Peak 191.28M) | Time:00:50.50 | Remaining:01:15.23 | Mem:3641.88M, Peak:3641.88M | Scene, ViewLayer | Sample 128/320 (Using optimized kernels)
Fra:1 Mem:75.32M (Peak 191.28M) | Time:00:53.87 | Remaining:01:05.41 | Mem:3641.88M, Peak:3641.88M | Scene, ViewLayer | Sample 144/320 (Using optimized kernels)
Fra:1 Mem:75.32M (Peak 191.28M) | Time:00:57.00 | Remaining:00:56.65 | Mem:3641.88M, Peak:3641.88M | Scene, ViewLayer | Sample 160/320 (Using optimized kernels)
Fra:1 Mem:75.32M (Peak 191.28M) | Time:01:02.31 | Remaining:00:50.69 | Mem:3641.88M, Peak:3641.88M | Scene, ViewLayer | Sample 176/320 (Using optimized kernels)
Fra:1 Mem:75.32M (Peak 191.28M) | Time:01:07.43 | Remaining:00:44.72 | Mem:3641.88M, Peak:3641.88M | Scene, ViewLayer | Sample 192/320 (Using optimized kernels)
Fra:1 Mem:75.32M (Peak 191.28M) | Time:01:12.20 | Remaining:00:38.68 | Mem:3641.88M, Peak:3641.88M | Scene, ViewLayer | Sample 208/320 (Using optimized kernels)
Fra:1 Mem:75.32M (Peak 191.28M) | Time:01:16.70 | Remaining:00:32.72 | Mem:3641.88M, Peak:3641.88M | Scene, ViewLayer | Sample 224/320 (Using optimized kernels)
Fra:1 Mem:75.32M (Peak 191.28M) | Time:01:19.29 | Remaining:00:26.31 | Mem:3641.88M, Peak:3641.88M | Scene, ViewLayer | Sample 240/320 (Using optimized kernels)
Fra:1 Mem:75.32M (Peak 191.28M) | Time:01:21.88 | Remaining:00:20.38 | Mem:3641.88M, Peak:3641.88M | Scene, ViewLayer | Sample 256/320 (Using optimized kernels)
Fra:1 Mem:75.32M (Peak 191.28M) | Time:01:24.00 | Remaining:00:14.76 | Mem:3641.88M, Peak:3641.88M | Scene, ViewLayer | Sample 272/320 (Using optimized kernels)
Fra:1 Mem:75.32M (Peak 191.28M) | Time:01:25.96 | Remaining:00:09.51 | Mem:3641.88M, Peak:3641.88M | Scene, ViewLayer | Sample 288/320 (Using optimized kernels)
Fra:1 Mem:75.32M (Peak 191.28M) | Time:01:27.68 | Remaining:00:04.59 | Mem:3641.88M, Peak:3641.88M | Scene, ViewLayer | Sample 304/320 (Using optimized kernels)
Fra:1 Mem:124.15M (Peak 197.39M) | Time:01:32.45 | Mem:3641.88M, Peak:3641.88M | Scene, ViewLayer | Sample 320/320 (Using optimized kernels)
Fra:1 Mem:124.15M (Peak 197.39M) | Time:01:32.45 | Mem:3641.88M, Peak:3641.88M | Scene, ViewLayer | Finished
Fra:1 Mem:121.95M (Peak 197.39M) | Time:01:32.51 | Compositing
Saved: '/Users/jiayaochen/Desktop/avalon/renders/chapel_final.png'
Time: 01:32.69 (Saving: 00:00.07)

Info: Saved as "black_chapel.blend"
CHAPEL_STATISTICS {"stage": "final", "blender": "4.5.3 LTS", "triangles_evaluated": 143220, "triangles_unique_meshes": 46020, "triangles_by_collection": {"01 Floor": 16308, "02 Walls": 65340, "04 Columns": 4128, "03 Arches": 11256, "05 Altar": 1151, "06 Council table": 2160, "07 Hooded placeholders": 4746, "08 Candles": 11492, "12 Foreground props": 25093, "13 Altar dressing": 902, "14 Damage": 632, "10 Atmosphere": 12}, "objects": 1904, "materials": 20, "external_image_textures": 0, "external_texture_memory_bytes": 0, "texture_memory_note": "All surface textures are procedural. Render buffers and GPU working memory excluded.", "render_samples": 320, "render_resolution": [1600, 1000], "denoising": true, "light_count": 18, "render_device": "GPU", "parameters": {"room_m": [9.0, 14.0, 8.2], "table_m": [6.1, 3.0, 0.82], "camera_mm": 39.0, "camera_location": [0.045, -4.7, 1.59], "camera_target": [0.0, 2.5, 1.02], "candle_power_w": 110.0, "fog_density": 0.012, "candle_color": [1.0, 0.38, 0.13], "red_accent_power_w": 8.0, "world_strength": 0.004, "exposure": -1.0}, "godot_note": "Modular meshes, metres, Principled materials, no subdivision. Procedural shaders need baking or recreation; Cycles atmosphere and grading need recreation in Godot. No engine integration performed."}
CHAPEL_STAGE_COMPLETE final

Blender quit
