Blender 4.5.3 LTS (hash 67807e1800cc built 2025-09-09 01:33:39)
RNA_float_set: NodeSocket.default_value not found.
Fra:1 Mem:116.81M (Peak 116.81M) | Time:00:00.07 | Mem:0.02M, Peak:0.02M | Scene, ViewLayer | Synchronizing object | Floor foundation
Fra:1 Mem:116.81M (Peak 116.81M) | Time:00:00.07 | Mem:0.02M, Peak:0.02M | Scene, ViewLayer | Synchronizing object | FloorTile_00_00
Fra:1 Mem:116.86M (Peak 116.86M) | Time:00:00.07 | Mem:0.02M, Peak:0.02M | Scene, ViewLayer | Synchronizing object | Back wall mass
Fra:1 Mem:116.86M (Peak 116.86M) | Time:00:00.07 | Mem:0.02M, Peak:0.02M | Scene, ViewLayer | Synchronizing object | StoneWall_Back_00_00
Fra:1 Mem:116.88M (Peak 116.88M) | Time:00:00.07 | Mem:0.02M, Peak:0.02M | Scene, ViewLayer | Synchronizing object | StoneWall_Side_-1_00_00
Fra:1 Mem:117.06M (Peak 117.06M) | Time:00:00.07 | Mem:0.02M, Peak:0.02M | Scene, ViewLayer | Synchronizing object | StoneColumn_square_plinth
Fra:1 Mem:117.06M (Peak 117.06M) | Time:00:00.07 | Mem:0.02M, Peak:0.02M | Scene, ViewLayer | Synchronizing object | StoneColumn_octagonal_foot
Fra:1 Mem:117.07M (Peak 117.07M) | Time:00:00.07 | Mem:0.02M, Peak:0.02M | Scene, ViewLayer | Synchronizing object | StoneColumn_shaft_module
Fra:1 Mem:117.08M (Peak 117.08M) | Time:00:00.07 | Mem:0.02M, Peak:0.02M | Scene, ViewLayer | Synchronizing object | StoneColumn_attached_shaft.001
Fra:1 Mem:117.08M (Peak 117.08M) | Time:00:00.07 | Mem:0.02M, Peak:0.02M | Scene, ViewLayer | Synchronizing object | StoneColumn_attached_shaft.002
Fra:1 Mem:117.08M (Peak 117.08M) | Time:00:00.07 | Mem:0.02M, Peak:0.02M | Scene, ViewLayer | Synchronizing object | StoneColumn_capital
Fra:1 Mem:117.08M (Peak 117.08M) | Time:00:00.07 | Mem:0.02M, Peak:0.02M | Scene, ViewLayer | Synchronizing object | StoneColumn_capital_neck
Fra:1 Mem:117.10M (Peak 117.10M) | Time:00:00.07 | Mem:0.02M, Peak:0.02M | Scene, ViewLayer | Synchronizing object | StoneColumn_octagonal_foot.001
Fra:1 Mem:117.10M (Peak 117.10M) | Time:00:00.07 | Mem:0.02M, Peak:0.02M | Scene, ViewLayer | Synchronizing object | StoneColumn_shaft_module.008
Fra:1 Mem:117.11M (Peak 117.11M) | Time:00:00.07 | Mem:0.02M, Peak:0.02M | Scene, ViewLayer | Synchronizing object | StoneColumn_shaft_module.009
Fra:1 Mem:117.11M (Peak 117.11M) | Time:00:00.07 | Mem:0.02M, Peak:0.02M | Scene, ViewLayer | Synchronizing object | StoneColumn_shaft_module.011
Fra:1 Mem:117.12M (Peak 117.12M) | Time:00:00.07 | Mem:0.02M, Peak:0.02M | Scene, ViewLayer | Synchronizing object | StoneColumn_shaft_module.013
Fra:1 Mem:117.12M (Peak 117.12M) | Time:00:00.07 | Mem:0.02M, Peak:0.02M | Scene, ViewLayer | Synchronizing object | StoneColumn_attached_shaft.003
Fra:1 Mem:117.12M (Peak 117.12M) | Time:00:00.07 | Mem:0.02M, Peak:0.02M | Scene, ViewLayer | Synchronizing object | StoneColumn_attached_shaft.005
Fra:1 Mem:117.13M (Peak 117.13M) | Time:00:00.07 | Mem:0.02M, Peak:0.02M | Scene, ViewLayer | Synchronizing object | StoneColumn_capital_neck.001
Fra:1 Mem:117.14M (Peak 117.14M) | Time:00:00.07 | Mem:0.02M, Peak:0.02M | Scene, ViewLayer | Synchronizing object | StoneColumn_shaft_module.014
Fra:1 Mem:117.14M (Peak 117.14M) | Time:00:00.07 | Mem:0.02M, Peak:0.02M | Scene, ViewLayer | Synchronizing object | StoneColumn_shaft_module.015
Fra:1 Mem:117.14M (Peak 117.14M) | Time:00:00.07 | Mem:0.02M, Peak:0.02M | Scene, ViewLayer | Synchronizing object | StoneColumn_shaft_module.016
Fra:1 Mem:117.15M (Peak 117.15M) | Time:00:00.07 | Mem:0.02M, Peak:0.02M | Scene, ViewLayer | Synchronizing object | StoneColumn_shaft_module.017
Fra:1 Mem:117.15M (Peak 117.15M) | Time:00:00.07 | Mem:0.02M, Peak:0.02M | Scene, ViewLayer | Synchronizing object | StoneColumn_shaft_module.018
Fra:1 Mem:117.16M (Peak 117.16M) | Time:00:00.07 | Mem:0.02M, Peak:0.02M | Scene, ViewLayer | Synchronizing object | StoneColumn_attached_shaft.007
Fra:1 Mem:117.16M (Peak 117.16M) | Time:00:00.07 | Mem:0.02M, Peak:0.02M | Scene, ViewLayer | Synchronizing object | StoneColumn_attached_shaft.008
Fra:1 Mem:117.17M (Peak 117.17M) | Time:00:00.07 | Mem:0.02M, Peak:0.02M | Scene, ViewLayer | Synchronizing object | StoneColumn_capital_neck.002
Fra:1 Mem:117.17M (Peak 117.17M) | Time:00:00.07 | Mem:0.02M, Peak:0.02M | Scene, ViewLayer | Synchronizing object | StoneColumn_shaft_module.022
Fra:1 Mem:117.18M (Peak 117.18M) | Time:00:00.07 | Mem:0.02M, Peak:0.02M | Scene, ViewLayer | Synchronizing object | StoneColumn_shaft_module.023
Fra:1 Mem:117.19M (Peak 117.19M) | Time:00:00.07 | Mem:0.02M, Peak:0.02M | Scene, ViewLayer | Synchronizing object | StoneColumn_shaft_module.024
Fra:1 Mem:117.19M (Peak 117.19M) | Time:00:00.07 | Mem:0.02M, Peak:0.02M | Scene, ViewLayer | Synchronizing object | StoneColumn_shaft_module.027
Fra:1 Mem:117.20M (Peak 117.20M) | Time:00:00.07 | Mem:0.02M, Peak:0.02M | Scene, ViewLayer | Synchronizing object | StoneColumn_attached_shaft.009
Fra:1 Mem:117.20M (Peak 117.20M) | Time:00:00.07 | Mem:0.02M, Peak:0.02M | Scene, ViewLayer | Synchronizing object | StoneColumn_attached_shaft.011
Fra:1 Mem:117.20M (Peak 117.20M) | Time:00:00.07 | Mem:0.02M, Peak:0.02M | Scene, ViewLayer | Synchronizing object | StoneColumn_capital_neck.003
Fra:1 Mem:117.21M (Peak 117.21M) | Time:00:00.07 | Mem:0.02M, Peak:0.02M | Scene, ViewLayer | Synchronizing object | StoneColumn_shaft_module.028
Fra:1 Mem:117.22M (Peak 117.22M) | Time:00:00.07 | Mem:0.02M, Peak:0.02M | Scene, ViewLayer | Synchronizing object | StoneColumn_shaft_module.029
Fra:1 Mem:117.22M (Peak 117.22M) | Time:00:00.07 | Mem:0.02M, Peak:0.02M | Scene, ViewLayer | Synchronizing object | StoneColumn_shaft_module.030
Fra:1 Mem:117.23M (Peak 117.23M) | Time:00:00.07 | Mem:0.02M, Peak:0.02M | Scene, ViewLayer | Synchronizing object | StoneColumn_shaft_module.031
Fra:1 Mem:117.23M (Peak 117.23M) | Time:00:00.07 | Mem:0.02M, Peak:0.02M | Scene, ViewLayer | Synchronizing object | StoneColumn_shaft_module.032
Fra:1 Mem:117.23M (Peak 117.23M) | Time:00:00.07 | Mem:0.02M, Peak:0.02M | Scene, ViewLayer | Synchronizing object | StoneColumn_attached_shaft.013
Fra:1 Mem:117.24M (Peak 117.24M) | Time:00:00.07 | Mem:0.02M, Peak:0.02M | Scene, ViewLayer | Synchronizing object | StoneColumn_attached_shaft.014
Fra:1 Mem:117.24M (Peak 117.24M) | Time:00:00.07 | Mem:0.02M, Peak:0.02M | Scene, ViewLayer | Synchronizing object | StoneColumn_capital_neck.004
Fra:1 Mem:117.24M (Peak 117.24M) | Time:00:00.07 | Mem:0.02M, Peak:0.02M | Scene, ViewLayer | Synchronizing object | StoneColumn_octagonal_foot.005
Fra:1 Mem:117.25M (Peak 117.25M) | Time:00:00.07 | Mem:0.02M, Peak:0.02M | Scene, ViewLayer | Synchronizing object | StoneColumn_shaft_module.035
Fra:1 Mem:117.25M (Peak 117.25M) | Time:00:00.07 | Mem:0.02M, Peak:0.02M | Scene, ViewLayer | Synchronizing object | StoneColumn_shaft_module.036
Fra:1 Mem:117.26M (Peak 117.26M) | Time:00:00.07 | Mem:0.02M, Peak:0.02M | Scene, ViewLayer | Synchronizing object | StoneColumn_shaft_module.038
Fra:1 Mem:117.26M (Peak 117.26M) | Time:00:00.07 | Mem:0.02M, Peak:0.02M | Scene, ViewLayer | Synchronizing object | StoneColumn_shaft_module.039
Fra:1 Mem:117.26M (Peak 117.26M) | Time:00:00.07 | Mem:0.02M, Peak:0.02M | Scene, ViewLayer | Synchronizing object | StoneColumn_shaft_module.040
Fra:1 Mem:117.27M (Peak 117.27M) | Time:00:00.07 | Mem:0.02M, Peak:0.02M | Scene, ViewLayer | Synchronizing object | StoneColumn_attached_shaft.015
Fra:1 Mem:117.28M (Peak 117.28M) | Time:00:00.07 | Mem:0.02M, Peak:0.02M | Scene, ViewLayer | Synchronizing object | StoneColumn_attached_shaft.016
Fra:1 Mem:117.28M (Peak 117.28M) | Time:00:00.07 | Mem:0.02M, Peak:0.02M | Scene, ViewLayer | Synchronizing object | StoneColumn_attached_shaft.017
Fra:1 Mem:117.28M (Peak 117.28M) | Time:00:00.07 | Mem:0.02M, Peak:0.02M | Scene, ViewLayer | Synchronizing object | StoneColumn_capital_neck.005
Fra:1 Mem:117.29M (Peak 117.29M) | Time:00:00.07 | Mem:0.02M, Peak:0.02M | Scene, ViewLayer | Synchronizing object | GothicRib_voussoir.001
Fra:1 Mem:117.29M (Peak 117.29M) | Time:00:00.07 | Mem:0.02M, Peak:0.02M | Scene, ViewLayer | Synchronizing object | GothicRib_voussoir.002
Fra:1 Mem:117.30M (Peak 117.30M) | Time:00:00.07 | Mem:0.02M, Peak:0.02M | Scene, ViewLayer | Synchronizing object | GothicRib_voussoir.003
Fra:1 Mem:117.30M (Peak 117.30M) | Time:00:00.07 | Mem:0.02M, Peak:0.02M | Scene, ViewLayer | Synchronizing object | GothicRib_voussoir.004
Fra:1 Mem:117.30M (Peak 117.30M) | Time:00:00.07 | Mem:0.02M, Peak:0.02M | Scene, ViewLayer | Synchronizing object | GothicRib_voussoir.007
Fra:1 Mem:117.31M (Peak 117.31M) | Time:00:00.07 | Mem:0.02M, Peak:0.02M | Scene, ViewLayer | Synchronizing object | GothicRib_voussoir.009
Fra:1 Mem:117.31M (Peak 117.31M) | Time:00:00.07 | Mem:0.02M, Peak:0.02M | Scene, ViewLayer | Synchronizing object | GothicRib_voussoir.011
Fra:1 Mem:117.31M (Peak 117.31M) | Time:00:00.07 | Mem:0.02M, Peak:0.02M | Scene, ViewLayer | Synchronizing object | GothicRib_voussoir.012
Fra:1 Mem:117.32M (Peak 117.32M) | Time:00:00.07 | Mem:0.02M, Peak:0.02M | Scene, ViewLayer | Synchronizing object | GothicRib_voussoir.014
Fra:1 Mem:117.32M (Peak 117.32M) | Time:00:00.07 | Mem:0.02M, Peak:0.02M | Scene, ViewLayer | Synchronizing object | GothicRib_voussoir.015
Fra:1 Mem:117.32M (Peak 117.32M) | Time:00:00.07 | Mem:0.02M, Peak:0.02M | Scene, ViewLayer | Synchronizing object | GothicRib_voussoir.017
Fra:1 Mem:117.33M (Peak 117.33M) | Time:00:00.07 | Mem:0.02M, Peak:0.02M | Scene, ViewLayer | Synchronizing object | GothicRib_voussoir.019
Fra:1 Mem:117.33M (Peak 117.33M) | Time:00:00.07 | Mem:0.02M, Peak:0.02M | Scene, ViewLayer | Synchronizing object | GothicRib_voussoir.021
Fra:1 Mem:117.33M (Peak 117.33M) | Time:00:00.07 | Mem:0.02M, Peak:0.02M | Scene, ViewLayer | Synchronizing object | GothicRib_voussoir.024
Fra:1 Mem:117.34M (Peak 117.34M) | Time:00:00.07 | Mem:0.02M, Peak:0.02M | Scene, ViewLayer | Synchronizing object | GothicRib_voussoir.025
Fra:1 Mem:117.34M (Peak 117.34M) | Time:00:00.07 | Mem:0.02M, Peak:0.02M | Scene, ViewLayer | Synchronizing object | GothicRib_voussoir.026
Fra:1 Mem:117.34M (Peak 117.34M) | Time:00:00.07 | Mem:0.02M, Peak:0.02M | Scene, ViewLayer | Synchronizing object | GothicRib_voussoir.027
Fra:1 Mem:117.34M (Peak 117.34M) | Time:00:00.07 | Mem:0.02M, Peak:0.02M | Scene, ViewLayer | Synchronizing object | GothicRib_voussoir.028
Fra:1 Mem:117.34M (Peak 117.34M) | Time:00:00.07 | Mem:0.02M, Peak:0.02M | Scene, ViewLayer | Synchronizing object | GothicRib_voussoir.029
Fra:1 Mem:117.34M (Peak 117.34M) | Time:00:00.07 | Mem:0.02M, Peak:0.02M | Scene, ViewLayer | Synchronizing object | GothicRib_voussoir.030
Fra:1 Mem:117.35M (Peak 117.35M) | Time:00:00.07 | Mem:0.02M, Peak:0.02M | Scene, ViewLayer | Synchronizing object | GothicRib_voussoir.031
Fra:1 Mem:117.35M (Peak 117.35M) | Time:00:00.07 | Mem:0.02M, Peak:0.02M | Scene, ViewLayer | Synchronizing object | GothicRib_voussoir.032
Fra:1 Mem:117.35M (Peak 117.35M) | Time:00:00.07 | Mem:0.02M, Peak:0.02M | Scene, ViewLayer | Synchronizing object | GothicRib_voussoir.033
Fra:1 Mem:117.35M (Peak 117.35M) | Time:00:00.07 | Mem:0.02M, Peak:0.02M | Scene, ViewLayer | Synchronizing object | GothicRib_voussoir.034
Fra:1 Mem:117.36M (Peak 117.36M) | Time:00:00.07 | Mem:0.02M, Peak:0.02M | Scene, ViewLayer | Synchronizing object | GothicRib_voussoir.036
Fra:1 Mem:117.36M (Peak 117.36M) | Time:00:00.07 | Mem:0.02M, Peak:0.02M | Scene, ViewLayer | Synchronizing object | GothicRib_voussoir.042
Fra:1 Mem:117.36M (Peak 117.36M) | Time:00:00.07 | Mem:0.02M, Peak:0.02M | Scene, ViewLayer | Synchronizing object | GothicRib_voussoir.043
Fra:1 Mem:117.36M (Peak 117.36M) | Time:00:00.07 | Mem:0.02M, Peak:0.02M | Scene, ViewLayer | Synchronizing object | GothicRib_voussoir.044
Fra:1 Mem:117.37M (Peak 117.37M) | Time:00:00.07 | Mem:0.02M, Peak:0.02M | Scene, ViewLayer | Synchronizing object | GothicRib_voussoir.045
Fra:1 Mem:117.37M (Peak 117.37M) | Time:00:00.07 | Mem:0.02M, Peak:0.02M | Scene, ViewLayer | Synchronizing object | GothicRib_voussoir.047
Fra:1 Mem:117.38M (Peak 117.38M) | Time:00:00.07 | Mem:0.02M, Peak:0.02M | Scene, ViewLayer | Synchronizing object | GothicRib_voussoir.048
Fra:1 Mem:117.38M (Peak 117.38M) | Time:00:00.07 | Mem:0.02M, Peak:0.02M | Scene, ViewLayer | Synchronizing object | GothicRib_voussoir.050
Fra:1 Mem:117.39M (Peak 117.39M) | Time:00:00.07 | Mem:0.02M, Peak:0.02M | Scene, ViewLayer | Synchronizing object | GothicRib_voussoir.053
Fra:1 Mem:117.39M (Peak 117.39M) | Time:00:00.07 | Mem:0.02M, Peak:0.02M | Scene, ViewLayer | Synchronizing object | GothicRib_voussoir.054
Fra:1 Mem:117.39M (Peak 117.39M) | Time:00:00.07 | Mem:0.02M, Peak:0.02M | Scene, ViewLayer | Synchronizing object | GothicRib_voussoir.055
Fra:1 Mem:117.39M (Peak 117.39M) | Time:00:00.07 | Mem:0.02M, Peak:0.02M | Scene, ViewLayer | Synchronizing object | GothicRib_voussoir.056
Fra:1 Mem:117.39M (Peak 117.39M) | Time:00:00.07 | Mem:0.02M, Peak:0.02M | Scene, ViewLayer | Synchronizing object | GothicRib_voussoir.057
Fra:1 Mem:117.39M (Peak 117.39M) | Time:00:00.07 | Mem:0.02M, Peak:0.02M | Scene, ViewLayer | Synchronizing object | GothicRib_voussoir.058
Fra:1 Mem:117.40M (Peak 117.40M) | Time:00:00.07 | Mem:0.02M, Peak:0.02M | Scene, ViewLayer | Synchronizing object | GothicRib_voussoir.059
Fra:1 Mem:117.40M (Peak 117.40M) | Time:00:00.07 | Mem:0.02M, Peak:0.02M | Scene, ViewLayer | Synchronizing object | GothicRib_voussoir.060
Fra:1 Mem:117.40M (Peak 117.40M) | Time:00:00.07 | Mem:0.02M, Peak:0.02M | Scene, ViewLayer | Synchronizing object | GothicRib_voussoir.061
Fra:1 Mem:117.40M (Peak 117.40M) | Time:00:00.07 | Mem:0.02M, Peak:0.02M | Scene, ViewLayer | Synchronizing object | GothicRib_voussoir.062
Fra:1 Mem:117.40M (Peak 117.40M) | Time:00:00.07 | Mem:0.02M, Peak:0.02M | Scene, ViewLayer | Synchronizing object | GothicRib_voussoir.063
Fra:1 Mem:117.41M (Peak 117.41M) | Time:00:00.07 | Mem:0.02M, Peak:0.02M | Scene, ViewLayer | Synchronizing object | GothicRib_voussoir.064
Fra:1 Mem:117.41M (Peak 117.41M) | Time:00:00.07 | Mem:0.02M, Peak:0.02M | Scene, ViewLayer | Synchronizing object | GothicRib_voussoir.068
Fra:1 Mem:117.41M (Peak 117.41M) | Time:00:00.07 | Mem:0.02M, Peak:0.02M | Scene, ViewLayer | Synchronizing object | GothicRib_voussoir.070
Fra:1 Mem:117.41M (Peak 117.41M) | Time:00:00.07 | Mem:0.02M, Peak:0.02M | Scene, ViewLayer | Synchronizing object | GothicRib_voussoir.071
Fra:1 Mem:117.41M (Peak 117.41M) | Time:00:00.07 | Mem:0.02M, Peak:0.02M | Scene, ViewLayer | Synchronizing object | GothicRib_voussoir.072
Fra:1 Mem:117.42M (Peak 117.42M) | Time:00:00.07 | Mem:0.02M, Peak:0.02M | Scene, ViewLayer | Synchronizing object | GothicRib_voussoir.073
Fra:1 Mem:117.42M (Peak 117.42M) | Time:00:00.07 | Mem:0.02M, Peak:0.02M | Scene, ViewLayer | Synchronizing object | GothicRib_voussoir.074
Fra:1 Mem:117.42M (Peak 117.42M) | Time:00:00.07 | Mem:0.02M, Peak:0.02M | Scene, ViewLayer | Synchronizing object | GothicRib_voussoir.075
Fra:1 Mem:117.42M (Peak 117.42M) | Time:00:00.07 | Mem:0.02M, Peak:0.02M | Scene, ViewLayer | Synchronizing object | GothicRib_voussoir.076
Fra:1 Mem:117.42M (Peak 117.42M) | Time:00:00.07 | Mem:0.02M, Peak:0.02M | Scene, ViewLayer | Synchronizing object | Great altar pointed arch_pier
Fra:1 Mem:117.43M (Peak 117.43M) | Time:00:00.07 | Mem:0.02M, Peak:0.02M | Scene, ViewLayer | Synchronizing object | Great altar pointed arch_voussoir
Fra:1 Mem:117.43M (Peak 117.43M) | Time:00:00.07 | Mem:0.02M, Peak:0.02M | Scene, ViewLayer | Synchronizing object | Great altar pointed arch_voussoir.001
Fra:1 Mem:117.43M (Peak 117.43M) | Time:00:00.07 | Mem:0.02M, Peak:0.02M | Scene, ViewLayer | Synchronizing object | Great altar pointed arch_voussoir.002
Fra:1 Mem:117.43M (Peak 117.43M) | Time:00:00.07 | Mem:0.02M, Peak:0.02M | Scene, ViewLayer | Synchronizing object | Great altar pointed arch_voussoir.003
Fra:1 Mem:117.43M (Peak 117.43M) | Time:00:00.07 | Mem:0.02M, Peak:0.02M | Scene, ViewLayer | Synchronizing object | Great altar pointed arch_voussoir.005
Fra:1 Mem:117.44M (Peak 117.44M) | Time:00:00.07 | Mem:0.02M, Peak:0.02M | Scene, ViewLayer | Synchronizing object | Great altar pointed arch_voussoir.006
Fra:1 Mem:117.44M (Peak 117.44M) | Time:00:00.07 | Mem:0.02M, Peak:0.02M | Scene, ViewLayer | Synchronizing object | Great altar pointed arch_voussoir.007
Fra:1 Mem:117.44M (Peak 117.44M) | Time:00:00.07 | Mem:0.02M, Peak:0.02M | Scene, ViewLayer | Synchronizing object | Great altar pointed arch_voussoir.008
Fra:1 Mem:117.44M (Peak 117.44M) | Time:00:00.07 | Mem:0.02M, Peak:0.02M | Scene, ViewLayer | Synchronizing object | Great altar pointed arch_voussoir.009
Fra:1 Mem:117.44M (Peak 117.44M) | Time:00:00.07 | Mem:0.02M, Peak:0.02M | Scene, ViewLayer | Synchronizing object | Great altar pointed arch_voussoir.010
Fra:1 Mem:117.44M (Peak 117.44M) | Time:00:00.07 | Mem:0.02M, Peak:0.02M | Scene, ViewLayer | Synchronizing object | Great altar pointed arch_voussoir.011
Fra:1 Mem:117.44M (Peak 117.44M) | Time:00:00.07 | Mem:0.02M, Peak:0.02M | Scene, ViewLayer | Synchronizing object | Great altar pointed arch_voussoir.013
Fra:1 Mem:117.45M (Peak 117.45M) | Time:00:00.07 | Mem:0.02M, Peak:0.02M | Scene, ViewLayer | Synchronizing object | Great altar pointed arch_voussoir.015
Fra:1 Mem:117.45M (Peak 117.45M) | Time:00:00.07 | Mem:0.02M, Peak:0.02M | Scene, ViewLayer | Synchronizing object | Great altar pointed arch_voussoir.014
Fra:1 Mem:117.45M (Peak 117.45M) | Time:00:00.07 | Mem:0.02M, Peak:0.02M | Scene, ViewLayer | Synchronizing object | Great altar pointed arch_voussoir.018
Fra:1 Mem:117.46M (Peak 117.46M) | Time:00:00.07 | Mem:0.02M, Peak:0.02M | Scene, ViewLayer | Synchronizing object | Great altar pointed arch_voussoir.019
Fra:1 Mem:117.46M (Peak 117.46M) | Time:00:00.07 | Mem:0.02M, Peak:0.02M | Scene, ViewLayer | Synchronizing object | Great altar pointed arch_voussoir.020
Fra:1 Mem:117.47M (Peak 117.47M) | Time:00:00.07 | Mem:0.02M, Peak:0.02M | Scene, ViewLayer | Synchronizing object | Great altar pointed arch_voussoir.021
Fra:1 Mem:117.47M (Peak 117.47M) | Time:00:00.07 | Mem:0.02M, Peak:0.02M | Scene, ViewLayer | Synchronizing object | Great altar pointed arch_voussoir.022
Fra:1 Mem:117.47M (Peak 117.47M) | Time:00:00.07 | Mem:0.02M, Peak:0.02M | Scene, ViewLayer | Synchronizing object | Great altar pointed arch_voussoir.024
Fra:1 Mem:117.47M (Peak 117.47M) | Time:00:00.07 | Mem:0.02M, Peak:0.02M | Scene, ViewLayer | Synchronizing object | Great altar pointed arch_voussoir.025
Fra:1 Mem:117.47M (Peak 117.47M) | Time:00:00.07 | Mem:0.02M, Peak:0.02M | Scene, ViewLayer | Synchronizing object | Altar outer moulding_pier
Fra:1 Mem:117.47M (Peak 117.47M) | Time:00:00.07 | Mem:0.02M, Peak:0.02M | Scene, ViewLayer | Synchronizing object | Altar outer moulding_voussoir.001
Fra:1 Mem:117.48M (Peak 117.48M) | Time:00:00.07 | Mem:0.02M, Peak:0.02M | Scene, ViewLayer | Synchronizing object | Altar outer moulding_voussoir.002
Fra:1 Mem:117.48M (Peak 117.48M) | Time:00:00.07 | Mem:0.02M, Peak:0.02M | Scene, ViewLayer | Synchronizing object | Altar outer moulding_voussoir.003
Fra:1 Mem:117.48M (Peak 117.48M) | Time:00:00.07 | Mem:0.02M, Peak:0.02M | Scene, ViewLayer | Synchronizing object | Altar outer moulding_voussoir.005
Fra:1 Mem:117.48M (Peak 117.48M) | Time:00:00.07 | Mem:0.02M, Peak:0.02M | Scene, ViewLayer | Synchronizing object | Altar outer moulding_voussoir.006
Fra:1 Mem:117.48M (Peak 117.48M) | Time:00:00.07 | Mem:0.02M, Peak:0.02M | Scene, ViewLayer | Synchronizing object | Altar outer moulding_voussoir.007
Fra:1 Mem:117.48M (Peak 117.48M) | Time:00:00.07 | Mem:0.02M, Peak:0.02M | Scene, ViewLayer | Synchronizing object | Altar outer moulding_voussoir.009
Fra:1 Mem:117.49M (Peak 117.49M) | Time:00:00.07 | Mem:0.02M, Peak:0.02M | Scene, ViewLayer | Synchronizing object | Altar outer moulding_voussoir.010
Fra:1 Mem:117.49M (Peak 117.49M) | Time:00:00.07 | Mem:0.02M, Peak:0.02M | Scene, ViewLayer | Synchronizing object | Altar outer moulding_voussoir.012
Fra:1 Mem:117.49M (Peak 117.49M) | Time:00:00.07 | Mem:0.02M, Peak:0.02M | Scene, ViewLayer | Synchronizing object | Altar outer moulding_voussoir.013
Fra:1 Mem:117.49M (Peak 117.49M) | Time:00:00.07 | Mem:0.02M, Peak:0.02M | Scene, ViewLayer | Synchronizing object | Altar outer moulding_voussoir.014
Fra:1 Mem:117.49M (Peak 117.49M) | Time:00:00.07 | Mem:0.02M, Peak:0.02M | Scene, ViewLayer | Synchronizing object | Altar outer moulding_voussoir.015
Fra:1 Mem:117.49M (Peak 117.49M) | Time:00:00.07 | Mem:0.02M, Peak:0.02M | Scene, ViewLayer | Synchronizing object | Altar outer moulding_voussoir.017
Fra:1 Mem:117.49M (Peak 117.49M) | Time:00:00.07 | Mem:0.02M, Peak:0.02M | Scene, ViewLayer | Synchronizing object | Altar outer moulding_voussoir.019
Fra:1 Mem:117.50M (Peak 117.50M) | Time:00:00.07 | Mem:0.02M, Peak:0.02M | Scene, ViewLayer | Synchronizing object | Altar outer moulding_voussoir.020
Fra:1 Mem:117.51M (Peak 117.51M) | Time:00:00.07 | Mem:0.02M, Peak:0.02M | Scene, ViewLayer | Synchronizing object | Altar outer moulding_voussoir.021
Fra:1 Mem:117.51M (Peak 117.51M) | Time:00:00.07 | Mem:0.02M, Peak:0.02M | Scene, ViewLayer | Synchronizing object | Altar outer moulding_voussoir.022
Fra:1 Mem:117.51M (Peak 117.51M) | Time:00:00.07 | Mem:0.02M, Peak:0.02M | Scene, ViewLayer | Synchronizing object | Altar outer moulding_voussoir.024
Fra:1 Mem:117.51M (Peak 117.51M) | Time:00:00.07 | Mem:0.02M, Peak:0.02M | Scene, ViewLayer | Synchronizing object | Altar outer moulding_voussoir.025
Fra:1 Mem:117.51M (Peak 117.51M) | Time:00:00.07 | Mem:0.02M, Peak:0.02M | Scene, ViewLayer | Synchronizing object | WallNiche_pier
Fra:1 Mem:117.51M (Peak 117.51M) | Time:00:00.07 | Mem:0.02M, Peak:0.02M | Scene, ViewLayer | Synchronizing object | WallNiche_voussoir
Fra:1 Mem:117.52M (Peak 117.52M) | Time:00:00.07 | Mem:0.02M, Peak:0.02M | Scene, ViewLayer | Synchronizing object | WallNiche_voussoir.002
Fra:1 Mem:117.52M (Peak 117.52M) | Time:00:00.07 | Mem:0.02M, Peak:0.02M | Scene, ViewLayer | Synchronizing object | WallNiche_voussoir.003
Fra:1 Mem:117.52M (Peak 117.52M) | Time:00:00.07 | Mem:0.02M, Peak:0.02M | Scene, ViewLayer | Synchronizing object | WallNiche_voussoir.004
Fra:1 Mem:117.52M (Peak 117.52M) | Time:00:00.07 | Mem:0.02M, Peak:0.02M | Scene, ViewLayer | Synchronizing object | WallNiche_voussoir.006
Fra:1 Mem:117.52M (Peak 117.52M) | Time:00:00.07 | Mem:0.02M, Peak:0.02M | Scene, ViewLayer | Synchronizing object | WallNiche_voussoir.008
Fra:1 Mem:117.52M (Peak 117.52M) | Time:00:00.07 | Mem:0.02M, Peak:0.02M | Scene, ViewLayer | Synchronizing object | WallNiche_voussoir.009
Fra:1 Mem:117.53M (Peak 117.53M) | Time:00:00.07 | Mem:0.02M, Peak:0.02M | Scene, ViewLayer | Synchronizing object | WallNiche_voussoir.010
Fra:1 Mem:117.53M (Peak 117.53M) | Time:00:00.07 | Mem:0.02M, Peak:0.02M | Scene, ViewLayer | Synchronizing object | WallNiche_voussoir.011
Fra:1 Mem:117.53M (Peak 117.53M) | Time:00:00.07 | Mem:0.02M, Peak:0.02M | Scene, ViewLayer | Synchronizing object | WallNiche_voussoir.012
Fra:1 Mem:117.53M (Peak 117.53M) | Time:00:00.07 | Mem:0.02M, Peak:0.02M | Scene, ViewLayer | Synchronizing object | WallNiche_voussoir.013
Fra:1 Mem:117.53M (Peak 117.53M) | Time:00:00.07 | Mem:0.02M, Peak:0.02M | Scene, ViewLayer | Synchronizing object | WallNiche_voussoir.014
Fra:1 Mem:117.53M (Peak 117.53M) | Time:00:00.07 | Mem:0.02M, Peak:0.02M | Scene, ViewLayer | Synchronizing object | WallNiche_voussoir.015
Fra:1 Mem:117.53M (Peak 117.53M) | Time:00:00.07 | Mem:0.02M, Peak:0.02M | Scene, ViewLayer | Synchronizing object | WallNiche_voussoir.016
Fra:1 Mem:117.54M (Peak 117.54M) | Time:00:00.07 | Mem:0.02M, Peak:0.02M | Scene, ViewLayer | Synchronizing object | WallNiche_voussoir.018
Fra:1 Mem:117.54M (Peak 117.54M) | Time:00:00.07 | Mem:0.02M, Peak:0.02M | Scene, ViewLayer | Synchronizing object | WallNiche_voussoir.019
Fra:1 Mem:117.54M (Peak 117.54M) | Time:00:00.07 | Mem:0.02M, Peak:0.02M | Scene, ViewLayer | Synchronizing object | WallNiche_voussoir.022
Fra:1 Mem:117.54M (Peak 117.54M) | Time:00:00.07 | Mem:0.02M, Peak:0.02M | Scene, ViewLayer | Synchronizing object | WallNiche_voussoir.023
Fra:1 Mem:117.55M (Peak 117.55M) | Time:00:00.07 | Mem:0.02M, Peak:0.02M | Scene, ViewLayer | Synchronizing object | WallNiche_voussoir.024
Fra:1 Mem:117.55M (Peak 117.55M) | Time:00:00.07 | Mem:0.02M, Peak:0.02M | Scene, ViewLayer | Synchronizing object | WallNiche_voussoir.025
Fra:1 Mem:117.55M (Peak 117.55M) | Time:00:00.07 | Mem:0.02M, Peak:0.02M | Scene, ViewLayer | Synchronizing object | WallNiche_voussoir.026
Fra:1 Mem:117.55M (Peak 117.55M) | Time:00:00.07 | Mem:0.02M, Peak:0.02M | Scene, ViewLayer | Synchronizing object | WallNiche_voussoir.027
Fra:1 Mem:117.55M (Peak 117.55M) | Time:00:00.07 | Mem:0.02M, Peak:0.02M | Scene, ViewLayer | Synchronizing object | WallNiche_voussoir.028
Fra:1 Mem:117.55M (Peak 117.55M) | Time:00:00.07 | Mem:0.02M, Peak:0.02M | Scene, ViewLayer | Synchronizing object | WallNiche_voussoir.029
Fra:1 Mem:117.56M (Peak 117.56M) | Time:00:00.07 | Mem:0.02M, Peak:0.02M | Scene, ViewLayer | Synchronizing object | WallNiche_voussoir.030
Fra:1 Mem:117.56M (Peak 117.56M) | Time:00:00.07 | Mem:0.02M, Peak:0.02M | Scene, ViewLayer | Synchronizing object | WallNiche_voussoir.032
Fra:1 Mem:117.56M (Peak 117.56M) | Time:00:00.07 | Mem:0.02M, Peak:0.02M | Scene, ViewLayer | Synchronizing object | WallNiche_voussoir.033
Fra:1 Mem:117.56M (Peak 117.56M) | Time:00:00.07 | Mem:0.02M, Peak:0.02M | Scene, ViewLayer | Synchronizing object | WallNiche_voussoir.034
Fra:1 Mem:117.56M (Peak 117.56M) | Time:00:00.07 | Mem:0.02M, Peak:0.02M | Scene, ViewLayer | Synchronizing object | WallNiche_voussoir.035
Fra:1 Mem:117.56M (Peak 117.56M) | Time:00:00.07 | Mem:0.02M, Peak:0.02M | Scene, ViewLayer | Synchronizing object | WallNiche_voussoir.036
Fra:1 Mem:117.56M (Peak 117.56M) | Time:00:00.07 | Mem:0.02M, Peak:0.02M | Scene, ViewLayer | Synchronizing object | WallNiche_voussoir.037
Fra:1 Mem:117.56M (Peak 117.56M) | Time:00:00.07 | Mem:0.02M, Peak:0.02M | Scene, ViewLayer | Synchronizing object | WallNiche_voussoir.039
Fra:1 Mem:117.57M (Peak 117.57M) | Time:00:00.07 | Mem:0.02M, Peak:0.02M | Scene, ViewLayer | Synchronizing object | WallNiche_voussoir.040
Fra:1 Mem:117.57M (Peak 117.57M) | Time:00:00.07 | Mem:0.02M, Peak:0.02M | Scene, ViewLayer | Synchronizing object | WallNiche_voussoir.041
Fra:1 Mem:117.57M (Peak 117.57M) | Time:00:00.07 | Mem:0.02M, Peak:0.02M | Scene, ViewLayer | Synchronizing object | WallNiche_voussoir.042
Fra:1 Mem:117.57M (Peak 117.57M) | Time:00:00.07 | Mem:0.02M, Peak:0.02M | Scene, ViewLayer | Synchronizing object | WallNiche_voussoir.043
Fra:1 Mem:117.58M (Peak 117.58M) | Time:00:00.07 | Mem:0.02M, Peak:0.02M | Scene, ViewLayer | Synchronizing object | WallNiche_voussoir.046
Fra:1 Mem:117.58M (Peak 117.58M) | Time:00:00.07 | Mem:0.02M, Peak:0.02M | Scene, ViewLayer | Synchronizing object | WallNiche_voussoir.047
Fra:1 Mem:117.58M (Peak 117.58M) | Time:00:00.07 | Mem:0.02M, Peak:0.02M | Scene, ViewLayer | Synchronizing object | WallNiche_voussoir.049
Fra:1 Mem:117.58M (Peak 117.58M) | Time:00:00.07 | Mem:0.02M, Peak:0.02M | Scene, ViewLayer | Synchronizing object | WallNiche_voussoir.050
Fra:1 Mem:117.58M (Peak 117.58M) | Time:00:00.07 | Mem:0.02M, Peak:0.02M | Scene, ViewLayer | Synchronizing object | Altar recessed darkness
Fra:1 Mem:117.58M (Peak 117.58M) | Time:00:00.07 | Mem:0.02M, Peak:0.02M | Scene, ViewLayer | Synchronizing object | WallNiche shadow
Fra:1 Mem:117.58M (Peak 117.58M) | Time:00:00.07 | Mem:0.02M, Peak:0.02M | Scene, ViewLayer | Synchronizing object | Altar colonette
Fra:1 Mem:117.59M (Peak 117.59M) | Time:00:00.07 | Mem:0.02M, Peak:0.02M | Scene, ViewLayer | Synchronizing object | Altar colonette.001
Fra:1 Mem:117.59M (Peak 117.59M) | Time:00:00.07 | Mem:0.02M, Peak:0.02M | Scene, ViewLayer | Synchronizing object | Altar column capital
Fra:1 Mem:117.60M (Peak 117.60M) | Time:00:00.07 | Mem:0.02M, Peak:0.02M | Scene, ViewLayer | Synchronizing object | WallNiche shadow.001
Fra:1 Mem:117.60M (Peak 117.60M) | Time:00:00.07 | Mem:0.02M, Peak:0.02M | Scene, ViewLayer | Synchronizing object | Altar colonette.002
Fra:1 Mem:117.61M (Peak 117.61M) | Time:00:00.07 | Mem:0.02M, Peak:0.02M | Scene, ViewLayer | Synchronizing object | Altar colonette.003
Fra:1 Mem:117.61M (Peak 117.61M) | Time:00:00.07 | Mem:0.02M, Peak:0.02M | Scene, ViewLayer | Synchronizing object | Altar lower step
Fra:1 Mem:117.61M (Peak 117.61M) | Time:00:00.07 | Mem:0.02M, Peak:0.02M | Scene, ViewLayer | Synchronizing object | Altar upper step
Fra:1 Mem:117.62M (Peak 117.62M) | Time:00:00.07 | Mem:0.02M, Peak:0.02M | Scene, ViewLayer | Synchronizing object | Altar stone mensa
Fra:1 Mem:117.63M (Peak 117.63M) | Time:00:00.07 | Mem:0.02M, Peak:0.02M | Scene, ViewLayer | Synchronizing object | Low stone candle shelf
Fra:1 Mem:117.63M (Peak 117.63M) | Time:00:00.07 | Mem:0.02M, Peak:0.02M | Scene, ViewLayer | Synchronizing object | TableTop_OakPlank_02
Fra:1 Mem:117.64M (Peak 117.64M) | Time:00:00.07 | Mem:0.02M, Peak:0.02M | Scene, ViewLayer | Synchronizing object | TableTop_OakPlank_03
Fra:1 Mem:117.65M (Peak 117.65M) | Time:00:00.07 | Mem:0.02M, Peak:0.02M | Scene, ViewLayer | Synchronizing object | TableTop_OakPlank_04
Fra:1 Mem:117.65M (Peak 117.65M) | Time:00:00.07 | Mem:0.02M, Peak:0.02M | Scene, ViewLayer | Synchronizing object | TableTop_OakPlank_05
Fra:1 Mem:117.65M (Peak 117.65M) | Time:00:00.07 | Mem:0.02M, Peak:0.02M | Scene, ViewLayer | Synchronizing object | TableTop_OakPlank_06
Fra:1 Mem:117.67M (Peak 117.67M) | Time:00:00.07 | Mem:0.02M, Peak:0.02M | Scene, ViewLayer | Synchronizing object | TableTop_OakPlank_07
Fra:1 Mem:117.68M (Peak 117.68M) | Time:00:00.07 | Mem:0.02M, Peak:0.02M | Scene, ViewLayer | Synchronizing object | TableTop_OakPlank_08
Fra:1 Mem:117.68M (Peak 117.68M) | Time:00:00.07 | Mem:0.02M, Peak:0.02M | Scene, ViewLayer | Synchronizing object | Table endgrain breadboard
Fra:1 Mem:117.69M (Peak 117.69M) | Time:00:00.07 | Mem:0.02M, Peak:0.02M | Scene, ViewLayer | Synchronizing object | Table heavy apron
Fra:1 Mem:117.71M (Peak 117.71M) | Time:00:00.07 | Mem:0.02M, Peak:0.02M | Scene, ViewLayer | Synchronizing object | Table oak leg
Fra:1 Mem:117.72M (Peak 117.72M) | Time:00:00.07 | Mem:0.02M, Peak:0.02M | Scene, ViewLayer | Synchronizing object | Table trestle foot
Fra:1 Mem:117.73M (Peak 117.73M) | Time:00:00.07 | Mem:0.02M, Peak:0.02M | Scene, ViewLayer | Synchronizing object | Draped sleeve
Fra:1 Mem:117.73M (Peak 117.73M) | Time:00:00.07 | Mem:0.02M, Peak:0.02M | Scene, ViewLayer | Synchronizing object | Draped sleeve.001
Fra:1 Mem:117.74M (Peak 117.74M) | Time:00:00.07 | Mem:0.02M, Peak:0.02M | Scene, ViewLayer | Synchronizing object | Simple council seat
Fra:1 Mem:117.76M (Peak 117.76M) | Time:00:00.07 | Mem:0.02M, Peak:0.02M | Scene, ViewLayer | Synchronizing object | Shadowed chair back
Fra:1 Mem:117.76M (Peak 117.76M) | Time:00:00.07 | Mem:0.02M, Peak:0.02M | Scene, ViewLayer | Synchronizing object | Tribunal_2_open_hood
Fra:1 Mem:117.77M (Peak 117.77M) | Time:00:00.07 | Mem:0.02M, Peak:0.02M | Scene, ViewLayer | Synchronizing object | Tribunal_2_shadowed_face
Fra:1 Mem:117.77M (Peak 117.77M) | Time:00:00.07 | Mem:0.02M, Peak:0.02M | Scene, ViewLayer | Synchronizing object | Draped sleeve.002
Fra:1 Mem:117.78M (Peak 117.78M) | Time:00:00.07 | Mem:0.02M, Peak:0.02M | Scene, ViewLayer | Synchronizing object | Draped sleeve.003
Fra:1 Mem:117.79M (Peak 117.79M) | Time:00:00.07 | Mem:0.02M, Peak:0.02M | Scene, ViewLayer | Synchronizing object | Tribunal_3_open_hood
Fra:1 Mem:117.79M (Peak 117.79M) | Time:00:00.07 | Mem:0.02M, Peak:0.02M | Scene, ViewLayer | Synchronizing object | Draped sleeve.004
Fra:1 Mem:117.80M (Peak 117.80M) | Time:00:00.07 | Mem:0.02M, Peak:0.02M | Scene, ViewLayer | Synchronizing object | Draped sleeve.005
Fra:1 Mem:117.80M (Peak 117.80M) | Time:00:00.07 | Mem:0.02M, Peak:0.02M | Scene, ViewLayer | Synchronizing object | Tribunal_4_cloaked_body
Fra:1 Mem:117.81M (Peak 117.81M) | Time:00:00.07 | Mem:0.02M, Peak:0.02M | Scene, ViewLayer | Synchronizing object | Tribunal_4_open_hood
Fra:1 Mem:117.83M (Peak 117.83M) | Time:00:00.07 | Mem:0.02M, Peak:0.02M | Scene, ViewLayer | Synchronizing object | Tribunal_4_shadowed_face
Fra:1 Mem:117.84M (Peak 117.84M) | Time:00:00.07 | Mem:0.02M, Peak:0.02M | Scene, ViewLayer | Synchronizing object | Draped sleeve.006
Fra:1 Mem:117.84M (Peak 117.84M) | Time:00:00.07 | Mem:0.02M, Peak:0.02M | Scene, ViewLayer | Synchronizing object | Tribunal_5_cloaked_body
Fra:1 Mem:117.85M (Peak 117.85M) | Time:00:00.07 | Mem:0.02M, Peak:0.02M | Scene, ViewLayer | Synchronizing object | Tribunal_5_shadowed_face
Fra:1 Mem:117.86M (Peak 117.86M) | Time:00:00.07 | Mem:0.02M, Peak:0.02M | Scene, ViewLayer | Synchronizing object | Draped sleeve.008
Fra:1 Mem:117.86M (Peak 117.86M) | Time:00:00.07 | Mem:0.02M, Peak:0.02M | Scene, ViewLayer | Synchronizing object | Draped sleeve.009
Fra:1 Mem:117.87M (Peak 117.87M) | Time:00:00.07 | Mem:0.02M, Peak:0.02M | Scene, ViewLayer | Synchronizing object | Tribunal_6_cloaked_body
Fra:1 Mem:117.87M (Peak 117.87M) | Time:00:00.07 | Mem:0.02M, Peak:0.02M | Scene, ViewLayer | Synchronizing object | Tribunal_6_open_hood
Fra:1 Mem:117.88M (Peak 117.88M) | Time:00:00.07 | Mem:0.02M, Peak:0.02M | Scene, ViewLayer | Synchronizing object | Tribunal_6_shadowed_face
Fra:1 Mem:117.89M (Peak 117.89M) | Time:00:00.07 | Mem:0.02M, Peak:0.02M | Scene, ViewLayer | Synchronizing object | Draped sleeve.010
Fra:1 Mem:117.90M (Peak 117.90M) | Time:00:00.07 | Mem:0.02M, Peak:0.02M | Scene, ViewLayer | Synchronizing object | Draped sleeve.011
Fra:1 Mem:117.91M (Peak 117.91M) | Time:00:00.07 | Mem:0.02M, Peak:0.02M | Scene, ViewLayer | Synchronizing object | Tribunal_7_open_hood
Fra:1 Mem:117.91M (Peak 117.91M) | Time:00:00.07 | Mem:0.02M, Peak:0.02M | Scene, ViewLayer | Synchronizing object | Tribunal_7_shadowed_face
Fra:1 Mem:117.92M (Peak 117.92M) | Time:00:00.07 | Mem:0.02M, Peak:0.02M | Scene, ViewLayer | Synchronizing object | Draped sleeve.013
Fra:1 Mem:117.93M (Peak 117.93M) | Time:00:00.07 | Mem:0.02M, Peak:0.02M | Scene, ViewLayer | Synchronizing object | FrontLeft_tall_holder
Fra:1 Mem:117.95M (Peak 117.95M) | Time:00:00.07 | Mem:0.02M, Peak:0.02M | Scene, ViewLayer | Synchronizing object | FrontLeft_tall_wax
Fra:1 Mem:117.96M (Peak 117.96M) | Time:00:00.07 | Mem:0.02M, Peak:0.02M | Scene, ViewLayer | Synchronizing object | FrontLeft_tall_drip_dish
Fra:1 Mem:117.97M (Peak 117.97M) | Time:00:00.07 | Mem:0.02M, Peak:0.02M | Scene, ViewLayer | Synchronizing object | FrontLeft_tall_flame
Fra:1 Mem:117.98M (Peak 117.98M) | Time:00:00.07 | Mem:0.02M, Peak:0.02M | Scene, ViewLayer | Synchronizing object | FrontLeft_low_holder
Fra:1 Mem:117.99M (Peak 117.99M) | Time:00:00.07 | Mem:0.02M, Peak:0.02M | Scene, ViewLayer | Synchronizing object | FrontLeft_low_wax
Fra:1 Mem:118.01M (Peak 118.01M) | Time:00:00.07 | Mem:0.02M, Peak:0.02M | Scene, ViewLayer | Synchronizing object | FrontLeft_low_drip_dish
Fra:1 Mem:118.01M (Peak 118.01M) | Time:00:00.07 | Mem:0.02M, Peak:0.02M | Scene, ViewLayer | Synchronizing object | FrontLeft_low_flame
Fra:1 Mem:118.02M (Peak 118.02M) | Time:00:00.07 | Mem:0.02M, Peak:0.02M | Scene, ViewLayer | Synchronizing object | FrontLeft_stump_holder
Fra:1 Mem:118.07M (Peak 118.07M) | Time:00:00.07 | Mem:0.02M, Peak:0.02M | Scene, ViewLayer | Synchronizing object | FrontLeft_stump_wax
Fra:1 Mem:118.08M (Peak 118.08M) | Time:00:00.07 | Mem:0.02M, Peak:0.02M | Scene, ViewLayer | Synchronizing object | FrontLeft_stump_flame
Fra:1 Mem:118.09M (Peak 118.09M) | Time:00:00.07 | Mem:0.02M, Peak:0.02M | Scene, ViewLayer | Synchronizing object | FrontRight_tall_wax
Fra:1 Mem:118.09M (Peak 118.09M) | Time:00:00.07 | Mem:0.02M, Peak:0.02M | Scene, ViewLayer | Synchronizing object | FrontRight_tall_wick
Fra:1 Mem:118.10M (Peak 118.10M) | Time:00:00.07 | Mem:0.02M, Peak:0.02M | Scene, ViewLayer | Synchronizing object | FrontRight_tall_flame
Fra:1 Mem:118.11M (Peak 118.11M) | Time:00:00.07 | Mem:0.02M, Peak:0.02M | Scene, ViewLayer | Synchronizing object | FrontRight_low_holder
Fra:1 Mem:118.13M (Peak 118.13M) | Time:00:00.07 | Mem:0.02M, Peak:0.02M | Scene, ViewLayer | Synchronizing object | FrontRight_low_wax
Fra:1 Mem:118.17M (Peak 118.17M) | Time:00:00.07 | Mem:0.02M, Peak:0.02M | Scene, ViewLayer | Synchronizing object | FrontRight_low_drip_dish
Fra:1 Mem:118.18M (Peak 118.18M) | Time:00:00.07 | Mem:0.02M, Peak:0.02M | Scene, ViewLayer | Synchronizing object | Back iron floor stand
Fra:1 Mem:118.21M (Peak 118.21M) | Time:00:00.07 | Mem:0.02M, Peak:0.02M | Scene, ViewLayer | Synchronizing object | Candelabrum arm
Fra:1 Mem:118.22M (Peak 118.22M) | Time:00:00.07 | Mem:0.02M, Peak:0.02M | Scene, ViewLayer | Synchronizing object | Back_-1_0_wax
Fra:1 Mem:118.22M (Peak 118.22M) | Time:00:00.07 | Mem:0.02M, Peak:0.02M | Scene, ViewLayer | Synchronizing object | Back_-1_0_drip_dish
Fra:1 Mem:118.22M (Peak 118.22M) | Time:00:00.07 | Mem:0.02M, Peak:0.02M | Scene, ViewLayer | Synchronizing object | Back_-1_0_wick
Fra:1 Mem:118.23M (Peak 118.23M) | Time:00:00.07 | Mem:0.02M, Peak:0.02M | Scene, ViewLayer | Synchronizing object | Back_-1_0_flame
Fra:1 Mem:118.24M (Peak 118.24M) | Time:00:00.07 | Mem:0.02M, Peak:0.02M | Scene, ViewLayer | Synchronizing object | Candelabrum arm.001
Fra:1 Mem:118.25M (Peak 118.25M) | Time:00:00.07 | Mem:0.02M, Peak:0.02M | Scene, ViewLayer | Synchronizing object | Back_-1_1_wax
Fra:1 Mem:118.26M (Peak 118.26M) | Time:00:00.07 | Mem:0.02M, Peak:0.02M | Scene, ViewLayer | Synchronizing object | Back_-1_1_drip_dish
Fra:1 Mem:118.28M (Peak 118.28M) | Time:00:00.07 | Mem:0.02M, Peak:0.02M | Scene, ViewLayer | Synchronizing object | Back_-1_1_flame
Fra:1 Mem:118.28M (Peak 118.28M) | Time:00:00.08 | Mem:0.02M, Peak:0.02M | Scene, ViewLayer | Synchronizing object | Candelabrum arm.002
Fra:1 Mem:118.30M (Peak 118.30M) | Time:00:00.08 | Mem:0.02M, Peak:0.02M | Scene, ViewLayer | Synchronizing object | Back_-1_2_wax
Fra:1 Mem:118.30M (Peak 118.30M) | Time:00:00.08 | Mem:0.02M, Peak:0.02M | Scene, ViewLayer | Synchronizing object | Back_-1_2_flame
Fra:1 Mem:118.31M (Peak 118.31M) | Time:00:00.08 | Mem:0.02M, Peak:0.02M | Scene, ViewLayer | Synchronizing object | Back iron floor stand.001
Fra:1 Mem:118.31M (Peak 118.31M) | Time:00:00.08 | Mem:0.02M, Peak:0.02M | Scene, ViewLayer | Synchronizing object | Candelabrum arm.003
Fra:1 Mem:118.33M (Peak 118.33M) | Time:00:00.08 | Mem:0.02M, Peak:0.02M | Scene, ViewLayer | Synchronizing object | Back_1_0_drip_dish
Fra:1 Mem:118.34M (Peak 118.34M) | Time:00:00.08 | Mem:0.02M, Peak:0.02M | Scene, ViewLayer | Synchronizing object | Back_1_0_wick
Fra:1 Mem:118.34M (Peak 118.34M) | Time:00:00.08 | Mem:0.02M, Peak:0.02M | Scene, ViewLayer | Synchronizing object | Back_1_0_flame
Fra:1 Mem:118.36M (Peak 118.36M) | Time:00:00.08 | Mem:0.02M, Peak:0.02M | Scene, ViewLayer | Synchronizing object | Candelabrum arm.004
Fra:1 Mem:118.37M (Peak 118.37M) | Time:00:00.08 | Mem:0.02M, Peak:0.02M | Scene, ViewLayer | Synchronizing object | Back_1_1_wax
Fra:1 Mem:118.38M (Peak 118.38M) | Time:00:00.08 | Mem:0.02M, Peak:0.02M | Scene, ViewLayer | Synchronizing object | Back_1_1_drip_dish
Fra:1 Mem:118.38M (Peak 118.38M) | Time:00:00.08 | Mem:0.02M, Peak:0.02M | Scene, ViewLayer | Synchronizing object | Back_1_1_wick
Fra:1 Mem:118.38M (Peak 118.38M) | Time:00:00.08 | Mem:0.02M, Peak:0.02M | Scene, ViewLayer | Synchronizing object | Back_1_1_flame
Fra:1 Mem:118.38M (Peak 118.38M) | Time:00:00.08 | Mem:0.02M, Peak:0.02M | Scene, ViewLayer | Synchronizing object | Candelabrum arm.005
Fra:1 Mem:118.39M (Peak 118.39M) | Time:00:00.08 | Mem:0.02M, Peak:0.02M | Scene, ViewLayer | Synchronizing object | Back_1_2_drip_dish
Fra:1 Mem:118.40M (Peak 118.40M) | Time:00:00.08 | Mem:0.02M, Peak:0.02M | Scene, ViewLayer | Synchronizing object | Back_1_2_wick
Fra:1 Mem:118.41M (Peak 118.41M) | Time:00:00.08 | Mem:0.02M, Peak:0.02M | Scene, ViewLayer | Synchronizing object | Back_1_2_flame
Fra:1 Mem:118.41M (Peak 118.41M) | Time:00:00.08 | Mem:0.02M, Peak:0.02M | Scene, ViewLayer | Synchronizing object | Altar_-1_holder
Fra:1 Mem:118.46M (Peak 118.46M) | Time:00:00.08 | Mem:0.02M, Peak:0.02M | Scene, ViewLayer | Synchronizing object | Altar_-1_wax
Fra:1 Mem:118.46M (Peak 118.46M) | Time:00:00.08 | Mem:0.02M, Peak:0.02M | Scene, ViewLayer | Synchronizing object | Altar_-1_drip_dish
Fra:1 Mem:118.46M (Peak 118.46M) | Time:00:00.08 | Mem:0.02M, Peak:0.02M | Scene, ViewLayer | Synchronizing object | Altar_-1_wick
Fra:1 Mem:118.49M (Peak 118.49M) | Time:00:00.08 | Mem:0.02M, Peak:0.02M | Scene, ViewLayer | Synchronizing object | Altar_-1_flame
Fra:1 Mem:118.50M (Peak 118.50M) | Time:00:00.08 | Mem:0.02M, Peak:0.02M | Scene, ViewLayer | Synchronizing object | Niche_-1_holder
Fra:1 Mem:118.52M (Peak 118.52M) | Time:00:00.08 | Mem:0.02M, Peak:0.02M | Scene, ViewLayer | Synchronizing object | Niche_-1_drip_dish
Fra:1 Mem:118.54M (Peak 118.54M) | Time:00:00.08 | Mem:0.02M, Peak:0.02M | Scene, ViewLayer | Synchronizing object | Niche_-1_flame
Fra:1 Mem:118.55M (Peak 118.55M) | Time:00:00.08 | Mem:0.02M, Peak:0.02M | Scene, ViewLayer | Synchronizing object | Rear_bench_-1_holder
Fra:1 Mem:118.57M (Peak 118.57M) | Time:00:00.08 | Mem:0.02M, Peak:0.02M | Scene, ViewLayer | Synchronizing object | Niche_-1_wick
Fra:1 Mem:118.58M (Peak 118.58M) | Time:00:00.08 | Mem:0.02M, Peak:0.02M | Scene, ViewLayer | Synchronizing object | Rear_bench_-1_wax
Fra:1 Mem:118.58M (Peak 118.58M) | Time:00:00.08 | Mem:0.02M, Peak:0.02M | Scene, ViewLayer | Synchronizing object | Altar_1_holder
Fra:1 Mem:118.60M (Peak 118.60M) | Time:00:00.08 | Mem:0.02M, Peak:0.02M | Scene, ViewLayer | Synchronizing object | Altar_1_wax
Fra:1 Mem:118.60M (Peak 118.60M) | Time:00:00.08 | Mem:0.02M, Peak:0.02M | Scene, ViewLayer | Synchronizing object | Altar_1_wick
Fra:1 Mem:118.60M (Peak 118.60M) | Time:00:00.08 | Mem:0.02M, Peak:0.02M | Scene, ViewLayer | Synchronizing object | Niche_1_holder
Fra:1 Mem:118.63M (Peak 118.63M) | Time:00:00.08 | Mem:0.02M, Peak:0.02M | Scene, ViewLayer | Synchronizing object | Niche_1_wax
Fra:1 Mem:118.68M (Peak 118.68M) | Time:00:00.08 | Mem:0.02M, Peak:0.02M | Scene, ViewLayer | Synchronizing object | Niche_1_drip_dish
Fra:1 Mem:118.69M (Peak 118.69M) | Time:00:00.08 | Mem:0.02M, Peak:0.02M | Scene, ViewLayer | Synchronizing object | Niche_1_wick
Fra:1 Mem:118.70M (Peak 118.70M) | Time:00:00.08 | Mem:0.02M, Peak:0.02M | Scene, ViewLayer | Synchronizing object | Rear_bench_1_holder
Fra:1 Mem:118.73M (Peak 118.73M) | Time:00:00.08 | Mem:0.02M, Peak:0.02M | Scene, ViewLayer | Synchronizing object | Rear_bench_1_wax
Fra:1 Mem:118.74M (Peak 118.74M) | Time:00:00.08 | Mem:0.02M, Peak:0.02M | Scene, ViewLayer | Synchronizing object | Rear_bench_1_wick
Fra:1 Mem:118.75M (Peak 118.75M) | Time:00:00.08 | Mem:0.02M, Peak:0.02M | Scene, ViewLayer | Synchronizing object | Rear_bench_1_flame
Fra:1 Mem:118.75M (Peak 118.75M) | Time:00:00.08 | Mem:0.02M, Peak:0.02M | Scene, ViewLayer | Synchronizing object | Left chained folio_spine
Fra:1 Mem:118.76M (Peak 118.76M) | Time:00:00.08 | Mem:0.02M, Peak:0.02M | Scene, ViewLayer | Synchronizing object | Left chained folio_leather_strap
Fra:1 Mem:118.77M (Peak 118.77M) | Time:00:00.08 | Mem:0.02M, Peak:0.02M | Scene, ViewLayer | Synchronizing object | Left chained folio_brass_clasp
Fra:1 Mem:118.79M (Peak 118.79M) | Time:00:00.08 | Mem:0.02M, Peak:0.02M | Scene, ViewLayer | Synchronizing object | Left chained folio_page_edges
Fra:1 Mem:118.79M (Peak 118.79M) | Time:00:00.08 | Mem:0.02M, Peak:0.02M | Scene, ViewLayer | Synchronizing object | Left chained folio_page_edges.002
Fra:1 Mem:118.79M (Peak 118.79M) | Time:00:00.08 | Mem:0.02M, Peak:0.02M | Scene, ViewLayer | Synchronizing object | Left chained folio_page_edges.003
Fra:1 Mem:118.80M (Peak 118.80M) | Time:00:00.08 | Mem:0.02M, Peak:0.02M | Scene, ViewLayer | Synchronizing object | Left chained folio_page_edges.004
Fra:1 Mem:118.80M (Peak 118.80M) | Time:00:00.08 | Mem:0.02M, Peak:0.02M | Scene, ViewLayer | Synchronizing object | Left chained folio_corner_plate
Fra:1 Mem:118.81M (Peak 118.81M) | Time:00:00.08 | Mem:0.02M, Peak:0.02M | Scene, ViewLayer | Synchronizing object | Left chained folio_corner_plate.001
Fra:1 Mem:118.81M (Peak 118.81M) | Time:00:00.08 | Mem:0.02M, Peak:0.02M | Scene, ViewLayer | Synchronizing object | Left chained folio_rivet.002
Fra:1 Mem:118.82M (Peak 118.82M) | Time:00:00.08 | Mem:0.02M, Peak:0.02M | Scene, ViewLayer | Synchronizing object | Left chained folio_corner_plate.003
Fra:1 Mem:118.82M (Peak 118.82M) | Time:00:00.08 | Mem:0.02M, Peak:0.02M | Scene, ViewLayer | Synchronizing object | Left chained folio_rivet.003
Fra:1 Mem:118.82M (Peak 118.82M) | Time:00:00.08 | Mem:0.02M, Peak:0.02M | Scene, ViewLayer | Synchronizing object | Skull | carved cranium
Fra:1 Mem:118.86M (Peak 118.86M) | Time:00:00.08 | Mem:0.02M, Peak:0.02M | Scene, ViewLayer | Synchronizing object | Skull | orbital darkness
Fra:1 Mem:118.87M (Peak 118.87M) | Time:00:00.08 | Mem:0.02M, Peak:0.02M | Scene, ViewLayer | Synchronizing object | Skull | jaw ramus
Fra:1 Mem:118.87M (Peak 118.87M) | Time:00:00.08 | Mem:0.02M, Peak:0.02M | Scene, ViewLayer | Synchronizing object | Skull | cheekbone.001
Fra:1 Mem:118.87M (Peak 118.87M) | Time:00:00.08 | Mem:0.02M, Peak:0.02M | Scene, ViewLayer | Synchronizing object | Skull | jaw ramus.001
Fra:1 Mem:118.88M (Peak 118.88M) | Time:00:00.08 | Mem:0.02M, Peak:0.02M | Scene, ViewLayer | Synchronizing object | Skull | maxilla
Fra:1 Mem:118.89M (Peak 118.89M) | Time:00:00.08 | Mem:0.02M, Peak:0.02M | Scene, ViewLayer | Synchronizing object | Skull | worn tooth
Fra:1 Mem:118.89M (Peak 118.89M) | Time:00:00.08 | Mem:0.02M, Peak:0.02M | Scene, ViewLayer | Synchronizing object | Skull | worn tooth.008
Fra:1 Mem:118.91M (Peak 118.91M) | Time:00:00.08 | Mem:0.02M, Peak:0.02M | Scene, ViewLayer | Synchronizing object | Skull | age fissure
Fra:1 Mem:118.92M (Peak 118.92M) | Time:00:00.08 | Mem:0.02M, Peak:0.02M | Scene, ViewLayer | Synchronizing object | Left pewter cup
Fra:1 Mem:118.92M (Peak 118.92M) | Time:00:00.08 | Mem:0.02M, Peak:0.02M | Scene, ViewLayer | Synchronizing object | Right lower codex_vellum_pages
Fra:1 Mem:118.93M (Peak 118.93M) | Time:00:00.08 | Mem:0.02M, Peak:0.02M | Scene, ViewLayer | Synchronizing object | Right lower codex_heavy_cover
Fra:1 Mem:118.94M (Peak 118.94M) | Time:00:00.08 | Mem:0.02M, Peak:0.02M | Scene, ViewLayer | Synchronizing object | Right lower codex_spine
Fra:1 Mem:118.95M (Peak 118.95M) | Time:00:00.08 | Mem:0.02M, Peak:0.02M | Scene, ViewLayer | Synchronizing object | Right lower codex_leather_strap
Fra:1 Mem:118.95M (Peak 118.95M) | Time:00:00.08 | Mem:0.02M, Peak:0.02M | Scene, ViewLayer | Synchronizing object | Right lower codex_page_edges.001
Fra:1 Mem:118.96M (Peak 118.96M) | Time:00:00.08 | Mem:0.02M, Peak:0.02M | Scene, ViewLayer | Synchronizing object | Right lower codex_page_edges.002
Fra:1 Mem:118.96M (Peak 118.96M) | Time:00:00.08 | Mem:0.02M, Peak:0.02M | Scene, ViewLayer | Synchronizing object | Right lower codex_page_edges.003
Fra:1 Mem:118.97M (Peak 118.97M) | Time:00:00.08 | Mem:0.02M, Peak:0.02M | Scene, ViewLayer | Synchronizing object | Right lower codex_page_edges.004
Fra:1 Mem:118.97M (Peak 118.97M) | Time:00:00.08 | Mem:0.02M, Peak:0.02M | Scene, ViewLayer | Synchronizing object | Right lower codex_corner_plate
Fra:1 Mem:118.98M (Peak 118.98M) | Time:00:00.08 | Mem:0.02M, Peak:0.02M | Scene, ViewLayer | Synchronizing object | Right lower codex_rivet
Fra:1 Mem:118.98M (Peak 118.98M) | Time:00:00.08 | Mem:0.02M, Peak:0.02M | Scene, ViewLayer | Synchronizing object | Right lower codex_corner_plate.002
Fra:1 Mem:118.99M (Peak 118.99M) | Time:00:00.08 | Mem:0.02M, Peak:0.02M | Scene, ViewLayer | Synchronizing object | Right lower codex_rivet.002
Fra:1 Mem:118.99M (Peak 118.99M) | Time:00:00.08 | Mem:0.02M, Peak:0.02M | Scene, ViewLayer | Synchronizing object | Right lower codex_corner_plate.003
Fra:1 Mem:118.99M (Peak 118.99M) | Time:00:00.08 | Mem:0.02M, Peak:0.02M | Scene, ViewLayer | Synchronizing object | Right lower codex_rivet.003
Fra:1 Mem:119.04M (Peak 119.04M) | Time:00:00.08 | Mem:0.02M, Peak:0.02M | Scene, ViewLayer | Synchronizing object | Right middle codex_vellum_pages
Fra:1 Mem:119.05M (Peak 119.05M) | Time:00:00.08 | Mem:0.02M, Peak:0.02M | Scene, ViewLayer | Synchronizing object | Right middle codex_spine
Fra:1 Mem:119.06M (Peak 119.06M) | Time:00:00.08 | Mem:0.02M, Peak:0.02M | Scene, ViewLayer | Synchronizing object | Right middle codex_page_edges.001
Fra:1 Mem:119.06M (Peak 119.06M) | Time:00:00.08 | Mem:0.02M, Peak:0.02M | Scene, ViewLayer | Synchronizing object | Right middle codex_page_edges.002
Fra:1 Mem:119.06M (Peak 119.06M) | Time:00:00.08 | Mem:0.02M, Peak:0.02M | Scene, ViewLayer | Synchronizing object | Right middle codex_page_edges.003
Fra:1 Mem:119.07M (Peak 119.07M) | Time:00:00.08 | Mem:0.02M, Peak:0.02M | Scene, ViewLayer | Synchronizing object | Right middle codex_page_edges.004
Fra:1 Mem:119.07M (Peak 119.07M) | Time:00:00.08 | Mem:0.02M, Peak:0.02M | Scene, ViewLayer | Synchronizing object | Right middle codex_corner_plate
Fra:1 Mem:119.08M (Peak 119.08M) | Time:00:00.08 | Mem:0.02M, Peak:0.02M | Scene, ViewLayer | Synchronizing object | Right middle codex_rivet
Fra:1 Mem:119.08M (Peak 119.08M) | Time:00:00.08 | Mem:0.02M, Peak:0.02M | Scene, ViewLayer | Synchronizing object | Right middle codex_corner_plate.001
Fra:1 Mem:119.08M (Peak 119.08M) | Time:00:00.08 | Mem:0.02M, Peak:0.02M | Scene, ViewLayer | Synchronizing object | Right middle codex_rivet.001
Fra:1 Mem:119.08M (Peak 119.08M) | Time:00:00.08 | Mem:0.02M, Peak:0.02M | Scene, ViewLayer | Synchronizing object | Right middle codex_corner_plate.002
Fra:1 Mem:119.08M (Peak 119.08M) | Time:00:00.08 | Mem:0.02M, Peak:0.02M | Scene, ViewLayer | Synchronizing object | Right middle codex_rivet.003
Fra:1 Mem:119.08M (Peak 119.08M) | Time:00:00.08 | Mem:0.02M, Peak:0.02M | Scene, ViewLayer | Synchronizing object | Right upper codex_vellum_pages
Fra:1 Mem:119.09M (Peak 119.09M) | Time:00:00.08 | Mem:0.02M, Peak:0.02M | Scene, ViewLayer | Synchronizing object | Right upper codex_heavy_cover
Fra:1 Mem:119.10M (Peak 119.10M) | Time:00:00.08 | Mem:0.02M, Peak:0.02M | Scene, ViewLayer | Synchronizing object | Right upper codex_spine
Fra:1 Mem:119.10M (Peak 119.10M) | Time:00:00.08 | Mem:0.02M, Peak:0.02M | Scene, ViewLayer | Synchronizing object | Right upper codex_page_edges
Fra:1 Mem:119.11M (Peak 119.11M) | Time:00:00.08 | Mem:0.02M, Peak:0.02M | Scene, ViewLayer | Synchronizing object | Right upper codex_page_edges.001
Fra:1 Mem:119.11M (Peak 119.11M) | Time:00:00.08 | Mem:0.02M, Peak:0.02M | Scene, ViewLayer | Synchronizing object | Right upper codex_page_edges.004
Fra:1 Mem:119.12M (Peak 119.12M) | Time:00:00.08 | Mem:0.02M, Peak:0.02M | Scene, ViewLayer | Synchronizing object | Right upper codex_corner_plate
Fra:1 Mem:119.12M (Peak 119.12M) | Time:00:00.08 | Mem:0.02M, Peak:0.02M | Scene, ViewLayer | Synchronizing object | Right upper codex_corner_plate.001
Fra:1 Mem:119.12M (Peak 119.12M) | Time:00:00.08 | Mem:0.02M, Peak:0.02M | Scene, ViewLayer | Synchronizing object | Right upper codex_rivet.001
Fra:1 Mem:119.12M (Peak 119.12M) | Time:00:00.08 | Mem:0.02M, Peak:0.02M | Scene, ViewLayer | Synchronizing object | Right upper codex_corner_plate.002
Fra:1 Mem:119.13M (Peak 119.13M) | Time:00:00.08 | Mem:0.02M, Peak:0.02M | Scene, ViewLayer | Synchronizing object | Right upper codex_rivet.002
Fra:1 Mem:119.13M (Peak 119.13M) | Time:00:00.08 | Mem:0.02M, Peak:0.02M | Scene, ViewLayer | Synchronizing object | Right upper codex_corner_plate.003
Fra:1 Mem:119.13M (Peak 119.13M) | Time:00:00.08 | Mem:0.02M, Peak:0.02M | Scene, ViewLayer | Synchronizing object | Right upper codex_rivet.003
Fra:1 Mem:119.13M (Peak 119.13M) | Time:00:00.08 | Mem:0.02M, Peak:0.02M | Scene, ViewLayer | Synchronizing object | Right tarnished chalice
Fra:1 Mem:119.13M (Peak 119.13M) | Time:00:00.08 | Mem:0.02M, Peak:0.02M | Scene, ViewLayer | Synchronizing object | Right tarnished chalice_dark_dregs
Fra:1 Mem:119.18M (Peak 119.18M) | Time:00:00.08 | Mem:0.02M, Peak:0.02M | Scene, ViewLayer | Synchronizing object | Reliquary | upper foot
Fra:1 Mem:119.21M (Peak 119.21M) | Time:00:00.08 | Mem:0.02M, Peak:0.02M | Scene, ViewLayer | Synchronizing object | Reliquary | dark chamber
Fra:1 Mem:119.21M (Peak 119.21M) | Time:00:00.08 | Mem:0.02M, Peak:0.02M | Scene, ViewLayer | Synchronizing object | Reliquary | lancet frame_voussoir.001
Fra:1 Mem:119.21M (Peak 119.21M) | Time:00:00.08 | Mem:0.02M, Peak:0.02M | Scene, ViewLayer | Synchronizing object | Reliquary | lancet frame_voussoir.003
Fra:1 Mem:119.21M (Peak 119.21M) | Time:00:00.08 | Mem:0.02M, Peak:0.02M | Scene, ViewLayer | Synchronizing object | Reliquary | lancet frame_voussoir.004
Fra:1 Mem:119.21M (Peak 119.21M) | Time:00:00.08 | Mem:0.02M, Peak:0.02M | Scene, ViewLayer | Synchronizing object | Reliquary | lancet frame_voussoir.005
Fra:1 Mem:119.21M (Peak 119.21M) | Time:00:00.08 | Mem:0.02M, Peak:0.02M | Scene, ViewLayer | Synchronizing object | Reliquary | lancet frame_voussoir.006
Fra:1 Mem:119.22M (Peak 119.22M) | Time:00:00.08 | Mem:0.02M, Peak:0.02M | Scene, ViewLayer | Synchronizing object | Reliquary | lancet frame_voussoir.007
Fra:1 Mem:119.22M (Peak 119.22M) | Time:00:00.08 | Mem:0.02M, Peak:0.02M | Scene, ViewLayer | Synchronizing object | Reliquary | lancet frame_voussoir.008
Fra:1 Mem:119.23M (Peak 119.23M) | Time:00:00.08 | Mem:0.02M, Peak:0.02M | Scene, ViewLayer | Synchronizing object | Reliquary | lancet frame_voussoir.009
Fra:1 Mem:119.24M (Peak 119.24M) | Time:00:00.08 | Mem:0.02M, Peak:0.02M | Scene, ViewLayer | Synchronizing object | Reliquary | lancet frame_voussoir.010
Fra:1 Mem:119.24M (Peak 119.24M) | Time:00:00.08 | Mem:0.02M, Peak:0.02M | Scene, ViewLayer | Synchronizing object | Reliquary | lancet frame_voussoir.011
Fra:1 Mem:119.25M (Peak 119.25M) | Time:00:00.08 | Mem:0.02M, Peak:0.02M | Scene, ViewLayer | Synchronizing object | Reliquary | lancet frame_voussoir.016
Fra:1 Mem:119.25M (Peak 119.25M) | Time:00:00.08 | Mem:0.02M, Peak:0.02M | Scene, ViewLayer | Synchronizing object | Reliquary | lancet frame_voussoir.017
Fra:1 Mem:119.25M (Peak 119.25M) | Time:00:00.08 | Mem:0.02M, Peak:0.02M | Scene, ViewLayer | Synchronizing object | Reliquary | lancet frame_voussoir.020
Fra:1 Mem:119.26M (Peak 119.26M) | Time:00:00.08 | Mem:0.02M, Peak:0.02M | Scene, ViewLayer | Synchronizing object | Reliquary | lancet frame_voussoir.021
Fra:1 Mem:119.26M (Peak 119.26M) | Time:00:00.08 | Mem:0.02M, Peak:0.02M | Scene, ViewLayer | Synchronizing object | Reliquary | lancet frame_voussoir.022
Fra:1 Mem:119.26M (Peak 119.26M) | Time:00:00.08 | Mem:0.02M, Peak:0.02M | Scene, ViewLayer | Synchronizing object | Reliquary | lancet frame_voussoir.023
Fra:1 Mem:119.26M (Peak 119.26M) | Time:00:00.08 | Mem:0.02M, Peak:0.02M | Scene, ViewLayer | Synchronizing object | Reliquary | lancet frame_voussoir.024
Fra:1 Mem:119.26M (Peak 119.26M) | Time:00:00.08 | Mem:0.02M, Peak:0.02M | Scene, ViewLayer | Synchronizing object | Reliquary | lancet frame_voussoir.025
Fra:1 Mem:119.27M (Peak 119.27M) | Time:00:00.08 | Mem:0.02M, Peak:0.02M | Scene, ViewLayer | Synchronizing object | Reliquary | column
Fra:1 Mem:119.27M (Peak 119.27M) | Time:00:00.08 | Mem:0.02M, Peak:0.02M | Scene, ViewLayer | Synchronizing object | Reliquary | finial
Fra:1 Mem:119.28M (Peak 119.28M) | Time:00:00.08 | Mem:0.02M, Peak:0.02M | Scene, ViewLayer | Synchronizing object | Reliquary | column.001
Fra:1 Mem:119.28M (Peak 119.28M) | Time:00:00.08 | Mem:0.02M, Peak:0.02M | Scene, ViewLayer | Synchronizing object | Reliquary | finial.002
Fra:1 Mem:119.29M (Peak 119.29M) | Time:00:00.08 | Mem:0.02M, Peak:0.02M | Scene, ViewLayer | Synchronizing object | Reliquary | column.003
Fra:1 Mem:119.29M (Peak 119.29M) | Time:00:00.08 | Mem:0.02M, Peak:0.02M | Scene, ViewLayer | Synchronizing object | Reliquary | finial.003
Fra:1 Mem:119.29M (Peak 119.29M) | Time:00:00.08 | Mem:0.02M, Peak:0.02M | Scene, ViewLayer | Synchronizing object | Reliquary | pitched roof
Fra:1 Mem:119.29M (Peak 119.29M) | Time:00:00.08 | Mem:0.02M, Peak:0.02M | Scene, ViewLayer | Synchronizing object | Reliquary | crown stud
Fra:1 Mem:119.30M (Peak 119.30M) | Time:00:00.08 | Mem:0.02M, Peak:0.02M | Scene, ViewLayer | Synchronizing object | Reliquary | crown needle
Fra:1 Mem:119.30M (Peak 119.30M) | Time:00:00.08 | Mem:0.02M, Peak:0.02M | Scene, ViewLayer | Synchronizing object | Folded vellum
Fra:1 Mem:119.32M (Peak 119.32M) | Time:00:00.08 | Mem:0.02M, Peak:0.02M | Scene, ViewLayer | Synchronizing object | Broken wax seal
Fra:1 Mem:119.32M (Peak 119.32M) | Time:00:00.08 | Mem:0.02M, Peak:0.02M | Scene, ViewLayer | Synchronizing object | Seal cord
Fra:1 Mem:119.33M (Peak 119.33M) | Time:00:00.08 | Mem:0.02M, Peak:0.02M | Scene, ViewLayer | Synchronizing object | Book chain | iron link
Fra:1 Mem:119.34M (Peak 119.34M) | Time:00:00.08 | Mem:0.02M, Peak:0.02M | Scene, ViewLayer | Synchronizing object | Book chain | iron link.001
Fra:1 Mem:119.35M (Peak 119.35M) | Time:00:00.08 | Mem:0.02M, Peak:0.02M | Scene, ViewLayer | Synchronizing object | Book chain | iron link.002
Fra:1 Mem:119.35M (Peak 119.35M) | Time:00:00.08 | Mem:0.02M, Peak:0.02M | Scene, ViewLayer | Synchronizing object | Book chain | iron link.003
Fra:1 Mem:119.36M (Peak 119.36M) | Time:00:00.08 | Mem:0.02M, Peak:0.02M | Scene, ViewLayer | Synchronizing object | Book chain | iron link.004
Fra:1 Mem:119.36M (Peak 119.36M) | Time:00:00.08 | Mem:0.02M, Peak:0.02M | Scene, ViewLayer | Synchronizing object | Book chain | iron link.007
Fra:1 Mem:119.37M (Peak 119.37M) | Time:00:00.08 | Mem:0.02M, Peak:0.02M | Scene, ViewLayer | Synchronizing object | Book chain | iron link.008
Fra:1 Mem:119.38M (Peak 119.38M) | Time:00:00.08 | Mem:0.02M, Peak:0.02M | Scene, ViewLayer | Synchronizing object | Book chain | iron link.009
Fra:1 Mem:119.40M (Peak 119.40M) | Time:00:00.08 | Mem:0.02M, Peak:0.02M | Scene, ViewLayer | Synchronizing object | Book chain | iron link.010
Fra:1 Mem:119.40M (Peak 119.40M) | Time:00:00.08 | Mem:0.02M, Peak:0.02M | Scene, ViewLayer | Synchronizing object | Book chain | iron link.012
Fra:1 Mem:119.42M (Peak 119.42M) | Time:00:00.08 | Mem:0.02M, Peak:0.02M | Scene, ViewLayer | Synchronizing object | Book chain | iron link.013
Fra:1 Mem:119.43M (Peak 119.43M) | Time:00:00.08 | Mem:0.02M, Peak:0.02M | Scene, ViewLayer | Synchronizing object | Book chain | iron link.014
Fra:1 Mem:119.45M (Peak 119.45M) | Time:00:00.08 | Mem:0.02M, Peak:0.02M | Scene, ViewLayer | Synchronizing object | Book chain | iron link.015
Fra:1 Mem:119.48M (Peak 119.48M) | Time:00:00.08 | Mem:0.02M, Peak:0.02M | Scene, ViewLayer | Synchronizing object | Book chain | iron link.016
Fra:1 Mem:119.49M (Peak 119.49M) | Time:00:00.08 | Mem:0.02M, Peak:0.02M | Scene, ViewLayer | Synchronizing object | Book chain | iron link.019
Fra:1 Mem:119.50M (Peak 119.50M) | Time:00:00.08 | Mem:0.02M, Peak:0.02M | Scene, ViewLayer | Synchronizing object | Book chain | iron link.022
Fra:1 Mem:119.52M (Peak 119.52M) | Time:00:00.08 | Mem:0.02M, Peak:0.02M | Scene, ViewLayer | Synchronizing object | Book chain | iron link.023
Fra:1 Mem:119.53M (Peak 119.53M) | Time:00:00.08 | Mem:0.02M, Peak:0.02M | Scene, ViewLayer | Synchronizing object | Book chain | iron link.024
Fra:1 Mem:119.53M (Peak 119.53M) | Time:00:00.08 | Mem:0.02M, Peak:0.02M | Scene, ViewLayer | Synchronizing object | Small ritual token
Fra:1 Mem:119.55M (Peak 119.55M) | Time:00:00.08 | Mem:0.02M, Peak:0.02M | Scene, ViewLayer | Synchronizing object | Small ritual token.001
Fra:1 Mem:119.56M (Peak 119.56M) | Time:00:00.08 | Mem:0.02M, Peak:0.02M | Scene, ViewLayer | Synchronizing object | Small ritual token.002
Fra:1 Mem:119.56M (Peak 119.56M) | Time:00:00.08 | Mem:0.02M, Peak:0.02M | Scene, ViewLayer | Synchronizing object | Small ritual token.004
Fra:1 Mem:119.58M (Peak 119.58M) | Time:00:00.08 | Mem:0.02M, Peak:0.02M | Scene, ViewLayer | Synchronizing object | Small ritual token.005
Fra:1 Mem:119.58M (Peak 119.58M) | Time:00:00.08 | Mem:0.02M, Peak:0.02M | Scene, ViewLayer | Synchronizing object | Small ritual token.006
Fra:1 Mem:119.59M (Peak 119.59M) | Time:00:00.08 | Mem:0.02M, Peak:0.02M | Scene, ViewLayer | Synchronizing object | Oak | old incision
Fra:1 Mem:119.60M (Peak 119.60M) | Time:00:00.08 | Mem:0.02M, Peak:0.02M | Scene, ViewLayer | Synchronizing object | Oak | old incision.002
Fra:1 Mem:119.61M (Peak 119.61M) | Time:00:00.08 | Mem:0.02M, Peak:0.02M | Scene, ViewLayer | Synchronizing object | Oak | old incision.003
Fra:1 Mem:119.61M (Peak 119.61M) | Time:00:00.08 | Mem:0.02M, Peak:0.02M | Scene, ViewLayer | Synchronizing object | Faint crimson above altar
Fra:1 Mem:119.62M (Peak 119.62M) | Time:00:00.08 | Mem:0.02M, Peak:0.02M | Scene, ViewLayer | Synchronizing object | Oak | old incision.006
Fra:1 Mem:119.63M (Peak 119.63M) | Time:00:00.08 | Mem:0.02M, Peak:0.02M | Scene, ViewLayer | Synchronizing object | Rear_bench_1_light
Fra:1 Mem:119.63M (Peak 119.63M) | Time:00:00.08 | Mem:0.02M, Peak:0.02M | Scene, ViewLayer | Synchronizing object | Oak | old incision.008
Fra:1 Mem:119.63M (Peak 119.63M) | Time:00:00.08 | Mem:0.02M, Peak:0.02M | Scene, ViewLayer | Synchronizing object | Oak | old incision.009
Fra:1 Mem:119.63M (Peak 119.63M) | Time:00:00.08 | Mem:0.02M, Peak:0.02M | Scene, ViewLayer | Synchronizing object | Oak | old incision.010
Fra:1 Mem:119.64M (Peak 119.64M) | Time:00:00.08 | Mem:0.02M, Peak:0.02M | Scene, ViewLayer | Synchronizing object | Oak | old incision.011
Fra:1 Mem:119.64M (Peak 119.64M) | Time:00:00.08 | Mem:0.02M, Peak:0.02M | Scene, ViewLayer | Synchronizing object | Oak | old incision.012
Fra:1 Mem:119.64M (Peak 119.64M) | Time:00:00.08 | Mem:0.02M, Peak:0.02M | Scene, ViewLayer | Synchronizing object | Niche_1_light
Fra:1 Mem:119.64M (Peak 119.64M) | Time:00:00.08 | Mem:0.02M, Peak:0.02M | Scene, ViewLayer | Synchronizing object | Oak | old incision.016
Fra:1 Mem:119.64M (Peak 119.64M) | Time:00:00.08 | Mem:0.02M, Peak:0.02M | Scene, ViewLayer | Synchronizing object | Altar_1_light
Fra:1 Mem:119.65M (Peak 119.65M) | Time:00:00.08 | Mem:0.02M, Peak:0.02M | Scene, ViewLayer | Synchronizing object | Rear_bench_-1_light
Fra:1 Mem:119.65M (Peak 119.65M) | Time:00:00.08 | Mem:0.02M, Peak:0.02M | Scene, ViewLayer | Synchronizing object | Niche_-1_light
Fra:1 Mem:119.65M (Peak 119.65M) | Time:00:00.08 | Mem:0.02M, Peak:0.02M | Scene, ViewLayer | Synchronizing object | Altar_-1_light
Fra:1 Mem:119.65M (Peak 119.65M) | Time:00:00.08 | Mem:0.02M, Peak:0.02M | Scene, ViewLayer | Synchronizing object | Back_1_2_light
Fra:1 Mem:119.65M (Peak 119.65M) | Time:00:00.08 | Mem:0.02M, Peak:0.02M | Scene, ViewLayer | Synchronizing object | Oak | old incision.018
Fra:1 Mem:119.66M (Peak 119.66M) | Time:00:00.08 | Mem:0.02M, Peak:0.02M | Scene, ViewLayer | Synchronizing object | Back_1_1_light
Fra:1 Mem:119.66M (Peak 119.66M) | Time:00:00.08 | Mem:0.02M, Peak:0.02M | Scene, ViewLayer | Synchronizing object | Oak | old incision.021
Fra:1 Mem:119.66M (Peak 119.66M) | Time:00:00.08 | Mem:0.02M, Peak:0.02M | Scene, ViewLayer | Synchronizing object | Oak | old incision.022
Fra:1 Mem:119.67M (Peak 119.67M) | Time:00:00.08 | Mem:0.02M, Peak:0.02M | Scene, ViewLayer | Synchronizing object | Oak | old incision.023
Fra:1 Mem:119.67M (Peak 119.67M) | Time:00:00.08 | Mem:0.02M, Peak:0.02M | Scene, ViewLayer | Synchronizing object | Oak | old incision.024
Fra:1 Mem:119.67M (Peak 119.67M) | Time:00:00.08 | Mem:0.02M, Peak:0.02M | Scene, ViewLayer | Synchronizing object | Oak | old incision.025
Fra:1 Mem:119.67M (Peak 119.67M) | Time:00:00.08 | Mem:0.02M, Peak:0.02M | Scene, ViewLayer | Synchronizing object | Oak | old incision.026
Fra:1 Mem:119.68M (Peak 119.68M) | Time:00:00.08 | Mem:0.02M, Peak:0.02M | Scene, ViewLayer | Synchronizing object | Oak | old incision.027
Fra:1 Mem:119.68M (Peak 119.68M) | Time:00:00.08 | Mem:0.02M, Peak:0.02M | Scene, ViewLayer | Synchronizing object | Oak | old incision.028
Fra:1 Mem:119.68M (Peak 119.68M) | Time:00:00.08 | Mem:0.02M, Peak:0.02M | Scene, ViewLayer | Synchronizing object | Oak | old incision.031
Fra:1 Mem:119.68M (Peak 119.68M) | Time:00:00.08 | Mem:0.02M, Peak:0.02M | Scene, ViewLayer | Synchronizing object | Oak | old incision.032
Fra:1 Mem:119.69M (Peak 119.69M) | Time:00:00.08 | Mem:0.02M, Peak:0.02M | Scene, ViewLayer | Synchronizing object | Oak | old incision.033
Fra:1 Mem:119.69M (Peak 119.69M) | Time:00:00.08 | Mem:0.02M, Peak:0.02M | Scene, ViewLayer | Synchronizing object | Oak | old incision.034
Fra:1 Mem:119.69M (Peak 119.69M) | Time:00:00.08 | Mem:0.02M, Peak:0.02M | Scene, ViewLayer | Synchronizing object | Oak | old incision.035
Fra:1 Mem:119.69M (Peak 119.69M) | Time:00:00.08 | Mem:0.02M, Peak:0.02M | Scene, ViewLayer | Synchronizing object | Oak | old incision.036
Fra:1 Mem:119.69M (Peak 119.69M) | Time:00:00.08 | Mem:0.02M, Peak:0.02M | Scene, ViewLayer | Synchronizing object | Oak | old incision.037
Fra:1 Mem:119.69M (Peak 119.69M) | Time:00:00.08 | Mem:0.02M, Peak:0.02M | Scene, ViewLayer | Synchronizing object | Oak | old incision.038
Fra:1 Mem:119.70M (Peak 119.70M) | Time:00:00.08 | Mem:0.02M, Peak:0.02M | Scene, ViewLayer | Synchronizing object | Oak | old incision.039
Fra:1 Mem:119.70M (Peak 119.70M) | Time:00:00.08 | Mem:0.02M, Peak:0.02M | Scene, ViewLayer | Synchronizing object | Oak | old incision.040
Fra:1 Mem:119.70M (Peak 119.70M) | Time:00:00.08 | Mem:0.02M, Peak:0.02M | Scene, ViewLayer | Synchronizing object | Oak | old incision.042
Fra:1 Mem:119.71M (Peak 119.71M) | Time:00:00.08 | Mem:0.02M, Peak:0.02M | Scene, ViewLayer | Synchronizing object | Back_1_0_light
Fra:1 Mem:119.71M (Peak 119.71M) | Time:00:00.08 | Mem:0.02M, Peak:0.02M | Scene, ViewLayer | Synchronizing object | Back_-1_2_light
Fra:1 Mem:119.71M (Peak 119.71M) | Time:00:00.08 | Mem:0.02M, Peak:0.02M | Scene, ViewLayer | Synchronizing object | Back_-1_1_light
Fra:1 Mem:119.71M (Peak 119.71M) | Time:00:00.08 | Mem:0.02M, Peak:0.02M | Scene, ViewLayer | Synchronizing object | Back_-1_0_light
Fra:1 Mem:119.71M (Peak 119.71M) | Time:00:00.08 | Mem:0.02M, Peak:0.02M | Scene, ViewLayer | Synchronizing object | FrontRight_low_light
Fra:1 Mem:119.71M (Peak 119.71M) | Time:00:00.08 | Mem:0.02M, Peak:0.02M | Scene, ViewLayer | Synchronizing object | FrontRight_tall_light
Fra:1 Mem:119.71M (Peak 119.71M) | Time:00:00.08 | Mem:0.02M, Peak:0.02M | Scene, ViewLayer | Synchronizing object | FrontLeft_stump_light
Fra:1 Mem:119.71M (Peak 119.71M) | Time:00:00.08 | Mem:0.02M, Peak:0.02M | Scene, ViewLayer | Synchronizing object | FrontLeft_low_light
Fra:1 Mem:119.71M (Peak 119.71M) | Time:00:00.08 | Mem:0.02M, Peak:0.02M | Scene, ViewLayer | Synchronizing object | FrontLeft_tall_light
Fra:1 Mem:119.71M (Peak 119.71M) | Time:00:00.08 | Mem:0.02M, Peak:0.02M | Scene, ViewLayer | Synchronizing object | Atmosphere volume (render only)
Fra:1 Mem:119.71M (Peak 119.71M) | Time:00:00.08 | Mem:0.02M, Peak:0.02M | Scene, ViewLayer | Synchronizing object | Fallen limestone chip.021
Fra:1 Mem:119.71M (Peak 119.71M) | Time:00:00.08 | Mem:0.02M, Peak:0.02M | Scene, ViewLayer | Synchronizing object | Oak | old incision.046
Fra:1 Mem:119.71M (Peak 119.71M) | Time:00:00.08 | Mem:0.02M, Peak:0.02M | Scene, ViewLayer | Synchronizing object | Fallen limestone chip.020
Fra:1 Mem:119.72M (Peak 119.72M) | Time:00:00.08 | Mem:0.02M, Peak:0.02M | Scene, ViewLayer | Synchronizing object | Oak | old incision.048
Fra:1 Mem:119.72M (Peak 119.72M) | Time:00:00.08 | Mem:0.02M, Peak:0.02M | Scene, ViewLayer | Synchronizing object | Oak | old incision.050
Fra:1 Mem:119.73M (Peak 119.73M) | Time:00:00.08 | Mem:0.02M, Peak:0.02M | Scene, ViewLayer | Synchronizing object | Oak | old incision.051
Fra:1 Mem:119.73M (Peak 119.73M) | Time:00:00.08 | Mem:0.02M, Peak:0.02M | Scene, ViewLayer | Synchronizing object | Oak | old incision.052
Fra:1 Mem:119.73M (Peak 119.73M) | Time:00:00.08 | Mem:0.02M, Peak:0.02M | Scene, ViewLayer | Synchronizing object | Oak | old incision.053
Fra:1 Mem:119.73M (Peak 119.73M) | Time:00:00.08 | Mem:0.02M, Peak:0.02M | Scene, ViewLayer | Synchronizing object | Oak | old incision.054
Fra:1 Mem:119.74M (Peak 119.74M) | Time:00:00.08 | Mem:0.02M, Peak:0.02M | Scene, ViewLayer | Synchronizing object | Oak | old incision.056
Fra:1 Mem:119.74M (Peak 119.74M) | Time:00:00.08 | Mem:0.02M, Peak:0.02M | Scene, ViewLayer | Synchronizing object | Oak | old incision.057
Fra:1 Mem:119.74M (Peak 119.74M) | Time:00:00.08 | Mem:0.02M, Peak:0.02M | Scene, ViewLayer | Synchronizing object | Oak | old incision.058
Fra:1 Mem:119.74M (Peak 119.74M) | Time:00:00.08 | Mem:0.02M, Peak:0.02M | Scene, ViewLayer | Synchronizing object | Oak | old incision.059
Fra:1 Mem:119.74M (Peak 119.74M) | Time:00:00.08 | Mem:0.02M, Peak:0.02M | Scene, ViewLayer | Synchronizing object | Fallen limestone chip.018
Fra:1 Mem:119.75M (Peak 119.75M) | Time:00:00.08 | Mem:0.02M, Peak:0.02M | Scene, ViewLayer | Synchronizing object | Oak | old incision.060
Fra:1 Mem:119.75M (Peak 119.75M) | Time:00:00.08 | Mem:0.02M, Peak:0.02M | Scene, ViewLayer | Synchronizing object | Oak | old incision.061
Fra:1 Mem:119.75M (Peak 119.75M) | Time:00:00.08 | Mem:0.02M, Peak:0.02M | Scene, ViewLayer | Synchronizing object | Oak | old incision.062
Fra:1 Mem:119.75M (Peak 119.75M) | Time:00:00.08 | Mem:0.02M, Peak:0.02M | Scene, ViewLayer | Synchronizing object | Oak | old incision.063
Fra:1 Mem:119.75M (Peak 119.75M) | Time:00:00.08 | Mem:0.02M, Peak:0.02M | Scene, ViewLayer | Synchronizing object | Oak | old incision.065
Fra:1 Mem:119.76M (Peak 119.76M) | Time:00:00.08 | Mem:0.02M, Peak:0.02M | Scene, ViewLayer | Synchronizing object | Oak | old incision.066
Fra:1 Mem:119.76M (Peak 119.76M) | Time:00:00.08 | Mem:0.02M, Peak:0.02M | Scene, ViewLayer | Synchronizing object | Oak | old incision.067
Fra:1 Mem:119.76M (Peak 119.76M) | Time:00:00.08 | Mem:0.02M, Peak:0.02M | Scene, ViewLayer | Synchronizing object | Fallen limestone chip.017
Fra:1 Mem:119.76M (Peak 119.76M) | Time:00:00.08 | Mem:0.02M, Peak:0.02M | Scene, ViewLayer | Synchronizing object | Oak | old incision.068
Fra:1 Mem:119.76M (Peak 119.76M) | Time:00:00.08 | Mem:0.02M, Peak:0.02M | Scene, ViewLayer | Synchronizing object | Fallen limestone chip.016
Fra:1 Mem:119.77M (Peak 119.77M) | Time:00:00.08 | Mem:0.02M, Peak:0.02M | Scene, ViewLayer | Synchronizing object | Oak | old incision.069
Fra:1 Mem:119.77M (Peak 119.77M) | Time:00:00.08 | Mem:0.02M, Peak:0.02M | Scene, ViewLayer | Synchronizing object | Oak | old incision.071
Fra:1 Mem:119.77M (Peak 119.77M) | Time:00:00.08 | Mem:0.02M, Peak:0.02M | Scene, ViewLayer | Synchronizing object | Oak | old incision.072
Fra:1 Mem:119.78M (Peak 119.78M) | Time:00:00.08 | Mem:0.02M, Peak:0.02M | Scene, ViewLayer | Synchronizing object | Oak | old incision.073
Fra:1 Mem:119.78M (Peak 119.78M) | Time:00:00.08 | Mem:0.02M, Peak:0.02M | Scene, ViewLayer | Synchronizing object | Oak | old incision.074
Fra:1 Mem:119.78M (Peak 119.78M) | Time:00:00.08 | Mem:0.02M, Peak:0.02M | Scene, ViewLayer | Synchronizing object | Oak | dried oil stain
Fra:1 Mem:119.78M (Peak 119.78M) | Time:00:00.08 | Mem:0.02M, Peak:0.02M | Scene, ViewLayer | Synchronizing object | Oak | dried oil stain.001
Fra:1 Mem:119.78M (Peak 119.78M) | Time:00:00.08 | Mem:0.02M, Peak:0.02M | Scene, ViewLayer | Synchronizing object | Oak | dried oil stain.003
Fra:1 Mem:119.79M (Peak 119.79M) | Time:00:00.08 | Mem:0.02M, Peak:0.02M | Scene, ViewLayer | Synchronizing object | Wax | spilled drop
Fra:1 Mem:119.79M (Peak 119.79M) | Time:00:00.08 | Mem:0.02M, Peak:0.02M | Scene, ViewLayer | Synchronizing object | Wax | spilled drop.001
Fra:1 Mem:119.79M (Peak 119.79M) | Time:00:00.08 | Mem:0.02M, Peak:0.02M | Scene, ViewLayer | Synchronizing object | Wax | spilled drop.002
Fra:1 Mem:119.79M (Peak 119.79M) | Time:00:00.08 | Mem:0.02M, Peak:0.02M | Scene, ViewLayer | Synchronizing object | Wax | spilled drop.005
Fra:1 Mem:119.80M (Peak 119.80M) | Time:00:00.08 | Mem:0.02M, Peak:0.02M | Scene, ViewLayer | Synchronizing object | Wax | spilled drop.006
Fra:1 Mem:119.80M (Peak 119.80M) | Time:00:00.08 | Mem:0.02M, Peak:0.02M | Scene, ViewLayer | Synchronizing object | Wax | spilled drop.007
Fra:1 Mem:119.80M (Peak 119.80M) | Time:00:00.08 | Mem:0.02M, Peak:0.02M | Scene, ViewLayer | Synchronizing object | Wax | spilled drop.008
Fra:1 Mem:119.81M (Peak 119.81M) | Time:00:00.08 | Mem:0.02M, Peak:0.02M | Scene, ViewLayer | Synchronizing object | Wax | spilled drop.009
Fra:1 Mem:119.81M (Peak 119.81M) | Time:00:00.08 | Mem:0.02M, Peak:0.02M | Scene, ViewLayer | Synchronizing object | Wax | spilled drop.010
Fra:1 Mem:119.81M (Peak 119.81M) | Time:00:00.08 | Mem:0.02M, Peak:0.02M | Scene, ViewLayer | Synchronizing object | Wax | spilled drop.011
Fra:1 Mem:119.81M (Peak 119.81M) | Time:00:00.08 | Mem:0.02M, Peak:0.02M | Scene, ViewLayer | Synchronizing object | Fallen limestone chip.015
Fra:1 Mem:119.81M (Peak 119.81M) | Time:00:00.08 | Mem:0.02M, Peak:0.02M | Scene, ViewLayer | Synchronizing object | Wax | spilled drop.012
Fra:1 Mem:119.82M (Peak 119.82M) | Time:00:00.08 | Mem:0.02M, Peak:0.02M | Scene, ViewLayer | Synchronizing object | Fallen limestone chip.014
Fra:1 Mem:119.82M (Peak 119.82M) | Time:00:00.08 | Mem:0.02M, Peak:0.02M | Scene, ViewLayer | Synchronizing object | Wax | spilled drop.014
Fra:1 Mem:119.82M (Peak 119.82M) | Time:00:00.08 | Mem:0.02M, Peak:0.02M | Scene, ViewLayer | Synchronizing object | Fallen limestone chip.013
Fra:1 Mem:119.82M (Peak 119.82M) | Time:00:00.08 | Mem:0.02M, Peak:0.02M | Scene, ViewLayer | Synchronizing object | Wax | spilled drop.015
Fra:1 Mem:119.82M (Peak 119.82M) | Time:00:00.08 | Mem:0.02M, Peak:0.02M | Scene, ViewLayer | Synchronizing object | Wax | spilled drop.016
Fra:1 Mem:119.83M (Peak 119.83M) | Time:00:00.08 | Mem:0.02M, Peak:0.02M | Scene, ViewLayer | Synchronizing object | Wax | spilled drop.017
Fra:1 Mem:119.83M (Peak 119.83M) | Time:00:00.08 | Mem:0.02M, Peak:0.02M | Scene, ViewLayer | Synchronizing object | Wax | spilled drop.020
Fra:1 Mem:119.84M (Peak 119.84M) | Time:00:00.08 | Mem:0.02M, Peak:0.02M | Scene, ViewLayer | Synchronizing object | Oak | black iron pin
Fra:1 Mem:119.84M (Peak 119.84M) | Time:00:00.08 | Mem:0.02M, Peak:0.02M | Scene, ViewLayer | Synchronizing object | Oak | black iron pin.001
Fra:1 Mem:119.84M (Peak 119.84M) | Time:00:00.08 | Mem:0.02M, Peak:0.02M | Scene, ViewLayer | Synchronizing object | Oak | black iron pin.002
Fra:1 Mem:119.84M (Peak 119.84M) | Time:00:00.08 | Mem:0.02M, Peak:0.02M | Scene, ViewLayer | Synchronizing object | Oak | black iron pin.003
Fra:1 Mem:119.85M (Peak 119.85M) | Time:00:00.08 | Mem:0.02M, Peak:0.02M | Scene, ViewLayer | Synchronizing object | Oak | black iron pin.004
Fra:1 Mem:119.85M (Peak 119.85M) | Time:00:00.08 | Mem:0.02M, Peak:0.02M | Scene, ViewLayer | Synchronizing object | Oak | black iron pin.005
Fra:1 Mem:119.85M (Peak 119.85M) | Time:00:00.08 | Mem:0.02M, Peak:0.02M | Scene, ViewLayer | Synchronizing object | Oak | black iron pin.006
Fra:1 Mem:119.86M (Peak 119.86M) | Time:00:00.08 | Mem:0.02M, Peak:0.02M | Scene, ViewLayer | Synchronizing object | Oak | black iron pin.007
Fra:1 Mem:119.86M (Peak 119.86M) | Time:00:00.08 | Mem:0.02M, Peak:0.02M | Scene, ViewLayer | Synchronizing object | Oak | exposed edge splinter
Fra:1 Mem:119.87M (Peak 119.87M) | Time:00:00.08 | Mem:0.02M, Peak:0.02M | Scene, ViewLayer | Synchronizing object | Oak | exposed edge splinter.001
Fra:1 Mem:119.88M (Peak 119.88M) | Time:00:00.08 | Mem:0.02M, Peak:0.02M | Scene, ViewLayer | Synchronizing object | Oak | exposed edge splinter.002
Fra:1 Mem:119.88M (Peak 119.88M) | Time:00:00.08 | Mem:0.02M, Peak:0.02M | Scene, ViewLayer | Synchronizing object | Oak | exposed edge splinter.005
Fra:1 Mem:119.89M (Peak 119.89M) | Time:00:00.08 | Mem:0.02M, Peak:0.02M | Scene, ViewLayer | Synchronizing object | Oak | exposed edge splinter.007
Fra:1 Mem:119.89M (Peak 119.89M) | Time:00:00.08 | Mem:0.02M, Peak:0.02M | Scene, ViewLayer | Synchronizing object | Oak | exposed edge splinter.008
Fra:1 Mem:119.90M (Peak 119.90M) | Time:00:00.08 | Mem:0.02M, Peak:0.02M | Scene, ViewLayer | Synchronizing object | Oak | exposed edge splinter.009
Fra:1 Mem:119.91M (Peak 119.91M) | Time:00:00.08 | Mem:0.02M, Peak:0.02M | Scene, ViewLayer | Synchronizing object | Fallen limestone chip.011
Fra:1 Mem:119.91M (Peak 119.91M) | Time:00:00.08 | Mem:0.02M, Peak:0.02M | Scene, ViewLayer | Synchronizing object | Oak | exposed edge splinter.013
Fra:1 Mem:119.91M (Peak 119.91M) | Time:00:00.08 | Mem:0.02M, Peak:0.02M | Scene, ViewLayer | Synchronizing object | Fallen limestone chip.010
Fra:1 Mem:119.92M (Peak 119.92M) | Time:00:00.08 | Mem:0.02M, Peak:0.02M | Scene, ViewLayer | Synchronizing object | Wax | hanging tear
Fra:1 Mem:119.92M (Peak 119.92M) | Time:00:00.08 | Mem:0.02M, Peak:0.02M | Scene, ViewLayer | Synchronizing object | Fallen limestone chip.009
Fra:1 Mem:119.93M (Peak 119.93M) | Time:00:00.08 | Mem:0.02M, Peak:0.02M | Scene, ViewLayer | Synchronizing object | Wax | old rivulet.001
Fra:1 Mem:119.94M (Peak 119.94M) | Time:00:00.08 | Mem:0.02M, Peak:0.02M | Scene, ViewLayer | Synchronizing object | Wax | hanging tear.001
Fra:1 Mem:119.95M (Peak 119.95M) | Time:00:00.08 | Mem:0.02M, Peak:0.02M | Scene, ViewLayer | Synchronizing object | Wax | old rivulet.003
Fra:1 Mem:119.95M (Peak 119.95M) | Time:00:00.08 | Mem:0.02M, Peak:0.02M | Scene, ViewLayer | Synchronizing object | Wax | hanging tear.003
Fra:1 Mem:119.95M (Peak 119.95M) | Time:00:00.08 | Mem:0.02M, Peak:0.02M | Scene, ViewLayer | Synchronizing object | Wax | old rivulet.004
Fra:1 Mem:119.96M (Peak 119.96M) | Time:00:00.08 | Mem:0.02M, Peak:0.02M | Scene, ViewLayer | Synchronizing object | Wax | hanging tear.004
Fra:1 Mem:119.96M (Peak 119.96M) | Time:00:00.08 | Mem:0.02M, Peak:0.02M | Scene, ViewLayer | Synchronizing object | Wax | old rivulet.005
Fra:1 Mem:119.97M (Peak 119.97M) | Time:00:00.08 | Mem:0.02M, Peak:0.02M | Scene, ViewLayer | Synchronizing object | Wax | hanging tear.005
Fra:1 Mem:119.97M (Peak 119.97M) | Time:00:00.08 | Mem:0.02M, Peak:0.02M | Scene, ViewLayer | Synchronizing object | Wax | old rivulet.006
Fra:1 Mem:119.97M (Peak 119.97M) | Time:00:00.08 | Mem:0.02M, Peak:0.02M | Scene, ViewLayer | Synchronizing object | Wax | hanging tear.006
Fra:1 Mem:119.97M (Peak 119.97M) | Time:00:00.08 | Mem:0.02M, Peak:0.02M | Scene, ViewLayer | Synchronizing object | Wax | old rivulet.007
Fra:1 Mem:119.98M (Peak 119.98M) | Time:00:00.08 | Mem:0.02M, Peak:0.02M | Scene, ViewLayer | Synchronizing object | Wax | old rivulet.008
Fra:1 Mem:119.98M (Peak 119.98M) | Time:00:00.08 | Mem:0.02M, Peak:0.02M | Scene, ViewLayer | Synchronizing object | Wax | hanging tear.008
Fra:1 Mem:119.99M (Peak 119.99M) | Time:00:00.08 | Mem:0.02M, Peak:0.02M | Scene, ViewLayer | Synchronizing object | Wax | old rivulet.009
Fra:1 Mem:119.99M (Peak 119.99M) | Time:00:00.08 | Mem:0.02M, Peak:0.02M | Scene, ViewLayer | Synchronizing object | Wax | hanging tear.009
Fra:1 Mem:119.99M (Peak 119.99M) | Time:00:00.08 | Mem:0.02M, Peak:0.02M | Scene, ViewLayer | Synchronizing object | Wax | old rivulet.010
Fra:1 Mem:119.99M (Peak 119.99M) | Time:00:00.08 | Mem:0.02M, Peak:0.02M | Scene, ViewLayer | Synchronizing object | Wax | hanging tear.010
Fra:1 Mem:120.00M (Peak 120.00M) | Time:00:00.08 | Mem:0.02M, Peak:0.02M | Scene, ViewLayer | Synchronizing object | Wax | old rivulet.011
Fra:1 Mem:120.00M (Peak 120.00M) | Time:00:00.08 | Mem:0.02M, Peak:0.02M | Scene, ViewLayer | Synchronizing object | Fallen limestone chip.008
Fra:1 Mem:120.00M (Peak 120.00M) | Time:00:00.08 | Mem:0.02M, Peak:0.02M | Scene, ViewLayer | Synchronizing object | Wax | burnt well.001
Fra:1 Mem:120.00M (Peak 120.00M) | Time:00:00.08 | Mem:0.02M, Peak:0.02M | Scene, ViewLayer | Synchronizing object | Fallen limestone chip.007
Fra:1 Mem:120.01M (Peak 120.01M) | Time:00:00.08 | Mem:0.02M, Peak:0.02M | Scene, ViewLayer | Synchronizing object | Fallen limestone chip.006
Fra:1 Mem:120.01M (Peak 120.01M) | Time:00:00.08 | Mem:0.02M, Peak:0.02M | Scene, ViewLayer | Synchronizing object | Wax | old rivulet.012
Fra:1 Mem:120.01M (Peak 120.01M) | Time:00:00.08 | Mem:0.02M, Peak:0.02M | Scene, ViewLayer | Synchronizing object | Fallen limestone chip.005
Fra:1 Mem:120.01M (Peak 120.01M) | Time:00:00.08 | Mem:0.02M, Peak:0.02M | Scene, ViewLayer | Synchronizing object | Wax | old rivulet.013
Fra:1 Mem:120.01M (Peak 120.01M) | Time:00:00.08 | Mem:0.02M, Peak:0.02M | Scene, ViewLayer | Synchronizing object | Fallen limestone chip.004
Fra:1 Mem:120.01M (Peak 120.01M) | Time:00:00.08 | Mem:0.02M, Peak:0.02M | Scene, ViewLayer | Synchronizing object | Wax | old rivulet.014
Fra:1 Mem:120.02M (Peak 120.02M) | Time:00:00.08 | Mem:0.02M, Peak:0.02M | Scene, ViewLayer | Synchronizing object | Wax | hanging tear.014
Fra:1 Mem:120.02M (Peak 120.02M) | Time:00:00.08 | Mem:0.02M, Peak:0.02M | Scene, ViewLayer | Synchronizing object | Wax | old rivulet.015
Fra:1 Mem:120.02M (Peak 120.02M) | Time:00:00.08 | Mem:0.02M, Peak:0.02M | Scene, ViewLayer | Synchronizing object | Wax | old rivulet.016
Fra:1 Mem:120.02M (Peak 120.02M) | Time:00:00.08 | Mem:0.02M, Peak:0.02M | Scene, ViewLayer | Synchronizing object | Wax | hanging tear.016
Fra:1 Mem:120.03M (Peak 120.03M) | Time:00:00.08 | Mem:0.02M, Peak:0.02M | Scene, ViewLayer | Synchronizing object | Fallen limestone chip.003
Fra:1 Mem:120.03M (Peak 120.03M) | Time:00:00.08 | Mem:0.02M, Peak:0.02M | Scene, ViewLayer | Synchronizing object | Fallen limestone chip.002
Fra:1 Mem:120.03M (Peak 120.03M) | Time:00:00.08 | Mem:0.02M, Peak:0.02M | Scene, ViewLayer | Synchronizing object | Fallen limestone chip.001
Fra:1 Mem:120.03M (Peak 120.03M) | Time:00:00.08 | Mem:0.02M, Peak:0.02M | Scene, ViewLayer | Synchronizing object | Fallen limestone chip
Fra:1 Mem:120.04M (Peak 120.04M) | Time:00:00.08 | Mem:0.02M, Peak:0.02M | Scene, ViewLayer | Synchronizing object | Wax | burnt well.002
Fra:1 Mem:120.04M (Peak 120.04M) | Time:00:00.08 | Mem:0.02M, Peak:0.02M | Scene, ViewLayer | Synchronizing object | Wax | hanging tear.018
Fra:1 Mem:120.04M (Peak 120.04M) | Time:00:00.08 | Mem:0.02M, Peak:0.02M | Scene, ViewLayer | Synchronizing object | Wax | old rivulet.019
Fra:1 Mem:120.04M (Peak 120.04M) | Time:00:00.08 | Mem:0.02M, Peak:0.02M | Scene, ViewLayer | Synchronizing object | Wax | hanging tear.019
Fra:1 Mem:120.05M (Peak 120.05M) | Time:00:00.08 | Mem:0.02M, Peak:0.02M | Scene, ViewLayer | Synchronizing object | Wax | old rivulet.020
Fra:1 Mem:120.05M (Peak 120.05M) | Time:00:00.08 | Mem:0.02M, Peak:0.02M | Scene, ViewLayer | Synchronizing object | Wax | hanging tear.020
Fra:1 Mem:120.05M (Peak 120.05M) | Time:00:00.08 | Mem:0.02M, Peak:0.02M | Scene, ViewLayer | Synchronizing object | Wax | old rivulet.021
Fra:1 Mem:120.05M (Peak 120.05M) | Time:00:00.08 | Mem:0.02M, Peak:0.02M | Scene, ViewLayer | Synchronizing object | Wax | old rivulet.022
Fra:1 Mem:120.05M (Peak 120.05M) | Time:00:00.08 | Mem:0.02M, Peak:0.02M | Scene, ViewLayer | Synchronizing object | Stone | old fissure.003
Fra:1 Mem:120.06M (Peak 120.06M) | Time:00:00.08 | Mem:0.02M, Peak:0.02M | Scene, ViewLayer | Synchronizing object | Stone | old fissure.002
Fra:1 Mem:120.06M (Peak 120.06M) | Time:00:00.08 | Mem:0.02M, Peak:0.02M | Scene, ViewLayer | Synchronizing object | Wax | old rivulet.023
Fra:1 Mem:120.06M (Peak 120.06M) | Time:00:00.08 | Mem:0.02M, Peak:0.02M | Scene, ViewLayer | Synchronizing object | Stone | old fissure.001
Fra:1 Mem:120.06M (Peak 120.06M) | Time:00:00.08 | Mem:0.02M, Peak:0.02M | Scene, ViewLayer | Synchronizing object | Wax | hanging tear.023
Fra:1 Mem:120.07M (Peak 120.07M) | Time:00:00.08 | Mem:0.02M, Peak:0.02M | Scene, ViewLayer | Synchronizing object | Stone | old fissure
Fra:1 Mem:120.07M (Peak 120.07M) | Time:00:00.08 | Mem:0.02M, Peak:0.02M | Scene, ViewLayer | Synchronizing object | Wax | burnt well.003
Fra:1 Mem:120.07M (Peak 120.07M) | Time:00:00.08 | Mem:0.02M, Peak:0.02M | Scene, ViewLayer | Synchronizing object | Obscured heraldic pupil
Fra:1 Mem:120.08M (Peak 120.08M) | Time:00:00.08 | Mem:0.02M, Peak:0.02M | Scene, ViewLayer | Synchronizing object | Wax | old rivulet.024
Fra:1 Mem:120.08M (Peak 120.08M) | Time:00:00.08 | Mem:0.02M, Peak:0.02M | Scene, ViewLayer | Synchronizing object | Obscured heraldic eye
Fra:1 Mem:120.08M (Peak 120.08M) | Time:00:00.08 | Mem:0.02M, Peak:0.02M | Scene, ViewLayer | Synchronizing object | Wax | old rivulet.025
Fra:1 Mem:120.08M (Peak 120.08M) | Time:00:00.08 | Mem:0.02M, Peak:0.02M | Scene, ViewLayer | Synchronizing object | Wax | hanging tear.025
Fra:1 Mem:120.08M (Peak 120.08M) | Time:00:00.08 | Mem:0.02M, Peak:0.02M | Scene, ViewLayer | Synchronizing object | Wax | old rivulet.026
Fra:1 Mem:120.09M (Peak 120.09M) | Time:00:00.08 | Mem:0.02M, Peak:0.02M | Scene, ViewLayer | Synchronizing object | Wax | old rivulet.027
Fra:1 Mem:120.09M (Peak 120.09M) | Time:00:00.08 | Mem:0.02M, Peak:0.02M | Scene, ViewLayer | Synchronizing object | Wax | hanging tear.027
Fra:1 Mem:120.09M (Peak 120.09M) | Time:00:00.08 | Mem:0.02M, Peak:0.02M | Scene, ViewLayer | Synchronizing object | Wax | old rivulet.028
Fra:1 Mem:120.09M (Peak 120.09M) | Time:00:00.08 | Mem:0.02M, Peak:0.02M | Scene, ViewLayer | Synchronizing object | Wax | hanging tear.028
Fra:1 Mem:120.09M (Peak 120.09M) | Time:00:00.08 | Mem:0.02M, Peak:0.02M | Scene, ViewLayer | Synchronizing object | Wax | old rivulet.029
Fra:1 Mem:120.10M (Peak 120.10M) | Time:00:00.08 | Mem:0.02M, Peak:0.02M | Scene, ViewLayer | Synchronizing object | Wax | hanging tear.029
Fra:1 Mem:120.10M (Peak 120.10M) | Time:00:00.08 | Mem:0.02M, Peak:0.02M | Scene, ViewLayer | Synchronizing object | Wax | hanging tear.030
Fra:1 Mem:120.10M (Peak 120.10M) | Time:00:00.08 | Mem:0.02M, Peak:0.02M | Scene, ViewLayer | Synchronizing object | Wax | old rivulet.031
Fra:1 Mem:120.10M (Peak 120.10M) | Time:00:00.08 | Mem:0.02M, Peak:0.02M | Scene, ViewLayer | Synchronizing object | Wax | hanging tear.031
Fra:1 Mem:120.11M (Peak 120.11M) | Time:00:00.08 | Mem:0.02M, Peak:0.02M | Scene, ViewLayer | Synchronizing object | Wax | old rivulet.032
Fra:1 Mem:120.11M (Peak 120.11M) | Time:00:00.08 | Mem:0.02M, Peak:0.02M | Scene, ViewLayer | Synchronizing object | Wax | hanging tear.032
Fra:1 Mem:120.11M (Peak 120.11M) | Time:00:00.08 | Mem:0.02M, Peak:0.02M | Scene, ViewLayer | Synchronizing object | Wax | old rivulet.033
Fra:1 Mem:120.12M (Peak 120.12M) | Time:00:00.08 | Mem:0.02M, Peak:0.02M | Scene, ViewLayer | Synchronizing object | Wax | hanging tear.033
Fra:1 Mem:120.12M (Peak 120.12M) | Time:00:00.08 | Mem:0.02M, Peak:0.02M | Scene, ViewLayer | Synchronizing object | Wax | hanging tear.035
Fra:1 Mem:120.13M (Peak 120.13M) | Time:00:00.08 | Mem:0.02M, Peak:0.02M | Scene, ViewLayer | Synchronizing object | Wax | burnt well.005
Fra:1 Mem:120.13M (Peak 120.13M) | Time:00:00.08 | Mem:0.02M, Peak:0.02M | Scene, ViewLayer | Synchronizing object | Wax | old rivulet.036
Fra:1 Mem:120.13M (Peak 120.13M) | Time:00:00.08 | Mem:0.02M, Peak:0.02M | Scene, ViewLayer | Synchronizing object | Wax | hanging tear.036
Fra:1 Mem:120.13M (Peak 120.13M) | Time:00:00.08 | Mem:0.02M, Peak:0.02M | Scene, ViewLayer | Synchronizing object | Wax | hanging tear.037
Fra:1 Mem:120.13M (Peak 120.13M) | Time:00:00.08 | Mem:0.02M, Peak:0.02M | Scene, ViewLayer | Synchronizing object | Wax | old rivulet.038
Fra:1 Mem:120.14M (Peak 120.14M) | Time:00:00.08 | Mem:0.02M, Peak:0.02M | Scene, ViewLayer | Synchronizing object | Wax | hanging tear.038
Fra:1 Mem:120.14M (Peak 120.14M) | Time:00:00.08 | Mem:0.02M, Peak:0.02M | Scene, ViewLayer | Synchronizing object | Wax | hanging tear.039
Fra:1 Mem:120.14M (Peak 120.14M) | Time:00:00.08 | Mem:0.02M, Peak:0.02M | Scene, ViewLayer | Synchronizing object | Wax | old rivulet.040
Fra:1 Mem:120.14M (Peak 120.14M) | Time:00:00.08 | Mem:0.02M, Peak:0.02M | Scene, ViewLayer | Synchronizing object | Wax | hanging tear.040
Fra:1 Mem:120.14M (Peak 120.14M) | Time:00:00.08 | Mem:0.02M, Peak:0.02M | Scene, ViewLayer | Synchronizing object | Wax | old rivulet.041
Fra:1 Mem:120.15M (Peak 120.15M) | Time:00:00.08 | Mem:0.02M, Peak:0.02M | Scene, ViewLayer | Synchronizing object | Wax | hanging tear.041
Fra:1 Mem:120.15M (Peak 120.15M) | Time:00:00.08 | Mem:0.02M, Peak:0.02M | Scene, ViewLayer | Synchronizing object | Wax | burnt well.006
Fra:1 Mem:120.15M (Peak 120.15M) | Time:00:00.08 | Mem:0.02M, Peak:0.02M | Scene, ViewLayer | Synchronizing object | Wax | hanging tear.042
Fra:1 Mem:120.15M (Peak 120.15M) | Time:00:00.08 | Mem:0.02M, Peak:0.02M | Scene, ViewLayer | Synchronizing object | Torn altar hanging | deep crimson
Fra:1 Mem:120.15M (Peak 120.15M) | Time:00:00.08 | Mem:0.02M, Peak:0.02M | Scene, ViewLayer | Synchronizing object | Wax | old rivulet.043
Fra:1 Mem:120.20M (Peak 120.20M) | Time:00:00.08 | Mem:0.02M, Peak:0.02M | Scene, ViewLayer | Synchronizing object | Wax | hanging tear.043
Fra:1 Mem:120.21M (Peak 120.21M) | Time:00:00.08 | Mem:0.02M, Peak:0.02M | Scene, ViewLayer | Synchronizing object | Wax | old rivulet.044
Fra:1 Mem:120.21M (Peak 120.21M) | Time:00:00.08 | Mem:0.02M, Peak:0.02M | Scene, ViewLayer | Synchronizing object | Wax | burnt well.016
Fra:1 Mem:120.22M (Peak 120.22M) | Time:00:00.08 | Mem:0.02M, Peak:0.02M | Scene, ViewLayer | Synchronizing object | Wax | old rivulet.045
Fra:1 Mem:120.22M (Peak 120.22M) | Time:00:00.08 | Mem:0.02M, Peak:0.02M | Scene, ViewLayer | Synchronizing object | Wax | hanging tear.045
Fra:1 Mem:120.22M (Peak 120.22M) | Time:00:00.08 | Mem:0.02M, Peak:0.02M | Scene, ViewLayer | Synchronizing object | Wax | old rivulet.046
Fra:1 Mem:120.22M (Peak 120.22M) | Time:00:00.08 | Mem:0.02M, Peak:0.02M | Scene, ViewLayer | Synchronizing object | Wax | old rivulet.047
Fra:1 Mem:120.23M (Peak 120.23M) | Time:00:00.08 | Mem:0.02M, Peak:0.02M | Scene, ViewLayer | Synchronizing object | Wax | hanging tear.047
Fra:1 Mem:120.23M (Peak 120.23M) | Time:00:00.08 | Mem:0.02M, Peak:0.02M | Scene, ViewLayer | Synchronizing object | Wax | burnt well.007
Fra:1 Mem:120.24M (Peak 120.24M) | Time:00:00.08 | Mem:0.02M, Peak:0.02M | Scene, ViewLayer | Synchronizing object | Wax | old rivulet.049
Fra:1 Mem:120.24M (Peak 120.24M) | Time:00:00.08 | Mem:0.02M, Peak:0.02M | Scene, ViewLayer | Synchronizing object | Wax | hanging tear.049
Fra:1 Mem:120.24M (Peak 120.24M) | Time:00:00.08 | Mem:0.02M, Peak:0.02M | Scene, ViewLayer | Synchronizing object | Wax | old rivulet.050
Fra:1 Mem:120.24M (Peak 120.24M) | Time:00:00.08 | Mem:0.02M, Peak:0.02M | Scene, ViewLayer | Synchronizing object | Wax | hanging tear.051
Fra:1 Mem:120.25M (Peak 120.25M) | Time:00:00.08 | Mem:0.02M, Peak:0.02M | Scene, ViewLayer | Synchronizing object | Wax | old rivulet.052
Fra:1 Mem:120.25M (Peak 120.25M) | Time:00:00.08 | Mem:0.02M, Peak:0.02M | Scene, ViewLayer | Synchronizing object | Wax | hanging tear.052
Fra:1 Mem:120.25M (Peak 120.25M) | Time:00:00.08 | Mem:0.02M, Peak:0.02M | Scene, ViewLayer | Synchronizing object | Wax | old rivulet.053
Fra:1 Mem:120.25M (Peak 120.25M) | Time:00:00.08 | Mem:0.02M, Peak:0.02M | Scene, ViewLayer | Synchronizing object | Wax | hanging tear.053
Fra:1 Mem:120.25M (Peak 120.25M) | Time:00:00.08 | Mem:0.02M, Peak:0.02M | Scene, ViewLayer | Synchronizing object | Wax | burnt well.008
Fra:1 Mem:120.25M (Peak 120.25M) | Time:00:00.08 | Mem:0.02M, Peak:0.02M | Scene, ViewLayer | Synchronizing object | Wax | old rivulet.054
Fra:1 Mem:120.26M (Peak 120.26M) | Time:00:00.08 | Mem:0.02M, Peak:0.02M | Scene, ViewLayer | Synchronizing object | Wax | hanging tear.054
Fra:1 Mem:120.26M (Peak 120.26M) | Time:00:00.08 | Mem:0.02M, Peak:0.02M | Scene, ViewLayer | Synchronizing object | Wax | old rivulet.055
Fra:1 Mem:120.26M (Peak 120.26M) | Time:00:00.08 | Mem:0.02M, Peak:0.02M | Scene, ViewLayer | Synchronizing object | Wax | old rivulet.100
Fra:1 Mem:120.26M (Peak 120.26M) | Time:00:00.08 | Mem:0.02M, Peak:0.02M | Scene, ViewLayer | Synchronizing object | Wax | hanging tear.055
Fra:1 Mem:120.26M (Peak 120.26M) | Time:00:00.08 | Mem:0.02M, Peak:0.02M | Scene, ViewLayer | Synchronizing object | Wax | hanging tear.099
Fra:1 Mem:120.27M (Peak 120.27M) | Time:00:00.08 | Mem:0.02M, Peak:0.02M | Scene, ViewLayer | Synchronizing object | Wax | old rivulet.056
Fra:1 Mem:120.27M (Peak 120.27M) | Time:00:00.08 | Mem:0.02M, Peak:0.02M | Scene, ViewLayer | Synchronizing object | Wax | hanging tear.056
Fra:1 Mem:120.27M (Peak 120.27M) | Time:00:00.08 | Mem:0.02M, Peak:0.02M | Scene, ViewLayer | Synchronizing object | Wax | old rivulet.057
Fra:1 Mem:120.27M (Peak 120.27M) | Time:00:00.08 | Mem:0.02M, Peak:0.02M | Scene, ViewLayer | Synchronizing object | Wax | hanging tear.057
Fra:1 Mem:120.28M (Peak 120.28M) | Time:00:00.08 | Mem:0.02M, Peak:0.02M | Scene, ViewLayer | Synchronizing object | Wax | old rivulet.058
Fra:1 Mem:120.28M (Peak 120.28M) | Time:00:00.08 | Mem:0.02M, Peak:0.02M | Scene, ViewLayer | Synchronizing object | Wax | burnt well.009
Fra:1 Mem:120.28M (Peak 120.28M) | Time:00:00.08 | Mem:0.02M, Peak:0.02M | Scene, ViewLayer | Synchronizing object | Wax | old rivulet.060
Fra:1 Mem:120.28M (Peak 120.28M) | Time:00:00.08 | Mem:0.02M, Peak:0.02M | Scene, ViewLayer | Synchronizing object | Wax | hanging tear.060
Fra:1 Mem:120.28M (Peak 120.28M) | Time:00:00.08 | Mem:0.02M, Peak:0.02M | Scene, ViewLayer | Synchronizing object | Wax | old rivulet.061
Fra:1 Mem:120.29M (Peak 120.29M) | Time:00:00.08 | Mem:0.02M, Peak:0.02M | Scene, ViewLayer | Synchronizing object | Wax | hanging tear.061
Fra:1 Mem:120.29M (Peak 120.29M) | Time:00:00.08 | Mem:0.02M, Peak:0.02M | Scene, ViewLayer | Synchronizing object | Wax | old rivulet.062
Fra:1 Mem:120.29M (Peak 120.29M) | Time:00:00.08 | Mem:0.02M, Peak:0.02M | Scene, ViewLayer | Synchronizing object | Wax | hanging tear.062
Fra:1 Mem:120.29M (Peak 120.29M) | Time:00:00.08 | Mem:0.02M, Peak:0.02M | Scene, ViewLayer | Synchronizing object | Wax | old rivulet.063
Fra:1 Mem:120.29M (Peak 120.29M) | Time:00:00.08 | Mem:0.02M, Peak:0.02M | Scene, ViewLayer | Synchronizing object | Wax | hanging tear.063
Fra:1 Mem:120.29M (Peak 120.29M) | Time:00:00.08 | Mem:0.02M, Peak:0.02M | Scene, ViewLayer | Synchronizing object | Wax | old rivulet.064
Fra:1 Mem:120.30M (Peak 120.30M) | Time:00:00.08 | Mem:0.02M, Peak:0.02M | Scene, ViewLayer | Synchronizing object | Wax | hanging tear.064
Fra:1 Mem:120.30M (Peak 120.30M) | Time:00:00.08 | Mem:0.02M, Peak:0.02M | Scene, ViewLayer | Synchronizing object | Wax | hanging tear.065
Fra:1 Mem:120.30M (Peak 120.30M) | Time:00:00.08 | Mem:0.02M, Peak:0.02M | Scene, ViewLayer | Synchronizing object | Wax | burnt well.010
Fra:1 Mem:120.30M (Peak 120.30M) | Time:00:00.08 | Mem:0.02M, Peak:0.02M | Scene, ViewLayer | Synchronizing object | Wax | old rivulet.099
Fra:1 Mem:120.31M (Peak 120.31M) | Time:00:00.08 | Mem:0.02M, Peak:0.02M | Scene, ViewLayer | Synchronizing object | Wax | hanging tear.066
Fra:1 Mem:120.31M (Peak 120.31M) | Time:00:00.08 | Mem:0.02M, Peak:0.02M | Scene, ViewLayer | Synchronizing object | Wax | old rivulet.067
Fra:1 Mem:120.31M (Peak 120.31M) | Time:00:00.08 | Mem:0.02M, Peak:0.02M | Scene, ViewLayer | Synchronizing object | Wax | hanging tear.067
Fra:1 Mem:120.31M (Peak 120.31M) | Time:00:00.08 | Mem:0.02M, Peak:0.02M | Scene, ViewLayer | Synchronizing object | Wax | old rivulet.068
Fra:1 Mem:120.31M (Peak 120.31M) | Time:00:00.08 | Mem:0.02M, Peak:0.02M | Scene, ViewLayer | Synchronizing object | Wax | hanging tear.068
Fra:1 Mem:120.31M (Peak 120.31M) | Time:00:00.08 | Mem:0.02M, Peak:0.02M | Scene, ViewLayer | Synchronizing object | Wax | old rivulet.069
Fra:1 Mem:120.32M (Peak 120.32M) | Time:00:00.08 | Mem:0.02M, Peak:0.02M | Scene, ViewLayer | Synchronizing object | Wax | hanging tear.069
Fra:1 Mem:120.32M (Peak 120.32M) | Time:00:00.08 | Mem:0.02M, Peak:0.02M | Scene, ViewLayer | Synchronizing object | Wax | old rivulet.070
Fra:1 Mem:120.32M (Peak 120.32M) | Time:00:00.08 | Mem:0.02M, Peak:0.02M | Scene, ViewLayer | Synchronizing object | Wax | hanging tear.070
Fra:1 Mem:120.32M (Peak 120.32M) | Time:00:00.08 | Mem:0.02M, Peak:0.02M | Scene, ViewLayer | Synchronizing object | Wax | old rivulet.071
Fra:1 Mem:120.32M (Peak 120.32M) | Time:00:00.08 | Mem:0.02M, Peak:0.02M | Scene, ViewLayer | Synchronizing object | Wax | burnt well.011
Fra:1 Mem:120.32M (Peak 120.32M) | Time:00:00.08 | Mem:0.02M, Peak:0.02M | Scene, ViewLayer | Synchronizing object | Wax | old rivulet.072
Fra:1 Mem:120.32M (Peak 120.32M) | Time:00:00.08 | Mem:0.02M, Peak:0.02M | Scene, ViewLayer | Synchronizing object | Wax | hanging tear.072
Fra:1 Mem:120.33M (Peak 120.33M) | Time:00:00.08 | Mem:0.02M, Peak:0.02M | Scene, ViewLayer | Synchronizing object | Wax | old rivulet.073
Fra:1 Mem:120.33M (Peak 120.33M) | Time:00:00.08 | Mem:0.02M, Peak:0.02M | Scene, ViewLayer | Synchronizing object | Wax | hanging tear.073
Fra:1 Mem:120.33M (Peak 120.33M) | Time:00:00.08 | Mem:0.02M, Peak:0.02M | Scene, ViewLayer | Synchronizing object | Wax | old rivulet.074
Fra:1 Mem:120.34M (Peak 120.34M) | Time:00:00.08 | Mem:0.02M, Peak:0.02M | Scene, ViewLayer | Synchronizing object | Wax | hanging tear.074
Fra:1 Mem:120.34M (Peak 120.34M) | Time:00:00.08 | Mem:0.02M, Peak:0.02M | Scene, ViewLayer | Synchronizing object | Wax | old rivulet.075
Fra:1 Mem:120.34M (Peak 120.34M) | Time:00:00.08 | Mem:0.02M, Peak:0.02M | Scene, ViewLayer | Synchronizing object | Wax | hanging tear.075
Fra:1 Mem:120.34M (Peak 120.34M) | Time:00:00.08 | Mem:0.02M, Peak:0.02M | Scene, ViewLayer | Synchronizing object | Wax | hanging tear.076
Fra:1 Mem:120.35M (Peak 120.35M) | Time:00:00.08 | Mem:0.02M, Peak:0.02M | Scene, ViewLayer | Synchronizing object | Wax | old rivulet.077
Fra:1 Mem:120.35M (Peak 120.35M) | Time:00:00.08 | Mem:0.02M, Peak:0.02M | Scene, ViewLayer | Synchronizing object | Wax | hanging tear.077
Fra:1 Mem:120.35M (Peak 120.35M) | Time:00:00.08 | Mem:0.02M, Peak:0.02M | Scene, ViewLayer | Synchronizing object | Wax | old rivulet.078
Fra:1 Mem:120.35M (Peak 120.35M) | Time:00:00.08 | Mem:0.02M, Peak:0.02M | Scene, ViewLayer | Synchronizing object | Wax | hanging tear.078
Fra:1 Mem:120.35M (Peak 120.35M) | Time:00:00.08 | Mem:0.02M, Peak:0.02M | Scene, ViewLayer | Synchronizing object | Wax | old rivulet.079
Fra:1 Mem:120.36M (Peak 120.36M) | Time:00:00.08 | Mem:0.02M, Peak:0.02M | Scene, ViewLayer | Synchronizing object | Wax | hanging tear.079
Fra:1 Mem:120.36M (Peak 120.36M) | Time:00:00.08 | Mem:0.02M, Peak:0.02M | Scene, ViewLayer | Synchronizing object | Wax | hanging tear.080
Fra:1 Mem:120.36M (Peak 120.36M) | Time:00:00.08 | Mem:0.02M, Peak:0.02M | Scene, ViewLayer | Synchronizing object | Wax | old rivulet.081
Fra:1 Mem:120.36M (Peak 120.36M) | Time:00:00.08 | Mem:0.02M, Peak:0.02M | Scene, ViewLayer | Synchronizing object | Wax | hanging tear.081
Fra:1 Mem:120.36M (Peak 120.36M) | Time:00:00.08 | Mem:0.02M, Peak:0.02M | Scene, ViewLayer | Synchronizing object | Wax | old rivulet.082
Fra:1 Mem:120.37M (Peak 120.37M) | Time:00:00.08 | Mem:0.02M, Peak:0.02M | Scene, ViewLayer | Synchronizing object | Wax | hanging tear.082
Fra:1 Mem:120.37M (Peak 120.37M) | Time:00:00.08 | Mem:0.02M, Peak:0.02M | Scene, ViewLayer | Synchronizing object | Wax | hanging tear.083
Fra:1 Mem:120.37M (Peak 120.37M) | Time:00:00.08 | Mem:0.02M, Peak:0.02M | Scene, ViewLayer | Synchronizing object | Wax | burnt well.013
Fra:1 Mem:120.38M (Peak 120.38M) | Time:00:00.08 | Mem:0.02M, Peak:0.02M | Scene, ViewLayer | Synchronizing object | Wax | hanging tear.097
Fra:1 Mem:120.38M (Peak 120.38M) | Time:00:00.08 | Mem:0.02M, Peak:0.02M | Scene, ViewLayer | Synchronizing object | Wax | old rivulet.085
Fra:1 Mem:120.38M (Peak 120.38M) | Time:00:00.08 | Mem:0.02M, Peak:0.02M | Scene, ViewLayer | Synchronizing object | Wax | hanging tear.085
Fra:1 Mem:120.38M (Peak 120.38M) | Time:00:00.08 | Mem:0.02M, Peak:0.02M | Scene, ViewLayer | Synchronizing object | Wax | hanging tear.086
Fra:1 Mem:120.39M (Peak 120.39M) | Time:00:00.08 | Mem:0.02M, Peak:0.02M | Scene, ViewLayer | Synchronizing object | Wax | old rivulet.087
Fra:1 Mem:120.39M (Peak 120.39M) | Time:00:00.08 | Mem:0.02M, Peak:0.02M | Scene, ViewLayer | Synchronizing object | Wax | hanging tear.087
Fra:1 Mem:120.39M (Peak 120.39M) | Time:00:00.08 | Mem:0.02M, Peak:0.02M | Scene, ViewLayer | Synchronizing object | Wax | old rivulet.088
Fra:1 Mem:120.39M (Peak 120.39M) | Time:00:00.08 | Mem:0.02M, Peak:0.02M | Scene, ViewLayer | Synchronizing object | Wax | hanging tear.088
Fra:1 Mem:120.40M (Peak 120.40M) | Time:00:00.08 | Mem:0.02M, Peak:0.02M | Scene, ViewLayer | Synchronizing object | Wax | old rivulet.089
Fra:1 Mem:120.40M (Peak 120.40M) | Time:00:00.08 | Mem:0.02M, Peak:0.02M | Scene, ViewLayer | Synchronizing object | Wax | burnt well.014
Fra:1 Mem:120.40M (Peak 120.40M) | Time:00:00.08 | Mem:0.02M, Peak:0.02M | Scene, ViewLayer | Synchronizing object | Wax | hanging tear.090
Fra:1 Mem:120.40M (Peak 120.40M) | Time:00:00.08 | Mem:0.02M, Peak:0.02M | Scene, ViewLayer | Synchronizing object | Wax | old rivulet.091
Fra:1 Mem:120.41M (Peak 120.41M) | Time:00:00.08 | Mem:0.02M, Peak:0.02M | Scene, ViewLayer | Synchronizing object | Wax | hanging tear.091
Fra:1 Mem:120.41M (Peak 120.41M) | Time:00:00.08 | Mem:0.02M, Peak:0.02M | Scene, ViewLayer | Synchronizing object | Wax | hanging tear.092
Fra:1 Mem:120.42M (Peak 120.42M) | Time:00:00.08 | Mem:0.02M, Peak:0.02M | Scene, ViewLayer | Synchronizing object | Wax | old rivulet.093
Fra:1 Mem:120.42M (Peak 120.42M) | Time:00:00.08 | Mem:0.02M, Peak:0.02M | Scene, ViewLayer | Synchronizing object | Wax | hanging tear.096
Fra:1 Mem:120.42M (Peak 120.42M) | Time:00:00.08 | Mem:0.02M, Peak:0.02M | Scene, ViewLayer | Synchronizing object | Wax | hanging tear.093
Fra:1 Mem:120.42M (Peak 120.42M) | Time:00:00.08 | Mem:0.02M, Peak:0.02M | Scene, ViewLayer | Synchronizing object | Wax | old rivulet.094
Fra:1 Mem:120.42M (Peak 120.42M) | Time:00:00.08 | Mem:0.02M, Peak:0.02M | Scene, ViewLayer | Synchronizing object | Wax | old rivulet.095
Fra:1 Mem:120.42M (Peak 120.42M) | Time:00:00.08 | Mem:0.02M, Peak:0.02M | Scene, ViewLayer | Synchronizing object | Wax | hanging tear.095
Fra:1 Mem:120.43M (Peak 120.43M) | Time:00:00.08 | Mem:0.02M, Peak:0.02M | Scene, ViewLayer | Synchronizing object | Wax | burnt well.015
Fra:1 Mem:120.44M (Peak 120.44M) | Time:00:00.08 | Mem:0.02M, Peak:0.02M | Scene, ViewLayer | Initializing
Fra:1 Mem:72.07M (Peak 120.44M) | Time:00:00.10 | Mem:0.02M, Peak:0.02M | Scene, ViewLayer | Waiting for render to start
Fra:1 Mem:72.07M (Peak 120.44M) | Time:00:00.10 | Mem:0.02M, Peak:0.02M | Scene, ViewLayer | Updating Scene
Fra:1 Mem:72.07M (Peak 120.44M) | Time:00:00.10 | Mem:0.02M, Peak:0.02M | Scene, ViewLayer | Updating Shaders
Fra:1 Mem:72.07M (Peak 120.44M) | Time:00:00.10 | Mem:0.02M, Peak:0.02M | Scene, ViewLayer | Loading render kernels (may take a few minutes the first time)
Fra:1 Mem:72.15M (Peak 120.44M) | Time:00:00.15 | Mem:0.10M, Peak:0.10M | Scene, ViewLayer | Updating Procedurals
Fra:1 Mem:72.15M (Peak 120.44M) | Time:00:00.15 | Mem:0.10M, Peak:0.10M | Scene, ViewLayer | Updating Background
Fra:1 Mem:72.15M (Peak 120.44M) | Time:00:00.15 | Mem:0.10M, Peak:0.10M | Scene, ViewLayer | Updating Camera
Fra:1 Mem:72.15M (Peak 120.44M) | Time:00:00.15 | Mem:0.10M, Peak:0.10M | Scene, ViewLayer | Updating Meshes Flags
Fra:1 Mem:72.15M (Peak 120.44M) | Time:00:00.15 | Mem:0.10M, Peak:0.10M | Scene, ViewLayer | Updating Objects
Fra:1 Mem:72.15M (Peak 120.44M) | Time:00:00.16 | Mem:0.10M, Peak:0.10M | Scene, ViewLayer | Updating Objects | Copying Transformations to device
Fra:1 Mem:72.17M (Peak 120.44M) | Time:00:00.16 | Mem:0.54M, Peak:0.54M | Scene, ViewLayer | Updating Particle Systems
Fra:1 Mem:72.17M (Peak 120.44M) | Time:00:00.16 | Mem:0.54M, Peak:0.54M | Scene, ViewLayer | Updating Particle Systems | Copying Particles to device
Fra:1 Mem:72.17M (Peak 120.44M) | Time:00:00.16 | Mem:0.54M, Peak:0.54M | Scene, ViewLayer | Updating Meshes
Fra:1 Mem:72.17M (Peak 120.44M) | Time:00:00.16 | Mem:0.54M, Peak:0.54M | Scene, ViewLayer | Updating Objects | Applying Static Transformations
Fra:1 Mem:72.17M (Peak 120.44M) | Time:00:00.16 | Mem:0.54M, Peak:0.54M | Scene, ViewLayer | Updating Mesh | Computing attributes
Fra:1 Mem:72.65M (Peak 120.44M) | Time:00:00.16 | Mem:0.60M, Peak:0.60M | Scene, ViewLayer | Updating Mesh | Copying Attributes to device
Fra:1 Mem:72.17M (Peak 120.44M) | Time:00:00.24 | Mem:0.92M, Peak:0.92M | Scene, ViewLayer | Updating Geometry BVH Cube 2/89 | Building BVH
Fra:1 Mem:72.17M (Peak 120.44M) | Time:00:00.24 | Mem:0.92M, Peak:0.92M | Scene, ViewLayer | Updating Geometry BVH Cube.004 6/262 | Building BVH
Fra:1 Mem:72.17M (Peak 120.44M) | Time:00:00.24 | Mem:0.92M, Peak:0.92M | Scene, ViewLayer | Updating Geometry BVH Cube.007 9/357 | Building BVH
Fra:1 Mem:72.17M (Peak 120.44M) | Time:00:00.25 | Mem:0.92M, Peak:0.92M | Scene, ViewLayer | Updating Geometry BVH Cylinder 10/499 | Building mesh BLAS |     108 tris | Cube.001
Fra:1 Mem:72.17M (Peak 120.44M) | Time:00:00.25 | Mem:0.92M, Peak:0.92M | Scene, ViewLayer | Updating Geometry BVH light 976/975 | Building mesh BLAS |     108 tris | Cube.007
Fra:1 Mem:72.17M (Peak 120.44M) | Time:00:00.25 | Mem:0.92M, Peak:0.92M | Scene, ViewLayer | Updating Geometry BVH light 976/975 | Building mesh BLAS |     108 tris | Cube.004
Fra:1 Mem:72.17M (Peak 120.44M) | Time:00:00.25 | Mem:0.92M, Peak:0.92M | Scene, ViewLayer | Updating Geometry BVH light 976/975 | Building mesh BLAS |     108 tris | Cube.003
Fra:1 Mem:72.17M (Peak 120.44M) | Time:00:00.25 | Mem:0.92M, Peak:0.92M | Scene, ViewLayer | Updating Geometry BVH light 976/975 | Building mesh BLAS |     108 tris | Cube.002
Fra:1 Mem:72.17M (Peak 120.44M) | Time:00:00.25 | Mem:0.92M, Peak:0.92M | Scene, ViewLayer | Updating Geometry BVH Faint crimson above altar 975/975 | Building BVH
Fra:1 Mem:72.17M (Peak 120.44M) | Time:00:00.25 | Mem:0.92M, Peak:0.92M | Scene, ViewLayer | Updating Geometry BVH Rear_bench_1_light 974/975 | Building BVH
Fra:1 Mem:72.17M (Peak 120.44M) | Time:00:00.25 | Mem:0.92M, Peak:0.92M | Scene, ViewLayer | Updating Geometry BVH Rear_bench_1_light 974/975 | Building mesh BLAS |     108 tris | Cube.006
Fra:1 Mem:72.17M (Peak 120.44M) | Time:00:00.25 | Mem:0.92M, Peak:0.92M | Scene, ViewLayer | Updating Geometry BVH Rear_bench_1_light 974/975 | Building mesh BLAS |      28 tris | Cylinder
Fra:1 Mem:72.17M (Peak 120.44M) | Time:00:00.25 | Mem:0.92M, Peak:0.92M | Scene, ViewLayer | Updating Geometry BVH Niche_1_light 973/975 | Building BVH
Fra:1 Mem:72.17M (Peak 120.44M) | Time:00:00.25 | Mem:0.92M, Peak:0.92M | Scene, ViewLayer | Updating Geometry BVH Altar_1_light 972/975 | Building BVH
Fra:1 Mem:72.17M (Peak 120.44M) | Time:00:00.25 | Mem:0.92M, Peak:0.92M | Scene, ViewLayer | Updating Geometry BVH Rear_bench_-1_light 971/975 | Building BVH
Fra:1 Mem:72.17M (Peak 120.44M) | Time:00:00.25 | Mem:0.92M, Peak:0.92M | Scene, ViewLayer | Updating Geometry BVH Niche_-1_light 970/975 | Building BVH
Fra:1 Mem:72.17M (Peak 120.44M) | Time:00:00.25 | Mem:0.92M, Peak:0.92M | Scene, ViewLayer | Updating Geometry BVH Altar_-1_light 969/975 | Building BVH
Fra:1 Mem:72.17M (Peak 120.44M) | Time:00:00.25 | Mem:0.92M, Peak:0.92M | Scene, ViewLayer | Updating Geometry BVH Back_1_2_light 968/975 | Building BVH
Fra:1 Mem:72.17M (Peak 120.44M) | Time:00:00.25 | Mem:0.92M, Peak:0.92M | Scene, ViewLayer | Updating Geometry BVH Back_1_1_light 967/975 | Building BVH
Fra:1 Mem:72.17M (Peak 120.44M) | Time:00:00.25 | Mem:0.92M, Peak:0.92M | Scene, ViewLayer | Updating Geometry BVH Back_1_0_light 966/975 | Building BVH
Fra:1 Mem:72.17M (Peak 120.44M) | Time:00:00.25 | Mem:0.92M, Peak:0.92M | Scene, ViewLayer | Updating Geometry BVH Back_-1_2_light 965/975 | Building BVH
Fra:1 Mem:72.17M (Peak 120.44M) | Time:00:00.25 | Mem:0.92M, Peak:0.92M | Scene, ViewLayer | Updating Geometry BVH Back_-1_1_light 964/975 | Building BVH
Fra:1 Mem:72.17M (Peak 120.44M) | Time:00:00.25 | Mem:0.92M, Peak:0.92M | Scene, ViewLayer | Updating Geometry BVH Back_-1_0_light 963/975 | Building BVH
Fra:1 Mem:72.17M (Peak 120.44M) | Time:00:00.25 | Mem:0.92M, Peak:0.92M | Scene, ViewLayer | Updating Geometry BVH FrontRight_low_light 962/975 | Building BVH
Fra:1 Mem:72.17M (Peak 120.44M) | Time:00:00.25 | Mem:0.92M, Peak:0.92M | Scene, ViewLayer | Updating Geometry BVH FrontRight_tall_light 961/975 | Building BVH
Fra:1 Mem:72.17M (Peak 120.44M) | Time:00:00.25 | Mem:0.92M, Peak:0.92M | Scene, ViewLayer | Updating Geometry BVH FrontLeft_stump_light 960/975 | Building BVH
Fra:1 Mem:72.17M (Peak 120.44M) | Time:00:00.25 | Mem:0.92M, Peak:0.92M | Scene, ViewLayer | Updating Geometry BVH FrontLeft_low_light 959/975 | Building BVH
Fra:1 Mem:72.17M (Peak 120.44M) | Time:00:00.25 | Mem:0.92M, Peak:0.92M | Scene, ViewLayer | Updating Geometry BVH FrontLeft_tall_light 958/975 | Building BVH
Fra:1 Mem:72.17M (Peak 120.44M) | Time:00:00.25 | Mem:0.92M, Peak:0.92M | Scene, ViewLayer | Updating Geometry BVH Cube.072 957/975 | Building BVH
Fra:1 Mem:72.17M (Peak 120.44M) | Time:00:00.25 | Mem:0.92M, Peak:0.92M | Scene, ViewLayer | Updating Geometry BVH Cube.072 957/975 | Building mesh BLAS |      12 tris | Cube.072
Fra:1 Mem:72.17M (Peak 120.44M) | Time:00:00.25 | Mem:0.92M, Peak:0.92M | Scene, ViewLayer | Updating Geometry BVH Cylinder.001 11/975 | Building BVH
Fra:1 Mem:72.17M (Peak 120.44M) | Time:00:00.25 | Mem:0.92M, Peak:0.92M | Scene, ViewLayer | Updating Geometry BVH Cylinder.003 13/975 | Building BVH
Fra:1 Mem:72.17M (Peak 120.44M) | Time:00:00.25 | Mem:0.92M, Peak:0.92M | Scene, ViewLayer | Updating Geometry BVH Cylinder.009 19/975 | Building BVH
Fra:1 Mem:72.17M (Peak 120.44M) | Time:00:00.25 | Mem:0.92M, Peak:0.92M | Scene, ViewLayer | Updating Geometry BVH Cylinder.009 19/975 | Building mesh BLAS |      44 tris | Cylinder.002
Fra:1 Mem:72.17M (Peak 120.44M) | Time:00:00.25 | Mem:0.92M, Peak:0.92M | Scene, ViewLayer | Updating Geometry BVH Cylinder.009 19/975 | Building mesh BLAS |      44 tris | Cylinder.004
Fra:1 Mem:72.17M (Peak 120.44M) | Time:00:00.25 | Mem:0.92M, Peak:0.92M | Scene, ViewLayer | Updating Geometry BVH Cylinder.009 19/975 | Building mesh BLAS |      44 tris | Cylinder.003
Fra:1 Mem:72.17M (Peak 120.44M) | Time:00:00.25 | Mem:0.92M, Peak:0.92M | Scene, ViewLayer | Updating Geometry BVH Cylinder.009 19/975 | Building mesh BLAS |      44 tris | Cylinder.006
Fra:1 Mem:72.17M (Peak 120.44M) | Time:00:00.25 | Mem:0.92M, Peak:0.92M | Scene, ViewLayer | Updating Geometry BVH Cylinder.009 19/975 | Building mesh BLAS |      36 tris | Cylinder.009
Fra:1 Mem:72.17M (Peak 120.44M) | Time:00:00.25 | Mem:0.92M, Peak:0.92M | Scene, ViewLayer | Updating Geometry BVH Cylinder.009 19/975 | Building mesh BLAS |      36 tris | Cylinder.008
Fra:1 Mem:72.17M (Peak 120.44M) | Time:00:00.25 | Mem:0.92M, Peak:0.92M | Scene, ViewLayer | Updating Geometry BVH Cylinder.010 20/975 | Building BVH
Fra:1 Mem:72.17M (Peak 120.44M) | Time:00:00.25 | Mem:0.92M, Peak:0.92M | Scene, ViewLayer | Updating Geometry BVH Cylinder.010 20/975 | Building mesh BLAS |      44 tris | Cylinder.007
Fra:1 Mem:72.17M (Peak 120.44M) | Time:00:00.25 | Mem:0.92M, Peak:0.92M | Scene, ViewLayer | Updating Geometry BVH Cylinder.010 20/975 | Building mesh BLAS |      20 tris | Icosphere.155
Fra:1 Mem:72.17M (Peak 120.44M) | Time:00:00.25 | Mem:0.92M, Peak:0.92M | Scene, ViewLayer | Updating Geometry BVH Cube.008 21/975 | Building BVH
Fra:1 Mem:72.17M (Peak 120.44M) | Time:00:00.25 | Mem:0.92M, Peak:0.92M | Scene, ViewLayer | Updating Geometry BVH Cube.008 21/975 | Building mesh BLAS |     108 tris | Cube.008
Fra:1 Mem:72.17M (Peak 120.44M) | Time:00:00.25 | Mem:0.92M, Peak:0.92M | Scene, ViewLayer | Updating Geometry BVH Cylinder.011 22/975 | Building BVH
Fra:1 Mem:72.17M (Peak 120.44M) | Time:00:00.25 | Mem:0.92M, Peak:0.92M | Scene, ViewLayer | Updating Geometry BVH Cylinder.012 23/975 | Building BVH
Fra:1 Mem:72.17M (Peak 120.44M) | Time:00:00.25 | Mem:0.92M, Peak:0.92M | Scene, ViewLayer | Updating Geometry BVH Cylinder.012 23/975 | Building mesh BLAS |      28 tris | Cylinder.011
Fra:1 Mem:72.17M (Peak 120.44M) | Time:00:00.25 | Mem:0.92M, Peak:0.92M | Scene, ViewLayer | Updating Geometry BVH Cylinder.012 23/975 | Building mesh BLAS |      28 tris | Cylinder.012
Fra:1 Mem:72.17M (Peak 120.44M) | Time:00:00.25 | Mem:0.92M, Peak:0.92M | Scene, ViewLayer | Updating Geometry BVH Cylinder.013 24/975 | Building BVH
Fra:1 Mem:72.17M (Peak 120.44M) | Time:00:00.25 | Mem:0.92M, Peak:0.92M | Scene, ViewLayer | Updating Geometry BVH Cylinder.013 24/975 | Building mesh BLAS |      44 tris | Cylinder.013
Fra:1 Mem:72.17M (Peak 120.44M) | Time:00:00.25 | Mem:0.92M, Peak:0.92M | Scene, ViewLayer | Updating Geometry BVH Cylinder.014 25/975 | Building BVH
Fra:1 Mem:72.17M (Peak 120.44M) | Time:00:00.25 | Mem:0.92M, Peak:0.92M | Scene, ViewLayer | Updating Geometry BVH Cylinder.014 25/975 | Building mesh BLAS |      44 tris | Cylinder.014
Fra:1 Mem:72.17M (Peak 120.44M) | Time:00:00.25 | Mem:0.92M, Peak:0.92M | Scene, ViewLayer | Updating Geometry BVH Cylinder.015 26/975 | Building BVH
Fra:1 Mem:72.17M (Peak 120.44M) | Time:00:00.25 | Mem:0.92M, Peak:0.92M | Scene, ViewLayer | Updating Geometry BVH Cylinder.016 27/975 | Building BVH
Fra:1 Mem:72.17M (Peak 120.44M) | Time:00:00.25 | Mem:0.92M, Peak:0.92M | Scene, ViewLayer | Updating Geometry BVH Cylinder.016 27/975 | Building mesh BLAS |      44 tris | Cylinder.015
Fra:1 Mem:72.17M (Peak 120.44M) | Time:00:00.25 | Mem:0.92M, Peak:0.92M | Scene, ViewLayer | Updating Geometry BVH Cylinder.017 28/975 | Building BVH
Fra:1 Mem:72.17M (Peak 120.44M) | Time:00:00.25 | Mem:0.92M, Peak:0.92M | Scene, ViewLayer | Updating Geometry BVH Cylinder.017 28/975 | Building mesh BLAS |      44 tris | Cylinder.017
Fra:1 Mem:72.17M (Peak 120.44M) | Time:00:00.25 | Mem:0.92M, Peak:0.92M | Scene, ViewLayer | Updating Geometry BVH Cylinder.018 29/975 | Building BVH
Fra:1 Mem:72.17M (Peak 120.44M) | Time:00:00.25 | Mem:0.92M, Peak:0.92M | Scene, ViewLayer | Updating Geometry BVH Cylinder.018 29/975 | Building mesh BLAS |      44 tris | Cylinder.018
Fra:1 Mem:72.17M (Peak 120.44M) | Time:00:00.25 | Mem:0.92M, Peak:0.92M | Scene, ViewLayer | Updating Geometry BVH Cylinder.019 30/975 | Building BVH
Fra:1 Mem:72.17M (Peak 120.44M) | Time:00:00.25 | Mem:0.92M, Peak:0.92M | Scene, ViewLayer | Updating Geometry BVH Cylinder.020 31/975 | Building BVH
Fra:1 Mem:72.17M (Peak 120.44M) | Time:00:00.25 | Mem:0.92M, Peak:0.92M | Scene, ViewLayer | Updating Geometry BVH Cylinder.020 31/975 | Building mesh BLAS |      36 tris | Cylinder.020
Fra:1 Mem:72.17M (Peak 120.44M) | Time:00:00.25 | Mem:0.92M, Peak:0.92M | Scene, ViewLayer | Updating Geometry BVH Cylinder.021 32/975 | Building BVH
Fra:1 Mem:72.17M (Peak 120.44M) | Time:00:00.25 | Mem:0.92M, Peak:0.92M | Scene, ViewLayer | Updating Geometry BVH Cylinder.021 32/975 | Building mesh BLAS |      36 tris | Cylinder.021
Fra:1 Mem:72.17M (Peak 120.44M) | Time:00:00.25 | Mem:0.92M, Peak:0.92M | Scene, ViewLayer | Updating Geometry BVH Icosphere.154 955/975 | Building BVH
Fra:1 Mem:72.17M (Peak 120.44M) | Time:00:00.25 | Mem:0.92M, Peak:0.92M | Scene, ViewLayer | Updating Geometry BVH Cylinder.022 33/975 | Building BVH
Fra:1 Mem:72.17M (Peak 120.44M) | Time:00:00.25 | Mem:0.92M, Peak:0.92M | Scene, ViewLayer | Updating Geometry BVH Cylinder.022 33/975 | Building mesh BLAS |      36 tris | Cylinder.022
Fra:1 Mem:72.17M (Peak 120.44M) | Time:00:00.25 | Mem:0.92M, Peak:0.92M | Scene, ViewLayer | Updating Geometry BVH Cylinder.022 33/975 | Building mesh BLAS |      20 tris | Icosphere.154
Fra:1 Mem:72.17M (Peak 120.44M) | Time:00:00.25 | Mem:0.92M, Peak:0.92M | Scene, ViewLayer | Updating Geometry BVH Cylinder.023 34/975 | Building BVH
Fra:1 Mem:72.17M (Peak 120.44M) | Time:00:00.25 | Mem:0.92M, Peak:0.92M | Scene, ViewLayer | Updating Geometry BVH Cylinder.023 34/975 | Building mesh BLAS |      28 tris | Cylinder.023
Fra:1 Mem:72.17M (Peak 120.44M) | Time:00:00.25 | Mem:0.92M, Peak:0.92M | Scene, ViewLayer | Updating Geometry BVH Cylinder.024 35/975 | Building BVH
Fra:1 Mem:72.17M (Peak 120.44M) | Time:00:00.25 | Mem:0.92M, Peak:0.92M | Scene, ViewLayer | Updating Geometry BVH Cylinder.025 36/975 | Building BVH
Fra:1 Mem:72.17M (Peak 120.44M) | Time:00:00.25 | Mem:0.92M, Peak:0.92M | Scene, ViewLayer | Updating Geometry BVH Cylinder.026 37/975 | Building BVH
Fra:1 Mem:72.17M (Peak 120.44M) | Time:00:00.25 | Mem:0.92M, Peak:0.92M | Scene, ViewLayer | Updating Geometry BVH Cylinder.026 37/975 | Building mesh BLAS |      44 tris | Cylinder.025
Fra:1 Mem:72.17M (Peak 120.44M) | Time:00:00.25 | Mem:0.92M, Peak:0.92M | Scene, ViewLayer | Updating Geometry BVH Cylinder.026 37/975 | Building mesh BLAS |      44 tris | Cylinder.026
Fra:1 Mem:72.17M (Peak 120.44M) | Time:00:00.25 | Mem:0.92M, Peak:0.92M | Scene, ViewLayer | Updating Geometry BVH Cylinder.027 38/975 | Building BVH
Fra:1 Mem:72.17M (Peak 120.44M) | Time:00:00.25 | Mem:0.92M, Peak:0.92M | Scene, ViewLayer | Updating Geometry BVH Cylinder.027 38/975 | Building mesh BLAS |      44 tris | Cylinder.027
Fra:1 Mem:72.17M (Peak 120.44M) | Time:00:00.25 | Mem:0.92M, Peak:0.92M | Scene, ViewLayer | Updating Geometry BVH Cylinder.028 39/975 | Building BVH
Fra:1 Mem:72.17M (Peak 120.44M) | Time:00:00.25 | Mem:0.92M, Peak:0.92M | Scene, ViewLayer | Updating Geometry BVH Cylinder.028 39/975 | Building mesh BLAS |      44 tris | Cylinder.028
Fra:1 Mem:72.17M (Peak 120.44M) | Time:00:00.25 | Mem:0.92M, Peak:0.92M | Scene, ViewLayer | Updating Geometry BVH Icosphere.153 954/975 | Building BVH
Fra:1 Mem:72.17M (Peak 120.44M) | Time:00:00.25 | Mem:0.92M, Peak:0.92M | Scene, ViewLayer | Updating Geometry BVH Icosphere.153 954/975 | Building mesh BLAS |      20 tris | Icosphere.153
Fra:1 Mem:72.17M (Peak 120.44M) | Time:00:00.25 | Mem:0.92M, Peak:0.92M | Scene, ViewLayer | Updating Geometry BVH Cylinder.029 40/975 | Building BVH
Fra:1 Mem:72.17M (Peak 120.44M) | Time:00:00.25 | Mem:0.92M, Peak:0.92M | Scene, ViewLayer | Updating Geometry BVH Cylinder.030 41/975 | Building BVH
Fra:1 Mem:72.17M (Peak 120.44M) | Time:00:00.25 | Mem:0.92M, Peak:0.92M | Scene, ViewLayer | Updating Geometry BVH Cylinder.030 41/975 | Building mesh BLAS |      44 tris | Cylinder.029
Fra:1 Mem:72.17M (Peak 120.44M) | Time:00:00.25 | Mem:0.92M, Peak:0.92M | Scene, ViewLayer | Updating Geometry BVH Cylinder.030 41/975 | Building mesh BLAS |      44 tris | Cylinder.030
Fra:1 Mem:72.17M (Peak 120.44M) | Time:00:00.25 | Mem:0.92M, Peak:0.92M | Scene, ViewLayer | Updating Geometry BVH Cylinder.031 42/975 | Building BVH
Fra:1 Mem:72.17M (Peak 120.44M) | Time:00:00.25 | Mem:0.92M, Peak:0.92M | Scene, ViewLayer | Updating Geometry BVH Cylinder.031 42/975 | Building mesh BLAS |      44 tris | Cylinder.031
Fra:1 Mem:72.17M (Peak 120.44M) | Time:00:00.25 | Mem:0.92M, Peak:0.92M | Scene, ViewLayer | Updating Geometry BVH Cylinder.032 43/975 | Building BVH
Fra:1 Mem:72.17M (Peak 120.44M) | Time:00:00.25 | Mem:0.92M, Peak:0.92M | Scene, ViewLayer | Updating Geometry BVH Cylinder.032 43/975 | Building mesh BLAS |      36 tris | Cylinder.032
Fra:1 Mem:72.17M (Peak 120.44M) | Time:00:00.25 | Mem:0.92M, Peak:0.92M | Scene, ViewLayer | Updating Geometry BVH Cylinder.034 45/975 | Building BVH
Fra:1 Mem:72.17M (Peak 120.44M) | Time:00:00.25 | Mem:0.92M, Peak:0.92M | Scene, ViewLayer | Updating Geometry BVH Cylinder.034 45/975 | Building mesh BLAS |      36 tris | Cylinder.034
Fra:1 Mem:72.17M (Peak 120.44M) | Time:00:00.25 | Mem:0.92M, Peak:0.92M | Scene, ViewLayer | Updating Geometry BVH Cylinder.035 46/975 | Building BVH
Fra:1 Mem:72.17M (Peak 120.44M) | Time:00:00.25 | Mem:0.92M, Peak:0.92M | Scene, ViewLayer | Updating Geometry BVH Cylinder.036 47/975 | Building BVH
Fra:1 Mem:72.17M (Peak 120.44M) | Time:00:00.25 | Mem:0.92M, Peak:0.92M | Scene, ViewLayer | Updating Geometry BVH Cylinder.036 47/975 | Building mesh BLAS |      36 tris | Cylinder.033
Fra:1 Mem:72.17M (Peak 120.44M) | Time:00:00.25 | Mem:0.92M, Peak:0.92M | Scene, ViewLayer | Updating Geometry BVH Cylinder.036 47/975 | Building mesh BLAS |      28 tris | Cylinder.036
Fra:1 Mem:72.17M (Peak 120.44M) | Time:00:00.25 | Mem:0.92M, Peak:0.92M | Scene, ViewLayer | Updating Geometry BVH Icosphere.152 953/975 | Building BVH
Fra:1 Mem:72.17M (Peak 120.44M) | Time:00:00.25 | Mem:0.92M, Peak:0.92M | Scene, ViewLayer | Updating Geometry BVH Cylinder.038 49/975 | Building BVH
Fra:1 Mem:72.17M (Peak 120.44M) | Time:00:00.25 | Mem:0.92M, Peak:0.92M | Scene, ViewLayer | Updating Geometry BVH Cylinder.038 49/975 | Building mesh BLAS |      44 tris | Cylinder.038
Fra:1 Mem:72.17M (Peak 120.44M) | Time:00:00.25 | Mem:0.92M, Peak:0.92M | Scene, ViewLayer | Updating Geometry BVH Cylinder.039 50/975 | Building BVH
Fra:1 Mem:72.17M (Peak 120.44M) | Time:00:00.25 | Mem:0.92M, Peak:0.92M | Scene, ViewLayer | Updating Geometry BVH Cylinder.039 50/975 | Building mesh BLAS |      44 tris | Cylinder.039
Fra:1 Mem:72.17M (Peak 120.44M) | Time:00:00.25 | Mem:0.92M, Peak:0.92M | Scene, ViewLayer | Updating Geometry BVH Cylinder.040 51/975 | Building BVH
Fra:1 Mem:72.17M (Peak 120.44M) | Time:00:00.25 | Mem:0.92M, Peak:0.92M | Scene, ViewLayer | Updating Geometry BVH Cylinder.040 51/975 | Building mesh BLAS |      44 tris | Cylinder.037
Fra:1 Mem:72.17M (Peak 120.44M) | Time:00:00.26 | Mem:0.92M, Peak:0.92M | Scene, ViewLayer | Updating Geometry BVH Cylinder.041 52/975 | Building BVH
Fra:1 Mem:72.17M (Peak 120.44M) | Time:00:00.26 | Mem:0.92M, Peak:0.92M | Scene, ViewLayer | Updating Geometry BVH Cylinder.041 52/975 | Building mesh BLAS |      44 tris | Cylinder.041
Fra:1 Mem:72.17M (Peak 120.44M) | Time:00:00.26 | Mem:0.92M, Peak:0.92M | Scene, ViewLayer | Updating Geometry BVH Cylinder.042 53/975 | Building BVH
Fra:1 Mem:72.17M (Peak 120.44M) | Time:00:00.26 | Mem:0.92M, Peak:0.92M | Scene, ViewLayer | Updating Geometry BVH Cylinder.042 53/975 | Building mesh BLAS |      44 tris | Cylinder.040
Fra:1 Mem:72.17M (Peak 120.44M) | Time:00:00.26 | Mem:0.92M, Peak:0.92M | Scene, ViewLayer | Updating Geometry BVH Cylinder.043 54/975 | Building BVH
Fra:1 Mem:72.17M (Peak 120.44M) | Time:00:00.26 | Mem:0.92M, Peak:0.92M | Scene, ViewLayer | Updating Geometry BVH Cylinder.043 54/975 | Building mesh BLAS |      44 tris | Cylinder.043
Fra:1 Mem:72.17M (Peak 120.44M) | Time:00:00.26 | Mem:0.92M, Peak:0.92M | Scene, ViewLayer | Updating Geometry BVH Cylinder.044 55/975 | Building BVH
Fra:1 Mem:72.17M (Peak 120.44M) | Time:00:00.26 | Mem:0.92M, Peak:0.92M | Scene, ViewLayer | Updating Geometry BVH Cylinder.045 56/975 | Building BVH
Fra:1 Mem:72.17M (Peak 120.44M) | Time:00:00.26 | Mem:0.92M, Peak:0.92M | Scene, ViewLayer | Updating Geometry BVH Cylinder.045 56/975 | Building mesh BLAS |      36 tris | Cylinder.045
Fra:1 Mem:72.17M (Peak 120.44M) | Time:00:00.26 | Mem:0.92M, Peak:0.92M | Scene, ViewLayer | Updating Geometry BVH Cylinder.046 57/975 | Building BVH
Fra:1 Mem:72.17M (Peak 120.44M) | Time:00:00.26 | Mem:0.92M, Peak:0.92M | Scene, ViewLayer | Updating Geometry BVH Cylinder.046 57/975 | Building mesh BLAS |      36 tris | Cylinder.046
Fra:1 Mem:72.17M (Peak 120.44M) | Time:00:00.26 | Mem:0.92M, Peak:0.92M | Scene, ViewLayer | Updating Geometry BVH Icosphere.151 952/975 | Building BVH
Fra:1 Mem:72.17M (Peak 120.44M) | Time:00:00.26 | Mem:0.92M, Peak:0.92M | Scene, ViewLayer | Updating Geometry BVH Icosphere.151 952/975 | Building mesh BLAS |      20 tris | Icosphere.151
Fra:1 Mem:72.17M (Peak 120.44M) | Time:00:00.26 | Mem:0.92M, Peak:0.92M | Scene, ViewLayer | Updating Geometry BVH Cylinder.047 58/975 | Building BVH
Fra:1 Mem:72.17M (Peak 120.44M) | Time:00:00.26 | Mem:0.92M, Peak:0.92M | Scene, ViewLayer | Updating Geometry BVH Cylinder.047 58/975 | Building mesh BLAS |      28 tris | Cylinder.047
Fra:1 Mem:72.17M (Peak 120.44M) | Time:00:00.26 | Mem:0.92M, Peak:0.92M | Scene, ViewLayer | Updating Geometry BVH Cylinder.048 59/975 | Building BVH
Fra:1 Mem:72.17M (Peak 120.44M) | Time:00:00.26 | Mem:0.92M, Peak:0.92M | Scene, ViewLayer | Updating Geometry BVH Cylinder.048 59/975 | Building mesh BLAS |      28 tris | Cylinder.048
Fra:1 Mem:72.17M (Peak 120.44M) | Time:00:00.26 | Mem:0.92M, Peak:0.92M | Scene, ViewLayer | Updating Geometry BVH Cylinder.049 60/975 | Building BVH
Fra:1 Mem:72.17M (Peak 120.44M) | Time:00:00.26 | Mem:0.92M, Peak:0.92M | Scene, ViewLayer | Updating Geometry BVH Cylinder.049 60/975 | Building mesh BLAS |      44 tris | Cylinder.049
Fra:1 Mem:72.17M (Peak 120.44M) | Time:00:00.26 | Mem:0.92M, Peak:0.92M | Scene, ViewLayer | Updating Geometry BVH Cylinder.050 61/975 | Building BVH
Fra:1 Mem:72.17M (Peak 120.44M) | Time:00:00.26 | Mem:0.92M, Peak:0.92M | Scene, ViewLayer | Updating Geometry BVH Cylinder.051 62/975 | Building BVH
Fra:1 Mem:72.17M (Peak 120.44M) | Time:00:00.26 | Mem:0.92M, Peak:0.92M | Scene, ViewLayer | Updating Geometry BVH Cylinder.051 62/975 | Building mesh BLAS |      44 tris | Cylinder.050
Fra:1 Mem:72.17M (Peak 120.44M) | Time:00:00.26 | Mem:0.92M, Peak:0.92M | Scene, ViewLayer | Updating Geometry BVH Cylinder.051 62/975 | Building mesh BLAS |      44 tris | Cylinder.051
Fra:1 Mem:72.17M (Peak 120.44M) | Time:00:00.26 | Mem:0.92M, Peak:0.92M | Scene, ViewLayer | Updating Geometry BVH Cylinder.053 64/975 | Building BVH
Fra:1 Mem:72.17M (Peak 120.44M) | Time:00:00.26 | Mem:0.92M, Peak:0.92M | Scene, ViewLayer | Updating Geometry BVH Cylinder.053 64/975 | Building mesh BLAS |      44 tris | Cylinder.052
Fra:1 Mem:72.17M (Peak 120.44M) | Time:00:00.26 | Mem:0.92M, Peak:0.92M | Scene, ViewLayer | Updating Geometry BVH Cylinder.053 64/975 | Building mesh BLAS |      44 tris | Cylinder.053
Fra:1 Mem:72.17M (Peak 120.44M) | Time:00:00.26 | Mem:0.92M, Peak:0.92M | Scene, ViewLayer | Updating Geometry BVH Cylinder.054 65/975 | Building BVH
Fra:1 Mem:72.17M (Peak 120.44M) | Time:00:00.26 | Mem:0.92M, Peak:0.92M | Scene, ViewLayer | Updating Geometry BVH Cylinder.055 66/975 | Building BVH
Fra:1 Mem:72.17M (Peak 120.44M) | Time:00:00.26 | Mem:0.92M, Peak:0.92M | Scene, ViewLayer | Updating Geometry BVH Cylinder.056 67/975 | Building mesh BLAS |      44 tris | Cylinder.054
Fra:1 Mem:72.17M (Peak 120.44M) | Time:00:00.26 | Mem:0.92M, Peak:0.92M | Scene, ViewLayer | Updating Geometry BVH Cylinder.056 67/975 | Building mesh BLAS |      44 tris | Cylinder.055
Fra:1 Mem:72.17M (Peak 120.44M) | Time:00:00.26 | Mem:0.92M, Peak:0.92M | Scene, ViewLayer | Updating Geometry BVH Cylinder.057 68/975 | Building BVH
Fra:1 Mem:72.17M (Peak 120.44M) | Time:00:00.26 | Mem:0.92M, Peak:0.92M | Scene, ViewLayer | Updating Geometry BVH Cylinder.057 68/975 | Building mesh BLAS |      36 tris | Cylinder.057
Fra:1 Mem:72.17M (Peak 120.44M) | Time:00:00.26 | Mem:0.92M, Peak:0.92M | Scene, ViewLayer | Updating Geometry BVH Icosphere.150 951/975 | Building BVH
Fra:1 Mem:72.17M (Peak 120.44M) | Time:00:00.26 | Mem:0.92M, Peak:0.92M | Scene, ViewLayer | Updating Geometry BVH Icosphere.150 951/975 | Building mesh BLAS |      20 tris | Icosphere.150
Fra:1 Mem:72.17M (Peak 120.44M) | Time:00:00.26 | Mem:0.92M, Peak:0.92M | Scene, ViewLayer | Updating Geometry BVH Cylinder.058 69/975 | Building BVH
Fra:1 Mem:72.17M (Peak 120.44M) | Time:00:00.26 | Mem:0.92M, Peak:0.92M | Scene, ViewLayer | Updating Geometry BVH Cylinder.058 69/975 | Building mesh BLAS |      36 tris | Cylinder.058
Fra:1 Mem:72.17M (Peak 120.44M) | Time:00:00.26 | Mem:0.92M, Peak:0.92M | Scene, ViewLayer | Updating Geometry BVH Cylinder.059 70/975 | Building BVH
Fra:1 Mem:72.17M (Peak 120.44M) | Time:00:00.26 | Mem:0.92M, Peak:0.92M | Scene, ViewLayer | Updating Geometry BVH Cylinder.059 70/975 | Building mesh BLAS |      28 tris | Cylinder.059
Fra:1 Mem:72.17M (Peak 120.44M) | Time:00:00.26 | Mem:0.92M, Peak:0.92M | Scene, ViewLayer | Updating Geometry BVH Cylinder.060 71/975 | Building BVH
Fra:1 Mem:72.17M (Peak 120.44M) | Time:00:00.26 | Mem:0.92M, Peak:0.92M | Scene, ViewLayer | Updating Geometry BVH Cylinder.060 71/975 | Building mesh BLAS |      28 tris | Cylinder.060
Fra:1 Mem:72.17M (Peak 120.44M) | Time:00:00.26 | Mem:0.92M, Peak:0.92M | Scene, ViewLayer | Updating Geometry BVH Cylinder.061 72/975 | Building BVH
Fra:1 Mem:72.17M (Peak 120.44M) | Time:00:00.26 | Mem:0.92M, Peak:0.92M | Scene, ViewLayer | Updating Geometry BVH Cylinder.061 72/975 | Building mesh BLAS |      44 tris | Cylinder.061
Fra:1 Mem:72.17M (Peak 120.44M) | Time:00:00.26 | Mem:0.92M, Peak:0.92M | Scene, ViewLayer | Updating Geometry BVH Cylinder.062 73/975 | Building BVH
Fra:1 Mem:72.17M (Peak 120.44M) | Time:00:00.26 | Mem:0.92M, Peak:0.92M | Scene, ViewLayer | Updating Geometry BVH Cylinder.063 74/975 | Building BVH
Fra:1 Mem:72.17M (Peak 120.44M) | Time:00:00.26 | Mem:0.92M, Peak:0.92M | Scene, ViewLayer | Updating Geometry BVH Cylinder.063 74/975 | Building mesh BLAS |      44 tris | Cylinder.062
Fra:1 Mem:72.17M (Peak 120.44M) | Time:00:00.26 | Mem:0.92M, Peak:0.92M | Scene, ViewLayer | Updating Geometry BVH Cylinder.063 74/975 | Building mesh BLAS |      44 tris | Cylinder.063
Fra:1 Mem:72.17M (Peak 120.44M) | Time:00:00.26 | Mem:0.92M, Peak:0.92M | Scene, ViewLayer | Updating Geometry BVH Cylinder.064 75/975 | Building BVH
Fra:1 Mem:72.17M (Peak 120.44M) | Time:00:00.26 | Mem:0.92M, Peak:0.92M | Scene, ViewLayer | Updating Geometry BVH Cylinder.064 75/975 | Building mesh BLAS |      44 tris | Cylinder.064
Fra:1 Mem:72.17M (Peak 120.44M) | Time:00:00.26 | Mem:0.92M, Peak:0.92M | Scene, ViewLayer | Updating Geometry BVH Cylinder.065 76/975 | Building BVH
Fra:1 Mem:72.17M (Peak 120.44M) | Time:00:00.26 | Mem:0.92M, Peak:0.92M | Scene, ViewLayer | Updating Geometry BVH Cylinder.065 76/975 | Building mesh BLAS |      44 tris | Cylinder.065
Fra:1 Mem:72.17M (Peak 120.44M) | Time:00:00.26 | Mem:0.92M, Peak:0.92M | Scene, ViewLayer | Updating Geometry BVH Cylinder.066 77/975 | Building BVH
Fra:1 Mem:72.17M (Peak 120.44M) | Time:00:00.26 | Mem:0.92M, Peak:0.92M | Scene, ViewLayer | Updating Geometry BVH Cylinder.066 77/975 | Building mesh BLAS |      44 tris | Cylinder.066
Fra:1 Mem:72.17M (Peak 120.44M) | Time:00:00.26 | Mem:0.92M, Peak:0.92M | Scene, ViewLayer | Updating Geometry BVH Icosphere.149 950/975 | Building BVH
Fra:1 Mem:72.17M (Peak 120.44M) | Time:00:00.26 | Mem:0.92M, Peak:0.92M | Scene, ViewLayer | Updating Geometry BVH Icosphere.149 950/975 | Building mesh BLAS |      20 tris | Icosphere.149
Fra:1 Mem:72.17M (Peak 120.44M) | Time:00:00.26 | Mem:0.92M, Peak:0.92M | Scene, ViewLayer | Updating Geometry BVH Cylinder.067 78/975 | Building BVH
Fra:1 Mem:72.17M (Peak 120.44M) | Time:00:00.26 | Mem:0.92M, Peak:0.92M | Scene, ViewLayer | Updating Geometry BVH Cylinder.067 78/975 | Building mesh BLAS |      44 tris | Cylinder.067
Fra:1 Mem:72.17M (Peak 120.44M) | Time:00:00.26 | Mem:0.92M, Peak:0.92M | Scene, ViewLayer | Updating Geometry BVH Cylinder.068 79/975 | Building BVH
Fra:1 Mem:72.17M (Peak 120.44M) | Time:00:00.26 | Mem:0.92M, Peak:0.92M | Scene, ViewLayer | Updating Geometry BVH Cylinder.068 79/975 | Building mesh BLAS |      36 tris | Cylinder.068
Fra:1 Mem:72.17M (Peak 120.44M) | Time:00:00.26 | Mem:0.92M, Peak:0.92M | Scene, ViewLayer | Updating Geometry BVH Cylinder.069 80/975 | Building BVH
Fra:1 Mem:72.17M (Peak 120.44M) | Time:00:00.26 | Mem:0.92M, Peak:0.92M | Scene, ViewLayer | Updating Geometry BVH Cylinder.069 80/975 | Building mesh BLAS |      36 tris | Cylinder.069
Fra:1 Mem:72.17M (Peak 120.44M) | Time:00:00.26 | Mem:0.92M, Peak:0.92M | Scene, ViewLayer | Updating Geometry BVH Cylinder.070 81/975 | Building BVH
Fra:1 Mem:72.17M (Peak 120.44M) | Time:00:00.26 | Mem:0.92M, Peak:0.92M | Scene, ViewLayer | Updating Geometry BVH Cylinder.070 81/975 | Building mesh BLAS |      36 tris | Cylinder.070
Fra:1 Mem:72.17M (Peak 120.44M) | Time:00:00.26 | Mem:0.92M, Peak:0.92M | Scene, ViewLayer | Updating Geometry BVH Cylinder.071 82/975 | Building BVH
Fra:1 Mem:72.17M (Peak 120.44M) | Time:00:00.26 | Mem:0.92M, Peak:0.92M | Scene, ViewLayer | Updating Geometry BVH Cylinder.071 82/975 | Building mesh BLAS |      28 tris | Cylinder.071
Fra:1 Mem:72.17M (Peak 120.44M) | Time:00:00.26 | Mem:0.92M, Peak:0.92M | Scene, ViewLayer | Updating Geometry BVH Cube.009 83/975 | Building BVH
Fra:1 Mem:72.17M (Peak 120.44M) | Time:00:00.26 | Mem:0.92M, Peak:0.92M | Scene, ViewLayer | Updating Geometry BVH Cube.009 83/975 | Building mesh BLAS |     108 tris | Cube.009
Fra:1 Mem:72.17M (Peak 120.44M) | Time:00:00.26 | Mem:0.92M, Peak:0.92M | Scene, ViewLayer | Updating Geometry BVH GothicRib_voussoir_mesh 84/975 | Building BVH
Fra:1 Mem:72.17M (Peak 120.44M) | Time:00:00.26 | Mem:0.92M, Peak:0.92M | Scene, ViewLayer | Updating Geometry BVH GothicRib_voussoir_mesh 84/975 | Building mesh BLAS |      12 tris | GothicRib_voussoir_mesh
Fra:1 Mem:72.17M (Peak 120.44M) | Time:00:00.26 | Mem:0.92M, Peak:0.92M | Scene, ViewLayer | Updating Geometry BVH GothicRib_voussoir_mesh.001 85/975 | Building BVH
Fra:1 Mem:72.17M (Peak 120.44M) | Time:00:00.26 | Mem:0.92M, Peak:0.92M | Scene, ViewLayer | Updating Geometry BVH GothicRib_voussoir_mesh.001 85/975 | Building mesh BLAS |      12 tris | GothicRib_voussoir_mesh.001
Fra:1 Mem:72.17M (Peak 120.44M) | Time:00:00.26 | Mem:0.92M, Peak:0.92M | Scene, ViewLayer | Updating Geometry BVH GothicRib_voussoir_mesh.002 86/975 | Building BVH
Fra:1 Mem:72.17M (Peak 120.44M) | Time:00:00.26 | Mem:0.92M, Peak:0.92M | Scene, ViewLayer | Updating Geometry BVH GothicRib_voussoir_mesh.002 86/975 | Building mesh BLAS |      12 tris | GothicRib_voussoir_mesh.002
Fra:1 Mem:72.17M (Peak 120.44M) | Time:00:00.26 | Mem:0.92M, Peak:0.92M | Scene, ViewLayer | Updating Geometry BVH Icosphere.148 949/975 | Building BVH
Fra:1 Mem:72.17M (Peak 120.44M) | Time:00:00.26 | Mem:0.92M, Peak:0.92M | Scene, ViewLayer | Updating Geometry BVH Icosphere.148 949/975 | Building mesh BLAS |      20 tris | Icosphere.148
Fra:1 Mem:72.17M (Peak 120.44M) | Time:00:00.26 | Mem:0.92M, Peak:0.92M | Scene, ViewLayer | Updating Geometry BVH GothicRib_voussoir_mesh.003 87/975 | Building BVH
Fra:1 Mem:72.17M (Peak 120.44M) | Time:00:00.26 | Mem:0.92M, Peak:0.92M | Scene, ViewLayer | Updating Geometry BVH GothicRib_voussoir_mesh.003 87/975 | Building mesh BLAS |      12 tris | GothicRib_voussoir_mesh.003
Fra:1 Mem:72.17M (Peak 120.44M) | Time:00:00.26 | Mem:0.92M, Peak:0.92M | Scene, ViewLayer | Updating Geometry BVH GothicRib_voussoir_mesh.004 88/975 | Building BVH
Fra:1 Mem:72.17M (Peak 120.44M) | Time:00:00.26 | Mem:0.92M, Peak:0.92M | Scene, ViewLayer | Updating Geometry BVH GothicRib_voussoir_mesh.004 88/975 | Building mesh BLAS |      12 tris | GothicRib_voussoir_mesh.004
Fra:1 Mem:72.17M (Peak 120.44M) | Time:00:00.26 | Mem:0.92M, Peak:0.92M | Scene, ViewLayer | Updating Geometry BVH GothicRib_voussoir_mesh.005 89/975 | Building BVH
Fra:1 Mem:72.17M (Peak 120.44M) | Time:00:00.26 | Mem:0.92M, Peak:0.92M | Scene, ViewLayer | Updating Geometry BVH GothicRib_voussoir_mesh.005 89/975 | Building mesh BLAS |      12 tris | GothicRib_voussoir_mesh.005
Fra:1 Mem:72.17M (Peak 120.44M) | Time:00:00.27 | Mem:0.92M, Peak:0.92M | Scene, ViewLayer | Updating Geometry BVH GothicRib_voussoir_mesh.006 90/975 | Building BVH
Fra:1 Mem:72.17M (Peak 120.44M) | Time:00:00.27 | Mem:0.92M, Peak:0.92M | Scene, ViewLayer | Updating Geometry BVH GothicRib_voussoir_mesh.006 90/975 | Building mesh BLAS |      12 tris | GothicRib_voussoir_mesh.006
Fra:1 Mem:72.17M (Peak 120.44M) | Time:00:00.27 | Mem:0.92M, Peak:0.92M | Scene, ViewLayer | Updating Geometry BVH GothicRib_voussoir_mesh.007 91/975 | Building BVH
Fra:1 Mem:72.17M (Peak 120.44M) | Time:00:00.27 | Mem:0.92M, Peak:0.92M | Scene, ViewLayer | Updating Geometry BVH GothicRib_voussoir_mesh.007 91/975 | Building mesh BLAS |      12 tris | GothicRib_voussoir_mesh.007
Fra:1 Mem:72.17M (Peak 120.44M) | Time:00:00.27 | Mem:0.92M, Peak:0.92M | Scene, ViewLayer | Updating Geometry BVH GothicRib_voussoir_mesh.008 92/975 | Building BVH
Fra:1 Mem:72.17M (Peak 120.44M) | Time:00:00.27 | Mem:0.92M, Peak:0.92M | Scene, ViewLayer | Updating Geometry BVH GothicRib_voussoir_mesh.008 92/975 | Building mesh BLAS |      12 tris | GothicRib_voussoir_mesh.008
Fra:1 Mem:72.17M (Peak 120.44M) | Time:00:00.27 | Mem:0.92M, Peak:0.92M | Scene, ViewLayer | Updating Geometry BVH GothicRib_voussoir_mesh.010 94/975 | Building BVH
Fra:1 Mem:72.17M (Peak 120.44M) | Time:00:00.27 | Mem:0.92M, Peak:0.92M | Scene, ViewLayer | Updating Geometry BVH GothicRib_voussoir_mesh.009 93/975 | Building mesh BLAS |      12 tris | GothicRib_voussoir_mesh.010
Fra:1 Mem:72.17M (Peak 120.44M) | Time:00:00.27 | Mem:0.92M, Peak:0.92M | Scene, ViewLayer | Updating Geometry BVH GothicRib_voussoir_mesh.011 95/975 | Building BVH
Fra:1 Mem:72.17M (Peak 120.44M) | Time:00:00.27 | Mem:0.92M, Peak:0.92M | Scene, ViewLayer | Updating Geometry BVH GothicRib_voussoir_mesh.011 95/975 | Building mesh BLAS |      12 tris | GothicRib_voussoir_mesh.009
Fra:1 Mem:72.17M (Peak 120.44M) | Time:00:00.27 | Mem:0.92M, Peak:0.92M | Scene, ViewLayer | Updating Geometry BVH GothicRib_voussoir_mesh.011 95/975 | Building mesh BLAS |      12 tris | GothicRib_voussoir_mesh.011
Fra:1 Mem:72.17M (Peak 120.44M) | Time:00:00.27 | Mem:0.92M, Peak:0.92M | Scene, ViewLayer | Updating Geometry BVH Icosphere.147 948/975 | Building BVH
Fra:1 Mem:72.17M (Peak 120.44M) | Time:00:00.27 | Mem:0.92M, Peak:0.92M | Scene, ViewLayer | Updating Geometry BVH Icosphere.147 948/975 | Building mesh BLAS |      20 tris | Icosphere.147
Fra:1 Mem:72.17M (Peak 120.44M) | Time:00:00.27 | Mem:0.92M, Peak:0.92M | Scene, ViewLayer | Updating Geometry BVH GothicRib_voussoir_mesh.012 96/975 | Building BVH
Fra:1 Mem:72.17M (Peak 120.44M) | Time:00:00.27 | Mem:0.92M, Peak:0.92M | Scene, ViewLayer | Updating Geometry BVH GothicRib_voussoir_mesh.012 96/975 | Building mesh BLAS |      12 tris | GothicRib_voussoir_mesh.012
Fra:1 Mem:72.17M (Peak 120.44M) | Time:00:00.27 | Mem:0.92M, Peak:0.92M | Scene, ViewLayer | Updating Geometry BVH GothicRib_voussoir_mesh.013 97/975 | Building BVH
Fra:1 Mem:72.17M (Peak 120.44M) | Time:00:00.27 | Mem:0.93M, Peak:0.93M | Scene, ViewLayer | Updating Geometry BVH GothicRib_voussoir_mesh.013 97/975 | Building mesh BLAS |      12 tris | GothicRib_voussoir_mesh.013
Fra:1 Mem:72.17M (Peak 120.44M) | Time:00:00.27 | Mem:0.94M, Peak:0.94M | Scene, ViewLayer | Updating Geometry BVH GothicRib_voussoir_mesh.014 98/975 | Building BVH
Fra:1 Mem:72.17M (Peak 120.44M) | Time:00:00.27 | Mem:0.94M, Peak:0.94M | Scene, ViewLayer | Updating Geometry BVH GothicRib_voussoir_mesh.014 98/975 | Building mesh BLAS |      12 tris | GothicRib_voussoir_mesh.014
Fra:1 Mem:72.17M (Peak 120.44M) | Time:00:00.27 | Mem:0.94M, Peak:0.94M | Scene, ViewLayer | Updating Geometry BVH GothicRib_voussoir_mesh.015 99/975 | Building BVH
Fra:1 Mem:72.17M (Peak 120.44M) | Time:00:00.27 | Mem:0.95M, Peak:0.95M | Scene, ViewLayer | Updating Geometry BVH GothicRib_voussoir_mesh.015 99/975 | Building mesh BLAS |      12 tris | GothicRib_voussoir_mesh.015
Fra:1 Mem:72.17M (Peak 120.44M) | Time:00:00.27 | Mem:0.95M, Peak:0.95M | Scene, ViewLayer | Updating Geometry BVH GothicRib_voussoir_mesh.016 100/975 | Building BVH
Fra:1 Mem:72.17M (Peak 120.44M) | Time:00:00.27 | Mem:0.95M, Peak:0.95M | Scene, ViewLayer | Updating Geometry BVH GothicRib_voussoir_mesh.016 100/975 | Building mesh BLAS |      12 tris | GothicRib_voussoir_mesh.016
Fra:1 Mem:72.17M (Peak 120.44M) | Time:00:00.27 | Mem:0.96M, Peak:0.96M | Scene, ViewLayer | Updating Geometry BVH GothicRib_voussoir_mesh.017 101/975 | Building BVH
Fra:1 Mem:72.17M (Peak 120.44M) | Time:00:00.27 | Mem:0.96M, Peak:0.96M | Scene, ViewLayer | Updating Geometry BVH GothicRib_voussoir_mesh.017 101/975 | Building mesh BLAS |      12 tris | GothicRib_voussoir_mesh.017
Fra:1 Mem:72.17M (Peak 120.44M) | Time:00:00.27 | Mem:0.97M, Peak:0.97M | Scene, ViewLayer | Updating Geometry BVH GothicRib_voussoir_mesh.018 102/975 | Building BVH
Fra:1 Mem:72.17M (Peak 120.44M) | Time:00:00.27 | Mem:0.97M, Peak:0.97M | Scene, ViewLayer | Updating Geometry BVH GothicRib_voussoir_mesh.020 104/975 | Building BVH
Fra:1 Mem:72.17M (Peak 120.44M) | Time:00:00.27 | Mem:0.97M, Peak:0.97M | Scene, ViewLayer | Updating Geometry BVH GothicRib_voussoir_mesh.020 104/975 | Building mesh BLAS |      12 tris | GothicRib_voussoir_mesh.018
Fra:1 Mem:72.17M (Peak 120.44M) | Time:00:00.27 | Mem:0.97M, Peak:0.97M | Scene, ViewLayer | Updating Geometry BVH GothicRib_voussoir_mesh.020 104/975 | Building mesh BLAS |      12 tris | GothicRib_voussoir_mesh.019
Fra:1 Mem:72.17M (Peak 120.44M) | Time:00:00.27 | Mem:0.97M, Peak:0.97M | Scene, ViewLayer | Updating Geometry BVH GothicRib_voussoir_mesh.020 104/975 | Building mesh BLAS |      12 tris | GothicRib_voussoir_mesh.020
Fra:1 Mem:72.17M (Peak 120.44M) | Time:00:00.27 | Mem:0.98M, Peak:0.98M | Scene, ViewLayer | Updating Geometry BVH Icosphere.146 947/975 | Building BVH
Fra:1 Mem:72.17M (Peak 120.44M) | Time:00:00.27 | Mem:0.98M, Peak:0.98M | Scene, ViewLayer | Updating Geometry BVH Icosphere.146 947/975 | Building mesh BLAS |      20 tris | Icosphere.146
Fra:1 Mem:72.17M (Peak 120.44M) | Time:00:00.27 | Mem:1.00M, Peak:1.00M | Scene, ViewLayer | Updating Geometry BVH GothicRib_voussoir_mesh.021 105/975 | Building BVH
Fra:1 Mem:72.17M (Peak 120.44M) | Time:00:00.27 | Mem:1.00M, Peak:1.00M | Scene, ViewLayer | Updating Geometry BVH GothicRib_voussoir_mesh.021 105/975 | Building mesh BLAS |      12 tris | GothicRib_voussoir_mesh.021
Fra:1 Mem:72.17M (Peak 120.44M) | Time:00:00.27 | Mem:1.00M, Peak:1.00M | Scene, ViewLayer | Updating Geometry BVH GothicRib_voussoir_mesh.022 106/975 | Building BVH
Fra:1 Mem:72.17M (Peak 120.44M) | Time:00:00.27 | Mem:1.00M, Peak:1.00M | Scene, ViewLayer | Updating Geometry BVH GothicRib_voussoir_mesh.022 106/975 | Building mesh BLAS |      12 tris | GothicRib_voussoir_mesh.022
Fra:1 Mem:72.17M (Peak 120.44M) | Time:00:00.27 | Mem:1.01M, Peak:1.01M | Scene, ViewLayer | Updating Geometry BVH GothicRib_voussoir_mesh.023 107/975 | Building BVH
Fra:1 Mem:72.17M (Peak 120.44M) | Time:00:00.27 | Mem:1.01M, Peak:1.01M | Scene, ViewLayer | Updating Geometry BVH GothicRib_voussoir_mesh.023 107/975 | Building mesh BLAS |      12 tris | GothicRib_voussoir_mesh.023
Fra:1 Mem:72.17M (Peak 120.44M) | Time:00:00.27 | Mem:1.01M, Peak:1.01M | Scene, ViewLayer | Updating Geometry BVH GothicRib_voussoir_mesh.024 108/975 | Building BVH
Fra:1 Mem:72.17M (Peak 120.44M) | Time:00:00.27 | Mem:1.01M, Peak:1.01M | Scene, ViewLayer | Updating Geometry BVH GothicRib_voussoir_mesh.024 108/975 | Building mesh BLAS |      12 tris | GothicRib_voussoir_mesh.024
Fra:1 Mem:72.17M (Peak 120.44M) | Time:00:00.27 | Mem:1.02M, Peak:1.02M | Scene, ViewLayer | Updating Geometry BVH GothicRib_voussoir_mesh.025 109/975 | Building BVH
Fra:1 Mem:72.17M (Peak 120.44M) | Time:00:00.27 | Mem:1.02M, Peak:1.02M | Scene, ViewLayer | Updating Geometry BVH GothicRib_voussoir_mesh.026 110/975 | Building BVH
Fra:1 Mem:72.17M (Peak 120.44M) | Time:00:00.27 | Mem:1.03M, Peak:1.03M | Scene, ViewLayer | Updating Geometry BVH GothicRib_voussoir_mesh.026 110/975 | Building mesh BLAS |      12 tris | GothicRib_voussoir_mesh.026
Fra:1 Mem:72.17M (Peak 120.44M) | Time:00:00.27 | Mem:1.03M, Peak:1.03M | Scene, ViewLayer | Updating Geometry BVH GothicRib_voussoir_mesh.026 110/975 | Building mesh BLAS |      12 tris | GothicRib_voussoir_mesh.025
Fra:1 Mem:72.17M (Peak 120.44M) | Time:00:00.27 | Mem:1.03M, Peak:1.03M | Scene, ViewLayer | Updating Geometry BVH GothicRib_voussoir_mesh.027 111/975 | Building BVH
Fra:1 Mem:72.17M (Peak 120.44M) | Time:00:00.27 | Mem:1.03M, Peak:1.03M | Scene, ViewLayer | Updating Geometry BVH GothicRib_voussoir_mesh.028 112/975 | Building BVH
Fra:1 Mem:72.17M (Peak 120.44M) | Time:00:00.27 | Mem:1.04M, Peak:1.04M | Scene, ViewLayer | Updating Geometry BVH GothicRib_voussoir_mesh.029 113/975 | Building BVH
Fra:1 Mem:72.17M (Peak 120.44M) | Time:00:00.27 | Mem:1.04M, Peak:1.04M | Scene, ViewLayer | Updating Geometry BVH GothicRib_voussoir_mesh.029 113/975 | Building mesh BLAS |      12 tris | GothicRib_voussoir_mesh.027
Fra:1 Mem:72.17M (Peak 120.44M) | Time:00:00.27 | Mem:1.04M, Peak:1.04M | Scene, ViewLayer | Updating Geometry BVH Icosphere.145 946/975 | Building BVH
Fra:1 Mem:72.17M (Peak 120.44M) | Time:00:00.27 | Mem:1.05M, Peak:1.05M | Scene, ViewLayer | Updating Geometry BVH Icosphere.145 946/975 | Building mesh BLAS |      20 tris | Icosphere.145
Fra:1 Mem:72.17M (Peak 120.44M) | Time:00:00.27 | Mem:1.05M, Peak:1.05M | Scene, ViewLayer | Updating Geometry BVH GothicRib_voussoir_mesh.030 114/975 | Building BVH
Fra:1 Mem:72.17M (Peak 120.44M) | Time:00:00.27 | Mem:1.05M, Peak:1.05M | Scene, ViewLayer | Updating Geometry BVH GothicRib_voussoir_mesh.030 114/975 | Building mesh BLAS |      12 tris | GothicRib_voussoir_mesh.030
Fra:1 Mem:72.17M (Peak 120.44M) | Time:00:00.27 | Mem:1.05M, Peak:1.05M | Scene, ViewLayer | Updating Geometry BVH GothicRib_voussoir_mesh.031 115/975 | Building BVH
Fra:1 Mem:72.17M (Peak 120.44M) | Time:00:00.27 | Mem:1.05M, Peak:1.05M | Scene, ViewLayer | Updating Geometry BVH GothicRib_voussoir_mesh.031 115/975 | Building mesh BLAS |      12 tris | GothicRib_voussoir_mesh.031
Fra:1 Mem:72.17M (Peak 120.44M) | Time:00:00.27 | Mem:1.06M, Peak:1.06M | Scene, ViewLayer | Updating Geometry BVH GothicRib_voussoir_mesh.032 116/975 | Building BVH
Fra:1 Mem:72.17M (Peak 120.44M) | Time:00:00.27 | Mem:1.06M, Peak:1.06M | Scene, ViewLayer | Updating Geometry BVH GothicRib_voussoir_mesh.032 116/975 | Building mesh BLAS |      12 tris | GothicRib_voussoir_mesh.032
Fra:1 Mem:72.17M (Peak 120.44M) | Time:00:00.27 | Mem:1.06M, Peak:1.06M | Scene, ViewLayer | Updating Geometry BVH GothicRib_voussoir_mesh.033 117/975 | Building BVH
Fra:1 Mem:72.17M (Peak 120.44M) | Time:00:00.27 | Mem:1.07M, Peak:1.07M | Scene, ViewLayer | Updating Geometry BVH GothicRib_voussoir_mesh.033 117/975 | Building mesh BLAS |      12 tris | GothicRib_voussoir_mesh.033
Fra:1 Mem:72.17M (Peak 120.44M) | Time:00:00.27 | Mem:1.07M, Peak:1.07M | Scene, ViewLayer | Updating Geometry BVH GothicRib_voussoir_mesh.034 118/975 | Building BVH
Fra:1 Mem:72.17M (Peak 120.44M) | Time:00:00.27 | Mem:1.07M, Peak:1.07M | Scene, ViewLayer | Updating Geometry BVH GothicRib_voussoir_mesh.035 119/975 | Building BVH
Fra:1 Mem:72.17M (Peak 120.44M) | Time:00:00.27 | Mem:1.07M, Peak:1.07M | Scene, ViewLayer | Updating Geometry BVH GothicRib_voussoir_mesh.036 120/975 | Building mesh BLAS |      12 tris | GothicRib_voussoir_mesh.034
Fra:1 Mem:72.17M (Peak 120.44M) | Time:00:00.27 | Mem:1.07M, Peak:1.07M | Scene, ViewLayer | Updating Geometry BVH GothicRib_voussoir_mesh.036 120/975 | Building mesh BLAS |      12 tris | GothicRib_voussoir_mesh.036
Fra:1 Mem:72.17M (Peak 120.44M) | Time:00:00.27 | Mem:1.07M, Peak:1.07M | Scene, ViewLayer | Updating Geometry BVH GothicRib_voussoir_mesh.036 120/975 | Building mesh BLAS |      12 tris | GothicRib_voussoir_mesh.035
Fra:1 Mem:72.17M (Peak 120.44M) | Time:00:00.27 | Mem:1.07M, Peak:1.07M | Scene, ViewLayer | Updating Geometry BVH Icosphere.144 945/975 | Building BVH
Fra:1 Mem:72.17M (Peak 120.44M) | Time:00:00.27 | Mem:1.08M, Peak:1.08M | Scene, ViewLayer | Updating Geometry BVH GothicRib_voussoir_mesh.037 121/975 | Building BVH
Fra:1 Mem:72.17M (Peak 120.44M) | Time:00:00.27 | Mem:1.08M, Peak:1.08M | Scene, ViewLayer | Updating Geometry BVH GothicRib_voussoir_mesh.038 122/975 | Building mesh BLAS |      20 tris | Icosphere.144
Fra:1 Mem:72.17M (Peak 120.44M) | Time:00:00.28 | Mem:1.08M, Peak:1.08M | Scene, ViewLayer | Updating Geometry BVH GothicRib_voussoir_mesh.040 124/975 | Building BVH
Fra:1 Mem:72.17M (Peak 120.44M) | Time:00:00.28 | Mem:1.08M, Peak:1.08M | Scene, ViewLayer | Updating Geometry BVH GothicRib_voussoir_mesh.040 124/975 | Building mesh BLAS |      12 tris | GothicRib_voussoir_mesh.038
Fra:1 Mem:72.17M (Peak 120.44M) | Time:00:00.28 | Mem:1.08M, Peak:1.08M | Scene, ViewLayer | Updating Geometry BVH GothicRib_voussoir_mesh.041 125/975 | Building BVH
Fra:1 Mem:72.17M (Peak 120.44M) | Time:00:00.28 | Mem:1.09M, Peak:1.09M | Scene, ViewLayer | Updating Geometry BVH GothicRib_voussoir_mesh.041 125/975 | Building mesh BLAS |      12 tris | GothicRib_voussoir_mesh.040
Fra:1 Mem:72.17M (Peak 120.44M) | Time:00:00.28 | Mem:1.09M, Peak:1.09M | Scene, ViewLayer | Updating Geometry BVH GothicRib_voussoir_mesh.042 126/975 | Building BVH
Fra:1 Mem:72.17M (Peak 120.44M) | Time:00:00.28 | Mem:1.09M, Peak:1.09M | Scene, ViewLayer | Updating Geometry BVH GothicRib_voussoir_mesh.043 127/975 | Building BVH
Fra:1 Mem:72.17M (Peak 120.44M) | Time:00:00.28 | Mem:1.09M, Peak:1.09M | Scene, ViewLayer | Updating Geometry BVH GothicRib_voussoir_mesh.044 128/975 | Building BVH
Fra:1 Mem:72.17M (Peak 120.44M) | Time:00:00.28 | Mem:1.09M, Peak:1.09M | Scene, ViewLayer | Updating Geometry BVH GothicRib_voussoir_mesh.045 129/975 | Building mesh BLAS |      12 tris | GothicRib_voussoir_mesh.039
Fra:1 Mem:72.17M (Peak 120.44M) | Time:00:00.28 | Mem:1.10M, Peak:1.10M | Scene, ViewLayer | Updating Geometry BVH GothicRib_voussoir_mesh.045 129/975 | Building mesh BLAS |      12 tris | GothicRib_voussoir_mesh.043
Fra:1 Mem:72.17M (Peak 120.44M) | Time:00:00.28 | Mem:1.10M, Peak:1.10M | Scene, ViewLayer | Updating Geometry BVH GothicRib_voussoir_mesh.045 129/975 | Building mesh BLAS |      12 tris | GothicRib_voussoir_mesh.044
Fra:1 Mem:72.17M (Peak 120.44M) | Time:00:00.28 | Mem:1.11M, Peak:1.11M | Scene, ViewLayer | Updating Geometry BVH GothicRib_voussoir_mesh.046 130/975 | Building mesh BLAS |      12 tris | GothicRib_voussoir_mesh.045
Fra:1 Mem:72.17M (Peak 120.44M) | Time:00:00.28 | Mem:1.11M, Peak:1.11M | Scene, ViewLayer | Updating Geometry BVH Icosphere.143 944/975 | Building BVH
Fra:1 Mem:72.17M (Peak 120.44M) | Time:00:00.28 | Mem:1.11M, Peak:1.11M | Scene, ViewLayer | Updating Geometry BVH GothicRib_voussoir_mesh.048 132/975 | Building BVH
Fra:1 Mem:72.17M (Peak 120.44M) | Time:00:00.28 | Mem:1.11M, Peak:1.11M | Scene, ViewLayer | Updating Geometry BVH GothicRib_voussoir_mesh.050 134/975 | Building BVH
Fra:1 Mem:72.17M (Peak 120.44M) | Time:00:00.28 | Mem:1.11M, Peak:1.11M | Scene, ViewLayer | Updating Geometry BVH GothicRib_voussoir_mesh.050 134/975 | Building mesh BLAS |      20 tris | Icosphere.143
Fra:1 Mem:72.17M (Peak 120.44M) | Time:00:00.28 | Mem:1.11M, Peak:1.11M | Scene, ViewLayer | Updating Geometry BVH GothicRib_voussoir_mesh.050 134/975 | Building mesh BLAS |      12 tris | GothicRib_voussoir_mesh.048
Fra:1 Mem:72.17M (Peak 120.44M) | Time:00:00.28 | Mem:1.11M, Peak:1.11M | Scene, ViewLayer | Updating Geometry BVH GothicRib_voussoir_mesh.050 134/975 | Building mesh BLAS |      12 tris | GothicRib_voussoir_mesh.049
Fra:1 Mem:72.17M (Peak 120.44M) | Time:00:00.28 | Mem:1.11M, Peak:1.11M | Scene, ViewLayer | Updating Geometry BVH GothicRib_voussoir_mesh.050 134/975 | Building mesh BLAS |      12 tris | GothicRib_voussoir_mesh.046
Fra:1 Mem:72.17M (Peak 120.44M) | Time:00:00.28 | Mem:1.11M, Peak:1.11M | Scene, ViewLayer | Updating Geometry BVH GothicRib_voussoir_mesh.050 134/975 | Building mesh BLAS |      12 tris | GothicRib_voussoir_mesh.047
Fra:1 Mem:72.17M (Peak 120.44M) | Time:00:00.28 | Mem:1.12M, Peak:1.12M | Scene, ViewLayer | Updating Geometry BVH GothicRib_voussoir_mesh.051 135/975 | Building BVH
Fra:1 Mem:72.17M (Peak 120.44M) | Time:00:00.28 | Mem:1.12M, Peak:1.12M | Scene, ViewLayer | Updating Geometry BVH GothicRib_voussoir_mesh.052 136/975 | Building BVH
Fra:1 Mem:72.17M (Peak 120.44M) | Time:00:00.28 | Mem:1.12M, Peak:1.12M | Scene, ViewLayer | Updating Geometry BVH GothicRib_voussoir_mesh.055 139/975 | Building BVH
Fra:1 Mem:72.17M (Peak 120.44M) | Time:00:00.28 | Mem:1.12M, Peak:1.12M | Scene, ViewLayer | Updating Geometry BVH GothicRib_voussoir_mesh.056 140/975 | Building mesh BLAS |      12 tris | GothicRib_voussoir_mesh.052
Fra:1 Mem:72.17M (Peak 120.44M) | Time:00:00.28 | Mem:1.12M, Peak:1.12M | Scene, ViewLayer | Updating Geometry BVH GothicRib_voussoir_mesh.056 140/975 | Building mesh BLAS |      12 tris | GothicRib_voussoir_mesh.053
Fra:1 Mem:72.17M (Peak 120.44M) | Time:00:00.28 | Mem:1.12M, Peak:1.12M | Scene, ViewLayer | Updating Geometry BVH GothicRib_voussoir_mesh.056 140/975 | Building mesh BLAS |      12 tris | GothicRib_voussoir_mesh.054
Fra:1 Mem:72.17M (Peak 120.44M) | Time:00:00.28 | Mem:1.12M, Peak:1.12M | Scene, ViewLayer | Updating Geometry BVH GothicRib_voussoir_mesh.056 140/975 | Building mesh BLAS |      12 tris | GothicRib_voussoir_mesh.055
Fra:1 Mem:72.17M (Peak 120.44M) | Time:00:00.28 | Mem:1.12M, Peak:1.12M | Scene, ViewLayer | Updating Geometry BVH GothicRib_voussoir_mesh.056 140/975 | Building mesh BLAS |      20 tris | Icosphere.142
Fra:1 Mem:72.17M (Peak 120.44M) | Time:00:00.28 | Mem:1.12M, Peak:1.12M | Scene, ViewLayer | Updating Geometry BVH GothicRib_voussoir_mesh.057 141/975 | Building BVH
Fra:1 Mem:72.17M (Peak 120.44M) | Time:00:00.28 | Mem:1.12M, Peak:1.12M | Scene, ViewLayer | Updating Geometry BVH GothicRib_voussoir_mesh.057 141/975 | Building mesh BLAS |      12 tris | GothicRib_voussoir_mesh.056
Fra:1 Mem:72.17M (Peak 120.44M) | Time:00:00.28 | Mem:1.12M, Peak:1.12M | Scene, ViewLayer | Updating Geometry BVH GothicRib_voussoir_mesh.058 142/975 | Building BVH
Fra:1 Mem:72.17M (Peak 120.44M) | Time:00:00.28 | Mem:1.13M, Peak:1.13M | Scene, ViewLayer | Updating Geometry BVH GothicRib_voussoir_mesh.058 142/975 | Building mesh BLAS |      12 tris | GothicRib_voussoir_mesh.058
Fra:1 Mem:72.17M (Peak 120.44M) | Time:00:00.28 | Mem:1.13M, Peak:1.13M | Scene, ViewLayer | Updating Geometry BVH GothicRib_voussoir_mesh.059 143/975 | Building BVH
Fra:1 Mem:72.17M (Peak 120.44M) | Time:00:00.28 | Mem:1.13M, Peak:1.13M | Scene, ViewLayer | Updating Geometry BVH GothicRib_voussoir_mesh.059 143/975 | Building mesh BLAS |      12 tris | GothicRib_voussoir_mesh.059
Fra:1 Mem:72.17M (Peak 120.44M) | Time:00:00.28 | Mem:1.13M, Peak:1.13M | Scene, ViewLayer | Updating Geometry BVH GothicRib_voussoir_mesh.060 144/975 | Building BVH
Fra:1 Mem:72.17M (Peak 120.44M) | Time:00:00.28 | Mem:1.13M, Peak:1.13M | Scene, ViewLayer | Updating Geometry BVH GothicRib_voussoir_mesh.060 144/975 | Building mesh BLAS |      12 tris | GothicRib_voussoir_mesh.060
Fra:1 Mem:72.17M (Peak 120.44M) | Time:00:00.28 | Mem:1.13M, Peak:1.13M | Scene, ViewLayer | Updating Geometry BVH Icosphere.141 942/975 | Building BVH
Fra:1 Mem:72.17M (Peak 120.44M) | Time:00:00.28 | Mem:1.13M, Peak:1.13M | Scene, ViewLayer | Updating Geometry BVH Icosphere.141 942/975 | Building mesh BLAS |      20 tris | Icosphere.141
Fra:1 Mem:72.17M (Peak 120.44M) | Time:00:00.28 | Mem:1.13M, Peak:1.13M | Scene, ViewLayer | Updating Geometry BVH GothicRib_voussoir_mesh.061 145/975 | Building BVH
Fra:1 Mem:72.17M (Peak 120.44M) | Time:00:00.28 | Mem:1.13M, Peak:1.13M | Scene, ViewLayer | Updating Geometry BVH GothicRib_voussoir_mesh.061 145/975 | Building mesh BLAS |      12 tris | GothicRib_voussoir_mesh.061
Fra:1 Mem:72.17M (Peak 120.44M) | Time:00:00.28 | Mem:1.13M, Peak:1.13M | Scene, ViewLayer | Updating Geometry BVH GothicRib_voussoir_mesh.062 146/975 | Building BVH
Fra:1 Mem:72.17M (Peak 120.44M) | Time:00:00.28 | Mem:1.13M, Peak:1.13M | Scene, ViewLayer | Updating Geometry BVH GothicRib_voussoir_mesh.062 146/975 | Building mesh BLAS |      12 tris | GothicRib_voussoir_mesh.062
Fra:1 Mem:72.17M (Peak 120.44M) | Time:00:00.28 | Mem:1.14M, Peak:1.14M | Scene, ViewLayer | Updating Geometry BVH GothicRib_voussoir_mesh.063 147/975 | Building BVH
Fra:1 Mem:72.17M (Peak 120.44M) | Time:00:00.28 | Mem:1.14M, Peak:1.14M | Scene, ViewLayer | Updating Geometry BVH GothicRib_voussoir_mesh.063 147/975 | Building mesh BLAS |      12 tris | GothicRib_voussoir_mesh.063
Fra:1 Mem:72.17M (Peak 120.44M) | Time:00:00.28 | Mem:1.14M, Peak:1.14M | Scene, ViewLayer | Updating Geometry BVH GothicRib_voussoir_mesh.064 148/975 | Building BVH
Fra:1 Mem:72.17M (Peak 120.44M) | Time:00:00.28 | Mem:1.14M, Peak:1.14M | Scene, ViewLayer | Updating Geometry BVH GothicRib_voussoir_mesh.064 148/975 | Building mesh BLAS |      12 tris | GothicRib_voussoir_mesh.064
Fra:1 Mem:72.17M (Peak 120.44M) | Time:00:00.28 | Mem:1.15M, Peak:1.15M | Scene, ViewLayer | Updating Geometry BVH GothicRib_voussoir_mesh.065 149/975 | Building BVH
Fra:1 Mem:72.17M (Peak 120.44M) | Time:00:00.28 | Mem:1.15M, Peak:1.15M | Scene, ViewLayer | Updating Geometry BVH GothicRib_voussoir_mesh.067 151/975 | Building BVH
Fra:1 Mem:72.17M (Peak 120.44M) | Time:00:00.28 | Mem:1.15M, Peak:1.15M | Scene, ViewLayer | Updating Geometry BVH GothicRib_voussoir_mesh.068 152/975 | Building BVH
Fra:1 Mem:72.17M (Peak 120.44M) | Time:00:00.28 | Mem:1.15M, Peak:1.15M | Scene, ViewLayer | Updating Geometry BVH GothicRib_voussoir_mesh.068 152/975 | Building mesh BLAS |      12 tris | GothicRib_voussoir_mesh.067
Fra:1 Mem:72.17M (Peak 120.44M) | Time:00:00.28 | Mem:1.15M, Peak:1.15M | Scene, ViewLayer | Updating Geometry BVH GothicRib_voussoir_mesh.068 152/975 | Building mesh BLAS |      12 tris | GothicRib_voussoir_mesh.068
Fra:1 Mem:72.17M (Peak 120.44M) | Time:00:00.28 | Mem:1.15M, Peak:1.15M | Scene, ViewLayer | Updating Geometry BVH GothicRib_voussoir_mesh.069 153/975 | Building BVH
Fra:1 Mem:72.17M (Peak 120.44M) | Time:00:00.28 | Mem:1.15M, Peak:1.15M | Scene, ViewLayer | Updating Geometry BVH GothicRib_voussoir_mesh.069 153/975 | Building mesh BLAS |      12 tris | GothicRib_voussoir_mesh.069
Fra:1 Mem:72.17M (Peak 120.44M) | Time:00:00.28 | Mem:1.15M, Peak:1.15M | Scene, ViewLayer | Updating Geometry BVH GothicRib_voussoir_mesh.070 154/975 | Building BVH
Fra:1 Mem:72.17M (Peak 120.44M) | Time:00:00.28 | Mem:1.15M, Peak:1.15M | Scene, ViewLayer | Updating Geometry BVH Icosphere.140 941/975 | Building BVH
Fra:1 Mem:72.17M (Peak 120.44M) | Time:00:00.28 | Mem:1.15M, Peak:1.15M | Scene, ViewLayer | Updating Geometry BVH GothicRib_voussoir_mesh.071 155/975 | Building BVH
Fra:1 Mem:72.17M (Peak 120.44M) | Time:00:00.28 | Mem:1.15M, Peak:1.15M | Scene, ViewLayer | Updating Geometry BVH GothicRib_voussoir_mesh.071 155/975 | Building mesh BLAS |      12 tris | GothicRib_voussoir_mesh.071
Fra:1 Mem:72.17M (Peak 120.44M) | Time:00:00.28 | Mem:1.15M, Peak:1.15M | Scene, ViewLayer | Updating Geometry BVH GothicRib_voussoir_mesh.072 156/975 | Building BVH
Fra:1 Mem:72.17M (Peak 120.44M) | Time:00:00.28 | Mem:1.15M, Peak:1.15M | Scene, ViewLayer | Updating Geometry BVH GothicRib_voussoir_mesh.073 157/975 | Building BVH
Fra:1 Mem:72.17M (Peak 120.44M) | Time:00:00.28 | Mem:1.15M, Peak:1.15M | Scene, ViewLayer | Updating Geometry BVH GothicRib_voussoir_mesh.073 157/975 | Building mesh BLAS |      12 tris | GothicRib_voussoir_mesh.072
Fra:1 Mem:72.17M (Peak 120.44M) | Time:00:00.28 | Mem:1.15M, Peak:1.15M | Scene, ViewLayer | Updating Geometry BVH GothicRib_voussoir_mesh.073 157/975 | Building mesh BLAS |      12 tris | GothicRib_voussoir_mesh.073
Fra:1 Mem:72.17M (Peak 120.44M) | Time:00:00.28 | Mem:1.16M, Peak:1.16M | Scene, ViewLayer | Updating Geometry BVH GothicRib_voussoir_mesh.074 158/975 | Building BVH
Fra:1 Mem:72.17M (Peak 120.44M) | Time:00:00.28 | Mem:1.16M, Peak:1.16M | Scene, ViewLayer | Updating Geometry BVH GothicRib_voussoir_mesh.075 159/975 | Building BVH
Fra:1 Mem:72.17M (Peak 120.44M) | Time:00:00.28 | Mem:1.16M, Peak:1.16M | Scene, ViewLayer | Updating Geometry BVH GothicRib_voussoir_mesh.075 159/975 | Building mesh BLAS |      12 tris | GothicRib_voussoir_mesh.074
Fra:1 Mem:72.17M (Peak 120.44M) | Time:00:00.28 | Mem:1.16M, Peak:1.16M | Scene, ViewLayer | Updating Geometry BVH GothicRib_voussoir_mesh.075 159/975 | Building mesh BLAS |      12 tris | GothicRib_voussoir_mesh.075
Fra:1 Mem:72.17M (Peak 120.44M) | Time:00:00.28 | Mem:1.16M, Peak:1.16M | Scene, ViewLayer | Updating Geometry BVH GothicRib_voussoir_mesh.076 160/975 | Building BVH
Fra:1 Mem:72.17M (Peak 120.44M) | Time:00:00.28 | Mem:1.16M, Peak:1.16M | Scene, ViewLayer | Updating Geometry BVH GothicRib_voussoir_mesh.076 160/975 | Building mesh BLAS |      12 tris | GothicRib_voussoir_mesh.076
Fra:1 Mem:72.17M (Peak 120.44M) | Time:00:00.28 | Mem:1.16M, Peak:1.16M | Scene, ViewLayer | Updating Geometry BVH GothicRib_voussoir_mesh.077 161/975 | Building BVH
Fra:1 Mem:72.17M (Peak 120.44M) | Time:00:00.28 | Mem:1.16M, Peak:1.16M | Scene, ViewLayer | Updating Geometry BVH Cube.010 162/975 | Building mesh BLAS |      12 tris | GothicRib_voussoir_mesh.077
Fra:1 Mem:72.17M (Peak 120.44M) | Time:00:00.28 | Mem:1.16M, Peak:1.16M | Scene, ViewLayer | Updating Geometry BVH Cube.010 162/975 | Building mesh BLAS |     108 tris | Cube.010
Fra:1 Mem:72.17M (Peak 120.44M) | Time:00:00.28 | Mem:1.16M, Peak:1.16M | Scene, ViewLayer | Updating Geometry BVH Great altar pointed arch_voussoir_mesh 163/975 | Building BVH
Fra:1 Mem:72.17M (Peak 120.44M) | Time:00:00.28 | Mem:1.16M, Peak:1.16M | Scene, ViewLayer | Updating Geometry BVH Great altar pointed arch_voussoir_mesh.001 164/975 | Building BVH
Fra:1 Mem:72.17M (Peak 120.44M) | Time:00:00.28 | Mem:1.16M, Peak:1.16M | Scene, ViewLayer | Updating Geometry BVH Great altar pointed arch_voussoir_mesh.001 164/975 | Building mesh BLAS |      12 tris | Great altar pointed arch_voussoir_mesh
Fra:1 Mem:72.17M (Peak 120.44M) | Time:00:00.28 | Mem:1.16M, Peak:1.16M | Scene, ViewLayer | Updating Geometry BVH Great altar pointed arch_voussoir_mesh.001 164/975 | Building mesh BLAS |      12 tris | Great altar pointed arch_voussoir_mesh.001
Fra:1 Mem:72.17M (Peak 120.44M) | Time:00:00.28 | Mem:1.16M, Peak:1.16M | Scene, ViewLayer | Updating Geometry BVH Icosphere.139 940/975 | Building BVH
Fra:1 Mem:72.17M (Peak 120.44M) | Time:00:00.28 | Mem:1.16M, Peak:1.16M | Scene, ViewLayer | Updating Geometry BVH Icosphere.139 940/975 | Building mesh BLAS |      20 tris | Icosphere.139
Fra:1 Mem:72.17M (Peak 120.44M) | Time:00:00.28 | Mem:1.16M, Peak:1.16M | Scene, ViewLayer | Updating Geometry BVH Great altar pointed arch_voussoir_mesh.002 165/975 | Building BVH
Fra:1 Mem:72.17M (Peak 120.44M) | Time:00:00.28 | Mem:1.16M, Peak:1.16M | Scene, ViewLayer | Updating Geometry BVH Great altar pointed arch_voussoir_mesh.002 165/975 | Building mesh BLAS |      12 tris | Great altar pointed arch_voussoir_mesh.002
Fra:1 Mem:72.17M (Peak 120.44M) | Time:00:00.28 | Mem:1.16M, Peak:1.16M | Scene, ViewLayer | Updating Geometry BVH Great altar pointed arch_voussoir_mesh.003 166/975 | Building BVH
Fra:1 Mem:72.17M (Peak 120.44M) | Time:00:00.28 | Mem:1.16M, Peak:1.16M | Scene, ViewLayer | Updating Geometry BVH Great altar pointed arch_voussoir_mesh.003 166/975 | Building mesh BLAS |      12 tris | Great altar pointed arch_voussoir_mesh.003
Fra:1 Mem:72.17M (Peak 120.44M) | Time:00:00.28 | Mem:1.16M, Peak:1.16M | Scene, ViewLayer | Updating Geometry BVH Great altar pointed arch_voussoir_mesh.004 167/975 | Building BVH
Fra:1 Mem:72.17M (Peak 120.44M) | Time:00:00.28 | Mem:1.16M, Peak:1.16M | Scene, ViewLayer | Updating Geometry BVH Great altar pointed arch_voussoir_mesh.004 167/975 | Building mesh BLAS |      12 tris | Great altar pointed arch_voussoir_mesh.004
Fra:1 Mem:72.17M (Peak 120.44M) | Time:00:00.28 | Mem:1.16M, Peak:1.16M | Scene, ViewLayer | Updating Geometry BVH Great altar pointed arch_voussoir_mesh.005 168/975 | Building BVH
Fra:1 Mem:72.17M (Peak 120.44M) | Time:00:00.28 | Mem:1.16M, Peak:1.16M | Scene, ViewLayer | Updating Geometry BVH Great altar pointed arch_voussoir_mesh.006 169/975 | Building BVH
Fra:1 Mem:72.17M (Peak 120.44M) | Time:00:00.28 | Mem:1.16M, Peak:1.16M | Scene, ViewLayer | Updating Geometry BVH Great altar pointed arch_voussoir_mesh.006 169/975 | Building mesh BLAS |      12 tris | Great altar pointed arch_voussoir_mesh.005
Fra:1 Mem:72.17M (Peak 120.44M) | Time:00:00.28 | Mem:1.16M, Peak:1.16M | Scene, ViewLayer | Updating Geometry BVH Great altar pointed arch_voussoir_mesh.006 169/975 | Building mesh BLAS |      12 tris | Great altar pointed arch_voussoir_mesh.006
Fra:1 Mem:72.17M (Peak 120.44M) | Time:00:00.28 | Mem:1.16M, Peak:1.16M | Scene, ViewLayer | Updating Geometry BVH Great altar pointed arch_voussoir_mesh.007 170/975 | Building BVH
Fra:1 Mem:72.17M (Peak 120.44M) | Time:00:00.28 | Mem:1.16M, Peak:1.16M | Scene, ViewLayer | Updating Geometry BVH Great altar pointed arch_voussoir_mesh.007 170/975 | Building mesh BLAS |      12 tris | Great altar pointed arch_voussoir_mesh.007
Fra:1 Mem:72.17M (Peak 120.44M) | Time:00:00.28 | Mem:1.16M, Peak:1.16M | Scene, ViewLayer | Updating Geometry BVH Great altar pointed arch_voussoir_mesh.008 171/975 | Building BVH
Fra:1 Mem:72.17M (Peak 120.44M) | Time:00:00.28 | Mem:1.16M, Peak:1.16M | Scene, ViewLayer | Updating Geometry BVH Great altar pointed arch_voussoir_mesh.008 171/975 | Building mesh BLAS |      12 tris | Great altar pointed arch_voussoir_mesh.008
Fra:1 Mem:72.17M (Peak 120.44M) | Time:00:00.28 | Mem:1.16M, Peak:1.16M | Scene, ViewLayer | Updating Geometry BVH Great altar pointed arch_voussoir_mesh.009 172/975 | Building BVH
Fra:1 Mem:72.17M (Peak 120.44M) | Time:00:00.28 | Mem:1.16M, Peak:1.16M | Scene, ViewLayer | Updating Geometry BVH Great altar pointed arch_voussoir_mesh.009 172/975 | Building mesh BLAS |      12 tris | Great altar pointed arch_voussoir_mesh.009
Fra:1 Mem:72.17M (Peak 120.44M) | Time:00:00.28 | Mem:1.16M, Peak:1.16M | Scene, ViewLayer | Updating Geometry BVH Great altar pointed arch_voussoir_mesh.010 173/975 | Building BVH
Fra:1 Mem:72.17M (Peak 120.44M) | Time:00:00.28 | Mem:1.16M, Peak:1.16M | Scene, ViewLayer | Updating Geometry BVH Great altar pointed arch_voussoir_mesh.010 173/975 | Building mesh BLAS |      12 tris | Great altar pointed arch_voussoir_mesh.010
Fra:1 Mem:72.17M (Peak 120.44M) | Time:00:00.28 | Mem:1.16M, Peak:1.16M | Scene, ViewLayer | Updating Geometry BVH Icosphere.138 939/975 | Building BVH
Fra:1 Mem:72.17M (Peak 120.44M) | Time:00:00.28 | Mem:1.16M, Peak:1.16M | Scene, ViewLayer | Updating Geometry BVH Icosphere.138 939/975 | Building mesh BLAS |      20 tris | Icosphere.138
Fra:1 Mem:72.17M (Peak 120.44M) | Time:00:00.28 | Mem:1.16M, Peak:1.16M | Scene, ViewLayer | Updating Geometry BVH Great altar pointed arch_voussoir_mesh.011 174/975 | Building BVH
Fra:1 Mem:72.17M (Peak 120.44M) | Time:00:00.28 | Mem:1.16M, Peak:1.16M | Scene, ViewLayer | Updating Geometry BVH Great altar pointed arch_voussoir_mesh.011 174/975 | Building mesh BLAS |      12 tris | Great altar pointed arch_voussoir_mesh.011
Fra:1 Mem:72.17M (Peak 120.44M) | Time:00:00.28 | Mem:1.16M, Peak:1.16M | Scene, ViewLayer | Updating Geometry BVH Great altar pointed arch_voussoir_mesh.012 175/975 | Building BVH
Fra:1 Mem:72.17M (Peak 120.44M) | Time:00:00.28 | Mem:1.16M, Peak:1.16M | Scene, ViewLayer | Updating Geometry BVH Great altar pointed arch_voussoir_mesh.012 175/975 | Building mesh BLAS |      12 tris | Great altar pointed arch_voussoir_mesh.012
Fra:1 Mem:72.17M (Peak 120.44M) | Time:00:00.28 | Mem:1.17M, Peak:1.17M | Scene, ViewLayer | Updating Geometry BVH Great altar pointed arch_voussoir_mesh.013 176/975 | Building BVH
Fra:1 Mem:72.17M (Peak 120.44M) | Time:00:00.28 | Mem:1.17M, Peak:1.17M | Scene, ViewLayer | Updating Geometry BVH Great altar pointed arch_voussoir_mesh.013 176/975 | Building mesh BLAS |      12 tris | Great altar pointed arch_voussoir_mesh.013
Fra:1 Mem:72.17M (Peak 120.44M) | Time:00:00.28 | Mem:1.17M, Peak:1.17M | Scene, ViewLayer | Updating Geometry BVH Great altar pointed arch_voussoir_mesh.014 177/975 | Building BVH
Fra:1 Mem:72.17M (Peak 120.44M) | Time:00:00.28 | Mem:1.17M, Peak:1.17M | Scene, ViewLayer | Updating Geometry BVH Great altar pointed arch_voussoir_mesh.015 178/975 | Building BVH
Fra:1 Mem:72.17M (Peak 120.44M) | Time:00:00.28 | Mem:1.17M, Peak:1.17M | Scene, ViewLayer | Updating Geometry BVH Great altar pointed arch_voussoir_mesh.016 179/975 | Building BVH
Fra:1 Mem:72.17M (Peak 120.44M) | Time:00:00.28 | Mem:1.17M, Peak:1.17M | Scene, ViewLayer | Updating Geometry BVH Great altar pointed arch_voussoir_mesh.016 179/975 | Building mesh BLAS |      12 tris | Great altar pointed arch_voussoir_mesh.015
Fra:1 Mem:72.17M (Peak 120.44M) | Time:00:00.28 | Mem:1.17M, Peak:1.17M | Scene, ViewLayer | Updating Geometry BVH Great altar pointed arch_voussoir_mesh.016 179/975 | Building mesh BLAS |      12 tris | Great altar pointed arch_voussoir_mesh.016
Fra:1 Mem:72.17M (Peak 120.44M) | Time:00:00.28 | Mem:1.17M, Peak:1.17M | Scene, ViewLayer | Updating Geometry BVH Great altar pointed arch_voussoir_mesh.017 180/975 | Building BVH
Fra:1 Mem:72.17M (Peak 120.44M) | Time:00:00.28 | Mem:1.17M, Peak:1.17M | Scene, ViewLayer | Updating Geometry BVH Great altar pointed arch_voussoir_mesh.017 180/975 | Building mesh BLAS |      12 tris | Great altar pointed arch_voussoir_mesh.017
Fra:1 Mem:72.17M (Peak 120.44M) | Time:00:00.28 | Mem:1.17M, Peak:1.17M | Scene, ViewLayer | Updating Geometry BVH Great altar pointed arch_voussoir_mesh.018 181/975 | Building BVH
Fra:1 Mem:72.17M (Peak 120.44M) | Time:00:00.28 | Mem:1.17M, Peak:1.17M | Scene, ViewLayer | Updating Geometry BVH Great altar pointed arch_voussoir_mesh.019 182/975 | Building BVH
Fra:1 Mem:72.17M (Peak 120.44M) | Time:00:00.28 | Mem:1.17M, Peak:1.17M | Scene, ViewLayer | Updating Geometry BVH Great altar pointed arch_voussoir_mesh.019 182/975 | Building mesh BLAS |      12 tris | Great altar pointed arch_voussoir_mesh.018
Fra:1 Mem:72.17M (Peak 120.44M) | Time:00:00.28 | Mem:1.17M, Peak:1.17M | Scene, ViewLayer | Updating Geometry BVH Icosphere.137 938/975 | Building BVH
Fra:1 Mem:72.17M (Peak 120.44M) | Time:00:00.28 | Mem:1.17M, Peak:1.17M | Scene, ViewLayer | Updating Geometry BVH Great altar pointed arch_voussoir_mesh.020 183/975 | Building BVH
Fra:1 Mem:72.17M (Peak 120.44M) | Time:00:00.28 | Mem:1.17M, Peak:1.17M | Scene, ViewLayer | Updating Geometry BVH Great altar pointed arch_voussoir_mesh.021 184/975 | Building BVH
Fra:1 Mem:72.17M (Peak 120.44M) | Time:00:00.28 | Mem:1.17M, Peak:1.17M | Scene, ViewLayer | Updating Geometry BVH Great altar pointed arch_voussoir_mesh.021 184/975 | Building mesh BLAS |      20 tris | Icosphere.137
Fra:1 Mem:72.17M (Peak 120.44M) | Time:00:00.28 | Mem:1.17M, Peak:1.17M | Scene, ViewLayer | Updating Geometry BVH Great altar pointed arch_voussoir_mesh.021 184/975 | Building mesh BLAS |      12 tris | Great altar pointed arch_voussoir_mesh.021
Fra:1 Mem:72.17M (Peak 120.44M) | Time:00:00.28 | Mem:1.17M, Peak:1.17M | Scene, ViewLayer | Updating Geometry BVH Great altar pointed arch_voussoir_mesh.021 184/975 | Building mesh BLAS |      12 tris | Great altar pointed arch_voussoir_mesh.020
Fra:1 Mem:72.17M (Peak 120.44M) | Time:00:00.29 | Mem:1.17M, Peak:1.17M | Scene, ViewLayer | Updating Geometry BVH Great altar pointed arch_voussoir_mesh.022 185/975 | Building BVH
Fra:1 Mem:72.17M (Peak 120.44M) | Time:00:00.29 | Mem:1.17M, Peak:1.17M | Scene, ViewLayer | Updating Geometry BVH Great altar pointed arch_voussoir_mesh.022 185/975 | Building mesh BLAS |      12 tris | Great altar pointed arch_voussoir_mesh.022
Fra:1 Mem:72.17M (Peak 120.44M) | Time:00:00.29 | Mem:1.17M, Peak:1.17M | Scene, ViewLayer | Updating Geometry BVH Great altar pointed arch_voussoir_mesh.023 186/975 | Building BVH
Fra:1 Mem:72.17M (Peak 120.44M) | Time:00:00.29 | Mem:1.17M, Peak:1.17M | Scene, ViewLayer | Updating Geometry BVH Great altar pointed arch_voussoir_mesh.024 187/975 | Building BVH
Fra:1 Mem:72.17M (Peak 120.44M) | Time:00:00.29 | Mem:1.17M, Peak:1.17M | Scene, ViewLayer | Updating Geometry BVH Great altar pointed arch_voussoir_mesh.024 187/975 | Building mesh BLAS |      12 tris | Great altar pointed arch_voussoir_mesh.023
Fra:1 Mem:72.17M (Peak 120.44M) | Time:00:00.29 | Mem:1.17M, Peak:1.17M | Scene, ViewLayer | Updating Geometry BVH Great altar pointed arch_voussoir_mesh.025 188/975 | Building mesh BLAS |      12 tris | Great altar pointed arch_voussoir_mesh.024
Fra:1 Mem:72.17M (Peak 120.44M) | Time:00:00.29 | Mem:1.17M, Peak:1.17M | Scene, ViewLayer | Updating Geometry BVH Great altar pointed arch_voussoir_mesh.025 188/975 | Building mesh BLAS |      12 tris | Great altar pointed arch_voussoir_mesh.025
Fra:1 Mem:72.17M (Peak 120.44M) | Time:00:00.29 | Mem:1.17M, Peak:1.17M | Scene, ViewLayer | Updating Geometry BVH Cube.011 189/975 | Building BVH
Fra:1 Mem:72.17M (Peak 120.44M) | Time:00:00.29 | Mem:1.17M, Peak:1.17M | Scene, ViewLayer | Updating Geometry BVH Cube.011 189/975 | Building mesh BLAS |     108 tris | Cube.011
Fra:1 Mem:72.17M (Peak 120.44M) | Time:00:00.29 | Mem:1.18M, Peak:1.18M | Scene, ViewLayer | Updating Geometry BVH Icosphere.136 937/975 | Building BVH
Fra:1 Mem:72.17M (Peak 120.44M) | Time:00:00.29 | Mem:1.18M, Peak:1.18M | Scene, ViewLayer | Updating Geometry BVH Icosphere.136 937/975 | Building mesh BLAS |      20 tris | Icosphere.136
Fra:1 Mem:72.17M (Peak 120.44M) | Time:00:00.29 | Mem:1.18M, Peak:1.18M | Scene, ViewLayer | Updating Geometry BVH Altar outer moulding_voussoir_mesh 190/975 | Building BVH
Fra:1 Mem:72.17M (Peak 120.44M) | Time:00:00.29 | Mem:1.18M, Peak:1.18M | Scene, ViewLayer | Updating Geometry BVH Altar outer moulding_voussoir_mesh.001 191/975 | Building mesh BLAS |      12 tris | Altar outer moulding_voussoir_mesh
Fra:1 Mem:72.17M (Peak 120.44M) | Time:00:00.29 | Mem:1.18M, Peak:1.18M | Scene, ViewLayer | Updating Geometry BVH Altar outer moulding_voussoir_mesh.001 191/975 | Building mesh BLAS |      12 tris | Altar outer moulding_voussoir_mesh.001
Fra:1 Mem:72.17M (Peak 120.44M) | Time:00:00.29 | Mem:1.18M, Peak:1.18M | Scene, ViewLayer | Updating Geometry BVH Altar outer moulding_voussoir_mesh.002 192/975 | Building BVH
Fra:1 Mem:72.17M (Peak 120.44M) | Time:00:00.29 | Mem:1.18M, Peak:1.18M | Scene, ViewLayer | Updating Geometry BVH Altar outer moulding_voussoir_mesh.002 192/975 | Building mesh BLAS |      12 tris | Altar outer moulding_voussoir_mesh.002
Fra:1 Mem:72.17M (Peak 120.44M) | Time:00:00.29 | Mem:1.18M, Peak:1.18M | Scene, ViewLayer | Updating Geometry BVH Altar outer moulding_voussoir_mesh.003 193/975 | Building BVH
Fra:1 Mem:72.17M (Peak 120.44M) | Time:00:00.29 | Mem:1.18M, Peak:1.18M | Scene, ViewLayer | Updating Geometry BVH Altar outer moulding_voussoir_mesh.003 193/975 | Building mesh BLAS |      12 tris | Altar outer moulding_voussoir_mesh.003
Fra:1 Mem:72.17M (Peak 120.44M) | Time:00:00.29 | Mem:1.18M, Peak:1.18M | Scene, ViewLayer | Updating Geometry BVH Altar outer moulding_voussoir_mesh.004 194/975 | Building BVH
Fra:1 Mem:72.17M (Peak 120.44M) | Time:00:00.29 | Mem:1.18M, Peak:1.18M | Scene, ViewLayer | Updating Geometry BVH Altar outer moulding_voussoir_mesh.004 194/975 | Building mesh BLAS |      12 tris | Altar outer moulding_voussoir_mesh.004
Fra:1 Mem:72.17M (Peak 120.44M) | Time:00:00.29 | Mem:1.19M, Peak:1.19M | Scene, ViewLayer | Updating Geometry BVH Altar outer moulding_voussoir_mesh.005 195/975 | Building BVH
Fra:1 Mem:72.17M (Peak 120.44M) | Time:00:00.29 | Mem:1.19M, Peak:1.19M | Scene, ViewLayer | Updating Geometry BVH Altar outer moulding_voussoir_mesh.005 195/975 | Building mesh BLAS |      12 tris | Altar outer moulding_voussoir_mesh.005
Fra:1 Mem:72.17M (Peak 120.44M) | Time:00:00.29 | Mem:1.19M, Peak:1.19M | Scene, ViewLayer | Updating Geometry BVH Altar outer moulding_voussoir_mesh.006 196/975 | Building BVH
Fra:1 Mem:72.17M (Peak 120.44M) | Time:00:00.29 | Mem:1.19M, Peak:1.19M | Scene, ViewLayer | Updating Geometry BVH Altar outer moulding_voussoir_mesh.008 198/975 | Building BVH
Fra:1 Mem:72.17M (Peak 120.44M) | Time:00:00.29 | Mem:1.19M, Peak:1.19M | Scene, ViewLayer | Updating Geometry BVH Altar outer moulding_voussoir_mesh.008 198/975 | Building mesh BLAS |      12 tris | Altar outer moulding_voussoir_mesh.006
Fra:1 Mem:72.17M (Peak 120.44M) | Time:00:00.29 | Mem:1.19M, Peak:1.19M | Scene, ViewLayer | Updating Geometry BVH Altar outer moulding_voussoir_mesh.008 198/975 | Building mesh BLAS |      12 tris | Altar outer moulding_voussoir_mesh.007
Fra:1 Mem:72.17M (Peak 120.44M) | Time:00:00.29 | Mem:1.19M, Peak:1.19M | Scene, ViewLayer | Updating Geometry BVH Altar outer moulding_voussoir_mesh.008 198/975 | Building mesh BLAS |      12 tris | Altar outer moulding_voussoir_mesh.008
Fra:1 Mem:72.17M (Peak 120.44M) | Time:00:00.29 | Mem:1.19M, Peak:1.19M | Scene, ViewLayer | Updating Geometry BVH Icosphere.135 936/975 | Building BVH
Fra:1 Mem:72.17M (Peak 120.44M) | Time:00:00.29 | Mem:1.19M, Peak:1.19M | Scene, ViewLayer | Updating Geometry BVH Icosphere.135 936/975 | Building mesh BLAS |      20 tris | Icosphere.135
Fra:1 Mem:72.17M (Peak 120.44M) | Time:00:00.29 | Mem:1.19M, Peak:1.19M | Scene, ViewLayer | Updating Geometry BVH Altar outer moulding_voussoir_mesh.009 199/975 | Building BVH
Fra:1 Mem:72.17M (Peak 120.44M) | Time:00:00.29 | Mem:1.19M, Peak:1.19M | Scene, ViewLayer | Updating Geometry BVH Altar outer moulding_voussoir_mesh.009 199/975 | Building mesh BLAS |      12 tris | Altar outer moulding_voussoir_mesh.009
Fra:1 Mem:72.17M (Peak 120.44M) | Time:00:00.29 | Mem:1.19M, Peak:1.19M | Scene, ViewLayer | Updating Geometry BVH Altar outer moulding_voussoir_mesh.010 200/975 | Building BVH
Fra:1 Mem:72.17M (Peak 120.44M) | Time:00:00.29 | Mem:1.19M, Peak:1.19M | Scene, ViewLayer | Updating Geometry BVH Altar outer moulding_voussoir_mesh.010 200/975 | Building mesh BLAS |      12 tris | Altar outer moulding_voussoir_mesh.010
Fra:1 Mem:72.17M (Peak 120.44M) | Time:00:00.29 | Mem:1.19M, Peak:1.19M | Scene, ViewLayer | Updating Geometry BVH Altar outer moulding_voussoir_mesh.011 201/975 | Building BVH
Fra:1 Mem:72.17M (Peak 120.44M) | Time:00:00.29 | Mem:1.19M, Peak:1.19M | Scene, ViewLayer | Updating Geometry BVH Altar outer moulding_voussoir_mesh.011 201/975 | Building mesh BLAS |      12 tris | Altar outer moulding_voussoir_mesh.011
Fra:1 Mem:72.17M (Peak 120.44M) | Time:00:00.29 | Mem:1.19M, Peak:1.19M | Scene, ViewLayer | Updating Geometry BVH Altar outer moulding_voussoir_mesh.012 202/975 | Building BVH
Fra:1 Mem:72.17M (Peak 120.44M) | Time:00:00.29 | Mem:1.19M, Peak:1.19M | Scene, ViewLayer | Updating Geometry BVH Altar outer moulding_voussoir_mesh.013 203/975 | Building BVH
Fra:1 Mem:72.17M (Peak 120.44M) | Time:00:00.29 | Mem:1.19M, Peak:1.19M | Scene, ViewLayer | Updating Geometry BVH Altar outer moulding_voussoir_mesh.013 203/975 | Building mesh BLAS |      12 tris | Altar outer moulding_voussoir_mesh.012
Fra:1 Mem:72.17M (Peak 120.44M) | Time:00:00.29 | Mem:1.19M, Peak:1.19M | Scene, ViewLayer | Updating Geometry BVH Altar outer moulding_voussoir_mesh.013 203/975 | Building mesh BLAS |      12 tris | Altar outer moulding_voussoir_mesh.013
Fra:1 Mem:72.17M (Peak 120.44M) | Time:00:00.29 | Mem:1.20M, Peak:1.20M | Scene, ViewLayer | Updating Geometry BVH Altar outer moulding_voussoir_mesh.014 204/975 | Building BVH
Fra:1 Mem:72.17M (Peak 120.44M) | Time:00:00.29 | Mem:1.20M, Peak:1.20M | Scene, ViewLayer | Updating Geometry BVH Altar outer moulding_voussoir_mesh.014 204/975 | Building mesh BLAS |      12 tris | Altar outer moulding_voussoir_mesh.014
Fra:1 Mem:72.17M (Peak 120.44M) | Time:00:00.29 | Mem:1.20M, Peak:1.20M | Scene, ViewLayer | Updating Geometry BVH Altar outer moulding_voussoir_mesh.015 205/975 | Building BVH
Fra:1 Mem:72.17M (Peak 120.44M) | Time:00:00.29 | Mem:1.20M, Peak:1.20M | Scene, ViewLayer | Updating Geometry BVH Altar outer moulding_voussoir_mesh.016 206/975 | Building BVH
Fra:1 Mem:72.17M (Peak 120.44M) | Time:00:00.29 | Mem:1.20M, Peak:1.20M | Scene, ViewLayer | Updating Geometry BVH Altar outer moulding_voussoir_mesh.017 207/975 | Building BVH
Fra:1 Mem:72.17M (Peak 120.44M) | Time:00:00.29 | Mem:1.20M, Peak:1.20M | Scene, ViewLayer | Updating Geometry BVH Altar outer moulding_voussoir_mesh.017 207/975 | Building mesh BLAS |      12 tris | Altar outer moulding_voussoir_mesh.016
Fra:1 Mem:72.17M (Peak 120.44M) | Time:00:00.29 | Mem:1.20M, Peak:1.20M | Scene, ViewLayer | Updating Geometry BVH Altar outer moulding_voussoir_mesh.017 207/975 | Building mesh BLAS |      12 tris | Altar outer moulding_voussoir_mesh.017
Fra:1 Mem:72.17M (Peak 120.44M) | Time:00:00.29 | Mem:1.20M, Peak:1.20M | Scene, ViewLayer | Updating Geometry BVH Altar outer moulding_voussoir_mesh.018 208/975 | Building BVH
Fra:1 Mem:72.17M (Peak 120.44M) | Time:00:00.29 | Mem:1.20M, Peak:1.20M | Scene, ViewLayer | Updating Geometry BVH Icosphere.134 935/975 | Building BVH
Fra:1 Mem:72.17M (Peak 120.44M) | Time:00:00.29 | Mem:1.20M, Peak:1.20M | Scene, ViewLayer | Updating Geometry BVH Altar outer moulding_voussoir_mesh.019 209/975 | Building BVH
Fra:1 Mem:72.17M (Peak 120.44M) | Time:00:00.29 | Mem:1.20M, Peak:1.20M | Scene, ViewLayer | Updating Geometry BVH Altar outer moulding_voussoir_mesh.019 209/975 | Building mesh BLAS |      12 tris | Altar outer moulding_voussoir_mesh.019
Fra:1 Mem:72.17M (Peak 120.44M) | Time:00:00.29 | Mem:1.20M, Peak:1.20M | Scene, ViewLayer | Updating Geometry BVH Altar outer moulding_voussoir_mesh.019 209/975 | Building mesh BLAS |      20 tris | Icosphere.134
Fra:1 Mem:72.17M (Peak 120.44M) | Time:00:00.29 | Mem:1.20M, Peak:1.20M | Scene, ViewLayer | Updating Geometry BVH Altar outer moulding_voussoir_mesh.021 211/975 | Building BVH
Fra:1 Mem:72.17M (Peak 120.44M) | Time:00:00.29 | Mem:1.21M, Peak:1.21M | Scene, ViewLayer | Updating Geometry BVH Altar outer moulding_voussoir_mesh.022 212/975 | Building BVH
Fra:1 Mem:72.17M (Peak 120.44M) | Time:00:00.29 | Mem:1.21M, Peak:1.21M | Scene, ViewLayer | Updating Geometry BVH Altar outer moulding_voussoir_mesh.023 213/975 | Building BVH
Fra:1 Mem:72.17M (Peak 120.44M) | Time:00:00.29 | Mem:1.21M, Peak:1.21M | Scene, ViewLayer | Updating Geometry BVH Altar outer moulding_voussoir_mesh.023 213/975 | Building mesh BLAS |      12 tris | Altar outer moulding_voussoir_mesh.022
Fra:1 Mem:72.17M (Peak 120.44M) | Time:00:00.29 | Mem:1.21M, Peak:1.21M | Scene, ViewLayer | Updating Geometry BVH Altar outer moulding_voussoir_mesh.023 213/975 | Building mesh BLAS |      12 tris | Altar outer moulding_voussoir_mesh.023
Fra:1 Mem:72.17M (Peak 120.44M) | Time:00:00.29 | Mem:1.21M, Peak:1.21M | Scene, ViewLayer | Updating Geometry BVH Altar outer moulding_voussoir_mesh.024 214/975 | Building BVH
Fra:1 Mem:72.17M (Peak 120.44M) | Time:00:00.29 | Mem:1.21M, Peak:1.21M | Scene, ViewLayer | Updating Geometry BVH Altar outer moulding_voussoir_mesh.025 215/975 | Building BVH
Fra:1 Mem:72.17M (Peak 120.44M) | Time:00:00.29 | Mem:1.21M, Peak:1.21M | Scene, ViewLayer | Updating Geometry BVH Altar outer moulding_voussoir_mesh.025 215/975 | Building mesh BLAS |      12 tris | Altar outer moulding_voussoir_mesh.024
Fra:1 Mem:72.17M (Peak 120.44M) | Time:00:00.29 | Mem:1.21M, Peak:1.21M | Scene, ViewLayer | Updating Geometry BVH Altar outer moulding_voussoir_mesh.025 215/975 | Building mesh BLAS |     108 tris | Cube.012
Fra:1 Mem:72.17M (Peak 120.44M) | Time:00:00.29 | Mem:1.21M, Peak:1.21M | Scene, ViewLayer | Updating Geometry BVH Altar outer moulding_voussoir_mesh.025 215/975 | Building mesh BLAS |      12 tris | Altar outer moulding_voussoir_mesh.025
Fra:1 Mem:72.17M (Peak 120.44M) | Time:00:00.29 | Mem:1.21M, Peak:1.21M | Scene, ViewLayer | Updating Geometry BVH WallNiche_voussoir_mesh 217/975 | Building BVH
Fra:1 Mem:72.17M (Peak 120.44M) | Time:00:00.29 | Mem:1.21M, Peak:1.21M | Scene, ViewLayer | Updating Geometry BVH WallNiche_voussoir_mesh 217/975 | Building mesh BLAS |      12 tris | WallNiche_voussoir_mesh
Fra:1 Mem:72.17M (Peak 120.44M) | Time:00:00.29 | Mem:1.21M, Peak:1.21M | Scene, ViewLayer | Updating Geometry BVH WallNiche_voussoir_mesh.001 218/975 | Building BVH
Fra:1 Mem:72.17M (Peak 120.44M) | Time:00:00.29 | Mem:1.21M, Peak:1.21M | Scene, ViewLayer | Updating Geometry BVH WallNiche_voussoir_mesh.001 218/975 | Building mesh BLAS |      12 tris | WallNiche_voussoir_mesh.001
Fra:1 Mem:72.17M (Peak 120.44M) | Time:00:00.29 | Mem:1.21M, Peak:1.21M | Scene, ViewLayer | Updating Geometry BVH Stone | old fissure_curve.003 934/975 | Building BVH
Fra:1 Mem:72.17M (Peak 120.44M) | Time:00:00.29 | Mem:1.21M, Peak:1.21M | Scene, ViewLayer | Updating Geometry BVH WallNiche_voussoir_mesh.004 221/975 | Building BVH
Fra:1 Mem:72.17M (Peak 120.44M) | Time:00:00.29 | Mem:1.21M, Peak:1.21M | Scene, ViewLayer | Updating Geometry BVH WallNiche_voussoir_mesh.005 222/975 | Building BVH
Fra:1 Mem:72.17M (Peak 120.44M) | Time:00:00.30 | Mem:1.21M, Peak:1.21M | Scene, ViewLayer | Updating Geometry BVH WallNiche_voussoir_mesh.005 222/975 | Building mesh BLAS |      48 tris | Stone | old fissure_curve.003
Fra:1 Mem:72.17M (Peak 120.44M) | Time:00:00.30 | Mem:1.21M, Peak:1.21M | Scene, ViewLayer | Updating Geometry BVH WallNiche_voussoir_mesh.006 223/975 | Building BVH
Fra:1 Mem:72.17M (Peak 120.44M) | Time:00:00.30 | Mem:1.21M, Peak:1.21M | Scene, ViewLayer | Updating Geometry BVH WallNiche_voussoir_mesh.006 223/975 | Building mesh BLAS |      12 tris | WallNiche_voussoir_mesh.004
Fra:1 Mem:72.17M (Peak 120.44M) | Time:00:00.30 | Mem:1.21M, Peak:1.21M | Scene, ViewLayer | Updating Geometry BVH WallNiche_voussoir_mesh.007 224/975 | Building BVH
Fra:1 Mem:72.17M (Peak 120.44M) | Time:00:00.30 | Mem:1.21M, Peak:1.21M | Scene, ViewLayer | Updating Geometry BVH WallNiche_voussoir_mesh.007 224/975 | Building mesh BLAS |      12 tris | WallNiche_voussoir_mesh.005
Fra:1 Mem:72.17M (Peak 120.44M) | Time:00:00.30 | Mem:1.21M, Peak:1.21M | Scene, ViewLayer | Updating Geometry BVH WallNiche_voussoir_mesh.007 224/975 | Building mesh BLAS |      12 tris | WallNiche_voussoir_mesh.007
Fra:1 Mem:72.17M (Peak 120.44M) | Time:00:00.30 | Mem:1.21M, Peak:1.21M | Scene, ViewLayer | Updating Geometry BVH WallNiche_voussoir_mesh.007 224/975 | Building mesh BLAS |      12 tris | WallNiche_voussoir_mesh.003
Fra:1 Mem:72.17M (Peak 120.44M) | Time:00:00.30 | Mem:1.21M, Peak:1.21M | Scene, ViewLayer | Updating Geometry BVH WallNiche_voussoir_mesh.008 225/975 | Building BVH
Fra:1 Mem:72.17M (Peak 120.44M) | Time:00:00.30 | Mem:1.21M, Peak:1.21M | Scene, ViewLayer | Updating Geometry BVH WallNiche_voussoir_mesh.008 225/975 | Building mesh BLAS |      12 tris | WallNiche_voussoir_mesh.008
Fra:1 Mem:72.17M (Peak 120.44M) | Time:00:00.30 | Mem:1.22M, Peak:1.22M | Scene, ViewLayer | Updating Geometry BVH Stone | old fissure_curve.002 933/975 | Building BVH
Fra:1 Mem:72.17M (Peak 120.44M) | Time:00:00.30 | Mem:1.22M, Peak:1.22M | Scene, ViewLayer | Updating Geometry BVH WallNiche_voussoir_mesh.009 226/975 | Building BVH
Fra:1 Mem:72.17M (Peak 120.44M) | Time:00:00.30 | Mem:1.22M, Peak:1.22M | Scene, ViewLayer | Updating Geometry BVH WallNiche_voussoir_mesh.010 227/975 | Building BVH
Fra:1 Mem:72.17M (Peak 120.44M) | Time:00:00.30 | Mem:1.22M, Peak:1.22M | Scene, ViewLayer | Updating Geometry BVH WallNiche_voussoir_mesh.012 229/975 | Building BVH
Fra:1 Mem:72.17M (Peak 120.44M) | Time:00:00.30 | Mem:1.22M, Peak:1.22M | Scene, ViewLayer | Updating Geometry BVH WallNiche_voussoir_mesh.014 231/975 | Building mesh BLAS |      12 tris | WallNiche_voussoir_mesh.010
Fra:1 Mem:72.17M (Peak 120.44M) | Time:00:00.30 | Mem:1.22M, Peak:1.22M | Scene, ViewLayer | Updating Geometry BVH WallNiche_voussoir_mesh.016 233/975 | Building BVH
Fra:1 Mem:72.17M (Peak 120.44M) | Time:00:00.30 | Mem:1.23M, Peak:1.23M | Scene, ViewLayer | Updating Geometry BVH WallNiche_voussoir_mesh.016 233/975 | Building mesh BLAS |      12 tris | WallNiche_voussoir_mesh.011
Fra:1 Mem:72.17M (Peak 120.44M) | Time:00:00.30 | Mem:1.23M, Peak:1.23M | Scene, ViewLayer | Updating Geometry BVH WallNiche_voussoir_mesh.016 233/975 | Building mesh BLAS |      12 tris | WallNiche_voussoir_mesh.013
Fra:1 Mem:72.17M (Peak 120.44M) | Time:00:00.30 | Mem:1.23M, Peak:1.23M | Scene, ViewLayer | Updating Geometry BVH WallNiche_voussoir_mesh.016 233/975 | Building mesh BLAS |      12 tris | WallNiche_voussoir_mesh.014
Fra:1 Mem:72.17M (Peak 120.44M) | Time:00:00.30 | Mem:1.23M, Peak:1.23M | Scene, ViewLayer | Updating Geometry BVH WallNiche_voussoir_mesh.016 233/975 | Building mesh BLAS |      12 tris | WallNiche_voussoir_mesh.012
Fra:1 Mem:72.17M (Peak 120.44M) | Time:00:00.30 | Mem:1.23M, Peak:1.23M | Scene, ViewLayer | Updating Geometry BVH WallNiche_voussoir_mesh.016 233/975 | Building mesh BLAS |      12 tris | WallNiche_voussoir_mesh.016
Fra:1 Mem:72.17M (Peak 120.44M) | Time:00:00.30 | Mem:1.23M, Peak:1.23M | Scene, ViewLayer | Updating Geometry BVH WallNiche_voussoir_mesh.016 233/975 | Building mesh BLAS |      12 tris | WallNiche_voussoir_mesh.015
Fra:1 Mem:72.17M (Peak 120.44M) | Time:00:00.30 | Mem:1.23M, Peak:1.23M | Scene, ViewLayer | Updating Geometry BVH WallNiche_voussoir_mesh.017 234/975 | Building BVH
Fra:1 Mem:72.17M (Peak 120.44M) | Time:00:00.30 | Mem:1.23M, Peak:1.23M | Scene, ViewLayer | Updating Geometry BVH WallNiche_voussoir_mesh.017 234/975 | Building mesh BLAS |      12 tris | WallNiche_voussoir_mesh.017
Fra:1 Mem:72.17M (Peak 120.44M) | Time:00:00.30 | Mem:1.23M, Peak:1.23M | Scene, ViewLayer | Updating Geometry BVH Stone | old fissure_curve.001 932/975 | Building BVH
Fra:1 Mem:72.17M (Peak 120.44M) | Time:00:00.30 | Mem:1.23M, Peak:1.23M | Scene, ViewLayer | Updating Geometry BVH WallNiche_voussoir_mesh.018 235/975 | Building BVH
Fra:1 Mem:72.17M (Peak 120.44M) | Time:00:00.30 | Mem:1.23M, Peak:1.23M | Scene, ViewLayer | Updating Geometry BVH WallNiche_voussoir_mesh.018 235/975 | Building mesh BLAS |      12 tris | WallNiche_voussoir_mesh.018
Fra:1 Mem:72.17M (Peak 120.44M) | Time:00:00.30 | Mem:1.23M, Peak:1.23M | Scene, ViewLayer | Updating Geometry BVH WallNiche_voussoir_mesh.019 236/975 | Building BVH
Fra:1 Mem:72.17M (Peak 120.44M) | Time:00:00.30 | Mem:1.23M, Peak:1.23M | Scene, ViewLayer | Updating Geometry BVH WallNiche_voussoir_mesh.019 236/975 | Building mesh BLAS |      12 tris | WallNiche_voussoir_mesh.019
Fra:1 Mem:72.17M (Peak 120.44M) | Time:00:00.30 | Mem:1.23M, Peak:1.23M | Scene, ViewLayer | Updating Geometry BVH WallNiche_voussoir_mesh.020 237/975 | Building BVH
Fra:1 Mem:72.17M (Peak 120.44M) | Time:00:00.30 | Mem:1.23M, Peak:1.23M | Scene, ViewLayer | Updating Geometry BVH WallNiche_voussoir_mesh.021 238/975 | Building BVH
Fra:1 Mem:72.17M (Peak 120.44M) | Time:00:00.30 | Mem:1.23M, Peak:1.23M | Scene, ViewLayer | Updating Geometry BVH WallNiche_voussoir_mesh.021 238/975 | Building mesh BLAS |      12 tris | WallNiche_voussoir_mesh.020
Fra:1 Mem:72.17M (Peak 120.44M) | Time:00:00.30 | Mem:1.23M, Peak:1.23M | Scene, ViewLayer | Updating Geometry BVH WallNiche_voussoir_mesh.022 239/975 | Building BVH
Fra:1 Mem:72.17M (Peak 120.44M) | Time:00:00.30 | Mem:1.23M, Peak:1.23M | Scene, ViewLayer | Updating Geometry BVH WallNiche_voussoir_mesh.022 239/975 | Building mesh BLAS |      12 tris | WallNiche_voussoir_mesh.022
Fra:1 Mem:72.17M (Peak 120.44M) | Time:00:00.30 | Mem:1.24M, Peak:1.24M | Scene, ViewLayer | Updating Geometry BVH WallNiche_voussoir_mesh.023 240/975 | Building BVH
Fra:1 Mem:72.17M (Peak 120.44M) | Time:00:00.30 | Mem:1.24M, Peak:1.24M | Scene, ViewLayer | Updating Geometry BVH WallNiche_voussoir_mesh.023 240/975 | Building mesh BLAS |      12 tris | WallNiche_voussoir_mesh.023
Fra:1 Mem:72.17M (Peak 120.44M) | Time:00:00.30 | Mem:1.24M, Peak:1.24M | Scene, ViewLayer | Updating Geometry BVH WallNiche_voussoir_mesh.027 244/975 | Building BVH
Fra:1 Mem:72.17M (Peak 120.44M) | Time:00:00.30 | Mem:1.24M, Peak:1.24M | Scene, ViewLayer | Updating Geometry BVH WallNiche_voussoir_mesh.026 243/975 | Building mesh BLAS |      12 tris | WallNiche_voussoir_mesh.027
Fra:1 Mem:72.17M (Peak 120.44M) | Time:00:00.30 | Mem:1.24M, Peak:1.24M | Scene, ViewLayer | Updating Geometry BVH WallNiche_voussoir_mesh.026 243/975 | Building mesh BLAS |      12 tris | WallNiche_voussoir_mesh.026
Fra:1 Mem:72.17M (Peak 120.44M) | Time:00:00.30 | Mem:1.24M, Peak:1.24M | Scene, ViewLayer | Updating Geometry BVH WallNiche_voussoir_mesh.026 243/975 | Building mesh BLAS |      12 tris | WallNiche_voussoir_mesh.024
Fra:1 Mem:72.17M (Peak 120.44M) | Time:00:00.30 | Mem:1.24M, Peak:1.24M | Scene, ViewLayer | Updating Geometry BVH WallNiche_voussoir_mesh.026 243/975 | Building mesh BLAS |      12 tris | WallNiche_voussoir_mesh.025
Fra:1 Mem:72.17M (Peak 120.44M) | Time:00:00.30 | Mem:1.24M, Peak:1.24M | Scene, ViewLayer | Updating Geometry BVH WallNiche_voussoir_mesh.028 245/975 | Building BVH
Fra:1 Mem:72.17M (Peak 120.44M) | Time:00:00.30 | Mem:1.24M, Peak:1.24M | Scene, ViewLayer | Updating Geometry BVH WallNiche_voussoir_mesh.028 245/975 | Building mesh BLAS |      12 tris | WallNiche_voussoir_mesh.028
Fra:1 Mem:72.17M (Peak 120.44M) | Time:00:00.30 | Mem:1.24M, Peak:1.24M | Scene, ViewLayer | Updating Geometry BVH Stone | old fissure_curve 931/975 | Building BVH
Fra:1 Mem:72.17M (Peak 120.44M) | Time:00:00.30 | Mem:1.24M, Peak:1.24M | Scene, ViewLayer | Updating Geometry BVH WallNiche_voussoir_mesh.030 247/975 | Building BVH
Fra:1 Mem:72.17M (Peak 120.44M) | Time:00:00.30 | Mem:1.24M, Peak:1.24M | Scene, ViewLayer | Updating Geometry BVH WallNiche_voussoir_mesh.030 247/975 | Building mesh BLAS |      48 tris | Stone | old fissure_curve
Fra:1 Mem:72.17M (Peak 120.44M) | Time:00:00.30 | Mem:1.24M, Peak:1.24M | Scene, ViewLayer | Updating Geometry BVH WallNiche_voussoir_mesh.030 247/975 | Building mesh BLAS |      12 tris | WallNiche_voussoir_mesh.030
Fra:1 Mem:72.17M (Peak 120.44M) | Time:00:00.30 | Mem:1.24M, Peak:1.24M | Scene, ViewLayer | Updating Geometry BVH WallNiche_voussoir_mesh.030 247/975 | Building mesh BLAS |      12 tris | WallNiche_voussoir_mesh.029
Fra:1 Mem:72.17M (Peak 120.44M) | Time:00:00.30 | Mem:1.24M, Peak:1.24M | Scene, ViewLayer | Updating Geometry BVH WallNiche_voussoir_mesh.031 248/975 | Building BVH
Fra:1 Mem:72.17M (Peak 120.44M) | Time:00:00.30 | Mem:1.24M, Peak:1.24M | Scene, ViewLayer | Updating Geometry BVH WallNiche_voussoir_mesh.031 248/975 | Building mesh BLAS |      12 tris | WallNiche_voussoir_mesh.031
Fra:1 Mem:72.17M (Peak 120.44M) | Time:00:00.30 | Mem:1.24M, Peak:1.24M | Scene, ViewLayer | Updating Geometry BVH WallNiche_voussoir_mesh.033 250/975 | Building BVH
Fra:1 Mem:72.17M (Peak 120.44M) | Time:00:00.30 | Mem:1.24M, Peak:1.24M | Scene, ViewLayer | Updating Geometry BVH WallNiche_voussoir_mesh.032 249/975 | Building BVH
Fra:1 Mem:72.17M (Peak 120.44M) | Time:00:00.30 | Mem:1.24M, Peak:1.24M | Scene, ViewLayer | Updating Geometry BVH WallNiche_voussoir_mesh.034 251/975 | Building mesh BLAS |      12 tris | WallNiche_voussoir_mesh.033
Fra:1 Mem:72.17M (Peak 120.44M) | Time:00:00.30 | Mem:1.24M, Peak:1.24M | Scene, ViewLayer | Updating Geometry BVH WallNiche_voussoir_mesh.034 251/975 | Building mesh BLAS |      12 tris | WallNiche_voussoir_mesh.032
Fra:1 Mem:72.17M (Peak 120.44M) | Time:00:00.30 | Mem:1.24M, Peak:1.24M | Scene, ViewLayer | Updating Geometry BVH WallNiche_voussoir_mesh.034 251/975 | Building mesh BLAS |      12 tris | WallNiche_voussoir_mesh.034
Fra:1 Mem:72.17M (Peak 120.44M) | Time:00:00.30 | Mem:1.24M, Peak:1.24M | Scene, ViewLayer | Updating Geometry BVH WallNiche_voussoir_mesh.036 253/975 | Building BVH
Fra:1 Mem:72.17M (Peak 120.44M) | Time:00:00.30 | Mem:1.24M, Peak:1.24M | Scene, ViewLayer | Updating Geometry BVH WallNiche_voussoir_mesh.036 253/975 | Building mesh BLAS |      12 tris | WallNiche_voussoir_mesh.036
Fra:1 Mem:72.17M (Peak 120.44M) | Time:00:00.30 | Mem:1.24M, Peak:1.24M | Scene, ViewLayer | Updating Geometry BVH WallNiche_voussoir_mesh.036 253/975 | Building mesh BLAS |      12 tris | WallNiche_voussoir_mesh.035
Fra:1 Mem:72.17M (Peak 120.44M) | Time:00:00.30 | Mem:1.24M, Peak:1.24M | Scene, ViewLayer | Updating Geometry BVH WallNiche_voussoir_mesh.037 254/975 | Building BVH
Fra:1 Mem:72.17M (Peak 120.44M) | Time:00:00.30 | Mem:1.24M, Peak:1.24M | Scene, ViewLayer | Updating Geometry BVH WallNiche_voussoir_mesh.037 254/975 | Building mesh BLAS |      12 tris | WallNiche_voussoir_mesh.037
Fra:1 Mem:72.17M (Peak 120.44M) | Time:00:00.30 | Mem:1.24M, Peak:1.24M | Scene, ViewLayer | Updating Geometry BVH WallNiche_voussoir_mesh.038 255/975 | Building BVH
Fra:1 Mem:72.17M (Peak 120.44M) | Time:00:00.30 | Mem:1.24M, Peak:1.24M | Scene, ViewLayer | Updating Geometry BVH Obscured heraldic pupil_mesh 930/975 | Building BVH
Fra:1 Mem:72.17M (Peak 120.44M) | Time:00:00.30 | Mem:1.24M, Peak:1.24M | Scene, ViewLayer | Updating Geometry BVH Obscured heraldic pupil_mesh 930/975 | Building mesh BLAS |      12 tris | WallNiche_voussoir_mesh.038
Fra:1 Mem:72.17M (Peak 120.44M) | Time:00:00.30 | Mem:1.24M, Peak:1.24M | Scene, ViewLayer | Updating Geometry BVH Obscured heraldic pupil_mesh 930/975 | Building mesh BLAS |       2 tris | Obscured heraldic pupil_mesh
Fra:1 Mem:72.17M (Peak 120.44M) | Time:00:00.30 | Mem:1.24M, Peak:1.24M | Scene, ViewLayer | Updating Geometry BVH WallNiche_voussoir_mesh.039 256/975 | Building BVH
Fra:1 Mem:72.17M (Peak 120.44M) | Time:00:00.30 | Mem:1.25M, Peak:1.25M | Scene, ViewLayer | Updating Geometry BVH WallNiche_voussoir_mesh.039 256/975 | Building mesh BLAS |      12 tris | WallNiche_voussoir_mesh.039
Fra:1 Mem:72.17M (Peak 120.44M) | Time:00:00.30 | Mem:1.25M, Peak:1.25M | Scene, ViewLayer | Updating Geometry BVH WallNiche_voussoir_mesh.040 257/975 | Building BVH
Fra:1 Mem:72.17M (Peak 120.44M) | Time:00:00.30 | Mem:1.25M, Peak:1.25M | Scene, ViewLayer | Updating Geometry BVH WallNiche_voussoir_mesh.040 257/975 | Building mesh BLAS |      12 tris | WallNiche_voussoir_mesh.040
Fra:1 Mem:72.17M (Peak 120.44M) | Time:00:00.30 | Mem:1.25M, Peak:1.25M | Scene, ViewLayer | Updating Geometry BVH WallNiche_voussoir_mesh.041 258/975 | Building BVH
Fra:1 Mem:72.17M (Peak 120.44M) | Time:00:00.30 | Mem:1.25M, Peak:1.25M | Scene, ViewLayer | Updating Geometry BVH WallNiche_voussoir_mesh.042 259/975 | Building mesh BLAS |      12 tris | WallNiche_voussoir_mesh.041
Fra:1 Mem:72.17M (Peak 120.44M) | Time:00:00.30 | Mem:1.25M, Peak:1.25M | Scene, ViewLayer | Updating Geometry BVH WallNiche_voussoir_mesh.042 259/975 | Building mesh BLAS |      12 tris | WallNiche_voussoir_mesh.042
Fra:1 Mem:72.17M (Peak 120.44M) | Time:00:00.30 | Mem:1.25M, Peak:1.25M | Scene, ViewLayer | Updating Geometry BVH WallNiche_voussoir_mesh.043 260/975 | Building BVH
Fra:1 Mem:72.17M (Peak 120.44M) | Time:00:00.30 | Mem:1.25M, Peak:1.25M | Scene, ViewLayer | Updating Geometry BVH WallNiche_voussoir_mesh.043 260/975 | Building mesh BLAS |      12 tris | WallNiche_voussoir_mesh.043
Fra:1 Mem:72.17M (Peak 120.44M) | Time:00:00.30 | Mem:1.25M, Peak:1.25M | Scene, ViewLayer | Updating Geometry BVH WallNiche_voussoir_mesh.044 261/975 | Building BVH
Fra:1 Mem:72.17M (Peak 120.44M) | Time:00:00.30 | Mem:1.25M, Peak:1.25M | Scene, ViewLayer | Updating Geometry BVH WallNiche_voussoir_mesh.045 262/975 | Building BVH
Fra:1 Mem:72.17M (Peak 120.44M) | Time:00:00.30 | Mem:1.25M, Peak:1.25M | Scene, ViewLayer | Updating Geometry BVH WallNiche_voussoir_mesh.045 262/975 | Building mesh BLAS |      12 tris | WallNiche_voussoir_mesh.044
Fra:1 Mem:72.17M (Peak 120.44M) | Time:00:00.30 | Mem:1.25M, Peak:1.25M | Scene, ViewLayer | Updating Geometry BVH WallNiche_voussoir_mesh.045 262/975 | Building mesh BLAS |      12 tris | WallNiche_voussoir_mesh.045
Fra:1 Mem:72.17M (Peak 120.44M) | Time:00:00.30 | Mem:1.25M, Peak:1.25M | Scene, ViewLayer | Updating Geometry BVH WallNiche_voussoir_mesh.046 263/975 | Building BVH
Fra:1 Mem:72.17M (Peak 120.44M) | Time:00:00.30 | Mem:1.25M, Peak:1.25M | Scene, ViewLayer | Updating Geometry BVH WallNiche_voussoir_mesh.047 264/975 | Building BVH
Fra:1 Mem:72.17M (Peak 120.44M) | Time:00:00.30 | Mem:1.25M, Peak:1.25M | Scene, ViewLayer | Updating Geometry BVH WallNiche_voussoir_mesh.047 264/975 | Building mesh BLAS |      12 tris | WallNiche_voussoir_mesh.046
Fra:1 Mem:72.17M (Peak 120.44M) | Time:00:00.30 | Mem:1.25M, Peak:1.25M | Scene, ViewLayer | Updating Geometry BVH Obscured heraldic eye_curve 929/975 | Building BVH
Fra:1 Mem:72.17M (Peak 120.44M) | Time:00:00.30 | Mem:1.26M, Peak:1.26M | Scene, ViewLayer | Updating Geometry BVH Obscured heraldic eye_curve 929/975 | Building mesh BLAS |      96 tris | Obscured heraldic eye_curve
Fra:1 Mem:72.17M (Peak 120.44M) | Time:00:00.30 | Mem:1.26M, Peak:1.26M | Scene, ViewLayer | Updating Geometry BVH WallNiche_voussoir_mesh.048 265/975 | Building BVH
Fra:1 Mem:72.17M (Peak 120.44M) | Time:00:00.30 | Mem:1.26M, Peak:1.26M | Scene, ViewLayer | Updating Geometry BVH WallNiche_voussoir_mesh.048 265/975 | Building mesh BLAS |      12 tris | WallNiche_voussoir_mesh.048
Fra:1 Mem:72.17M (Peak 120.44M) | Time:00:00.30 | Mem:1.26M, Peak:1.26M | Scene, ViewLayer | Updating Geometry BVH WallNiche_voussoir_mesh.049 266/975 | Building BVH
Fra:1 Mem:72.17M (Peak 120.44M) | Time:00:00.30 | Mem:1.26M, Peak:1.26M | Scene, ViewLayer | Updating Geometry BVH WallNiche_voussoir_mesh.049 266/975 | Building mesh BLAS |      12 tris | WallNiche_voussoir_mesh.049
Fra:1 Mem:72.17M (Peak 120.44M) | Time:00:00.30 | Mem:1.26M, Peak:1.26M | Scene, ViewLayer | Updating Geometry BVH WallNiche_voussoir_mesh.050 267/975 | Building BVH
Fra:1 Mem:72.17M (Peak 120.44M) | Time:00:00.30 | Mem:1.26M, Peak:1.26M | Scene, ViewLayer | Updating Geometry BVH WallNiche_voussoir_mesh.050 267/975 | Building mesh BLAS |      12 tris | WallNiche_voussoir_mesh.050
Fra:1 Mem:72.17M (Peak 120.44M) | Time:00:00.30 | Mem:1.26M, Peak:1.26M | Scene, ViewLayer | Updating Geometry BVH WallNiche_voussoir_mesh.051 268/975 | Building BVH
Fra:1 Mem:72.17M (Peak 120.44M) | Time:00:00.30 | Mem:1.26M, Peak:1.26M | Scene, ViewLayer | Updating Geometry BVH Altar recessed darkness_mesh 269/975 | Building BVH
Fra:1 Mem:72.17M (Peak 120.44M) | Time:00:00.30 | Mem:1.26M, Peak:1.26M | Scene, ViewLayer | Updating Geometry BVH Altar recessed darkness_mesh 269/975 | Building mesh BLAS |      12 tris | WallNiche_voussoir_mesh.051
Fra:1 Mem:72.17M (Peak 120.44M) | Time:00:00.30 | Mem:1.26M, Peak:1.26M | Scene, ViewLayer | Updating Geometry BVH Altar recessed darkness_mesh 269/975 | Building mesh BLAS |      33 tris | Altar recessed darkness_mesh
Fra:1 Mem:72.17M (Peak 120.44M) | Time:00:00.30 | Mem:1.26M, Peak:1.26M | Scene, ViewLayer | Updating Geometry BVH WallNiche shadow_mesh 270/975 | Building BVH
Fra:1 Mem:72.17M (Peak 120.44M) | Time:00:00.30 | Mem:1.26M, Peak:1.26M | Scene, ViewLayer | Updating Geometry BVH WallNiche shadow_mesh 270/975 | Building mesh BLAS |      33 tris | WallNiche shadow_mesh
Fra:1 Mem:72.17M (Peak 120.44M) | Time:00:00.30 | Mem:1.26M, Peak:1.26M | Scene, ViewLayer | Updating Geometry BVH Cylinder.073 272/975 | Building BVH
Fra:1 Mem:72.17M (Peak 120.44M) | Time:00:00.30 | Mem:1.26M, Peak:1.26M | Scene, ViewLayer | Updating Geometry BVH Cube.013 273/975 | Building BVH
Fra:1 Mem:72.17M (Peak 120.44M) | Time:00:00.30 | Mem:1.26M, Peak:1.26M | Scene, ViewLayer | Updating Geometry BVH Cube.013 273/975 | Building mesh BLAS |      44 tris | Cylinder.073
Fra:1 Mem:72.17M (Peak 120.44M) | Time:00:00.30 | Mem:1.26M, Peak:1.26M | Scene, ViewLayer | Updating Geometry BVH Cube.013 273/975 | Building mesh BLAS |      44 tris | Cylinder.072
Fra:1 Mem:72.17M (Peak 120.44M) | Time:00:00.30 | Mem:1.26M, Peak:1.26M | Scene, ViewLayer | Updating Geometry BVH Cube.013 273/975 | Building mesh BLAS |     108 tris | Cube.013
Fra:1 Mem:72.17M (Peak 120.44M) | Time:00:00.30 | Mem:1.26M, Peak:1.26M | Scene, ViewLayer | Updating Geometry BVH WallNiche shadow_mesh.001 274/975 | Building BVH
Fra:1 Mem:72.17M (Peak 120.44M) | Time:00:00.30 | Mem:1.26M, Peak:1.26M | Scene, ViewLayer | Updating Geometry BVH WallNiche shadow_mesh.001 274/975 | Building mesh BLAS |      33 tris | WallNiche shadow_mesh.001
Fra:1 Mem:72.17M (Peak 120.44M) | Time:00:00.30 | Mem:1.26M, Peak:1.26M | Scene, ViewLayer | Updating Geometry BVH Cylinder.274 928/975 | Building BVH
Fra:1 Mem:72.17M (Peak 120.44M) | Time:00:00.30 | Mem:1.27M, Peak:1.27M | Scene, ViewLayer | Updating Geometry BVH Cylinder.274 928/975 | Building mesh BLAS |      36 tris | Cylinder.274
Fra:1 Mem:72.17M (Peak 120.44M) | Time:00:00.30 | Mem:1.27M, Peak:1.27M | Scene, ViewLayer | Updating Geometry BVH Cylinder.074 275/975 | Building BVH
Fra:1 Mem:72.17M (Peak 120.44M) | Time:00:00.30 | Mem:1.27M, Peak:1.27M | Scene, ViewLayer | Updating Geometry BVH Cylinder.074 275/975 | Building mesh BLAS |      44 tris | Cylinder.074
Fra:1 Mem:72.17M (Peak 120.44M) | Time:00:00.30 | Mem:1.27M, Peak:1.27M | Scene, ViewLayer | Updating Geometry BVH Cylinder.075 276/975 | Building BVH
Fra:1 Mem:72.17M (Peak 120.44M) | Time:00:00.30 | Mem:1.27M, Peak:1.27M | Scene, ViewLayer | Updating Geometry BVH Cube.014 277/975 | Building BVH
Fra:1 Mem:72.17M (Peak 120.44M) | Time:00:00.30 | Mem:1.27M, Peak:1.27M | Scene, ViewLayer | Updating Geometry BVH Cube.014 277/975 | Building mesh BLAS |     108 tris | Cube.014
Fra:1 Mem:72.17M (Peak 120.44M) | Time:00:00.30 | Mem:1.27M, Peak:1.27M | Scene, ViewLayer | Updating Geometry BVH Cube.015 278/975 | Building BVH
Fra:1 Mem:72.17M (Peak 120.44M) | Time:00:00.30 | Mem:1.27M, Peak:1.27M | Scene, ViewLayer | Updating Geometry BVH Cube.015 278/975 | Building mesh BLAS |     108 tris | Cube.015
Fra:1 Mem:72.17M (Peak 120.44M) | Time:00:00.30 | Mem:1.27M, Peak:1.27M | Scene, ViewLayer | Updating Geometry BVH Cube.016 279/975 | Building BVH
Fra:1 Mem:72.17M (Peak 120.44M) | Time:00:00.30 | Mem:1.27M, Peak:1.27M | Scene, ViewLayer | Updating Geometry BVH Cube.016 279/975 | Building mesh BLAS |     108 tris | Cube.016
Fra:1 Mem:72.17M (Peak 120.44M) | Time:00:00.30 | Mem:1.27M, Peak:1.27M | Scene, ViewLayer | Updating Geometry BVH Cube.017 280/975 | Building BVH
Fra:1 Mem:72.17M (Peak 120.44M) | Time:00:00.30 | Mem:1.27M, Peak:1.27M | Scene, ViewLayer | Updating Geometry BVH Cube.017 280/975 | Building mesh BLAS |     108 tris | Cube.017
Fra:1 Mem:72.17M (Peak 120.44M) | Time:00:00.30 | Mem:1.27M, Peak:1.27M | Scene, ViewLayer | Updating Geometry BVH Cube.035 281/975 | Building BVH
Fra:1 Mem:72.17M (Peak 120.44M) | Time:00:00.30 | Mem:1.27M, Peak:1.27M | Scene, ViewLayer | Updating Geometry BVH Cube.035 281/975 | Building mesh BLAS |     108 tris | Cube.035
Fra:1 Mem:72.17M (Peak 120.44M) | Time:00:00.30 | Mem:1.27M, Peak:1.27M | Scene, ViewLayer | Updating Geometry BVH Cube.019 282/975 | Building BVH
Fra:1 Mem:72.17M (Peak 120.44M) | Time:00:00.30 | Mem:1.27M, Peak:1.27M | Scene, ViewLayer | Updating Geometry BVH Cube.020 283/975 | Building BVH
Fra:1 Mem:72.17M (Peak 120.44M) | Time:00:00.30 | Mem:1.27M, Peak:1.27M | Scene, ViewLayer | Updating Geometry BVH Cube.020 283/975 | Building mesh BLAS |     108 tris | Cube.019
Fra:1 Mem:72.17M (Peak 120.44M) | Time:00:00.30 | Mem:1.27M, Peak:1.27M | Scene, ViewLayer | Updating Geometry BVH Cube.020 283/975 | Building mesh BLAS |     108 tris | Cube.020
Fra:1 Mem:72.17M (Peak 120.44M) | Time:00:00.30 | Mem:1.27M, Peak:1.27M | Scene, ViewLayer | Updating Geometry BVH Cube.021 284/975 | Building BVH
Fra:1 Mem:72.17M (Peak 120.44M) | Time:00:00.30 | Mem:1.27M, Peak:1.27M | Scene, ViewLayer | Updating Geometry BVH Cube.021 284/975 | Building mesh BLAS |     108 tris | Cube.021
Fra:1 Mem:72.17M (Peak 120.44M) | Time:00:00.30 | Mem:1.27M, Peak:1.27M | Scene, ViewLayer | Updating Geometry BVH Torn altar hanging | deep crimson_mesh 927/975 | Building BVH
Fra:1 Mem:72.17M (Peak 120.44M) | Time:00:00.30 | Mem:1.27M, Peak:1.27M | Scene, ViewLayer | Updating Geometry BVH Torn altar hanging | deep crimson_mesh 927/975 | Building mesh BLAS |     768 tris | Torn altar hanging | deep crimson_mesh
Fra:1 Mem:72.17M (Peak 120.44M) | Time:00:00.30 | Mem:1.27M, Peak:1.27M | Scene, ViewLayer | Updating Geometry BVH Cube.022 285/975 | Building BVH
Fra:1 Mem:72.17M (Peak 120.44M) | Time:00:00.30 | Mem:1.27M, Peak:1.27M | Scene, ViewLayer | Updating Geometry BVH Cube.022 285/975 | Building mesh BLAS |     108 tris | Cube.022
Fra:1 Mem:72.17M (Peak 120.44M) | Time:00:00.30 | Mem:1.27M, Peak:1.27M | Scene, ViewLayer | Updating Geometry BVH Cube.023 286/975 | Building BVH
Fra:1 Mem:72.17M (Peak 120.44M) | Time:00:00.30 | Mem:1.27M, Peak:1.27M | Scene, ViewLayer | Updating Geometry BVH Cube.023 286/975 | Building mesh BLAS |     108 tris | Cube.023
Fra:1 Mem:72.17M (Peak 120.44M) | Time:00:00.30 | Mem:1.28M, Peak:1.28M | Scene, ViewLayer | Updating Geometry BVH Cube.024 287/975 | Building BVH
Fra:1 Mem:72.17M (Peak 120.44M) | Time:00:00.30 | Mem:1.28M, Peak:1.28M | Scene, ViewLayer | Updating Geometry BVH Cube.024 287/975 | Building mesh BLAS |     108 tris | Cube.024
Fra:1 Mem:72.17M (Peak 120.44M) | Time:00:00.30 | Mem:1.28M, Peak:1.28M | Scene, ViewLayer | Updating Geometry BVH Cube.025 288/975 | Building BVH
Fra:1 Mem:72.17M (Peak 120.44M) | Time:00:00.30 | Mem:1.28M, Peak:1.28M | Scene, ViewLayer | Updating Geometry BVH Cube.025 288/975 | Building mesh BLAS |     108 tris | Cube.025
Fra:1 Mem:72.17M (Peak 120.44M) | Time:00:00.30 | Mem:1.28M, Peak:1.28M | Scene, ViewLayer | Updating Geometry BVH Cube.026 289/975 | Building BVH
Fra:1 Mem:72.17M (Peak 120.44M) | Time:00:00.30 | Mem:1.29M, Peak:1.29M | Scene, ViewLayer | Updating Geometry BVH Cube.026 289/975 | Building mesh BLAS |     108 tris | Cube.026
Fra:1 Mem:72.17M (Peak 120.44M) | Time:00:00.30 | Mem:1.29M, Peak:1.29M | Scene, ViewLayer | Updating Geometry BVH Cube.028 291/975 | Building BVH
Fra:1 Mem:72.17M (Peak 120.44M) | Time:00:00.30 | Mem:1.29M, Peak:1.29M | Scene, ViewLayer | Updating Geometry BVH Cube.029 292/975 | Building BVH
Fra:1 Mem:72.17M (Peak 120.44M) | Time:00:00.30 | Mem:1.29M, Peak:1.29M | Scene, ViewLayer | Updating Geometry BVH Cube.029 292/975 | Building mesh BLAS |     108 tris | Cube.027
Fra:1 Mem:72.17M (Peak 120.44M) | Time:00:00.30 | Mem:1.29M, Peak:1.29M | Scene, ViewLayer | Updating Geometry BVH Cube.029 292/975 | Building mesh BLAS |     108 tris | Cube.029
Fra:1 Mem:72.17M (Peak 120.44M) | Time:00:00.30 | Mem:1.29M, Peak:1.29M | Scene, ViewLayer | Updating Geometry BVH Cube.030 293/975 | Building BVH
Fra:1 Mem:72.17M (Peak 120.44M) | Time:00:00.30 | Mem:1.29M, Peak:1.29M | Scene, ViewLayer | Updating Geometry BVH Cube.030 293/975 | Building mesh BLAS |     108 tris | Cube.030
Fra:1 Mem:72.17M (Peak 120.44M) | Time:00:00.30 | Mem:1.29M, Peak:1.29M | Scene, ViewLayer | Updating Geometry BVH Cube.031 294/975 | Building BVH
Fra:1 Mem:72.17M (Peak 120.44M) | Time:00:00.30 | Mem:1.29M, Peak:1.29M | Scene, ViewLayer | Updating Geometry BVH Cube.031 294/975 | Building mesh BLAS |     108 tris | Cube.031
Fra:1 Mem:72.17M (Peak 120.44M) | Time:00:00.30 | Mem:1.29M, Peak:1.29M | Scene, ViewLayer | Updating Geometry BVH Cube.032 295/975 | Building BVH
Fra:1 Mem:72.17M (Peak 120.44M) | Time:00:00.30 | Mem:1.29M, Peak:1.29M | Scene, ViewLayer | Updating Geometry BVH Cylinder.273 926/975 | Building BVH
Fra:1 Mem:72.17M (Peak 120.44M) | Time:00:00.30 | Mem:1.29M, Peak:1.29M | Scene, ViewLayer | Updating Geometry BVH Tribunal_1_cloaked_body_mesh 296/975 | Building BVH
Fra:1 Mem:72.17M (Peak 120.44M) | Time:00:00.30 | Mem:1.29M, Peak:1.29M | Scene, ViewLayer | Updating Geometry BVH Tribunal_1_cloaked_body_mesh 296/975 | Building mesh BLAS |      52 tris | Cylinder.273
Fra:1 Mem:72.17M (Peak 120.44M) | Time:00:00.30 | Mem:1.29M, Peak:1.29M | Scene, ViewLayer | Updating Geometry BVH Tribunal_1_open_hood_mesh 297/975 | Building mesh BLAS |     160 tris | Tribunal_1_cloaked_body_mesh
Fra:1 Mem:72.17M (Peak 120.44M) | Time:00:00.30 | Mem:1.29M, Peak:1.29M | Scene, ViewLayer | Updating Geometry BVH Tribunal_1_open_hood_mesh 297/975 | Building mesh BLAS |      38 tris | Tribunal_1_open_hood_mesh
Fra:1 Mem:72.17M (Peak 120.44M) | Time:00:00.30 | Mem:1.30M, Peak:1.30M | Scene, ViewLayer | Updating Geometry BVH Icosphere 298/975 | Building BVH
Fra:1 Mem:72.17M (Peak 120.44M) | Time:00:00.30 | Mem:1.30M, Peak:1.30M | Scene, ViewLayer | Updating Geometry BVH Icosphere 298/975 | Building mesh BLAS |      80 tris | Icosphere
Fra:1 Mem:72.17M (Peak 120.44M) | Time:00:00.30 | Mem:1.30M, Peak:1.30M | Scene, ViewLayer | Updating Geometry BVH Cylinder.076 299/975 | Building BVH
Fra:1 Mem:72.17M (Peak 120.44M) | Time:00:00.30 | Mem:1.30M, Peak:1.30M | Scene, ViewLayer | Updating Geometry BVH Cylinder.076 299/975 | Building mesh BLAS |      36 tris | Cylinder.076
Fra:1 Mem:72.17M (Peak 120.44M) | Time:00:00.31 | Mem:1.30M, Peak:1.30M | Scene, ViewLayer | Updating Geometry BVH Cylinder.077 300/975 | Building BVH
Fra:1 Mem:72.17M (Peak 120.44M) | Time:00:00.31 | Mem:1.30M, Peak:1.30M | Scene, ViewLayer | Updating Geometry BVH Cylinder.077 300/975 | Building mesh BLAS |      36 tris | Cylinder.077
Fra:1 Mem:72.17M (Peak 120.44M) | Time:00:00.31 | Mem:1.30M, Peak:1.30M | Scene, ViewLayer | Updating Geometry BVH Cube.033 301/975 | Building BVH
Fra:1 Mem:72.17M (Peak 120.44M) | Time:00:00.31 | Mem:1.30M, Peak:1.30M | Scene, ViewLayer | Updating Geometry BVH Cube.033 301/975 | Building mesh BLAS |     108 tris | Cube.033
Fra:1 Mem:72.17M (Peak 120.44M) | Time:00:00.31 | Mem:1.30M, Peak:1.30M | Scene, ViewLayer | Updating Geometry BVH Cube.034 302/975 | Building BVH
Fra:1 Mem:72.17M (Peak 120.44M) | Time:00:00.31 | Mem:1.30M, Peak:1.30M | Scene, ViewLayer | Updating Geometry BVH Cube.034 302/975 | Building mesh BLAS |     108 tris | Cube.034
Fra:1 Mem:72.17M (Peak 120.44M) | Time:00:00.31 | Mem:1.30M, Peak:1.30M | Scene, ViewLayer | Updating Geometry BVH Tribunal_2_cloaked_body_mesh 303/975 | Building BVH
Fra:1 Mem:72.17M (Peak 120.44M) | Time:00:00.31 | Mem:1.30M, Peak:1.30M | Scene, ViewLayer | Updating Geometry BVH Tribunal_2_cloaked_body_mesh 303/975 | Building mesh BLAS |     160 tris | Tribunal_2_cloaked_body_mesh
Fra:1 Mem:72.17M (Peak 120.44M) | Time:00:00.31 | Mem:1.30M, Peak:1.30M | Scene, ViewLayer | Updating Geometry BVH Tribunal_2_open_hood_mesh 304/975 | Building BVH
Fra:1 Mem:72.17M (Peak 120.44M) | Time:00:00.31 | Mem:1.30M, Peak:1.30M | Scene, ViewLayer | Updating Geometry BVH Tribunal_2_open_hood_mesh 304/975 | Building mesh BLAS |      38 tris | Tribunal_2_open_hood_mesh
Fra:1 Mem:72.17M (Peak 120.44M) | Time:00:00.31 | Mem:1.30M, Peak:1.30M | Scene, ViewLayer | Updating Geometry BVH Icosphere.001 305/975 | Building BVH
Fra:1 Mem:72.17M (Peak 120.44M) | Time:00:00.31 | Mem:1.30M, Peak:1.30M | Scene, ViewLayer | Updating Geometry BVH Cylinder.078 306/975 | Building BVH
Fra:1 Mem:72.17M (Peak 120.44M) | Time:00:00.31 | Mem:1.30M, Peak:1.30M | Scene, ViewLayer | Updating Geometry BVH Icosphere.133 925/975 | Building BVH
Fra:1 Mem:72.17M (Peak 120.44M) | Time:00:00.31 | Mem:1.30M, Peak:1.30M | Scene, ViewLayer | Updating Geometry BVH Icosphere.133 925/975 | Building mesh BLAS |      36 tris | Cylinder.078
Fra:1 Mem:72.17M (Peak 120.44M) | Time:00:00.31 | Mem:1.30M, Peak:1.30M | Scene, ViewLayer | Updating Geometry BVH Icosphere.133 925/975 | Building mesh BLAS |      20 tris | Icosphere.133
Fra:1 Mem:72.17M (Peak 120.44M) | Time:00:00.31 | Mem:1.31M, Peak:1.31M | Scene, ViewLayer | Updating Geometry BVH Cylinder.079 307/975 | Building BVH
Fra:1 Mem:72.17M (Peak 120.44M) | Time:00:00.31 | Mem:1.31M, Peak:1.31M | Scene, ViewLayer | Updating Geometry BVH Cylinder.079 307/975 | Building mesh BLAS |      36 tris | Cylinder.079
Fra:1 Mem:72.17M (Peak 120.44M) | Time:00:00.31 | Mem:1.31M, Peak:1.31M | Scene, ViewLayer | Updating Geometry BVH Tribunal_3_cloaked_body_mesh 308/975 | Building BVH
Fra:1 Mem:72.17M (Peak 120.44M) | Time:00:00.31 | Mem:1.31M, Peak:1.31M | Scene, ViewLayer | Updating Geometry BVH Tribunal_3_open_hood_mesh 309/975 | Building BVH
Fra:1 Mem:72.17M (Peak 120.44M) | Time:00:00.31 | Mem:1.31M, Peak:1.31M | Scene, ViewLayer | Updating Geometry BVH Tribunal_3_open_hood_mesh 309/975 | Building mesh BLAS |     160 tris | Tribunal_3_cloaked_body_mesh
Fra:1 Mem:72.17M (Peak 120.44M) | Time:00:00.31 | Mem:1.31M, Peak:1.31M | Scene, ViewLayer | Updating Geometry BVH Tribunal_3_open_hood_mesh 309/975 | Building mesh BLAS |      38 tris | Tribunal_3_open_hood_mesh
Fra:1 Mem:72.17M (Peak 120.44M) | Time:00:00.31 | Mem:1.31M, Peak:1.31M | Scene, ViewLayer | Updating Geometry BVH Icosphere.002 310/975 | Building BVH
Fra:1 Mem:72.17M (Peak 120.44M) | Time:00:00.31 | Mem:1.31M, Peak:1.31M | Scene, ViewLayer | Updating Geometry BVH Icosphere.002 310/975 | Building mesh BLAS |      80 tris | Icosphere.002
Fra:1 Mem:72.17M (Peak 120.44M) | Time:00:00.31 | Mem:1.31M, Peak:1.31M | Scene, ViewLayer | Updating Geometry BVH Cylinder.080 311/975 | Building BVH
Fra:1 Mem:72.17M (Peak 120.44M) | Time:00:00.31 | Mem:1.31M, Peak:1.31M | Scene, ViewLayer | Updating Geometry BVH Cylinder.080 311/975 | Building mesh BLAS |      36 tris | Cylinder.080
Fra:1 Mem:72.17M (Peak 120.44M) | Time:00:00.31 | Mem:1.31M, Peak:1.31M | Scene, ViewLayer | Updating Geometry BVH Cylinder.081 312/975 | Building BVH
Fra:1 Mem:72.17M (Peak 120.44M) | Time:00:00.31 | Mem:1.31M, Peak:1.31M | Scene, ViewLayer | Updating Geometry BVH Cylinder.081 312/975 | Building mesh BLAS |      36 tris | Cylinder.081
Fra:1 Mem:72.17M (Peak 120.44M) | Time:00:00.31 | Mem:1.31M, Peak:1.31M | Scene, ViewLayer | Updating Geometry BVH Tribunal_4_cloaked_body_mesh 313/975 | Building BVH
Fra:1 Mem:72.17M (Peak 120.44M) | Time:00:00.31 | Mem:1.31M, Peak:1.31M | Scene, ViewLayer | Updating Geometry BVH Cylinder.272 924/975 | Building BVH
Fra:1 Mem:72.17M (Peak 120.44M) | Time:00:00.31 | Mem:1.31M, Peak:1.31M | Scene, ViewLayer | Updating Geometry BVH Cylinder.272 924/975 | Building mesh BLAS |     160 tris | Tribunal_4_cloaked_body_mesh
Fra:1 Mem:72.17M (Peak 120.44M) | Time:00:00.31 | Mem:1.31M, Peak:1.31M | Scene, ViewLayer | Updating Geometry BVH Cylinder.272 924/975 | Building mesh BLAS |      24 tris | Cylinder.272
Fra:1 Mem:72.17M (Peak 120.44M) | Time:00:00.31 | Mem:1.31M, Peak:1.31M | Scene, ViewLayer | Updating Geometry BVH Icosphere.003 315/975 | Building BVH
Fra:1 Mem:72.17M (Peak 120.44M) | Time:00:00.31 | Mem:1.31M, Peak:1.31M | Scene, ViewLayer | Updating Geometry BVH Icosphere.003 315/975 | Building mesh BLAS |      38 tris | Tribunal_4_open_hood_mesh
Fra:1 Mem:72.17M (Peak 120.44M) | Time:00:00.31 | Mem:1.31M, Peak:1.31M | Scene, ViewLayer | Updating Geometry BVH Cylinder.082 316/975 | Building BVH
Fra:1 Mem:72.17M (Peak 120.44M) | Time:00:00.31 | Mem:1.31M, Peak:1.31M | Scene, ViewLayer | Updating Geometry BVH Cylinder.083 317/975 | Building BVH
Fra:1 Mem:72.17M (Peak 120.44M) | Time:00:00.31 | Mem:1.31M, Peak:1.31M | Scene, ViewLayer | Updating Geometry BVH Cylinder.083 317/975 | Building mesh BLAS |      36 tris | Cylinder.082
Fra:1 Mem:72.17M (Peak 120.44M) | Time:00:00.31 | Mem:1.31M, Peak:1.31M | Scene, ViewLayer | Updating Geometry BVH Tribunal_5_cloaked_body_mesh 318/975 | Building BVH
Fra:1 Mem:72.17M (Peak 120.44M) | Time:00:00.31 | Mem:1.31M, Peak:1.31M | Scene, ViewLayer | Updating Geometry BVH Tribunal_5_cloaked_body_mesh 318/975 | Building mesh BLAS |     160 tris | Tribunal_5_cloaked_body_mesh
Fra:1 Mem:72.17M (Peak 120.44M) | Time:00:00.31 | Mem:1.31M, Peak:1.31M | Scene, ViewLayer | Updating Geometry BVH Tribunal_5_cloaked_body_mesh 318/975 | Building mesh BLAS |      36 tris | Cylinder.083
Fra:1 Mem:72.17M (Peak 120.44M) | Time:00:00.31 | Mem:1.32M, Peak:1.32M | Scene, ViewLayer | Updating Geometry BVH Tribunal_5_open_hood_mesh 319/975 | Building BVH
Fra:1 Mem:72.17M (Peak 120.44M) | Time:00:00.31 | Mem:1.32M, Peak:1.32M | Scene, ViewLayer | Updating Geometry BVH Tribunal_5_open_hood_mesh 319/975 | Building mesh BLAS |      38 tris | Tribunal_5_open_hood_mesh
Fra:1 Mem:72.17M (Peak 120.44M) | Time:00:00.31 | Mem:1.32M, Peak:1.32M | Scene, ViewLayer | Updating Geometry BVH Icosphere.004 320/975 | Building BVH
Fra:1 Mem:72.17M (Peak 120.44M) | Time:00:00.31 | Mem:1.32M, Peak:1.32M | Scene, ViewLayer | Updating Geometry BVH Icosphere.004 320/975 | Building mesh BLAS |      80 tris | Icosphere.004
Fra:1 Mem:72.17M (Peak 120.44M) | Time:00:00.31 | Mem:1.32M, Peak:1.32M | Scene, ViewLayer | Updating Geometry BVH Cylinder.084 321/975 | Building BVH
Fra:1 Mem:72.17M (Peak 120.44M) | Time:00:00.31 | Mem:1.32M, Peak:1.32M | Scene, ViewLayer | Updating Geometry BVH Cylinder.084 321/975 | Building mesh BLAS |      36 tris | Cylinder.084
Fra:1 Mem:72.17M (Peak 120.44M) | Time:00:00.31 | Mem:1.32M, Peak:1.32M | Scene, ViewLayer | Updating Geometry BVH Icosphere.132 923/975 | Building BVH
Fra:1 Mem:72.17M (Peak 120.44M) | Time:00:00.31 | Mem:1.32M, Peak:1.32M | Scene, ViewLayer | Updating Geometry BVH Icosphere.132 923/975 | Building mesh BLAS |      20 tris | Icosphere.132
Fra:1 Mem:72.17M (Peak 120.44M) | Time:00:00.31 | Mem:1.32M, Peak:1.32M | Scene, ViewLayer | Updating Geometry BVH Cylinder.085 322/975 | Building BVH
Fra:1 Mem:72.17M (Peak 120.44M) | Time:00:00.31 | Mem:1.32M, Peak:1.32M | Scene, ViewLayer | Updating Geometry BVH Cylinder.085 322/975 | Building mesh BLAS |      36 tris | Cylinder.085
Fra:1 Mem:72.17M (Peak 120.44M) | Time:00:00.31 | Mem:1.32M, Peak:1.32M | Scene, ViewLayer | Updating Geometry BVH Tribunal_6_cloaked_body_mesh 323/975 | Building BVH
Fra:1 Mem:72.17M (Peak 120.44M) | Time:00:00.31 | Mem:1.32M, Peak:1.32M | Scene, ViewLayer | Updating Geometry BVH Tribunal_6_cloaked_body_mesh 323/975 | Building mesh BLAS |     160 tris | Tribunal_6_cloaked_body_mesh
Fra:1 Mem:72.17M (Peak 120.44M) | Time:00:00.31 | Mem:1.32M, Peak:1.32M | Scene, ViewLayer | Updating Geometry BVH Tribunal_6_open_hood_mesh 324/975 | Building BVH
Fra:1 Mem:72.17M (Peak 120.44M) | Time:00:00.31 | Mem:1.32M, Peak:1.32M | Scene, ViewLayer | Updating Geometry BVH Tribunal_6_open_hood_mesh 324/975 | Building mesh BLAS |      38 tris | Tribunal_6_open_hood_mesh
Fra:1 Mem:72.17M (Peak 120.44M) | Time:00:00.31 | Mem:1.32M, Peak:1.32M | Scene, ViewLayer | Updating Geometry BVH Icosphere.005 325/975 | Building BVH
Fra:1 Mem:72.17M (Peak 120.44M) | Time:00:00.31 | Mem:1.32M, Peak:1.32M | Scene, ViewLayer | Updating Geometry BVH Cylinder.086 326/975 | Building BVH
Fra:1 Mem:72.17M (Peak 120.44M) | Time:00:00.31 | Mem:1.32M, Peak:1.32M | Scene, ViewLayer | Updating Geometry BVH Cylinder.086 326/975 | Building mesh BLAS |      80 tris | Icosphere.005
Fra:1 Mem:72.17M (Peak 120.44M) | Time:00:00.31 | Mem:1.32M, Peak:1.32M | Scene, ViewLayer | Updating Geometry BVH Cylinder.086 326/975 | Building mesh BLAS |      36 tris | Cylinder.086
Fra:1 Mem:72.17M (Peak 120.44M) | Time:00:00.31 | Mem:1.32M, Peak:1.32M | Scene, ViewLayer | Updating Geometry BVH Cylinder.087 327/975 | Building BVH
Fra:1 Mem:72.17M (Peak 120.44M) | Time:00:00.31 | Mem:1.32M, Peak:1.32M | Scene, ViewLayer | Updating Geometry BVH Cylinder.087 327/975 | Building mesh BLAS |      36 tris | Cylinder.087
Fra:1 Mem:72.17M (Peak 120.44M) | Time:00:00.31 | Mem:1.32M, Peak:1.32M | Scene, ViewLayer | Updating Geometry BVH Tribunal_7_cloaked_body_mesh 328/975 | Building BVH
Fra:1 Mem:72.17M (Peak 120.44M) | Time:00:00.31 | Mem:1.32M, Peak:1.32M | Scene, ViewLayer | Updating Geometry BVH Tribunal_7_cloaked_body_mesh 328/975 | Building mesh BLAS |     160 tris | Tribunal_7_cloaked_body_mesh
Fra:1 Mem:72.17M (Peak 120.44M) | Time:00:00.31 | Mem:1.33M, Peak:1.33M | Scene, ViewLayer | Updating Geometry BVH Tribunal_7_open_hood_mesh 329/975 | Building BVH
Fra:1 Mem:72.17M (Peak 120.44M) | Time:00:00.31 | Mem:1.33M, Peak:1.33M | Scene, ViewLayer | Updating Geometry BVH Tribunal_7_open_hood_mesh 329/975 | Building mesh BLAS |      38 tris | Tribunal_7_open_hood_mesh
Fra:1 Mem:72.17M (Peak 120.44M) | Time:00:00.31 | Mem:1.33M, Peak:1.33M | Scene, ViewLayer | Updating Geometry BVH Icosphere.006 330/975 | Building BVH
Fra:1 Mem:72.17M (Peak 120.44M) | Time:00:00.31 | Mem:1.33M, Peak:1.33M | Scene, ViewLayer | Updating Geometry BVH Cylinder.271 922/975 | Building BVH
Fra:1 Mem:72.17M (Peak 120.44M) | Time:00:00.31 | Mem:1.33M, Peak:1.33M | Scene, ViewLayer | Updating Geometry BVH Cylinder.088 331/975 | Building BVH
Fra:1 Mem:72.17M (Peak 120.44M) | Time:00:00.31 | Mem:1.33M, Peak:1.33M | Scene, ViewLayer | Updating Geometry BVH Cylinder.088 331/975 | Building mesh BLAS |      24 tris | Cylinder.271
Fra:1 Mem:72.17M (Peak 120.44M) | Time:00:00.31 | Mem:1.33M, Peak:1.33M | Scene, ViewLayer | Updating Geometry BVH Cylinder.088 331/975 | Building mesh BLAS |      36 tris | Cylinder.088
Fra:1 Mem:72.17M (Peak 120.44M) | Time:00:00.31 | Mem:1.33M, Peak:1.33M | Scene, ViewLayer | Updating Geometry BVH Cylinder.088 331/975 | Building mesh BLAS |      80 tris | Icosphere.006
Fra:1 Mem:72.17M (Peak 120.44M) | Time:00:00.31 | Mem:1.33M, Peak:1.33M | Scene, ViewLayer | Updating Geometry BVH Cylinder.089 332/975 | Building BVH
Fra:1 Mem:72.17M (Peak 120.44M) | Time:00:00.31 | Mem:1.33M, Peak:1.33M | Scene, ViewLayer | Updating Geometry BVH FrontLeft_tall_holder_mesh 333/975 | Building BVH
Fra:1 Mem:72.17M (Peak 120.44M) | Time:00:00.31 | Mem:1.33M, Peak:1.33M | Scene, ViewLayer | Updating Geometry BVH FrontLeft_tall_holder_mesh 333/975 | Building mesh BLAS |      36 tris | Cylinder.089
Fra:1 Mem:72.17M (Peak 120.44M) | Time:00:00.31 | Mem:1.33M, Peak:1.33M | Scene, ViewLayer | Updating Geometry BVH FrontLeft_tall_holder_mesh 333/975 | Building mesh BLAS |     360 tris | FrontLeft_tall_holder_mesh
Fra:1 Mem:72.17M (Peak 120.44M) | Time:00:00.31 | Mem:1.33M, Peak:1.33M | Scene, ViewLayer | Updating Geometry BVH Cylinder.090 334/975 | Building BVH
Fra:1 Mem:72.17M (Peak 120.44M) | Time:00:00.31 | Mem:1.33M, Peak:1.33M | Scene, ViewLayer | Updating Geometry BVH Cylinder.090 334/975 | Building mesh BLAS |      60 tris | Cylinder.090
Fra:1 Mem:72.17M (Peak 120.44M) | Time:00:00.31 | Mem:1.33M, Peak:1.33M | Scene, ViewLayer | Updating Geometry BVH FrontLeft_tall_drip_dish_mesh 335/975 | Building BVH
Fra:1 Mem:72.17M (Peak 120.44M) | Time:00:00.31 | Mem:1.33M, Peak:1.33M | Scene, ViewLayer | Updating Geometry BVH FrontLeft_tall_drip_dish_mesh 335/975 | Building mesh BLAS |     200 tris | FrontLeft_tall_drip_dish_mesh
Fra:1 Mem:72.17M (Peak 120.44M) | Time:00:00.31 | Mem:1.33M, Peak:1.33M | Scene, ViewLayer | Updating Geometry BVH Cylinder.091 336/975 | Building BVH
Fra:1 Mem:72.17M (Peak 120.44M) | Time:00:00.31 | Mem:1.33M, Peak:1.33M | Scene, ViewLayer | Updating Geometry BVH FrontLeft_tall_flame_mesh 337/975 | Building BVH
Fra:1 Mem:72.17M (Peak 120.44M) | Time:00:00.31 | Mem:1.33M, Peak:1.33M | Scene, ViewLayer | Updating Geometry BVH FrontLeft_low_holder_mesh 338/975 | Building BVH
Fra:1 Mem:72.17M (Peak 120.44M) | Time:00:00.31 | Mem:1.33M, Peak:1.33M | Scene, ViewLayer | Updating Geometry BVH FrontLeft_low_holder_mesh 338/975 | Building mesh BLAS |     120 tris | FrontLeft_tall_flame_mesh
Fra:1 Mem:72.17M (Peak 120.44M) | Time:00:00.31 | Mem:1.33M, Peak:1.33M | Scene, ViewLayer | Updating Geometry BVH FrontLeft_low_holder_mesh 338/975 | Building mesh BLAS |     360 tris | FrontLeft_low_holder_mesh
Fra:1 Mem:72.17M (Peak 120.44M) | Time:00:00.31 | Mem:1.33M, Peak:1.33M | Scene, ViewLayer | Updating Geometry BVH Icosphere.131 921/975 | Building BVH
Fra:1 Mem:72.17M (Peak 120.44M) | Time:00:00.31 | Mem:1.33M, Peak:1.33M | Scene, ViewLayer | Updating Geometry BVH Icosphere.131 921/975 | Building mesh BLAS |      20 tris | Icosphere.131
Fra:1 Mem:72.17M (Peak 120.44M) | Time:00:00.31 | Mem:1.34M, Peak:1.34M | Scene, ViewLayer | Updating Geometry BVH Cylinder.092 339/975 | Building BVH
Fra:1 Mem:72.17M (Peak 120.44M) | Time:00:00.31 | Mem:1.34M, Peak:1.34M | Scene, ViewLayer | Updating Geometry BVH Cylinder.092 339/975 | Building mesh BLAS |      60 tris | Cylinder.092
Fra:1 Mem:72.17M (Peak 120.44M) | Time:00:00.31 | Mem:1.34M, Peak:1.34M | Scene, ViewLayer | Updating Geometry BVH FrontLeft_low_drip_dish_mesh 340/975 | Building BVH
Fra:1 Mem:72.17M (Peak 120.44M) | Time:00:00.31 | Mem:1.34M, Peak:1.34M | Scene, ViewLayer | Updating Geometry BVH FrontLeft_low_drip_dish_mesh 340/975 | Building mesh BLAS |     200 tris | FrontLeft_low_drip_dish_mesh
Fra:1 Mem:72.17M (Peak 120.44M) | Time:00:00.31 | Mem:1.34M, Peak:1.34M | Scene, ViewLayer | Updating Geometry BVH Cylinder.093 341/975 | Building BVH
Fra:1 Mem:72.17M (Peak 120.44M) | Time:00:00.31 | Mem:1.34M, Peak:1.34M | Scene, ViewLayer | Updating Geometry BVH Cylinder.093 341/975 | Building mesh BLAS |      24 tris | Cylinder.093
Fra:1 Mem:72.17M (Peak 120.44M) | Time:00:00.31 | Mem:1.34M, Peak:1.34M | Scene, ViewLayer | Updating Geometry BVH FrontLeft_low_flame_mesh 342/975 | Building BVH
Fra:1 Mem:72.17M (Peak 120.44M) | Time:00:00.31 | Mem:1.34M, Peak:1.34M | Scene, ViewLayer | Updating Geometry BVH FrontLeft_low_flame_mesh 342/975 | Building mesh BLAS |     120 tris | FrontLeft_low_flame_mesh
Fra:1 Mem:72.17M (Peak 120.44M) | Time:00:00.31 | Mem:1.34M, Peak:1.34M | Scene, ViewLayer | Updating Geometry BVH FrontLeft_stump_holder_mesh 343/975 | Building BVH
Fra:1 Mem:72.17M (Peak 120.44M) | Time:00:00.31 | Mem:1.34M, Peak:1.34M | Scene, ViewLayer | Updating Geometry BVH FrontLeft_stump_holder_mesh 343/975 | Building mesh BLAS |     360 tris | FrontLeft_stump_holder_mesh
Fra:1 Mem:72.17M (Peak 120.44M) | Time:00:00.32 | Mem:1.35M, Peak:1.35M | Scene, ViewLayer | Updating Geometry BVH Cylinder.094 344/975 | Building BVH
Fra:1 Mem:72.17M (Peak 120.44M) | Time:00:00.32 | Mem:1.35M, Peak:1.35M | Scene, ViewLayer | Updating Geometry BVH FrontLeft_stump_drip_dish_mesh 345/975 | Building BVH
Fra:1 Mem:72.17M (Peak 120.44M) | Time:00:00.32 | Mem:1.35M, Peak:1.35M | Scene, ViewLayer | Updating Geometry BVH FrontLeft_stump_drip_dish_mesh 345/975 | Building mesh BLAS |      60 tris | Cylinder.094
Fra:1 Mem:72.17M (Peak 120.44M) | Time:00:00.32 | Mem:1.35M, Peak:1.35M | Scene, ViewLayer | Updating Geometry BVH Cylinder.270 920/975 | Building BVH
Fra:1 Mem:72.17M (Peak 120.44M) | Time:00:00.32 | Mem:1.35M, Peak:1.35M | Scene, ViewLayer | Updating Geometry BVH Cylinder.096 349/975 | Building BVH
Fra:1 Mem:72.17M (Peak 120.44M) | Time:00:00.32 | Mem:1.37M, Peak:1.37M | Scene, ViewLayer | Updating Geometry BVH Cylinder.096 349/975 | Building mesh BLAS |     120 tris | FrontLeft_stump_flame_mesh
Fra:1 Mem:72.17M (Peak 120.44M) | Time:00:00.32 | Mem:1.37M, Peak:1.37M | Scene, ViewLayer | Updating Geometry BVH Cylinder.096 349/975 | Building mesh BLAS |      60 tris | Cylinder.096
Fra:1 Mem:72.17M (Peak 120.44M) | Time:00:00.32 | Mem:1.37M, Peak:1.37M | Scene, ViewLayer | Updating Geometry BVH FrontRight_tall_drip_dish_mesh 350/975 | Building BVH
Fra:1 Mem:72.17M (Peak 120.44M) | Time:00:00.32 | Mem:1.37M, Peak:1.37M | Scene, ViewLayer | Updating Geometry BVH FrontRight_tall_drip_dish_mesh 350/975 | Building mesh BLAS |      24 tris | Cylinder.270
Fra:1 Mem:72.17M (Peak 120.44M) | Time:00:00.32 | Mem:1.38M, Peak:1.38M | Scene, ViewLayer | Updating Geometry BVH Cylinder.097 351/975 | Building BVH
Fra:1 Mem:72.17M (Peak 120.44M) | Time:00:00.32 | Mem:1.38M, Peak:1.38M | Scene, ViewLayer | Updating Geometry BVH Cylinder.097 351/975 | Building mesh BLAS |      24 tris | Cylinder.097
Fra:1 Mem:72.17M (Peak 120.44M) | Time:00:00.32 | Mem:1.38M, Peak:1.38M | Scene, ViewLayer | Updating Geometry BVH Cylinder.097 351/975 | Building mesh BLAS |     360 tris | FrontRight_tall_holder_mesh
Fra:1 Mem:72.17M (Peak 120.44M) | Time:00:00.32 | Mem:1.38M, Peak:1.38M | Scene, ViewLayer | Updating Geometry BVH Cylinder.097 351/975 | Building mesh BLAS |      24 tris | Cylinder.095
Fra:1 Mem:72.17M (Peak 120.44M) | Time:00:00.32 | Mem:1.38M, Peak:1.38M | Scene, ViewLayer | Updating Geometry BVH Cylinder.097 351/975 | Building mesh BLAS |     200 tris | FrontRight_tall_drip_dish_mesh
Fra:1 Mem:72.17M (Peak 120.44M) | Time:00:00.32 | Mem:1.38M, Peak:1.38M | Scene, ViewLayer | Updating Geometry BVH FrontRight_tall_flame_mesh 352/975 | Building BVH
Fra:1 Mem:72.17M (Peak 120.44M) | Time:00:00.32 | Mem:1.38M, Peak:1.38M | Scene, ViewLayer | Updating Geometry BVH FrontRight_tall_flame_mesh 352/975 | Building mesh BLAS |     120 tris | FrontRight_tall_flame_mesh
Fra:1 Mem:72.17M (Peak 120.44M) | Time:00:00.32 | Mem:1.39M, Peak:1.39M | Scene, ViewLayer | Updating Geometry BVH FrontRight_low_holder_mesh 353/975 | Building BVH
Fra:1 Mem:72.17M (Peak 120.44M) | Time:00:00.32 | Mem:1.39M, Peak:1.39M | Scene, ViewLayer | Updating Geometry BVH FrontRight_low_holder_mesh 353/975 | Building mesh BLAS |     360 tris | FrontRight_low_holder_mesh
Fra:1 Mem:72.17M (Peak 120.44M) | Time:00:00.32 | Mem:1.41M, Peak:1.41M | Scene, ViewLayer | Updating Geometry BVH FrontRight_low_drip_dish_mesh 355/975 | Building BVH
Fra:1 Mem:72.17M (Peak 120.44M) | Time:00:00.32 | Mem:1.42M, Peak:1.42M | Scene, ViewLayer | Updating Geometry BVH Cylinder.099 356/975 | Building BVH
Fra:1 Mem:72.18M (Peak 120.44M) | Time:00:00.32 | Mem:1.42M, Peak:1.42M | Scene, ViewLayer | Updating Geometry BVH Cylinder.099 356/975 | Building mesh BLAS |      24 tris | Cylinder.099
Fra:1 Mem:72.18M (Peak 120.44M) | Time:00:00.32 | Mem:1.42M, Peak:1.42M | Scene, ViewLayer | Updating Geometry BVH Icosphere.130 919/975 | Building BVH
Fra:1 Mem:72.18M (Peak 120.44M) | Time:00:00.32 | Mem:1.42M, Peak:1.42M | Scene, ViewLayer | Updating Geometry BVH Icosphere.130 919/975 | Building mesh BLAS |      60 tris | Cylinder.098
Fra:1 Mem:72.18M (Peak 120.44M) | Time:00:00.32 | Mem:1.42M, Peak:1.42M | Scene, ViewLayer | Updating Geometry BVH FrontRight_low_flame_mesh 357/975 | Building BVH
Fra:1 Mem:72.18M (Peak 120.44M) | Time:00:00.32 | Mem:1.42M, Peak:1.42M | Scene, ViewLayer | Updating Geometry BVH FrontRight_low_flame_mesh 357/975 | Building mesh BLAS |     120 tris | FrontRight_low_flame_mesh
Fra:1 Mem:72.18M (Peak 120.44M) | Time:00:00.32 | Mem:1.42M, Peak:1.42M | Scene, ViewLayer | Updating Geometry BVH Back iron floor stand_mesh 358/975 | Building BVH
Fra:1 Mem:72.18M (Peak 120.44M) | Time:00:00.32 | Mem:1.42M, Peak:1.42M | Scene, ViewLayer | Updating Geometry BVH Back iron floor stand_mesh 358/975 | Building mesh BLAS |     224 tris | Back iron floor stand_mesh
Fra:1 Mem:72.18M (Peak 120.44M) | Time:00:00.32 | Mem:1.47M, Peak:1.47M | Scene, ViewLayer | Updating Geometry BVH Cylinder.100 359/975 | Building BVH
Fra:1 Mem:72.18M (Peak 120.44M) | Time:00:00.32 | Mem:1.62M, Peak:1.62M | Scene, ViewLayer | Updating Geometry BVH Cylinder.105 367/975 | Building mesh BLAS |      36 tris | Cylinder.100
Fra:1 Mem:72.18M (Peak 120.44M) | Time:00:00.32 | Mem:1.63M, Peak:1.63M | Scene, ViewLayer | Updating Geometry BVH Cylinder.105 367/975 | Building mesh BLAS |     200 tris | Back_-1_0_drip_dish_mesh
Fra:1 Mem:72.18M (Peak 120.44M) | Time:00:00.32 | Mem:1.63M, Peak:1.63M | Scene, ViewLayer | Updating Geometry BVH Back_-1_1_flame_mesh 368/975 | Building BVH
Fra:1 Mem:72.18M (Peak 120.44M) | Time:00:00.32 | Mem:1.63M, Peak:1.63M | Scene, ViewLayer | Updating Geometry BVH Back_-1_1_flame_mesh 368/975 | Building mesh BLAS |      60 tris | Cylinder.101
Fra:1 Mem:72.18M (Peak 120.44M) | Time:00:00.32 | Mem:1.63M, Peak:1.63M | Scene, ViewLayer | Updating Geometry BVH Back_-1_1_flame_mesh 368/975 | Building mesh BLAS |      24 tris | Cylinder.102
Fra:1 Mem:72.18M (Peak 120.44M) | Time:00:00.32 | Mem:1.63M, Peak:1.63M | Scene, ViewLayer | Updating Geometry BVH Cylinder.106 369/975 | Building BVH
Fra:1 Mem:72.18M (Peak 120.44M) | Time:00:00.32 | Mem:1.63M, Peak:1.63M | Scene, ViewLayer | Updating Geometry BVH Cylinder.107 370/975 | Building BVH
Fra:1 Mem:72.18M (Peak 120.44M) | Time:00:00.32 | Mem:1.63M, Peak:1.63M | Scene, ViewLayer | Updating Geometry BVH Back_-1_2_drip_dish_mesh 371/975 | Building BVH
Fra:1 Mem:72.18M (Peak 120.44M) | Time:00:00.32 | Mem:1.63M, Peak:1.63M | Scene, ViewLayer | Updating Geometry BVH Cylinder.108 372/975 | Building BVH
Fra:1 Mem:72.18M (Peak 120.44M) | Time:00:00.32 | Mem:1.63M, Peak:1.63M | Scene, ViewLayer | Updating Geometry BVH Cylinder.108 372/975 | Building mesh BLAS |      24 tris | Cylinder.108
Fra:1 Mem:72.18M (Peak 120.44M) | Time:00:00.32 | Mem:1.63M, Peak:1.63M | Scene, ViewLayer | Updating Geometry BVH Cylinder.108 372/975 | Building mesh BLAS |      24 tris | Cylinder.269
Fra:1 Mem:72.18M (Peak 120.44M) | Time:00:00.32 | Mem:1.63M, Peak:1.63M | Scene, ViewLayer | Updating Geometry BVH Cylinder.108 372/975 | Building mesh BLAS |     120 tris | Back_-1_1_flame_mesh
Fra:1 Mem:72.18M (Peak 120.44M) | Time:00:00.32 | Mem:1.63M, Peak:1.63M | Scene, ViewLayer | Updating Geometry BVH Cylinder.108 372/975 | Building mesh BLAS |      60 tris | Cylinder.107
Fra:1 Mem:72.18M (Peak 120.44M) | Time:00:00.32 | Mem:1.63M, Peak:1.63M | Scene, ViewLayer | Updating Geometry BVH Back_-1_2_flame_mesh 373/975 | Building BVH
Fra:1 Mem:72.18M (Peak 120.44M) | Time:00:00.32 | Mem:1.63M, Peak:1.63M | Scene, ViewLayer | Updating Geometry BVH Back iron floor stand_mesh.001 374/975 | Building BVH
Fra:1 Mem:72.18M (Peak 120.44M) | Time:00:00.33 | Mem:1.63M, Peak:1.63M | Scene, ViewLayer | Updating Geometry BVH Cylinder.109 375/975 | Building BVH
Fra:1 Mem:72.18M (Peak 120.44M) | Time:00:00.33 | Mem:1.63M, Peak:1.63M | Scene, ViewLayer | Updating Geometry BVH Cylinder.109 375/975 | Building mesh BLAS |      36 tris | Cylinder.109
Fra:1 Mem:72.18M (Peak 120.44M) | Time:00:00.33 | Mem:1.63M, Peak:1.63M | Scene, ViewLayer | Updating Geometry BVH Cylinder.109 375/975 | Building mesh BLAS |     120 tris | Back_-1_2_flame_mesh
Fra:1 Mem:72.18M (Peak 120.44M) | Time:00:00.33 | Mem:1.63M, Peak:1.63M | Scene, ViewLayer | Updating Geometry BVH Cylinder.110 376/975 | Building BVH
Fra:1 Mem:72.18M (Peak 120.44M) | Time:00:00.33 | Mem:1.63M, Peak:1.63M | Scene, ViewLayer | Updating Geometry BVH Cylinder.110 376/975 | Building mesh BLAS |      60 tris | Cylinder.110
Fra:1 Mem:72.18M (Peak 120.44M) | Time:00:00.33 | Mem:1.63M, Peak:1.63M | Scene, ViewLayer | Updating Geometry BVH Icosphere.129 917/975 | Building BVH
Fra:1 Mem:72.18M (Peak 120.44M) | Time:00:00.33 | Mem:1.63M, Peak:1.63M | Scene, ViewLayer | Updating Geometry BVH Icosphere.129 917/975 | Building mesh BLAS |      20 tris | Icosphere.129
Fra:1 Mem:72.18M (Peak 120.44M) | Time:00:00.33 | Mem:1.63M, Peak:1.63M | Scene, ViewLayer | Updating Geometry BVH Back_1_0_drip_dish_mesh 377/975 | Building BVH
Fra:1 Mem:72.18M (Peak 120.44M) | Time:00:00.33 | Mem:1.63M, Peak:1.63M | Scene, ViewLayer | Updating Geometry BVH Back_1_0_drip_dish_mesh 377/975 | Building mesh BLAS |     200 tris | Back_-1_2_drip_dish_mesh
Fra:1 Mem:72.18M (Peak 120.44M) | Time:00:00.33 | Mem:1.63M, Peak:1.63M | Scene, ViewLayer | Updating Geometry BVH Cylinder.112 380/975 | Building BVH
Fra:1 Mem:72.18M (Peak 120.44M) | Time:00:00.33 | Mem:1.63M, Peak:1.63M | Scene, ViewLayer | Updating Geometry BVH Cylinder.112 380/975 | Building mesh BLAS |      36 tris | Cylinder.112
Fra:1 Mem:72.18M (Peak 120.44M) | Time:00:00.33 | Mem:1.63M, Peak:1.63M | Scene, ViewLayer | Updating Geometry BVH Back_1_1_drip_dish_mesh 382/975 | Building BVH
Fra:1 Mem:72.18M (Peak 120.44M) | Time:00:00.33 | Mem:1.63M, Peak:1.63M | Scene, ViewLayer | Updating Geometry BVH Cylinder.113 381/975 | Building BVH
Fra:1 Mem:72.18M (Peak 120.44M) | Time:00:00.33 | Mem:1.63M, Peak:1.63M | Scene, ViewLayer | Updating Geometry BVH Cylinder.113 381/975 | Building mesh BLAS |     200 tris | Back_1_1_drip_dish_mesh
Fra:1 Mem:72.18M (Peak 120.44M) | Time:00:00.33 | Mem:1.63M, Peak:1.63M | Scene, ViewLayer | Updating Geometry BVH Cylinder.113 381/975 | Building mesh BLAS |      60 tris | Cylinder.113
Fra:1 Mem:72.18M (Peak 120.44M) | Time:00:00.33 | Mem:1.63M, Peak:1.63M | Scene, ViewLayer | Updating Geometry BVH Cylinder.114 383/975 | Building BVH
Fra:1 Mem:72.18M (Peak 120.44M) | Time:00:00.33 | Mem:1.63M, Peak:1.63M | Scene, ViewLayer | Updating Geometry BVH Back_1_1_flame_mesh 384/975 | Building BVH
Fra:1 Mem:72.18M (Peak 120.44M) | Time:00:00.33 | Mem:1.63M, Peak:1.63M | Scene, ViewLayer | Updating Geometry BVH Back_1_1_flame_mesh 384/975 | Building mesh BLAS |      24 tris | Cylinder.114
Fra:1 Mem:72.18M (Peak 120.44M) | Time:00:00.33 | Mem:1.63M, Peak:1.63M | Scene, ViewLayer | Updating Geometry BVH Cylinder.268 916/975 | Building BVH
Fra:1 Mem:72.18M (Peak 120.44M) | Time:00:00.33 | Mem:1.63M, Peak:1.63M | Scene, ViewLayer | Updating Geometry BVH Cylinder.268 916/975 | Building mesh BLAS |     120 tris | Back_1_1_flame_mesh
Fra:1 Mem:72.18M (Peak 120.44M) | Time:00:00.33 | Mem:1.63M, Peak:1.63M | Scene, ViewLayer | Updating Geometry BVH Cylinder.268 916/975 | Building mesh BLAS |      24 tris | Cylinder.268
Fra:1 Mem:72.18M (Peak 120.44M) | Time:00:00.33 | Mem:1.63M, Peak:1.63M | Scene, ViewLayer | Updating Geometry BVH Cylinder.115 385/975 | Building BVH
Fra:1 Mem:72.18M (Peak 120.44M) | Time:00:00.33 | Mem:1.63M, Peak:1.63M | Scene, ViewLayer | Updating Geometry BVH Cylinder.115 385/975 | Building mesh BLAS |      36 tris | Cylinder.115
Fra:1 Mem:72.18M (Peak 120.44M) | Time:00:00.33 | Mem:1.63M, Peak:1.63M | Scene, ViewLayer | Updating Geometry BVH Cylinder.116 386/975 | Building BVH
Fra:1 Mem:72.18M (Peak 120.44M) | Time:00:00.33 | Mem:1.63M, Peak:1.63M | Scene, ViewLayer | Updating Geometry BVH Cylinder.116 386/975 | Building mesh BLAS |      36 tris | Cylinder.103
Fra:1 Mem:72.18M (Peak 120.44M) | Time:00:00.33 | Mem:1.63M, Peak:1.63M | Scene, ViewLayer | Updating Geometry BVH Cylinder.116 386/975 | Building mesh BLAS |      24 tris | Cylinder.111
Fra:1 Mem:72.18M (Peak 120.44M) | Time:00:00.33 | Mem:1.63M, Peak:1.63M | Scene, ViewLayer | Updating Geometry BVH Cylinder.116 386/975 | Building mesh BLAS |      60 tris | Cylinder.116
Fra:1 Mem:72.18M (Peak 120.44M) | Time:00:00.33 | Mem:1.63M, Peak:1.63M | Scene, ViewLayer | Updating Geometry BVH Back_1_2_drip_dish_mesh 387/975 | Building BVH
Fra:1 Mem:72.18M (Peak 120.44M) | Time:00:00.33 | Mem:1.63M, Peak:1.63M | Scene, ViewLayer | Updating Geometry BVH Cylinder.117 388/975 | Building BVH
Fra:1 Mem:72.18M (Peak 120.44M) | Time:00:00.33 | Mem:1.63M, Peak:1.63M | Scene, ViewLayer | Updating Geometry BVH Back_1_2_flame_mesh 389/975 | Building mesh BLAS |     200 tris | Back_1_2_drip_dish_mesh
Fra:1 Mem:72.18M (Peak 120.44M) | Time:00:00.33 | Mem:1.65M, Peak:1.65M | Scene, ViewLayer | Updating Geometry BVH Back_1_2_flame_mesh 389/975 | Building mesh BLAS |     224 tris | Back iron floor stand_mesh.001
Fra:1 Mem:72.18M (Peak 120.44M) | Time:00:00.33 | Mem:1.65M, Peak:1.65M | Scene, ViewLayer | Updating Geometry BVH Back_1_2_flame_mesh 389/975 | Building mesh BLAS |     120 tris | Back_1_2_flame_mesh
Fra:1 Mem:72.18M (Peak 120.44M) | Time:00:00.33 | Mem:1.66M, Peak:1.66M | Scene, ViewLayer | Updating Geometry BVH Altar_-1_holder_mesh 390/975 | Building BVH
Fra:1 Mem:72.18M (Peak 120.44M) | Time:00:00.33 | Mem:1.67M, Peak:1.67M | Scene, ViewLayer | Updating Geometry BVH Cylinder.118 391/975 | Building BVH
Fra:1 Mem:72.18M (Peak 120.44M) | Time:00:00.33 | Mem:1.67M, Peak:1.67M | Scene, ViewLayer | Updating Geometry BVH Cylinder.118 391/975 | Building mesh BLAS |     360 tris | Altar_-1_holder_mesh
Fra:1 Mem:72.18M (Peak 120.44M) | Time:00:00.33 | Mem:1.67M, Peak:1.67M | Scene, ViewLayer | Updating Geometry BVH Altar_-1_drip_dish_mesh 392/975 | Building BVH
Fra:1 Mem:72.18M (Peak 120.44M) | Time:00:00.33 | Mem:1.67M, Peak:1.67M | Scene, ViewLayer | Updating Geometry BVH Altar_-1_drip_dish_mesh 392/975 | Building mesh BLAS |     200 tris | Altar_-1_drip_dish_mesh
Fra:1 Mem:72.18M (Peak 120.44M) | Time:00:00.33 | Mem:1.67M, Peak:1.67M | Scene, ViewLayer | Updating Geometry BVH Cylinder.119 393/975 | Building BVH
Fra:1 Mem:72.18M (Peak 120.44M) | Time:00:00.33 | Mem:1.67M, Peak:1.67M | Scene, ViewLayer | Updating Geometry BVH Cylinder.119 393/975 | Building mesh BLAS |      24 tris | Cylinder.119
Fra:1 Mem:72.18M (Peak 120.44M) | Time:00:00.33 | Mem:1.67M, Peak:1.67M | Scene, ViewLayer | Updating Geometry BVH Altar_-1_flame_mesh 394/975 | Building BVH
Fra:1 Mem:72.18M (Peak 120.44M) | Time:00:00.33 | Mem:1.67M, Peak:1.67M | Scene, ViewLayer | Updating Geometry BVH Altar_-1_flame_mesh 394/975 | Building mesh BLAS |     120 tris | Altar_-1_flame_mesh
Fra:1 Mem:72.18M (Peak 120.44M) | Time:00:00.33 | Mem:1.67M, Peak:1.67M | Scene, ViewLayer | Updating Geometry BVH Niche_-1_holder_mesh 395/975 | Building BVH
Fra:1 Mem:72.18M (Peak 120.44M) | Time:00:00.33 | Mem:1.67M, Peak:1.67M | Scene, ViewLayer | Updating Geometry BVH Niche_-1_holder_mesh 395/975 | Building mesh BLAS |     360 tris | Niche_-1_holder_mesh
Fra:1 Mem:72.18M (Peak 120.44M) | Time:00:00.33 | Mem:1.67M, Peak:1.67M | Scene, ViewLayer | Updating Geometry BVH Niche_-1_holder_mesh 395/975 | Building mesh BLAS |      36 tris | Cylinder.106
Fra:1 Mem:72.18M (Peak 120.44M) | Time:00:00.33 | Mem:1.67M, Peak:1.67M | Scene, ViewLayer | Updating Geometry BVH Niche_-1_holder_mesh 395/975 | Building mesh BLAS |     120 tris | Back_1_0_flame_mesh
Fra:1 Mem:72.18M (Peak 120.44M) | Time:00:00.33 | Mem:1.67M, Peak:1.67M | Scene, ViewLayer | Updating Geometry BVH Niche_-1_holder_mesh 395/975 | Building mesh BLAS |      20 tris | Icosphere.128
Fra:1 Mem:72.18M (Peak 120.44M) | Time:00:00.33 | Mem:1.67M, Peak:1.67M | Scene, ViewLayer | Updating Geometry BVH Niche_-1_holder_mesh 395/975 | Building mesh BLAS |      24 tris | Cylinder.117
Fra:1 Mem:72.18M (Peak 120.44M) | Time:00:00.33 | Mem:1.71M, Peak:1.71M | Scene, ViewLayer | Updating Geometry BVH Cylinder.120 396/975 | Building BVH
Fra:1 Mem:72.18M (Peak 120.44M) | Time:00:00.33 | Mem:1.71M, Peak:1.71M | Scene, ViewLayer | Updating Geometry BVH Cylinder.120 396/975 | Building mesh BLAS |      60 tris | Cylinder.120
Fra:1 Mem:72.18M (Peak 120.44M) | Time:00:00.33 | Mem:1.72M, Peak:1.72M | Scene, ViewLayer | Updating Geometry BVH Niche_-1_drip_dish_mesh 397/975 | Building BVH
Fra:1 Mem:72.18M (Peak 120.44M) | Time:00:00.33 | Mem:1.72M, Peak:1.72M | Scene, ViewLayer | Updating Geometry BVH Niche_-1_drip_dish_mesh 397/975 | Building mesh BLAS |     200 tris | Niche_-1_drip_dish_mesh
Fra:1 Mem:72.18M (Peak 120.44M) | Time:00:00.33 | Mem:1.72M, Peak:1.72M | Scene, ViewLayer | Updating Geometry BVH Cylinder.121 398/975 | Building BVH
Fra:1 Mem:72.18M (Peak 120.44M) | Time:00:00.33 | Mem:1.72M, Peak:1.72M | Scene, ViewLayer | Updating Geometry BVH Cylinder.121 398/975 | Building mesh BLAS |      24 tris | Cylinder.121
Fra:1 Mem:72.18M (Peak 120.44M) | Time:00:00.33 | Mem:1.72M, Peak:1.72M | Scene, ViewLayer | Updating Geometry BVH Cylinder.267 914/975 | Building BVH
Fra:1 Mem:72.18M (Peak 120.44M) | Time:00:00.33 | Mem:1.72M, Peak:1.72M | Scene, ViewLayer | Updating Geometry BVH Cylinder.267 914/975 | Building mesh BLAS |      24 tris | Cylinder.267
Fra:1 Mem:72.18M (Peak 120.44M) | Time:00:00.33 | Mem:1.72M, Peak:1.72M | Scene, ViewLayer | Updating Geometry BVH Niche_-1_flame_mesh 399/975 | Building BVH
Fra:1 Mem:72.18M (Peak 120.44M) | Time:00:00.33 | Mem:1.72M, Peak:1.72M | Scene, ViewLayer | Updating Geometry BVH Niche_-1_flame_mesh 399/975 | Building mesh BLAS |     120 tris | Niche_-1_flame_mesh
Fra:1 Mem:72.18M (Peak 120.44M) | Time:00:00.35 | Mem:1.77M, Peak:1.77M | Scene, ViewLayer | Updating Geometry BVH Rear_bench_-1_holder_mesh 400/975 | Building BVH
Fra:1 Mem:72.18M (Peak 120.44M) | Time:00:00.35 | Mem:1.80M, Peak:1.80M | Scene, ViewLayer | Updating Geometry BVH Rear_bench_-1_holder_mesh 400/975 | Building mesh BLAS |     360 tris | Rear_bench_-1_holder_mesh
Fra:1 Mem:72.18M (Peak 120.44M) | Time:00:00.35 | Mem:1.92M, Peak:1.92M | Scene, ViewLayer | Updating Geometry BVH Cylinder.122 401/975 | Building BVH
Fra:1 Mem:72.18M (Peak 120.44M) | Time:00:00.35 | Mem:1.92M, Peak:1.92M | Scene, ViewLayer | Updating Geometry BVH Altar_1_drip_dish_mesh 407/975 | Building BVH
Fra:1 Mem:72.18M (Peak 120.44M) | Time:00:00.35 | Mem:1.92M, Peak:1.92M | Scene, ViewLayer | Updating Geometry BVH Altar_1_drip_dish_mesh 407/975 | Building mesh BLAS |      60 tris | Cylinder.122
Fra:1 Mem:72.18M (Peak 120.44M) | Time:00:00.35 | Mem:1.92M, Peak:1.92M | Scene, ViewLayer | Updating Geometry BVH Altar_1_drip_dish_mesh 407/975 | Building mesh BLAS |      24 tris | Cylinder.123
Fra:1 Mem:72.18M (Peak 120.44M) | Time:00:00.35 | Mem:1.92M, Peak:1.92M | Scene, ViewLayer | Updating Geometry BVH Altar_1_drip_dish_mesh 407/975 | Building mesh BLAS |      52 tris | Cylinder.266
Fra:1 Mem:72.18M (Peak 120.44M) | Time:00:00.35 | Mem:1.92M, Peak:1.92M | Scene, ViewLayer | Updating Geometry BVH Altar_1_drip_dish_mesh 407/975 | Building mesh BLAS |     360 tris | Altar_1_holder_mesh
Fra:1 Mem:72.18M (Peak 120.44M) | Time:00:00.35 | Mem:1.92M, Peak:1.92M | Scene, ViewLayer | Updating Geometry BVH Icosphere.127 912/975 | Building BVH
Fra:1 Mem:72.18M (Peak 120.44M) | Time:00:00.37 | Mem:1.98M, Peak:1.98M | Scene, ViewLayer | Updating Geometry BVH Altar_1_flame_mesh 409/975 | Building BVH
Fra:1 Mem:72.18M (Peak 120.44M) | Time:00:00.37 | Mem:1.98M, Peak:1.98M | Scene, ViewLayer | Updating Geometry BVH Niche_1_holder_mesh 410/975 | Building BVH
Fra:1 Mem:72.18M (Peak 120.44M) | Time:00:00.37 | Mem:1.98M, Peak:1.98M | Scene, ViewLayer | Updating Geometry BVH Niche_1_holder_mesh 410/975 | Building mesh BLAS |     360 tris | Niche_1_holder_mesh
Fra:1 Mem:72.18M (Peak 120.44M) | Time:00:00.37 | Mem:2.00M, Peak:2.00M | Scene, ViewLayer | Updating Geometry BVH Niche_1_holder_mesh 410/975 | Building mesh BLAS |     120 tris | Altar_1_flame_mesh
Fra:1 Mem:72.18M (Peak 120.44M) | Time:00:00.37 | Mem:2.00M, Peak:2.00M | Scene, ViewLayer | Updating Geometry BVH Cylinder.126 411/975 | Building BVH
Fra:1 Mem:72.18M (Peak 120.44M) | Time:00:00.37 | Mem:2.00M, Peak:2.00M | Scene, ViewLayer | Updating Geometry BVH Niche_1_drip_dish_mesh 412/975 | Building mesh BLAS |      60 tris | Cylinder.126
Fra:1 Mem:72.18M (Peak 120.44M) | Time:00:00.37 | Mem:2.00M, Peak:2.00M | Scene, ViewLayer | Updating Geometry BVH Cylinder.127 413/975 | Building BVH
Fra:1 Mem:72.18M (Peak 120.44M) | Time:00:00.37 | Mem:2.00M, Peak:2.00M | Scene, ViewLayer | Updating Geometry BVH Cylinder.127 413/975 | Building mesh BLAS |      24 tris | Cylinder.127
Fra:1 Mem:72.18M (Peak 120.44M) | Time:00:00.37 | Mem:2.00M, Peak:2.00M | Scene, ViewLayer | Updating Geometry BVH Niche_1_flame_mesh 414/975 | Building BVH
Fra:1 Mem:72.18M (Peak 120.44M) | Time:00:00.37 | Mem:2.00M, Peak:2.00M | Scene, ViewLayer | Updating Geometry BVH Niche_1_flame_mesh 414/975 | Building mesh BLAS |      24 tris | Cylinder.125
Fra:1 Mem:72.18M (Peak 120.44M) | Time:00:00.37 | Mem:2.00M, Peak:2.00M | Scene, ViewLayer | Updating Geometry BVH Rear_bench_1_holder_mesh 415/975 | Building BVH
Fra:1 Mem:72.18M (Peak 120.44M) | Time:00:00.37 | Mem:2.00M, Peak:2.00M | Scene, ViewLayer | Updating Geometry BVH Rear_bench_1_holder_mesh 415/975 | Building mesh BLAS |     360 tris | Rear_bench_1_holder_mesh
Fra:1 Mem:72.18M (Peak 120.44M) | Time:00:00.37 | Mem:2.00M, Peak:2.00M | Scene, ViewLayer | Updating Geometry BVH Cylinder.128 416/975 | Building BVH
Fra:1 Mem:72.18M (Peak 120.44M) | Time:00:00.37 | Mem:2.00M, Peak:2.00M | Scene, ViewLayer | Updating Geometry BVH Rear_bench_1_drip_dish_mesh 417/975 | Building BVH
Fra:1 Mem:72.18M (Peak 120.44M) | Time:00:00.38 | Mem:2.00M, Peak:2.00M | Scene, ViewLayer | Updating Geometry BVH Rear_bench_1_drip_dish_mesh 417/975 | Building mesh BLAS |      60 tris | Cylinder.124
Fra:1 Mem:72.18M (Peak 120.44M) | Time:00:00.38 | Mem:2.16M, Peak:2.16M | Scene, ViewLayer | Updating Geometry BVH Cylinder.129 418/975 | Building BVH
Fra:1 Mem:72.18M (Peak 120.44M) | Time:00:00.38 | Mem:2.16M, Peak:2.16M | Scene, ViewLayer | Updating Geometry BVH Cylinder.129 418/975 | Building mesh BLAS |      24 tris | Cylinder.129
Fra:1 Mem:72.18M (Peak 120.44M) | Time:00:00.38 | Mem:2.16M, Peak:2.16M | Scene, ViewLayer | Updating Geometry BVH Rear_bench_1_flame_mesh 419/975 | Building BVH
Fra:1 Mem:72.18M (Peak 120.44M) | Time:00:00.38 | Mem:2.16M, Peak:2.16M | Scene, ViewLayer | Updating Geometry BVH Cube.036 420/975 | Building BVH
Fra:1 Mem:72.18M (Peak 120.44M) | Time:00:00.38 | Mem:2.16M, Peak:2.16M | Scene, ViewLayer | Updating Geometry BVH Cube.036 420/975 | Building mesh BLAS |     108 tris | Cube.036
Fra:1 Mem:72.18M (Peak 120.44M) | Time:00:00.38 | Mem:2.16M, Peak:2.16M | Scene, ViewLayer | Updating Geometry BVH Cube.036 420/975 | Building mesh BLAS |     200 tris | Niche_1_drip_dish_mesh
Fra:1 Mem:72.18M (Peak 120.44M) | Time:00:00.38 | Mem:2.16M, Peak:2.16M | Scene, ViewLayer | Updating Geometry BVH Cube.036 420/975 | Building mesh BLAS |     120 tris | Rear_bench_1_flame_mesh
Fra:1 Mem:72.18M (Peak 120.44M) | Time:00:00.38 | Mem:2.16M, Peak:2.16M | Scene, ViewLayer | Updating Geometry BVH Cube.038 422/975 | Building BVH
Fra:1 Mem:72.18M (Peak 120.44M) | Time:00:00.38 | Mem:2.16M, Peak:2.16M | Scene, ViewLayer | Updating Geometry BVH Cube.038 422/975 | Building mesh BLAS |     108 tris | Cube.038
Fra:1 Mem:72.18M (Peak 120.44M) | Time:00:00.38 | Mem:2.16M, Peak:2.16M | Scene, ViewLayer | Updating Geometry BVH Cube.038 422/975 | Building mesh BLAS |     108 tris | Cube.037
Fra:1 Mem:72.18M (Peak 120.44M) | Time:00:00.38 | Mem:2.16M, Peak:2.16M | Scene, ViewLayer | Updating Geometry BVH Cube.039 423/975 | Building BVH
Fra:1 Mem:72.18M (Peak 120.44M) | Time:00:00.38 | Mem:2.16M, Peak:2.16M | Scene, ViewLayer | Updating Geometry BVH Cube.040 424/975 | Building BVH
Fra:1 Mem:72.18M (Peak 120.44M) | Time:00:00.38 | Mem:2.16M, Peak:2.16M | Scene, ViewLayer | Updating Geometry BVH Left chained folio_page_edges_curve 425/975 | Building BVH
Fra:1 Mem:72.18M (Peak 120.44M) | Time:00:00.38 | Mem:2.16M, Peak:2.16M | Scene, ViewLayer | Updating Geometry BVH Left chained folio_page_edges_curve 425/975 | Building mesh BLAS |     108 tris | Cube.039
Fra:1 Mem:72.18M (Peak 120.44M) | Time:00:00.38 | Mem:2.16M, Peak:2.16M | Scene, ViewLayer | Updating Geometry BVH Left chained folio_page_edges_curve 425/975 | Building mesh BLAS |     108 tris | Cube.040
Fra:1 Mem:72.18M (Peak 120.44M) | Time:00:00.38 | Mem:2.16M, Peak:2.16M | Scene, ViewLayer | Updating Geometry BVH Cylinder.265 911/975 | Building BVH
Fra:1 Mem:72.18M (Peak 120.44M) | Time:00:00.38 | Mem:2.16M, Peak:2.16M | Scene, ViewLayer | Updating Geometry BVH Left chained folio_page_edges_curve.001 426/975 | Building BVH
Fra:1 Mem:72.18M (Peak 120.44M) | Time:00:00.38 | Mem:2.16M, Peak:2.16M | Scene, ViewLayer | Updating Geometry BVH Left chained folio_page_edges_curve.002 427/975 | Building mesh BLAS |      12 tris | Left chained folio_page_edges_curve.001
Fra:1 Mem:72.18M (Peak 120.44M) | Time:00:00.38 | Mem:2.16M, Peak:2.16M | Scene, ViewLayer | Updating Geometry BVH Left chained folio_page_edges_curve.002 427/975 | Building mesh BLAS |      24 tris | Cylinder.265
Fra:1 Mem:72.18M (Peak 120.44M) | Time:00:00.38 | Mem:2.16M, Peak:2.16M | Scene, ViewLayer | Updating Geometry BVH Icosphere.126 910/975 | Building BVH
Fra:1 Mem:72.18M (Peak 120.44M) | Time:00:00.38 | Mem:2.16M, Peak:2.16M | Scene, ViewLayer | Updating Geometry BVH Icosphere.126 910/975 | Building mesh BLAS |      20 tris | Icosphere.126
Fra:1 Mem:72.18M (Peak 120.44M) | Time:00:00.38 | Mem:2.16M, Peak:2.16M | Scene, ViewLayer | Updating Geometry BVH Cylinder.264 909/975 | Building BVH
Fra:1 Mem:72.18M (Peak 120.44M) | Time:00:00.38 | Mem:2.16M, Peak:2.16M | Scene, ViewLayer | Updating Geometry BVH Cylinder.264 909/975 | Building mesh BLAS |      24 tris | Cylinder.264
Fra:1 Mem:72.18M (Peak 120.44M) | Time:00:00.38 | Mem:2.16M, Peak:2.16M | Scene, ViewLayer | Updating Geometry BVH Icosphere.125 908/975 | Building BVH
Fra:1 Mem:72.18M (Peak 120.44M) | Time:00:00.38 | Mem:2.16M, Peak:2.16M | Scene, ViewLayer | Updating Geometry BVH Icosphere.125 908/975 | Building mesh BLAS |      20 tris | Icosphere.125
Fra:1 Mem:72.18M (Peak 120.44M) | Time:00:00.38 | Mem:2.16M, Peak:2.16M | Scene, ViewLayer | Updating Geometry BVH Left chained folio_page_edges_curve.003 428/975 | Building BVH
Fra:1 Mem:72.18M (Peak 120.44M) | Time:00:00.38 | Mem:2.16M, Peak:2.16M | Scene, ViewLayer | Updating Geometry BVH Left chained folio_page_edges_curve.004 429/975 | Building BVH
Fra:1 Mem:72.18M (Peak 120.44M) | Time:00:00.38 | Mem:2.17M, Peak:2.17M | Scene, ViewLayer | Updating Geometry BVH Left chained folio_corner_plate_mesh 430/975 | Building BVH
Fra:1 Mem:72.18M (Peak 120.44M) | Time:00:00.38 | Mem:2.17M, Peak:2.17M | Scene, ViewLayer | Updating Geometry BVH Cylinder.263 907/975 | Building BVH
Fra:1 Mem:72.18M (Peak 120.44M) | Time:00:00.38 | Mem:2.17M, Peak:2.17M | Scene, ViewLayer | Updating Geometry BVH Icosphere.007 431/975 | Building mesh BLAS |      12 tris | Left chained folio_page_edges_curve.004
Fra:1 Mem:72.18M (Peak 120.44M) | Time:00:00.38 | Mem:2.22M, Peak:2.22M | Scene, ViewLayer | Updating Geometry BVH Icosphere.007 431/975 | Building mesh BLAS |      24 tris | Cylinder.263
Fra:1 Mem:72.18M (Peak 120.44M) | Time:00:00.38 | Mem:2.23M, Peak:2.23M | Scene, ViewLayer | Updating Geometry BVH Left chained folio_corner_plate_mesh.001 432/975 | Building BVH
Fra:1 Mem:72.18M (Peak 120.44M) | Time:00:00.38 | Mem:2.23M, Peak:2.23M | Scene, ViewLayer | Updating Geometry BVH Icosphere.008 433/975 | Building BVH
Fra:1 Mem:72.18M (Peak 120.44M) | Time:00:00.38 | Mem:2.23M, Peak:2.23M | Scene, ViewLayer | Updating Geometry BVH Icosphere.008 433/975 | Building mesh BLAS |       1 tris | Left chained folio_corner_plate_mesh.001
Fra:1 Mem:72.18M (Peak 120.44M) | Time:00:00.38 | Mem:2.23M, Peak:2.23M | Scene, ViewLayer | Updating Geometry BVH Icosphere.008 433/975 | Building mesh BLAS |      20 tris | Icosphere.008
Fra:1 Mem:72.18M (Peak 120.44M) | Time:00:00.38 | Mem:2.23M, Peak:2.23M | Scene, ViewLayer | Updating Geometry BVH Left chained folio_corner_plate_mesh.002 434/975 | Building BVH
Fra:1 Mem:72.18M (Peak 120.44M) | Time:00:00.38 | Mem:2.23M, Peak:2.23M | Scene, ViewLayer | Updating Geometry BVH Left chained folio_corner_plate_mesh.002 434/975 | Building mesh BLAS |      12 tris | Left chained folio_page_edges_curve.003
Fra:1 Mem:72.18M (Peak 120.44M) | Time:00:00.38 | Mem:2.27M, Peak:2.27M | Scene, ViewLayer | Updating Geometry BVH Icosphere.009 435/975 | Building BVH
Fra:1 Mem:72.18M (Peak 120.44M) | Time:00:00.38 | Mem:2.31M, Peak:2.31M | Scene, ViewLayer | Updating Geometry BVH Icosphere.009 435/975 | Building mesh BLAS |      12 tris | Left chained folio_page_edges_curve.002
Fra:1 Mem:72.18M (Peak 120.44M) | Time:00:00.38 | Mem:2.31M, Peak:2.31M | Scene, ViewLayer | Updating Geometry BVH Icosphere.124 906/975 | Building BVH
Fra:1 Mem:72.18M (Peak 120.44M) | Time:00:00.38 | Mem:2.31M, Peak:2.31M | Scene, ViewLayer | Updating Geometry BVH Icosphere.124 906/975 | Building mesh BLAS |      20 tris | Icosphere.124
Fra:1 Mem:72.18M (Peak 120.44M) | Time:00:00.38 | Mem:2.31M, Peak:2.31M | Scene, ViewLayer | Updating Geometry BVH Left chained folio_corner_plate_mesh.003 436/975 | Building BVH
Fra:1 Mem:72.18M (Peak 120.44M) | Time:00:00.38 | Mem:2.31M, Peak:2.31M | Scene, ViewLayer | Updating Geometry BVH Icosphere.010 437/975 | Building BVH
Fra:1 Mem:72.18M (Peak 120.44M) | Time:00:00.38 | Mem:2.31M, Peak:2.31M | Scene, ViewLayer | Updating Geometry BVH Cylinder.262 905/975 | Building BVH
Fra:1 Mem:72.18M (Peak 120.44M) | Time:00:00.38 | Mem:2.31M, Peak:2.31M | Scene, ViewLayer | Updating Geometry BVH Cylinder.262 905/975 | Building mesh BLAS |      24 tris | Cylinder.262
Fra:1 Mem:72.18M (Peak 120.44M) | Time:00:00.38 | Mem:2.31M, Peak:2.31M | Scene, ViewLayer | Updating Geometry BVH Cylinder.262 905/975 | Building mesh BLAS |      20 tris | Icosphere.010
Fra:1 Mem:72.18M (Peak 120.44M) | Time:00:00.38 | Mem:2.31M, Peak:2.31M | Scene, ViewLayer | Updating Geometry BVH Cylinder.262 905/975 | Building mesh BLAS |      20 tris | Icosphere.007
Fra:1 Mem:72.18M (Peak 120.44M) | Time:00:00.38 | Mem:2.31M, Peak:2.31M | Scene, ViewLayer | Updating Geometry BVH Icosphere.011 438/975 | Building BVH
Fra:1 Mem:72.18M (Peak 120.44M) | Time:00:00.38 | Mem:2.31M, Peak:2.31M | Scene, ViewLayer | Updating Geometry BVH Icosphere.013 439/975 | Building BVH
Fra:1 Mem:72.18M (Peak 120.44M) | Time:00:00.38 | Mem:2.31M, Peak:2.31M | Scene, ViewLayer | Updating Geometry BVH Icosphere.014 440/975 | Building mesh BLAS |      80 tris | Icosphere.013
Fra:1 Mem:72.18M (Peak 120.44M) | Time:00:00.38 | Mem:2.31M, Peak:2.31M | Scene, ViewLayer | Updating Geometry BVH Cylinder.130 441/975 | Building BVH
Fra:1 Mem:72.18M (Peak 120.44M) | Time:00:00.38 | Mem:2.31M, Peak:2.31M | Scene, ViewLayer | Updating Geometry BVH Icosphere.016 442/975 | Building BVH
Fra:1 Mem:72.18M (Peak 120.44M) | Time:00:00.38 | Mem:2.31M, Peak:2.31M | Scene, ViewLayer | Updating Geometry BVH Icosphere.016 442/975 | Building mesh BLAS |      28 tris | Cylinder.130
Fra:1 Mem:72.18M (Peak 120.44M) | Time:00:00.38 | Mem:2.31M, Peak:2.31M | Scene, ViewLayer | Updating Geometry BVH Icosphere.017 443/975 | Building BVH
Fra:1 Mem:72.18M (Peak 120.44M) | Time:00:00.38 | Mem:2.31M, Peak:2.31M | Scene, ViewLayer | Updating Geometry BVH Icosphere.017 443/975 | Building mesh BLAS |      80 tris | Icosphere.014
Fra:1 Mem:72.18M (Peak 120.44M) | Time:00:00.38 | Mem:2.31M, Peak:2.31M | Scene, ViewLayer | Updating Geometry BVH Cylinder.131 444/975 | Building BVH
Fra:1 Mem:72.18M (Peak 120.44M) | Time:00:00.38 | Mem:2.31M, Peak:2.31M | Scene, ViewLayer | Updating Geometry BVH Skull | nasal aperture_mesh 446/975 | Building BVH
Fra:1 Mem:72.18M (Peak 120.44M) | Time:00:00.38 | Mem:2.31M, Peak:2.31M | Scene, ViewLayer | Updating Geometry BVH Skull | nasal aperture_mesh 446/975 | Building mesh BLAS |       3 tris | Skull | nasal aperture_mesh
Fra:1 Mem:72.18M (Peak 120.44M) | Time:00:00.38 | Mem:2.31M, Peak:2.31M | Scene, ViewLayer | Updating Geometry BVH Skull | lower mandible_curve 447/975 | Building BVH
Fra:1 Mem:72.18M (Peak 120.44M) | Time:00:00.38 | Mem:2.31M, Peak:2.31M | Scene, ViewLayer | Updating Geometry BVH Skull | lower mandible_curve 447/975 | Building mesh BLAS |      72 tris | Skull | lower mandible_curve
Fra:1 Mem:72.18M (Peak 120.44M) | Time:00:00.38 | Mem:2.31M, Peak:2.31M | Scene, ViewLayer | Updating Geometry BVH Skull | lower mandible_curve 447/975 | Building mesh BLAS |      28 tris | Cylinder.131
Fra:1 Mem:72.18M (Peak 120.44M) | Time:00:00.38 | Mem:2.31M, Peak:2.31M | Scene, ViewLayer | Updating Geometry BVH Cube.041 448/975 | Building BVH
Fra:1 Mem:72.18M (Peak 120.44M) | Time:00:00.38 | Mem:2.31M, Peak:2.31M | Scene, ViewLayer | Updating Geometry BVH Cube.042 449/975 | Building BVH
Fra:1 Mem:72.18M (Peak 120.44M) | Time:00:00.38 | Mem:2.31M, Peak:2.31M | Scene, ViewLayer | Updating Geometry BVH Cube.042 449/975 | Building mesh BLAS |     108 tris | Cube.042
Fra:1 Mem:72.18M (Peak 120.44M) | Time:00:00.38 | Mem:2.31M, Peak:2.31M | Scene, ViewLayer | Updating Geometry BVH Cube.042 449/975 | Building mesh BLAS |      80 tris | Icosphere.018
Fra:1 Mem:72.18M (Peak 120.44M) | Time:00:00.38 | Mem:2.31M, Peak:2.31M | Scene, ViewLayer | Updating Geometry BVH Cube.042 449/975 | Building mesh BLAS |      80 tris | Icosphere.017
Fra:1 Mem:72.18M (Peak 120.44M) | Time:00:00.38 | Mem:2.31M, Peak:2.31M | Scene, ViewLayer | Updating Geometry BVH Skull | age fissure_curve 450/975 | Building BVH
Fra:1 Mem:72.18M (Peak 120.44M) | Time:00:00.38 | Mem:2.31M, Peak:2.31M | Scene, ViewLayer | Updating Geometry BVH Cylinder.132 452/975 | Building BVH
Fra:1 Mem:72.18M (Peak 120.44M) | Time:00:00.38 | Mem:2.31M, Peak:2.31M | Scene, ViewLayer | Updating Geometry BVH Cylinder.132 452/975 | Building mesh BLAS |      92 tris | Cylinder.132
Fra:1 Mem:72.18M (Peak 120.44M) | Time:00:00.38 | Mem:2.31M, Peak:2.31M | Scene, ViewLayer | Updating Geometry BVH Cube.043 453/975 | Building BVH
Fra:1 Mem:72.18M (Peak 120.44M) | Time:00:00.38 | Mem:2.31M, Peak:2.31M | Scene, ViewLayer | Updating Geometry BVH Cylinder.261 903/975 | Building BVH
Fra:1 Mem:72.18M (Peak 120.44M) | Time:00:00.38 | Mem:2.31M, Peak:2.31M | Scene, ViewLayer | Updating Geometry BVH Cylinder.261 903/975 | Building mesh BLAS |     108 tris | Cube.043
Fra:1 Mem:72.18M (Peak 120.44M) | Time:00:00.38 | Mem:2.31M, Peak:2.31M | Scene, ViewLayer | Updating Geometry BVH Cylinder.261 903/975 | Building mesh BLAS |      24 tris | Cylinder.261
Fra:1 Mem:72.18M (Peak 120.44M) | Time:00:00.38 | Mem:2.31M, Peak:2.31M | Scene, ViewLayer | Updating Geometry BVH Cylinder.261 903/975 | Building mesh BLAS |     108 tris | Cube.041
Fra:1 Mem:72.18M (Peak 120.44M) | Time:00:00.39 | Mem:2.36M, Peak:2.36M | Scene, ViewLayer | Updating Geometry BVH Cube.046 456/975 | Building BVH
Fra:1 Mem:72.18M (Peak 120.44M) | Time:00:00.39 | Mem:2.36M, Peak:2.36M | Scene, ViewLayer | Updating Geometry BVH Cube.046 456/975 | Building mesh BLAS |     108 tris | Cube.046
Fra:1 Mem:72.18M (Peak 120.44M) | Time:00:00.39 | Mem:2.36M, Peak:2.36M | Scene, ViewLayer | Updating Geometry BVH Icosphere.122 902/975 | Building BVH
Fra:1 Mem:72.18M (Peak 120.44M) | Time:00:00.39 | Mem:2.36M, Peak:2.36M | Scene, ViewLayer | Updating Geometry BVH Icosphere.122 902/975 | Building mesh BLAS |      20 tris | Icosphere.122
Fra:1 Mem:72.18M (Peak 120.44M) | Time:00:00.39 | Mem:2.36M, Peak:2.36M | Scene, ViewLayer | Updating Geometry BVH Cylinder.260 901/975 | Building BVH
Fra:1 Mem:72.18M (Peak 120.44M) | Time:00:00.39 | Mem:2.36M, Peak:2.36M | Scene, ViewLayer | Updating Geometry BVH Cylinder.260 901/975 | Building mesh BLAS |      24 tris | Cylinder.260
Fra:1 Mem:72.18M (Peak 120.44M) | Time:00:00.39 | Mem:2.36M, Peak:2.36M | Scene, ViewLayer | Updating Geometry BVH Cylinder.259 900/975 | Building BVH
Fra:1 Mem:72.18M (Peak 120.44M) | Time:00:00.39 | Mem:2.36M, Peak:2.36M | Scene, ViewLayer | Updating Geometry BVH Cylinder.259 900/975 | Building mesh BLAS |      52 tris | Cylinder.259
Fra:1 Mem:72.18M (Peak 120.44M) | Time:00:00.39 | Mem:2.36M, Peak:2.36M | Scene, ViewLayer | Updating Geometry BVH Icosphere.121 899/975 | Building BVH
Fra:1 Mem:72.18M (Peak 120.44M) | Time:00:00.39 | Mem:2.36M, Peak:2.36M | Scene, ViewLayer | Updating Geometry BVH Icosphere.121 899/975 | Building mesh BLAS |      20 tris | Icosphere.121
Fra:1 Mem:72.18M (Peak 120.44M) | Time:00:00.39 | Mem:2.36M, Peak:2.36M | Scene, ViewLayer | Updating Geometry BVH Icosphere.121 899/975 | Building mesh BLAS |     108 tris | Cube.044
Fra:1 Mem:72.18M (Peak 120.44M) | Time:00:00.40 | Mem:2.36M, Peak:2.36M | Scene, ViewLayer | Updating Geometry BVH Right lower codex_page_edges_curve 457/975 | Building BVH
Fra:1 Mem:72.18M (Peak 120.44M) | Time:00:00.40 | Mem:2.36M, Peak:2.36M | Scene, ViewLayer | Updating Geometry BVH Right lower codex_page_edges_curve 457/975 | Building mesh BLAS |      12 tris | Right lower codex_page_edges_curve
Fra:1 Mem:72.18M (Peak 120.44M) | Time:00:00.40 | Mem:2.36M, Peak:2.36M | Scene, ViewLayer | Updating Geometry BVH Right lower codex_page_edges_curve.001 458/975 | Building BVH
Fra:1 Mem:72.18M (Peak 120.44M) | Time:00:00.40 | Mem:2.39M, Peak:2.39M | Scene, ViewLayer | Updating Geometry BVH Cylinder.258 898/975 | Building mesh BLAS |      12 tris | Right lower codex_page_edges_curve.001
Fra:1 Mem:72.18M (Peak 120.44M) | Time:00:00.40 | Mem:2.41M, Peak:2.41M | Scene, ViewLayer | Updating Geometry BVH Right lower codex_page_edges_curve.002 459/975 | Building BVH
Fra:1 Mem:72.18M (Peak 120.44M) | Time:00:00.40 | Mem:2.41M, Peak:2.41M | Scene, ViewLayer | Updating Geometry BVH Right lower codex_page_edges_curve.002 459/975 | Building mesh BLAS |      12 tris | Right lower codex_page_edges_curve.002
Fra:1 Mem:72.18M (Peak 120.44M) | Time:00:00.40 | Mem:2.41M, Peak:2.41M | Scene, ViewLayer | Updating Geometry BVH Right lower codex_page_edges_curve.003 460/975 | Building BVH
Fra:1 Mem:72.18M (Peak 120.44M) | Time:00:00.40 | Mem:2.41M, Peak:2.41M | Scene, ViewLayer | Updating Geometry BVH Right lower codex_page_edges_curve.003 460/975 | Building mesh BLAS |      12 tris | Right lower codex_page_edges_curve.003
Fra:1 Mem:72.18M (Peak 120.44M) | Time:00:00.40 | Mem:2.41M, Peak:2.41M | Scene, ViewLayer | Updating Geometry BVH Right lower codex_page_edges_curve.004 461/975 | Building BVH
Fra:1 Mem:72.18M (Peak 120.44M) | Time:00:00.40 | Mem:2.42M, Peak:2.42M | Scene, ViewLayer | Updating Geometry BVH Right lower codex_page_edges_curve.004 461/975 | Building mesh BLAS |      12 tris | Right lower codex_page_edges_curve.004
Fra:1 Mem:72.18M (Peak 120.44M) | Time:00:00.40 | Mem:2.42M, Peak:2.42M | Scene, ViewLayer | Updating Geometry BVH Right lower codex_page_edges_curve.004 461/975 | Building mesh BLAS |     896 tris | Left pewter cup_mesh
Fra:1 Mem:72.18M (Peak 120.44M) | Time:00:00.40 | Mem:2.42M, Peak:2.42M | Scene, ViewLayer | Updating Geometry BVH Right lower codex_page_edges_curve.004 461/975 | Building mesh BLAS |     108 tris | Cube.045
Fra:1 Mem:72.18M (Peak 120.44M) | Time:00:00.40 | Mem:2.42M, Peak:2.42M | Scene, ViewLayer | Updating Geometry BVH Right lower codex_corner_plate_mesh 462/975 | Building BVH
Fra:1 Mem:72.18M (Peak 120.44M) | Time:00:00.40 | Mem:2.42M, Peak:2.42M | Scene, ViewLayer | Updating Geometry BVH Icosphere.019 463/975 | Building BVH
Fra:1 Mem:72.18M (Peak 120.44M) | Time:00:00.40 | Mem:2.42M, Peak:2.42M | Scene, ViewLayer | Updating Geometry BVH Icosphere.019 463/975 | Building mesh BLAS |      20 tris | Icosphere.019
Fra:1 Mem:72.18M (Peak 120.44M) | Time:00:00.40 | Mem:2.42M, Peak:2.42M | Scene, ViewLayer | Updating Geometry BVH Icosphere.020 465/975 | Building BVH
Fra:1 Mem:72.18M (Peak 120.44M) | Time:00:00.40 | Mem:2.42M, Peak:2.42M | Scene, ViewLayer | Updating Geometry BVH Icosphere.020 465/975 | Building mesh BLAS |      20 tris | Icosphere.020
Fra:1 Mem:72.18M (Peak 120.44M) | Time:00:00.40 | Mem:2.43M, Peak:2.43M | Scene, ViewLayer | Updating Geometry BVH Right lower codex_corner_plate_mesh.002 466/975 | Building BVH
Fra:1 Mem:72.18M (Peak 120.44M) | Time:00:00.40 | Mem:2.44M, Peak:2.44M | Scene, ViewLayer | Updating Geometry BVH Right lower codex_corner_plate_mesh.002 466/975 | Building mesh BLAS |       1 tris | Right lower codex_corner_plate_mesh.002
Fra:1 Mem:72.18M (Peak 120.44M) | Time:00:00.40 | Mem:2.44M, Peak:2.44M | Scene, ViewLayer | Updating Geometry BVH Icosphere.021 467/975 | Building BVH
Fra:1 Mem:72.18M (Peak 120.44M) | Time:00:00.40 | Mem:2.44M, Peak:2.44M | Scene, ViewLayer | Updating Geometry BVH Icosphere.021 467/975 | Building mesh BLAS |      20 tris | Icosphere.021
Fra:1 Mem:72.18M (Peak 120.44M) | Time:00:00.40 | Mem:2.44M, Peak:2.44M | Scene, ViewLayer | Updating Geometry BVH Right lower codex_corner_plate_mesh.003 468/975 | Building BVH
Fra:1 Mem:72.18M (Peak 120.44M) | Time:00:00.40 | Mem:2.44M, Peak:2.44M | Scene, ViewLayer | Updating Geometry BVH Right lower codex_corner_plate_mesh.003 468/975 | Building mesh BLAS |       1 tris | Right lower codex_corner_plate_mesh.003
Fra:1 Mem:72.18M (Peak 120.44M) | Time:00:00.40 | Mem:2.44M, Peak:2.44M | Scene, ViewLayer | Updating Geometry BVH Icosphere.022 469/975 | Building BVH
Fra:1 Mem:72.18M (Peak 120.44M) | Time:00:00.40 | Mem:2.44M, Peak:2.44M | Scene, ViewLayer | Updating Geometry BVH Icosphere.022 469/975 | Building mesh BLAS |      20 tris | Icosphere.022
Fra:1 Mem:72.18M (Peak 120.44M) | Time:00:00.40 | Mem:2.44M, Peak:2.44M | Scene, ViewLayer | Updating Geometry BVH Cube.047 470/975 | Building BVH
Fra:1 Mem:72.18M (Peak 120.44M) | Time:00:00.40 | Mem:2.44M, Peak:2.44M | Scene, ViewLayer | Updating Geometry BVH Cube.047 470/975 | Building mesh BLAS |     108 tris | Cube.047
Fra:1 Mem:72.18M (Peak 120.44M) | Time:00:00.40 | Mem:2.44M, Peak:2.44M | Scene, ViewLayer | Updating Geometry BVH Cube.048 471/975 | Building BVH
Fra:1 Mem:72.18M (Peak 120.44M) | Time:00:00.40 | Mem:2.44M, Peak:2.44M | Scene, ViewLayer | Updating Geometry BVH Cube.048 471/975 | Building mesh BLAS |     108 tris | Cube.048
Fra:1 Mem:72.18M (Peak 120.44M) | Time:00:00.40 | Mem:2.44M, Peak:2.44M | Scene, ViewLayer | Updating Geometry BVH Cube.049 472/975 | Building BVH
Fra:1 Mem:72.18M (Peak 120.44M) | Time:00:00.40 | Mem:2.44M, Peak:2.44M | Scene, ViewLayer | Updating Geometry BVH Cube.049 472/975 | Building mesh BLAS |     108 tris | Cube.049
Fra:1 Mem:72.18M (Peak 120.44M) | Time:00:00.40 | Mem:2.44M, Peak:2.44M | Scene, ViewLayer | Updating Geometry BVH Right middle codex_page_edges_curve 473/975 | Building BVH
Fra:1 Mem:72.18M (Peak 120.44M) | Time:00:00.40 | Mem:2.44M, Peak:2.44M | Scene, ViewLayer | Updating Geometry BVH Right middle codex_page_edges_curve 473/975 | Building mesh BLAS |      12 tris | Right middle codex_page_edges_curve
Fra:1 Mem:72.18M (Peak 120.44M) | Time:00:00.40 | Mem:2.44M, Peak:2.44M | Scene, ViewLayer | Updating Geometry BVH Right middle codex_page_edges_curve.001 474/975 | Building BVH
Fra:1 Mem:72.18M (Peak 120.44M) | Time:00:00.40 | Mem:2.44M, Peak:2.44M | Scene, ViewLayer | Updating Geometry BVH Right middle codex_page_edges_curve.001 474/975 | Building mesh BLAS |       1 tris | Right lower codex_corner_plate_mesh.001
Fra:1 Mem:72.18M (Peak 120.44M) | Time:00:00.40 | Mem:2.44M, Peak:2.44M | Scene, ViewLayer | Updating Geometry BVH Right middle codex_page_edges_curve.002 475/975 | Building BVH
Fra:1 Mem:72.18M (Peak 120.44M) | Time:00:00.40 | Mem:2.44M, Peak:2.44M | Scene, ViewLayer | Updating Geometry BVH Right middle codex_page_edges_curve.003 476/975 | Building BVH
Fra:1 Mem:72.18M (Peak 120.44M) | Time:00:00.40 | Mem:2.44M, Peak:2.44M | Scene, ViewLayer | Updating Geometry BVH Right middle codex_page_edges_curve.003 476/975 | Building mesh BLAS |      12 tris | Right middle codex_page_edges_curve.003
Fra:1 Mem:72.18M (Peak 120.44M) | Time:00:00.40 | Mem:2.45M, Peak:2.45M | Scene, ViewLayer | Updating Geometry BVH Right middle codex_page_edges_curve.004 477/975 | Building BVH
Fra:1 Mem:72.18M (Peak 120.44M) | Time:00:00.40 | Mem:2.45M, Peak:2.45M | Scene, ViewLayer | Updating Geometry BVH Right middle codex_page_edges_curve.004 477/975 | Building mesh BLAS |      12 tris | Right middle codex_page_edges_curve.004
Fra:1 Mem:72.18M (Peak 120.44M) | Time:00:00.40 | Mem:2.45M, Peak:2.45M | Scene, ViewLayer | Updating Geometry BVH Right middle codex_corner_plate_mesh 478/975 | Building BVH
Fra:1 Mem:72.18M (Peak 120.44M) | Time:00:00.40 | Mem:2.45M, Peak:2.45M | Scene, ViewLayer | Updating Geometry BVH Right middle codex_corner_plate_mesh 478/975 | Building mesh BLAS |       1 tris | Right middle codex_corner_plate_mesh
Fra:1 Mem:72.18M (Peak 120.44M) | Time:00:00.40 | Mem:2.45M, Peak:2.45M | Scene, ViewLayer | Updating Geometry BVH Icosphere.023 479/975 | Building BVH
Fra:1 Mem:72.18M (Peak 120.44M) | Time:00:00.40 | Mem:2.45M, Peak:2.45M | Scene, ViewLayer | Updating Geometry BVH Icosphere.023 479/975 | Building mesh BLAS |      20 tris | Icosphere.023
Fra:1 Mem:72.18M (Peak 120.44M) | Time:00:00.40 | Mem:2.45M, Peak:2.45M | Scene, ViewLayer | Updating Geometry BVH Icosphere.023 479/975 | Building mesh BLAS |      12 tris | Right middle codex_page_edges_curve.001
Fra:1 Mem:72.18M (Peak 120.44M) | Time:00:00.40 | Mem:2.45M, Peak:2.45M | Scene, ViewLayer | Updating Geometry BVH Right middle codex_corner_plate_mesh.001 480/975 | Building BVH
Fra:1 Mem:72.18M (Peak 120.44M) | Time:00:00.40 | Mem:2.45M, Peak:2.45M | Scene, ViewLayer | Updating Geometry BVH Right middle codex_corner_plate_mesh.001 480/975 | Building mesh BLAS |       1 tris | Right middle codex_corner_plate_mesh.001
Fra:1 Mem:72.18M (Peak 120.44M) | Time:00:00.40 | Mem:2.45M, Peak:2.45M | Scene, ViewLayer | Updating Geometry BVH Icosphere.024 481/975 | Building BVH
Fra:1 Mem:72.18M (Peak 120.44M) | Time:00:00.40 | Mem:2.45M, Peak:2.45M | Scene, ViewLayer | Updating Geometry BVH Icosphere.024 481/975 | Building mesh BLAS |      20 tris | Icosphere.024
Fra:1 Mem:72.18M (Peak 120.44M) | Time:00:00.40 | Mem:2.45M, Peak:2.45M | Scene, ViewLayer | Updating Geometry BVH Right middle codex_corner_plate_mesh.002 482/975 | Building BVH
Fra:1 Mem:72.18M (Peak 120.44M) | Time:00:00.40 | Mem:2.45M, Peak:2.45M | Scene, ViewLayer | Updating Geometry BVH Right middle codex_corner_plate_mesh.002 482/975 | Building mesh BLAS |       1 tris | Right middle codex_corner_plate_mesh.002
Fra:1 Mem:72.18M (Peak 120.44M) | Time:00:00.40 | Mem:2.45M, Peak:2.45M | Scene, ViewLayer | Updating Geometry BVH Icosphere.025 483/975 | Building BVH
Fra:1 Mem:72.18M (Peak 120.44M) | Time:00:00.40 | Mem:2.45M, Peak:2.45M | Scene, ViewLayer | Updating Geometry BVH Icosphere.025 483/975 | Building mesh BLAS |      20 tris | Icosphere.025
Fra:1 Mem:72.18M (Peak 120.44M) | Time:00:00.40 | Mem:2.45M, Peak:2.45M | Scene, ViewLayer | Updating Geometry BVH Icosphere.025 483/975 | Building mesh BLAS |      24 tris | Cylinder.258
Fra:1 Mem:72.18M (Peak 120.44M) | Time:00:00.40 | Mem:2.45M, Peak:2.45M | Scene, ViewLayer | Updating Geometry BVH Right middle codex_corner_plate_mesh.003 484/975 | Building BVH
Fra:1 Mem:72.18M (Peak 120.44M) | Time:00:00.40 | Mem:2.45M, Peak:2.45M | Scene, ViewLayer | Updating Geometry BVH Icosphere.120 897/975 | Building BVH
Fra:1 Mem:72.18M (Peak 120.44M) | Time:00:00.40 | Mem:2.45M, Peak:2.45M | Scene, ViewLayer | Updating Geometry BVH Icosphere.026 485/975 | Building BVH
Fra:1 Mem:72.18M (Peak 120.44M) | Time:00:00.40 | Mem:2.45M, Peak:2.45M | Scene, ViewLayer | Updating Geometry BVH Icosphere.026 485/975 | Building mesh BLAS |      20 tris | Icosphere.026
Fra:1 Mem:72.18M (Peak 120.44M) | Time:00:00.40 | Mem:2.45M, Peak:2.45M | Scene, ViewLayer | Updating Geometry BVH Cube.050 486/975 | Building BVH
Fra:1 Mem:72.18M (Peak 120.44M) | Time:00:00.40 | Mem:2.45M, Peak:2.45M | Scene, ViewLayer | Updating Geometry BVH Cube.050 486/975 | Building mesh BLAS |     108 tris | Cube.050
Fra:1 Mem:72.18M (Peak 120.44M) | Time:00:00.40 | Mem:2.45M, Peak:2.45M | Scene, ViewLayer | Updating Geometry BVH Cube.051 487/975 | Building BVH
Fra:1 Mem:72.18M (Peak 120.44M) | Time:00:00.40 | Mem:2.45M, Peak:2.45M | Scene, ViewLayer | Updating Geometry BVH Cube.051 487/975 | Building mesh BLAS |     108 tris | Cube.051
Fra:1 Mem:72.18M (Peak 120.44M) | Time:00:00.40 | Mem:2.45M, Peak:2.45M | Scene, ViewLayer | Updating Geometry BVH Cube.052 488/975 | Building BVH
Fra:1 Mem:72.18M (Peak 120.44M) | Time:00:00.40 | Mem:2.45M, Peak:2.45M | Scene, ViewLayer | Updating Geometry BVH Cube.052 488/975 | Building mesh BLAS |     108 tris | Cube.052
Fra:1 Mem:72.18M (Peak 120.44M) | Time:00:00.40 | Mem:2.45M, Peak:2.45M | Scene, ViewLayer | Updating Geometry BVH Cube.053 489/975 | Building BVH
Fra:1 Mem:72.18M (Peak 120.44M) | Time:00:00.40 | Mem:2.45M, Peak:2.45M | Scene, ViewLayer | Updating Geometry BVH Cube.053 489/975 | Building mesh BLAS |     108 tris | Cube.053
Fra:1 Mem:72.18M (Peak 120.44M) | Time:00:00.40 | Mem:2.45M, Peak:2.45M | Scene, ViewLayer | Updating Geometry BVH Right upper codex_page_edges_curve 490/975 | Building BVH
Fra:1 Mem:72.18M (Peak 120.44M) | Time:00:00.40 | Mem:2.45M, Peak:2.45M | Scene, ViewLayer | Updating Geometry BVH Right upper codex_page_edges_curve 490/975 | Building mesh BLAS |      12 tris | Right upper codex_page_edges_curve
Fra:1 Mem:72.18M (Peak 120.44M) | Time:00:00.40 | Mem:2.45M, Peak:2.45M | Scene, ViewLayer | Updating Geometry BVH Right upper codex_page_edges_curve.002 492/975 | Building BVH
Fra:1 Mem:72.18M (Peak 120.44M) | Time:00:00.40 | Mem:2.45M, Peak:2.45M | Scene, ViewLayer | Updating Geometry BVH Right upper codex_page_edges_curve.002 492/975 | Building mesh BLAS |      12 tris | Right upper codex_page_edges_curve.001
Fra:1 Mem:72.18M (Peak 120.44M) | Time:00:00.40 | Mem:2.45M, Peak:2.45M | Scene, ViewLayer | Updating Geometry BVH Right upper codex_page_edges_curve.003 493/975 | Building BVH
Fra:1 Mem:72.18M (Peak 120.44M) | Time:00:00.40 | Mem:2.45M, Peak:2.45M | Scene, ViewLayer | Updating Geometry BVH Right upper codex_page_edges_curve.003 493/975 | Building mesh BLAS |      12 tris | Right upper codex_page_edges_curve.003
Fra:1 Mem:72.18M (Peak 120.44M) | Time:00:00.40 | Mem:2.45M, Peak:2.45M | Scene, ViewLayer | Updating Geometry BVH Right upper codex_page_edges_curve.003 493/975 | Building mesh BLAS |      12 tris | Right upper codex_page_edges_curve.002
Fra:1 Mem:72.18M (Peak 120.44M) | Time:00:00.41 | Mem:2.50M, Peak:2.50M | Scene, ViewLayer | Updating Geometry BVH Right upper codex_page_edges_curve.004 494/975 | Building BVH
Fra:1 Mem:72.18M (Peak 120.44M) | Time:00:00.41 | Mem:2.51M, Peak:2.51M | Scene, ViewLayer | Updating Geometry BVH Right upper codex_page_edges_curve.004 494/975 | Building mesh BLAS |      12 tris | Right upper codex_page_edges_curve.004
Fra:1 Mem:72.18M (Peak 120.44M) | Time:00:00.41 | Mem:2.51M, Peak:2.51M | Scene, ViewLayer | Updating Geometry BVH Right upper codex_corner_plate_mesh 495/975 | Building BVH
Fra:1 Mem:72.18M (Peak 120.44M) | Time:00:00.41 | Mem:2.51M, Peak:2.51M | Scene, ViewLayer | Updating Geometry BVH Right upper codex_corner_plate_mesh 495/975 | Building mesh BLAS |       1 tris | Right upper codex_corner_plate_mesh
Fra:1 Mem:72.18M (Peak 120.44M) | Time:00:00.41 | Mem:2.51M, Peak:2.51M | Scene, ViewLayer | Updating Geometry BVH Icosphere.027 496/975 | Building BVH
Fra:1 Mem:72.18M (Peak 120.44M) | Time:00:00.41 | Mem:2.51M, Peak:2.51M | Scene, ViewLayer | Updating Geometry BVH Icosphere.027 496/975 | Building mesh BLAS |      20 tris | Icosphere.027
Fra:1 Mem:72.18M (Peak 120.44M) | Time:00:00.41 | Mem:2.51M, Peak:2.51M | Scene, ViewLayer | Updating Geometry BVH Right upper codex_corner_plate_mesh.001 497/975 | Building BVH
Fra:1 Mem:72.18M (Peak 120.44M) | Time:00:00.41 | Mem:2.51M, Peak:2.51M | Scene, ViewLayer | Updating Geometry BVH Right upper codex_corner_plate_mesh.001 497/975 | Building mesh BLAS |       1 tris | Right upper codex_corner_plate_mesh.001
Fra:1 Mem:72.18M (Peak 120.44M) | Time:00:00.41 | Mem:2.51M, Peak:2.51M | Scene, ViewLayer | Updating Geometry BVH Icosphere.028 498/975 | Building BVH
Fra:1 Mem:72.18M (Peak 120.44M) | Time:00:00.41 | Mem:2.51M, Peak:2.51M | Scene, ViewLayer | Updating Geometry BVH Icosphere.028 498/975 | Building mesh BLAS |      20 tris | Icosphere.028
Fra:1 Mem:72.18M (Peak 120.44M) | Time:00:00.41 | Mem:2.51M, Peak:2.51M | Scene, ViewLayer | Updating Geometry BVH Right upper codex_corner_plate_mesh.002 499/975 | Building BVH
Fra:1 Mem:72.18M (Peak 120.44M) | Time:00:00.41 | Mem:2.51M, Peak:2.51M | Scene, ViewLayer | Updating Geometry BVH Right upper codex_corner_plate_mesh.002 499/975 | Building mesh BLAS |       1 tris | Right upper codex_corner_plate_mesh.002
Fra:1 Mem:72.18M (Peak 120.44M) | Time:00:00.41 | Mem:2.51M, Peak:2.51M | Scene, ViewLayer | Updating Geometry BVH Icosphere.029 500/975 | Building BVH
Fra:1 Mem:72.18M (Peak 120.44M) | Time:00:00.41 | Mem:2.51M, Peak:2.51M | Scene, ViewLayer | Updating Geometry BVH Icosphere.029 500/975 | Building mesh BLAS |      20 tris | Icosphere.029
Fra:1 Mem:72.18M (Peak 120.44M) | Time:00:00.41 | Mem:2.51M, Peak:2.51M | Scene, ViewLayer | Updating Geometry BVH Right upper codex_corner_plate_mesh.003 501/975 | Building BVH
Fra:1 Mem:72.18M (Peak 120.44M) | Time:00:00.41 | Mem:2.51M, Peak:2.51M | Scene, ViewLayer | Updating Geometry BVH Right upper codex_corner_plate_mesh.003 501/975 | Building mesh BLAS |       1 tris | Right upper codex_corner_plate_mesh.003
Fra:1 Mem:72.18M (Peak 120.44M) | Time:00:00.41 | Mem:2.51M, Peak:2.51M | Scene, ViewLayer | Updating Geometry BVH Icosphere.030 502/975 | Building BVH
Fra:1 Mem:72.18M (Peak 120.44M) | Time:00:00.41 | Mem:2.51M, Peak:2.51M | Scene, ViewLayer | Updating Geometry BVH Icosphere.030 502/975 | Building mesh BLAS |      20 tris | Icosphere.030
Fra:1 Mem:72.18M (Peak 120.44M) | Time:00:00.41 | Mem:2.51M, Peak:2.51M | Scene, ViewLayer | Updating Geometry BVH Right tarnished chalice_mesh 503/975 | Building BVH
Fra:1 Mem:72.18M (Peak 120.44M) | Time:00:00.41 | Mem:2.51M, Peak:2.51M | Scene, ViewLayer | Updating Geometry BVH Cylinder.133 504/975 | Building BVH
Fra:1 Mem:72.18M (Peak 120.44M) | Time:00:00.41 | Mem:2.51M, Peak:2.51M | Scene, ViewLayer | Updating Geometry BVH Cylinder.133 504/975 | Building mesh BLAS |     896 tris | Right tarnished chalice_mesh
Fra:1 Mem:72.18M (Peak 120.44M) | Time:00:00.41 | Mem:2.51M, Peak:2.51M | Scene, ViewLayer | Updating Geometry BVH Cube.054 505/975 | Building BVH
Fra:1 Mem:72.18M (Peak 120.44M) | Time:00:00.41 | Mem:2.51M, Peak:2.51M | Scene, ViewLayer | Updating Geometry BVH Cube.054 505/975 | Building mesh BLAS |     108 tris | Cube.054
Fra:1 Mem:72.18M (Peak 120.44M) | Time:00:00.41 | Mem:2.52M, Peak:2.52M | Scene, ViewLayer | Updating Geometry BVH Cube.054 505/975 | Building mesh BLAS |      24 tris | Cylinder.257
Fra:1 Mem:72.18M (Peak 120.44M) | Time:00:00.41 | Mem:2.52M, Peak:2.52M | Scene, ViewLayer | Updating Geometry BVH Cube.055 506/975 | Building BVH
Fra:1 Mem:72.18M (Peak 120.44M) | Time:00:00.41 | Mem:2.52M, Peak:2.52M | Scene, ViewLayer | Updating Geometry BVH Cube.056 507/975 | Building mesh BLAS |     108 tris | Cube.055
Fra:1 Mem:72.18M (Peak 120.44M) | Time:00:00.41 | Mem:2.52M, Peak:2.52M | Scene, ViewLayer | Updating Geometry BVH Cube.056 507/975 | Building mesh BLAS |     108 tris | Cube.056
Fra:1 Mem:72.18M (Peak 120.44M) | Time:00:00.41 | Mem:2.52M, Peak:2.52M | Scene, ViewLayer | Updating Geometry BVH Icosphere.119 895/975 | Building BVH
Fra:1 Mem:72.18M (Peak 120.44M) | Time:00:00.41 | Mem:2.52M, Peak:2.52M | Scene, ViewLayer | Updating Geometry BVH Icosphere.119 895/975 | Building mesh BLAS |      20 tris | Icosphere.119
Fra:1 Mem:72.18M (Peak 120.44M) | Time:00:00.41 | Mem:2.52M, Peak:2.52M | Scene, ViewLayer | Updating Geometry BVH Cube.057 508/975 | Building BVH
Fra:1 Mem:72.18M (Peak 120.44M) | Time:00:00.41 | Mem:2.52M, Peak:2.52M | Scene, ViewLayer | Updating Geometry BVH Cube.057 508/975 | Building mesh BLAS |     108 tris | Cube.057
Fra:1 Mem:72.18M (Peak 120.44M) | Time:00:00.41 | Mem:2.52M, Peak:2.52M | Scene, ViewLayer | Updating Geometry BVH Reliquary | lancet frame_voussoir_mesh 509/975 | Building BVH
Fra:1 Mem:72.18M (Peak 120.44M) | Time:00:00.41 | Mem:2.52M, Peak:2.52M | Scene, ViewLayer | Updating Geometry BVH Reliquary | lancet frame_voussoir_mesh 509/975 | Building mesh BLAS |      12 tris | Reliquary | lancet frame_voussoir_mesh
Fra:1 Mem:72.18M (Peak 120.44M) | Time:00:00.41 | Mem:2.54M, Peak:2.54M | Scene, ViewLayer | Updating Geometry BVH Cylinder.256 894/975 | Building BVH
Fra:1 Mem:72.18M (Peak 120.44M) | Time:00:00.41 | Mem:2.54M, Peak:2.54M | Scene, ViewLayer | Updating Geometry BVH Cylinder.256 894/975 | Building mesh BLAS |      24 tris | Cylinder.256
Fra:1 Mem:72.18M (Peak 120.44M) | Time:00:00.41 | Mem:2.54M, Peak:2.54M | Scene, ViewLayer | Updating Geometry BVH Reliquary | lancet frame_voussoir_mesh.001 510/975 | Building BVH
Fra:1 Mem:72.18M (Peak 120.44M) | Time:00:00.41 | Mem:2.54M, Peak:2.54M | Scene, ViewLayer | Updating Geometry BVH Reliquary | lancet frame_voussoir_mesh.001 510/975 | Building mesh BLAS |      12 tris | Reliquary | lancet frame_voussoir_mesh.001
Fra:1 Mem:72.18M (Peak 120.44M) | Time:00:00.41 | Mem:2.54M, Peak:2.54M | Scene, ViewLayer | Updating Geometry BVH Reliquary | lancet frame_voussoir_mesh.002 511/975 | Building BVH
Fra:1 Mem:72.18M (Peak 120.44M) | Time:00:00.41 | Mem:2.54M, Peak:2.54M | Scene, ViewLayer | Updating Geometry BVH Reliquary | lancet frame_voussoir_mesh.002 511/975 | Building mesh BLAS |      12 tris | Reliquary | lancet frame_voussoir_mesh.002
Fra:1 Mem:72.18M (Peak 120.44M) | Time:00:00.41 | Mem:2.55M, Peak:2.55M | Scene, ViewLayer | Updating Geometry BVH Reliquary | lancet frame_voussoir_mesh.003 512/975 | Building BVH
Fra:1 Mem:72.18M (Peak 120.44M) | Time:00:00.41 | Mem:2.55M, Peak:2.55M | Scene, ViewLayer | Updating Geometry BVH Reliquary | lancet frame_voussoir_mesh.003 512/975 | Building mesh BLAS |      12 tris | Reliquary | lancet frame_voussoir_mesh.003
Fra:1 Mem:72.18M (Peak 120.44M) | Time:00:00.41 | Mem:2.55M, Peak:2.55M | Scene, ViewLayer | Updating Geometry BVH Icosphere.118 893/975 | Building BVH
Fra:1 Mem:72.18M (Peak 120.44M) | Time:00:00.41 | Mem:2.55M, Peak:2.55M | Scene, ViewLayer | Updating Geometry BVH Icosphere.118 893/975 | Building mesh BLAS |      20 tris | Icosphere.118
Fra:1 Mem:72.18M (Peak 120.44M) | Time:00:00.41 | Mem:2.56M, Peak:2.56M | Scene, ViewLayer | Updating Geometry BVH Reliquary | lancet frame_voussoir_mesh.004 513/975 | Building BVH
Fra:1 Mem:72.18M (Peak 120.44M) | Time:00:00.41 | Mem:2.56M, Peak:2.56M | Scene, ViewLayer | Updating Geometry BVH Reliquary | lancet frame_voussoir_mesh.004 513/975 | Building mesh BLAS |      12 tris | Reliquary | lancet frame_voussoir_mesh.004
Fra:1 Mem:72.18M (Peak 120.44M) | Time:00:00.41 | Mem:2.56M, Peak:2.56M | Scene, ViewLayer | Updating Geometry BVH Cylinder.255 892/975 | Building BVH
Fra:1 Mem:72.18M (Peak 120.44M) | Time:00:00.41 | Mem:2.56M, Peak:2.56M | Scene, ViewLayer | Updating Geometry BVH Reliquary | lancet frame_voussoir_mesh.005 514/975 | Building BVH
Fra:1 Mem:72.18M (Peak 120.44M) | Time:00:00.41 | Mem:2.56M, Peak:2.56M | Scene, ViewLayer | Updating Geometry BVH Reliquary | lancet frame_voussoir_mesh.005 514/975 | Building mesh BLAS |      12 tris | Reliquary | lancet frame_voussoir_mesh.005
Fra:1 Mem:72.18M (Peak 120.44M) | Time:00:00.41 | Mem:2.56M, Peak:2.56M | Scene, ViewLayer | Updating Geometry BVH Reliquary | lancet frame_voussoir_mesh.005 514/975 | Building mesh BLAS |      24 tris | Cylinder.255
Fra:1 Mem:72.18M (Peak 120.44M) | Time:00:00.41 | Mem:2.56M, Peak:2.56M | Scene, ViewLayer | Updating Geometry BVH Reliquary | lancet frame_voussoir_mesh.006 515/975 | Building BVH
Fra:1 Mem:72.18M (Peak 120.44M) | Time:00:00.41 | Mem:2.56M, Peak:2.56M | Scene, ViewLayer | Updating Geometry BVH Reliquary | lancet frame_voussoir_mesh.007 516/975 | Building BVH
Fra:1 Mem:72.18M (Peak 120.44M) | Time:00:00.41 | Mem:2.56M, Peak:2.56M | Scene, ViewLayer | Updating Geometry BVH Reliquary | lancet frame_voussoir_mesh.008 517/975 | Building BVH
Fra:1 Mem:72.18M (Peak 120.44M) | Time:00:00.41 | Mem:2.56M, Peak:2.56M | Scene, ViewLayer | Updating Geometry BVH Reliquary | lancet frame_voussoir_mesh.008 517/975 | Building mesh BLAS |      12 tris | Reliquary | lancet frame_voussoir_mesh.008
Fra:1 Mem:72.18M (Peak 120.44M) | Time:00:00.41 | Mem:2.56M, Peak:2.56M | Scene, ViewLayer | Updating Geometry BVH Reliquary | lancet frame_voussoir_mesh.008 517/975 | Building mesh BLAS |      12 tris | Reliquary | lancet frame_voussoir_mesh.007
Fra:1 Mem:72.18M (Peak 120.44M) | Time:00:00.41 | Mem:2.56M, Peak:2.56M | Scene, ViewLayer | Updating Geometry BVH Reliquary | lancet frame_voussoir_mesh.009 518/975 | Building BVH
Fra:1 Mem:72.18M (Peak 120.44M) | Time:00:00.41 | Mem:2.56M, Peak:2.56M | Scene, ViewLayer | Updating Geometry BVH Reliquary | lancet frame_voussoir_mesh.010 519/975 | Building BVH
Fra:1 Mem:72.18M (Peak 120.44M) | Time:00:00.41 | Mem:2.56M, Peak:2.56M | Scene, ViewLayer | Updating Geometry BVH Reliquary | lancet frame_voussoir_mesh.010 519/975 | Building mesh BLAS |      12 tris | Reliquary | lancet frame_voussoir_mesh.009
Fra:1 Mem:72.18M (Peak 120.44M) | Time:00:00.41 | Mem:2.56M, Peak:2.56M | Scene, ViewLayer | Updating Geometry BVH Reliquary | lancet frame_voussoir_mesh.010 519/975 | Building mesh BLAS |      12 tris | Reliquary | lancet frame_voussoir_mesh.010
Fra:1 Mem:72.18M (Peak 120.44M) | Time:00:00.41 | Mem:2.56M, Peak:2.56M | Scene, ViewLayer | Updating Geometry BVH Reliquary | lancet frame_voussoir_mesh.011 520/975 | Building BVH
Fra:1 Mem:72.18M (Peak 120.44M) | Time:00:00.41 | Mem:2.56M, Peak:2.56M | Scene, ViewLayer | Updating Geometry BVH Reliquary | lancet frame_voussoir_mesh.011 520/975 | Building mesh BLAS |      12 tris | Reliquary | lancet frame_voussoir_mesh.011
Fra:1 Mem:72.18M (Peak 120.44M) | Time:00:00.41 | Mem:2.56M, Peak:2.56M | Scene, ViewLayer | Updating Geometry BVH Reliquary | lancet frame_voussoir_mesh.012 521/975 | Building BVH
Fra:1 Mem:72.18M (Peak 120.44M) | Time:00:00.41 | Mem:2.56M, Peak:2.56M | Scene, ViewLayer | Updating Geometry BVH Reliquary | lancet frame_voussoir_mesh.012 521/975 | Building mesh BLAS |      12 tris | Reliquary | lancet frame_voussoir_mesh.012
Fra:1 Mem:72.18M (Peak 120.44M) | Time:00:00.41 | Mem:2.56M, Peak:2.56M | Scene, ViewLayer | Updating Geometry BVH Reliquary | lancet frame_voussoir_mesh.013 522/975 | Building BVH
Fra:1 Mem:72.18M (Peak 120.44M) | Time:00:00.41 | Mem:2.56M, Peak:2.56M | Scene, ViewLayer | Updating Geometry BVH Reliquary | lancet frame_voussoir_mesh.013 522/975 | Building mesh BLAS |      12 tris | Reliquary | lancet frame_voussoir_mesh.013
Fra:1 Mem:72.18M (Peak 120.44M) | Time:00:00.41 | Mem:2.56M, Peak:2.56M | Scene, ViewLayer | Updating Geometry BVH Icosphere.117 891/975 | Building BVH
Fra:1 Mem:72.18M (Peak 120.44M) | Time:00:00.41 | Mem:2.56M, Peak:2.56M | Scene, ViewLayer | Updating Geometry BVH Icosphere.117 891/975 | Building mesh BLAS |      20 tris | Icosphere.117
Fra:1 Mem:72.18M (Peak 120.44M) | Time:00:00.41 | Mem:2.56M, Peak:2.56M | Scene, ViewLayer | Updating Geometry BVH Reliquary | lancet frame_voussoir_mesh.015 524/975 | Building BVH
Fra:1 Mem:72.18M (Peak 120.44M) | Time:00:00.41 | Mem:2.56M, Peak:2.56M | Scene, ViewLayer | Updating Geometry BVH Reliquary | lancet frame_voussoir_mesh.016 525/975 | Building BVH
Fra:1 Mem:72.18M (Peak 120.44M) | Time:00:00.41 | Mem:2.56M, Peak:2.56M | Scene, ViewLayer | Updating Geometry BVH Reliquary | lancet frame_voussoir_mesh.016 525/975 | Building mesh BLAS |      12 tris | Reliquary | lancet frame_voussoir_mesh.016
Fra:1 Mem:72.18M (Peak 120.44M) | Time:00:00.41 | Mem:2.56M, Peak:2.56M | Scene, ViewLayer | Updating Geometry BVH Reliquary | lancet frame_voussoir_mesh.017 526/975 | Building BVH
Fra:1 Mem:72.18M (Peak 120.44M) | Time:00:00.41 | Mem:2.56M, Peak:2.56M | Scene, ViewLayer | Updating Geometry BVH Reliquary | lancet frame_voussoir_mesh.019 528/975 | Building BVH
Fra:1 Mem:72.18M (Peak 120.44M) | Time:00:00.41 | Mem:2.56M, Peak:2.56M | Scene, ViewLayer | Updating Geometry BVH Reliquary | lancet frame_voussoir_mesh.020 529/975 | Building BVH
Fra:1 Mem:72.18M (Peak 120.44M) | Time:00:00.41 | Mem:2.56M, Peak:2.56M | Scene, ViewLayer | Updating Geometry BVH Reliquary | lancet frame_voussoir_mesh.020 529/975 | Building mesh BLAS |      12 tris | Reliquary | lancet frame_voussoir_mesh.019
Fra:1 Mem:72.18M (Peak 120.44M) | Time:00:00.41 | Mem:2.56M, Peak:2.56M | Scene, ViewLayer | Updating Geometry BVH Reliquary | lancet frame_voussoir_mesh.020 529/975 | Building mesh BLAS |      12 tris | Reliquary | lancet frame_voussoir_mesh.017
Fra:1 Mem:72.18M (Peak 120.44M) | Time:00:00.41 | Mem:2.56M, Peak:2.56M | Scene, ViewLayer | Updating Geometry BVH Reliquary | lancet frame_voussoir_mesh.020 529/975 | Building mesh BLAS |      12 tris | Reliquary | lancet frame_voussoir_mesh.020
Fra:1 Mem:72.18M (Peak 120.44M) | Time:00:00.41 | Mem:2.56M, Peak:2.56M | Scene, ViewLayer | Updating Geometry BVH Reliquary | lancet frame_voussoir_mesh.021 530/975 | Building BVH
Fra:1 Mem:72.18M (Peak 120.44M) | Time:00:00.41 | Mem:2.56M, Peak:2.56M | Scene, ViewLayer | Updating Geometry BVH Reliquary | lancet frame_voussoir_mesh.021 530/975 | Building mesh BLAS |      12 tris | Reliquary | lancet frame_voussoir_mesh.014
Fra:1 Mem:72.18M (Peak 120.44M) | Time:00:00.41 | Mem:2.56M, Peak:2.56M | Scene, ViewLayer | Updating Geometry BVH Reliquary | lancet frame_voussoir_mesh.021 530/975 | Building mesh BLAS |      12 tris | Reliquary | lancet frame_voussoir_mesh.018
Fra:1 Mem:72.18M (Peak 120.44M) | Time:00:00.41 | Mem:2.56M, Peak:2.56M | Scene, ViewLayer | Updating Geometry BVH Reliquary | lancet frame_voussoir_mesh.021 530/975 | Building mesh BLAS |      12 tris | Reliquary | lancet frame_voussoir_mesh.021
Fra:1 Mem:72.18M (Peak 120.44M) | Time:00:00.41 | Mem:2.56M, Peak:2.56M | Scene, ViewLayer | Updating Geometry BVH Cylinder.254 890/975 | Building BVH
Fra:1 Mem:72.18M (Peak 120.44M) | Time:00:00.41 | Mem:2.56M, Peak:2.56M | Scene, ViewLayer | Updating Geometry BVH Cylinder.254 890/975 | Building mesh BLAS |      24 tris | Cylinder.254
Fra:1 Mem:72.18M (Peak 120.44M) | Time:00:00.41 | Mem:2.57M, Peak:2.57M | Scene, ViewLayer | Updating Geometry BVH Reliquary | lancet frame_voussoir_mesh.022 531/975 | Building BVH
Fra:1 Mem:72.18M (Peak 120.44M) | Time:00:00.41 | Mem:2.57M, Peak:2.57M | Scene, ViewLayer | Updating Geometry BVH Reliquary | lancet frame_voussoir_mesh.022 531/975 | Building mesh BLAS |      12 tris | Reliquary | lancet frame_voussoir_mesh.022
Fra:1 Mem:72.18M (Peak 120.44M) | Time:00:00.41 | Mem:2.57M, Peak:2.57M | Scene, ViewLayer | Updating Geometry BVH Reliquary | lancet frame_voussoir_mesh.023 532/975 | Building BVH
Fra:1 Mem:72.18M (Peak 120.44M) | Time:00:00.41 | Mem:2.57M, Peak:2.57M | Scene, ViewLayer | Updating Geometry BVH Reliquary | lancet frame_voussoir_mesh.024 533/975 | Building BVH
Fra:1 Mem:72.18M (Peak 120.44M) | Time:00:00.41 | Mem:2.57M, Peak:2.57M | Scene, ViewLayer | Updating Geometry BVH Reliquary | lancet frame_voussoir_mesh.024 533/975 | Building mesh BLAS |      12 tris | Reliquary | lancet frame_voussoir_mesh.023
Fra:1 Mem:72.18M (Peak 120.44M) | Time:00:00.41 | Mem:2.57M, Peak:2.57M | Scene, ViewLayer | Updating Geometry BVH Reliquary | lancet frame_voussoir_mesh.024 533/975 | Building mesh BLAS |      12 tris | Reliquary | lancet frame_voussoir_mesh.024
Fra:1 Mem:72.18M (Peak 120.44M) | Time:00:00.41 | Mem:2.57M, Peak:2.57M | Scene, ViewLayer | Updating Geometry BVH Reliquary | lancet frame_voussoir_mesh.025 534/975 | Building BVH
Fra:1 Mem:72.18M (Peak 120.44M) | Time:00:00.41 | Mem:2.57M, Peak:2.57M | Scene, ViewLayer | Updating Geometry BVH Reliquary | lancet frame_voussoir_mesh.025 534/975 | Building mesh BLAS |      12 tris | Reliquary | lancet frame_voussoir_mesh.025
Fra:1 Mem:72.18M (Peak 120.44M) | Time:00:00.41 | Mem:2.62M, Peak:2.62M | Scene, ViewLayer | Updating Geometry BVH Cylinder.134 535/975 | Building BVH
Fra:1 Mem:72.18M (Peak 120.44M) | Time:00:00.41 | Mem:2.62M, Peak:2.62M | Scene, ViewLayer | Updating Geometry BVH Cylinder.134 535/975 | Building mesh BLAS |      36 tris | Cylinder.134
Fra:1 Mem:72.18M (Peak 120.44M) | Time:00:00.41 | Mem:2.63M, Peak:2.63M | Scene, ViewLayer | Updating Geometry BVH Icosphere.116 889/975 | Building BVH
Fra:1 Mem:72.18M (Peak 120.44M) | Time:00:00.41 | Mem:2.63M, Peak:2.63M | Scene, ViewLayer | Updating Geometry BVH Icosphere.116 889/975 | Building mesh BLAS |      20 tris | Icosphere.116
Fra:1 Mem:72.18M (Peak 120.44M) | Time:00:00.41 | Mem:2.63M, Peak:2.63M | Scene, ViewLayer | Updating Geometry BVH Reliquary | finial_mesh 536/975 | Building BVH
Fra:1 Mem:72.18M (Peak 120.44M) | Time:00:00.41 | Mem:2.63M, Peak:2.63M | Scene, ViewLayer | Updating Geometry BVH Cylinder.136 539/975 | Building BVH
Fra:1 Mem:72.18M (Peak 120.44M) | Time:00:00.41 | Mem:2.64M, Peak:2.64M | Scene, ViewLayer | Updating Geometry BVH Reliquary | finial_mesh.002 540/975 | Building BVH
Fra:1 Mem:72.18M (Peak 120.44M) | Time:00:00.41 | Mem:2.64M, Peak:2.64M | Scene, ViewLayer | Updating Geometry BVH Reliquary | finial_mesh.002 540/975 | Building mesh BLAS |      48 tris | Reliquary | finial_mesh
Fra:1 Mem:72.18M (Peak 120.44M) | Time:00:00.41 | Mem:2.64M, Peak:2.64M | Scene, ViewLayer | Updating Geometry BVH Reliquary | finial_mesh.003 542/975 | Building BVH
Fra:1 Mem:72.18M (Peak 120.44M) | Time:00:00.41 | Mem:2.64M, Peak:2.64M | Scene, ViewLayer | Updating Geometry BVH Reliquary | finial_mesh.003 542/975 | Building mesh BLAS |      48 tris | Reliquary | finial_mesh.003
Fra:1 Mem:72.18M (Peak 120.44M) | Time:00:00.41 | Mem:2.64M, Peak:2.64M | Scene, ViewLayer | Updating Geometry BVH Reliquary | pitched roof_mesh 543/975 | Building BVH
Fra:1 Mem:72.18M (Peak 120.44M) | Time:00:00.41 | Mem:2.64M, Peak:2.64M | Scene, ViewLayer | Updating Geometry BVH Reliquary | pitched roof_mesh 543/975 | Building mesh BLAS |       4 tris | Reliquary | pitched roof_mesh
Fra:1 Mem:72.18M (Peak 120.44M) | Time:00:00.41 | Mem:2.64M, Peak:2.64M | Scene, ViewLayer | Updating Geometry BVH Reliquary | pitched roof_mesh 543/975 | Building mesh BLAS |      36 tris | Cylinder.136
Fra:1 Mem:72.18M (Peak 120.44M) | Time:00:00.41 | Mem:2.64M, Peak:2.64M | Scene, ViewLayer | Updating Geometry BVH Reliquary | pitched roof_mesh 543/975 | Building mesh BLAS |      36 tris | Cylinder.137
Fra:1 Mem:72.18M (Peak 120.44M) | Time:00:00.41 | Mem:2.64M, Peak:2.64M | Scene, ViewLayer | Updating Geometry BVH Reliquary | pitched roof_mesh 543/975 | Building mesh BLAS |      48 tris | Reliquary | finial_mesh.001
Fra:1 Mem:72.18M (Peak 120.44M) | Time:00:00.41 | Mem:2.64M, Peak:2.64M | Scene, ViewLayer | Updating Geometry BVH Icosphere.031 544/975 | Building BVH
Fra:1 Mem:72.18M (Peak 120.44M) | Time:00:00.41 | Mem:2.64M, Peak:2.64M | Scene, ViewLayer | Updating Geometry BVH Icosphere.031 544/975 | Building mesh BLAS |      20 tris | Icosphere.031
Fra:1 Mem:72.18M (Peak 120.44M) | Time:00:00.41 | Mem:2.64M, Peak:2.64M | Scene, ViewLayer | Updating Geometry BVH Cylinder.253 888/975 | Building BVH
Fra:1 Mem:72.18M (Peak 120.44M) | Time:00:00.41 | Mem:2.64M, Peak:2.64M | Scene, ViewLayer | Updating Geometry BVH Cylinder.253 888/975 | Building mesh BLAS |      24 tris | Cylinder.253
Fra:1 Mem:72.18M (Peak 120.44M) | Time:00:00.41 | Mem:2.64M, Peak:2.64M | Scene, ViewLayer | Updating Geometry BVH Cylinder.138 545/975 | Building BVH
Fra:1 Mem:72.18M (Peak 120.44M) | Time:00:00.41 | Mem:2.64M, Peak:2.64M | Scene, ViewLayer | Updating Geometry BVH Cylinder.138 545/975 | Building mesh BLAS |      36 tris | Cylinder.138
Fra:1 Mem:72.18M (Peak 120.44M) | Time:00:00.41 | Mem:2.64M, Peak:2.64M | Scene, ViewLayer | Updating Geometry BVH Loose parchment_mesh 546/975 | Building BVH
Fra:1 Mem:72.18M (Peak 120.44M) | Time:00:00.41 | Mem:2.64M, Peak:2.64M | Scene, ViewLayer | Updating Geometry BVH Loose parchment_mesh 546/975 | Building mesh BLAS |     240 tris | Loose parchment_mesh
Fra:1 Mem:72.18M (Peak 120.44M) | Time:00:00.41 | Mem:2.65M, Peak:2.65M | Scene, ViewLayer | Updating Geometry BVH Folded vellum_mesh 547/975 | Building BVH
Fra:1 Mem:72.18M (Peak 120.44M) | Time:00:00.41 | Mem:2.65M, Peak:2.65M | Scene, ViewLayer | Updating Geometry BVH Cylinder.139 548/975 | Building mesh BLAS |     240 tris | Folded vellum_mesh
Fra:1 Mem:72.18M (Peak 120.44M) | Time:00:00.41 | Mem:2.65M, Peak:2.65M | Scene, ViewLayer | Updating Geometry BVH Book chain | iron link_curve 550/975 | Building BVH
Fra:1 Mem:72.18M (Peak 120.44M) | Time:00:00.41 | Mem:2.66M, Peak:2.66M | Scene, ViewLayer | Updating Geometry BVH Book chain | iron link_curve.002 552/975 | Building BVH
Fra:1 Mem:72.18M (Peak 120.44M) | Time:00:00.41 | Mem:2.66M, Peak:2.66M | Scene, ViewLayer | Updating Geometry BVH Book chain | iron link_curve.002 552/975 | Building mesh BLAS |     144 tris | Book chain | iron link_curve.002
Fra:1 Mem:72.18M (Peak 120.44M) | Time:00:00.41 | Mem:2.66M, Peak:2.66M | Scene, ViewLayer | Updating Geometry BVH Book chain | iron link_curve.002 552/975 | Building mesh BLAS |     144 tris | Book chain | iron link_curve
Fra:1 Mem:72.18M (Peak 120.44M) | Time:00:00.41 | Mem:2.66M, Peak:2.66M | Scene, ViewLayer | Updating Geometry BVH Cylinder.252 887/975 | Building BVH
Fra:1 Mem:72.18M (Peak 120.44M) | Time:00:00.41 | Mem:2.66M, Peak:2.66M | Scene, ViewLayer | Updating Geometry BVH Cylinder.252 887/975 | Building mesh BLAS |      36 tris | Seal cord_curve
Fra:1 Mem:72.18M (Peak 120.44M) | Time:00:00.41 | Mem:2.66M, Peak:2.66M | Scene, ViewLayer | Updating Geometry BVH Cylinder.252 887/975 | Building mesh BLAS |     144 tris | Book chain | iron link_curve.003
Fra:1 Mem:72.18M (Peak 120.44M) | Time:00:00.41 | Mem:2.66M, Peak:2.66M | Scene, ViewLayer | Updating Geometry BVH Cylinder.252 887/975 | Building mesh BLAS |      52 tris | Cylinder.252
Fra:1 Mem:72.18M (Peak 120.44M) | Time:00:00.41 | Mem:2.66M, Peak:2.66M | Scene, ViewLayer | Updating Geometry BVH Cylinder.252 887/975 | Building mesh BLAS |     144 tris | Book chain | iron link_curve.001
Fra:1 Mem:72.18M (Peak 120.44M) | Time:00:00.41 | Mem:2.66M, Peak:2.66M | Scene, ViewLayer | Updating Geometry BVH Book chain | iron link_curve.004 554/975 | Building BVH
Fra:1 Mem:72.18M (Peak 120.44M) | Time:00:00.41 | Mem:2.66M, Peak:2.66M | Scene, ViewLayer | Updating Geometry BVH Book chain | iron link_curve.004 554/975 | Building mesh BLAS |     144 tris | Book chain | iron link_curve.004
Fra:1 Mem:72.18M (Peak 120.44M) | Time:00:00.41 | Mem:2.66M, Peak:2.66M | Scene, ViewLayer | Updating Geometry BVH Book chain | iron link_curve.005 555/975 | Building BVH
Fra:1 Mem:72.18M (Peak 120.44M) | Time:00:00.41 | Mem:2.66M, Peak:2.66M | Scene, ViewLayer | Updating Geometry BVH Book chain | iron link_curve.005 555/975 | Building mesh BLAS |     144 tris | Book chain | iron link_curve.005
Fra:1 Mem:72.18M (Peak 120.44M) | Time:00:00.41 | Mem:2.66M, Peak:2.66M | Scene, ViewLayer | Updating Geometry BVH Book chain | iron link_curve.006 556/975 | Building BVH
Fra:1 Mem:72.18M (Peak 120.44M) | Time:00:00.41 | Mem:2.66M, Peak:2.66M | Scene, ViewLayer | Updating Geometry BVH Book chain | iron link_curve.006 556/975 | Building mesh BLAS |     144 tris | Book chain | iron link_curve.006
Fra:1 Mem:72.18M (Peak 120.44M) | Time:00:00.41 | Mem:2.67M, Peak:2.67M | Scene, ViewLayer | Updating Geometry BVH Book chain | iron link_curve.007 557/975 | Building BVH
Fra:1 Mem:72.18M (Peak 120.44M) | Time:00:00.41 | Mem:2.67M, Peak:2.67M | Scene, ViewLayer | Updating Geometry BVH Book chain | iron link_curve.007 557/975 | Building mesh BLAS |     144 tris | Book chain | iron link_curve.007
Fra:1 Mem:72.18M (Peak 120.44M) | Time:00:00.41 | Mem:2.67M, Peak:2.67M | Scene, ViewLayer | Updating Geometry BVH Book chain | iron link_curve.008 558/975 | Building BVH
Fra:1 Mem:72.18M (Peak 120.44M) | Time:00:00.41 | Mem:2.67M, Peak:2.67M | Scene, ViewLayer | Updating Geometry BVH Book chain | iron link_curve.009 559/975 | Building BVH
Fra:1 Mem:72.18M (Peak 120.44M) | Time:00:00.41 | Mem:2.67M, Peak:2.67M | Scene, ViewLayer | Updating Geometry BVH Book chain | iron link_curve.009 559/975 | Building mesh BLAS |     144 tris | Book chain | iron link_curve.008
Fra:1 Mem:72.18M (Peak 120.44M) | Time:00:00.41 | Mem:2.67M, Peak:2.67M | Scene, ViewLayer | Updating Geometry BVH Book chain | iron link_curve.009 559/975 | Building mesh BLAS |     144 tris | Book chain | iron link_curve.009
Fra:1 Mem:72.18M (Peak 120.44M) | Time:00:00.41 | Mem:2.67M, Peak:2.67M | Scene, ViewLayer | Updating Geometry BVH Book chain | iron link_curve.010 560/975 | Building BVH
Fra:1 Mem:72.18M (Peak 120.44M) | Time:00:00.41 | Mem:2.67M, Peak:2.67M | Scene, ViewLayer | Updating Geometry BVH Book chain | iron link_curve.010 560/975 | Building mesh BLAS |     144 tris | Book chain | iron link_curve.010
Fra:1 Mem:72.18M (Peak 120.44M) | Time:00:00.41 | Mem:2.67M, Peak:2.67M | Scene, ViewLayer | Updating Geometry BVH Book chain | iron link_curve.011 561/975 | Building BVH
Fra:1 Mem:72.18M (Peak 120.44M) | Time:00:00.41 | Mem:2.67M, Peak:2.67M | Scene, ViewLayer | Updating Geometry BVH Book chain | iron link_curve.012 562/975 | Building BVH
Fra:1 Mem:72.18M (Peak 120.44M) | Time:00:00.41 | Mem:2.67M, Peak:2.67M | Scene, ViewLayer | Updating Geometry BVH Icosphere.115 886/975 | Building BVH
Fra:1 Mem:72.18M (Peak 120.44M) | Time:00:00.41 | Mem:2.67M, Peak:2.67M | Scene, ViewLayer | Updating Geometry BVH Icosphere.115 886/975 | Building mesh BLAS |      20 tris | Icosphere.115
Fra:1 Mem:72.18M (Peak 120.44M) | Time:00:00.41 | Mem:2.67M, Peak:2.67M | Scene, ViewLayer | Updating Geometry BVH Icosphere.115 886/975 | Building mesh BLAS |     144 tris | Book chain | iron link_curve.012
Fra:1 Mem:72.18M (Peak 120.44M) | Time:00:00.41 | Mem:2.67M, Peak:2.67M | Scene, ViewLayer | Updating Geometry BVH Book chain | iron link_curve.013 563/975 | Building BVH
Fra:1 Mem:72.18M (Peak 120.44M) | Time:00:00.41 | Mem:2.67M, Peak:2.67M | Scene, ViewLayer | Updating Geometry BVH Book chain | iron link_curve.013 563/975 | Building mesh BLAS |     144 tris | Book chain | iron link_curve.013
Fra:1 Mem:72.18M (Peak 120.44M) | Time:00:00.41 | Mem:2.67M, Peak:2.67M | Scene, ViewLayer | Updating Geometry BVH Book chain | iron link_curve.014 564/975 | Building BVH
Fra:1 Mem:72.18M (Peak 120.44M) | Time:00:00.41 | Mem:2.67M, Peak:2.67M | Scene, ViewLayer | Updating Geometry BVH Book chain | iron link_curve.014 564/975 | Building mesh BLAS |     144 tris | Book chain | iron link_curve.014
Fra:1 Mem:72.18M (Peak 120.44M) | Time:00:00.41 | Mem:2.68M, Peak:2.68M | Scene, ViewLayer | Updating Geometry BVH Book chain | iron link_curve.015 565/975 | Building BVH
Fra:1 Mem:72.18M (Peak 120.44M) | Time:00:00.41 | Mem:2.68M, Peak:2.68M | Scene, ViewLayer | Updating Geometry BVH Book chain | iron link_curve.015 565/975 | Building mesh BLAS |     144 tris | Book chain | iron link_curve.015
Fra:1 Mem:72.18M (Peak 120.44M) | Time:00:00.41 | Mem:2.68M, Peak:2.68M | Scene, ViewLayer | Updating Geometry BVH Book chain | iron link_curve.016 566/975 | Building BVH
Fra:1 Mem:72.18M (Peak 120.44M) | Time:00:00.41 | Mem:2.68M, Peak:2.68M | Scene, ViewLayer | Updating Geometry BVH Book chain | iron link_curve.017 567/975 | Building mesh BLAS |     144 tris | Book chain | iron link_curve.016
Fra:1 Mem:72.18M (Peak 120.44M) | Time:00:00.41 | Mem:2.68M, Peak:2.68M | Scene, ViewLayer | Updating Geometry BVH Book chain | iron link_curve.018 568/975 | Building BVH
Fra:1 Mem:72.18M (Peak 120.44M) | Time:00:00.41 | Mem:2.68M, Peak:2.68M | Scene, ViewLayer | Updating Geometry BVH Book chain | iron link_curve.019 569/975 | Building BVH
Fra:1 Mem:72.18M (Peak 120.44M) | Time:00:00.41 | Mem:2.68M, Peak:2.68M | Scene, ViewLayer | Updating Geometry BVH Book chain | iron link_curve.019 569/975 | Building mesh BLAS |     144 tris | Book chain | iron link_curve.018
Fra:1 Mem:72.18M (Peak 120.44M) | Time:00:00.41 | Mem:2.68M, Peak:2.68M | Scene, ViewLayer | Updating Geometry BVH Book chain | iron link_curve.019 569/975 | Building mesh BLAS |     144 tris | Book chain | iron link_curve.019
Fra:1 Mem:72.18M (Peak 120.44M) | Time:00:00.41 | Mem:2.68M, Peak:2.68M | Scene, ViewLayer | Updating Geometry BVH Book chain | iron link_curve.019 569/975 | Building mesh BLAS |     144 tris | Book chain | iron link_curve.017
Fra:1 Mem:72.18M (Peak 120.44M) | Time:00:00.41 | Mem:2.68M, Peak:2.68M | Scene, ViewLayer | Updating Geometry BVH Book chain | iron link_curve.020 570/975 | Building BVH
Fra:1 Mem:72.18M (Peak 120.44M) | Time:00:00.41 | Mem:2.68M, Peak:2.68M | Scene, ViewLayer | Updating Geometry BVH Book chain | iron link_curve.020 570/975 | Building mesh BLAS |     144 tris | Book chain | iron link_curve.020
Fra:1 Mem:72.18M (Peak 120.44M) | Time:00:00.41 | Mem:2.73M, Peak:2.73M | Scene, ViewLayer | Updating Geometry BVH Book chain | iron link_curve.022 572/975 | Building BVH
Fra:1 Mem:72.18M (Peak 120.44M) | Time:00:00.41 | Mem:2.73M, Peak:2.73M | Scene, ViewLayer | Updating Geometry BVH Book chain | iron link_curve.021 571/975 | Building BVH
Fra:1 Mem:72.18M (Peak 120.44M) | Time:00:00.41 | Mem:2.73M, Peak:2.73M | Scene, ViewLayer | Updating Geometry BVH Cylinder.251 885/975 | Building mesh BLAS |     144 tris | Book chain | iron link_curve.022
Fra:1 Mem:72.18M (Peak 120.44M) | Time:00:00.41 | Mem:2.73M, Peak:2.73M | Scene, ViewLayer | Updating Geometry BVH Book chain | iron link_curve.023 573/975 | Building BVH
Fra:1 Mem:72.18M (Peak 120.44M) | Time:00:00.41 | Mem:2.74M, Peak:2.74M | Scene, ViewLayer | Updating Geometry BVH Book chain | iron link_curve.023 573/975 | Building mesh BLAS |     144 tris | Book chain | iron link_curve.021
Fra:1 Mem:72.18M (Peak 120.44M) | Time:00:00.41 | Mem:2.74M, Peak:2.74M | Scene, ViewLayer | Updating Geometry BVH Book chain | iron link_curve.023 573/975 | Building mesh BLAS |     144 tris | Book chain | iron link_curve.023
Fra:1 Mem:72.18M (Peak 120.44M) | Time:00:00.41 | Mem:2.75M, Peak:2.75M | Scene, ViewLayer | Updating Geometry BVH Book chain | iron link_curve.024 574/975 | Building BVH
Fra:1 Mem:72.18M (Peak 120.44M) | Time:00:00.41 | Mem:2.75M, Peak:2.75M | Scene, ViewLayer | Updating Geometry BVH Book chain | iron link_curve.024 574/975 | Building mesh BLAS |     144 tris | Book chain | iron link_curve.024
Fra:1 Mem:72.18M (Peak 120.44M) | Time:00:00.41 | Mem:2.76M, Peak:2.76M | Scene, ViewLayer | Updating Geometry BVH Cylinder.140 575/975 | Building BVH
Fra:1 Mem:72.18M (Peak 120.44M) | Time:00:00.41 | Mem:2.76M, Peak:2.76M | Scene, ViewLayer | Updating Geometry BVH Cylinder.140 575/975 | Building mesh BLAS |      44 tris | Cylinder.140
Fra:1 Mem:72.18M (Peak 120.44M) | Time:00:00.41 | Mem:2.76M, Peak:2.76M | Scene, ViewLayer | Updating Geometry BVH Cylinder.141 576/975 | Building BVH
Fra:1 Mem:72.18M (Peak 120.44M) | Time:00:00.41 | Mem:2.76M, Peak:2.76M | Scene, ViewLayer | Updating Geometry BVH Cylinder.141 576/975 | Building mesh BLAS |      44 tris | Cylinder.141
Fra:1 Mem:72.18M (Peak 120.44M) | Time:00:00.41 | Mem:2.76M, Peak:2.76M | Scene, ViewLayer | Updating Geometry BVH Cylinder.142 577/975 | Building BVH
Fra:1 Mem:72.18M (Peak 120.44M) | Time:00:00.42 | Mem:2.76M, Peak:2.76M | Scene, ViewLayer | Updating Geometry BVH Cylinder.142 577/975 | Building mesh BLAS |      44 tris | Cylinder.142
Fra:1 Mem:72.18M (Peak 120.44M) | Time:00:00.42 | Mem:2.76M, Peak:2.76M | Scene, ViewLayer | Updating Geometry BVH Cylinder.142 577/975 | Building mesh BLAS |      24 tris | Cylinder.251
Fra:1 Mem:72.18M (Peak 120.44M) | Time:00:00.42 | Mem:2.76M, Peak:2.76M | Scene, ViewLayer | Updating Geometry BVH Cylinder.143 578/975 | Building BVH
Fra:1 Mem:72.18M (Peak 120.44M) | Time:00:00.42 | Mem:2.76M, Peak:2.76M | Scene, ViewLayer | Updating Geometry BVH Cylinder.144 579/975 | Building BVH
Fra:1 Mem:72.18M (Peak 120.44M) | Time:00:00.42 | Mem:2.76M, Peak:2.76M | Scene, ViewLayer | Updating Geometry BVH Cylinder.145 580/975 | Building BVH
Fra:1 Mem:72.18M (Peak 120.44M) | Time:00:00.42 | Mem:2.76M, Peak:2.76M | Scene, ViewLayer | Updating Geometry BVH Oak | old incision_curve 582/975 | Building BVH
Fra:1 Mem:72.18M (Peak 120.44M) | Time:00:00.42 | Mem:2.76M, Peak:2.76M | Scene, ViewLayer | Updating Geometry BVH Oak | old incision_curve 582/975 | Building mesh BLAS |      44 tris | Cylinder.145
Fra:1 Mem:72.18M (Peak 120.44M) | Time:00:00.42 | Mem:2.76M, Peak:2.76M | Scene, ViewLayer | Updating Geometry BVH Oak | old incision_curve 582/975 | Building mesh BLAS |      24 tris | Oak | old incision_curve
Fra:1 Mem:72.18M (Peak 120.44M) | Time:00:00.42 | Mem:2.76M, Peak:2.76M | Scene, ViewLayer | Updating Geometry BVH Oak | old incision_curve 582/975 | Building mesh BLAS |      44 tris | Cylinder.143
Fra:1 Mem:72.18M (Peak 120.44M) | Time:00:00.42 | Mem:2.77M, Peak:2.77M | Scene, ViewLayer | Updating Geometry BVH Oak | old incision_curve.004 586/975 | Building BVH
Fra:1 Mem:72.18M (Peak 120.44M) | Time:00:00.42 | Mem:2.77M, Peak:2.77M | Scene, ViewLayer | Updating Geometry BVH Oak | old incision_curve.004 586/975 | Building mesh BLAS |      24 tris | Oak | old incision_curve.001
Fra:1 Mem:72.18M (Peak 120.44M) | Time:00:00.42 | Mem:2.77M, Peak:2.77M | Scene, ViewLayer | Updating Geometry BVH Icosphere.114 884/975 | Building BVH
Fra:1 Mem:72.18M (Peak 120.44M) | Time:00:00.42 | Mem:2.77M, Peak:2.77M | Scene, ViewLayer | Updating Geometry BVH Icosphere.114 884/975 | Building mesh BLAS |      20 tris | Icosphere.114
Fra:1 Mem:72.18M (Peak 120.44M) | Time:00:00.42 | Mem:2.77M, Peak:2.77M | Scene, ViewLayer | Updating Geometry BVH Oak | old incision_curve.005 587/975 | Building BVH
Fra:1 Mem:72.18M (Peak 120.44M) | Time:00:00.42 | Mem:2.77M, Peak:2.77M | Scene, ViewLayer | Updating Geometry BVH Oak | old incision_curve.005 587/975 | Building mesh BLAS |      24 tris | Oak | old incision_curve.005
Fra:1 Mem:72.18M (Peak 120.44M) | Time:00:00.42 | Mem:2.77M, Peak:2.77M | Scene, ViewLayer | Updating Geometry BVH Oak | old incision_curve.005 587/975 | Building mesh BLAS |      24 tris | Oak | old incision_curve.002
Fra:1 Mem:72.18M (Peak 120.44M) | Time:00:00.42 | Mem:2.77M, Peak:2.77M | Scene, ViewLayer | Updating Geometry BVH Oak | old incision_curve.005 587/975 | Building mesh BLAS |      24 tris | Oak | old incision_curve.003
Fra:1 Mem:72.18M (Peak 120.44M) | Time:00:00.42 | Mem:2.77M, Peak:2.77M | Scene, ViewLayer | Updating Geometry BVH Oak | old incision_curve.005 587/975 | Building mesh BLAS |      24 tris | Oak | old incision_curve.004
Fra:1 Mem:72.18M (Peak 120.44M) | Time:00:00.42 | Mem:2.77M, Peak:2.77M | Scene, ViewLayer | Updating Geometry BVH Oak | old incision_curve.005 587/975 | Building mesh BLAS |      44 tris | Cylinder.146
Fra:1 Mem:72.18M (Peak 120.44M) | Time:00:00.42 | Mem:2.77M, Peak:2.77M | Scene, ViewLayer | Updating Geometry BVH Oak | old incision_curve.006 588/975 | Building BVH
Fra:1 Mem:72.18M (Peak 120.44M) | Time:00:00.42 | Mem:2.77M, Peak:2.77M | Scene, ViewLayer | Updating Geometry BVH Oak | old incision_curve.006 588/975 | Building mesh BLAS |      24 tris | Oak | old incision_curve.006
Fra:1 Mem:72.18M (Peak 120.44M) | Time:00:00.42 | Mem:2.77M, Peak:2.77M | Scene, ViewLayer | Updating Geometry BVH Oak | old incision_curve.007 589/975 | Building BVH
Fra:1 Mem:72.18M (Peak 120.44M) | Time:00:00.42 | Mem:2.77M, Peak:2.77M | Scene, ViewLayer | Updating Geometry BVH Oak | old incision_curve.007 589/975 | Building mesh BLAS |      24 tris | Oak | old incision_curve.007
Fra:1 Mem:72.18M (Peak 120.44M) | Time:00:00.42 | Mem:2.77M, Peak:2.77M | Scene, ViewLayer | Updating Geometry BVH Cylinder.250 883/975 | Building BVH
Fra:1 Mem:72.18M (Peak 120.44M) | Time:00:00.42 | Mem:2.78M, Peak:2.78M | Scene, ViewLayer | Updating Geometry BVH Oak | old incision_curve.014 596/975 | Building mesh BLAS |      24 tris | Cylinder.250
Fra:1 Mem:72.18M (Peak 120.44M) | Time:00:00.42 | Mem:2.78M, Peak:2.78M | Scene, ViewLayer | Updating Geometry BVH Oak | old incision_curve.014 596/975 | Building mesh BLAS |      24 tris | Oak | old incision_curve.008
Fra:1 Mem:72.18M (Peak 120.44M) | Time:00:00.42 | Mem:2.78M, Peak:2.78M | Scene, ViewLayer | Updating Geometry BVH Oak | old incision_curve.014 596/975 | Building mesh BLAS |      24 tris | Oak | old incision_curve.010
Fra:1 Mem:72.18M (Peak 120.44M) | Time:00:00.42 | Mem:2.78M, Peak:2.78M | Scene, ViewLayer | Updating Geometry BVH Oak | old incision_curve.014 596/975 | Building mesh BLAS |      24 tris | Oak | old incision_curve.011
Fra:1 Mem:72.18M (Peak 120.44M) | Time:00:00.42 | Mem:2.78M, Peak:2.78M | Scene, ViewLayer | Updating Geometry BVH Oak | old incision_curve.014 596/975 | Building mesh BLAS |      24 tris | Oak | old incision_curve.012
Fra:1 Mem:72.18M (Peak 120.44M) | Time:00:00.42 | Mem:2.78M, Peak:2.78M | Scene, ViewLayer | Updating Geometry BVH Oak | old incision_curve.014 596/975 | Building mesh BLAS |      24 tris | Oak | old incision_curve.009
Fra:1 Mem:72.18M (Peak 120.44M) | Time:00:00.42 | Mem:2.78M, Peak:2.78M | Scene, ViewLayer | Updating Geometry BVH Oak | old incision_curve.014 596/975 | Building mesh BLAS |      24 tris | Oak | old incision_curve.013
Fra:1 Mem:72.18M (Peak 120.44M) | Time:00:00.42 | Mem:2.78M, Peak:2.78M | Scene, ViewLayer | Updating Geometry BVH Oak | old incision_curve.014 596/975 | Building mesh BLAS |      24 tris | Oak | old incision_curve.014
Fra:1 Mem:72.18M (Peak 120.44M) | Time:00:00.42 | Mem:2.78M, Peak:2.78M | Scene, ViewLayer | Updating Geometry BVH Oak | old incision_curve.015 597/975 | Building BVH
Fra:1 Mem:72.18M (Peak 120.44M) | Time:00:00.42 | Mem:2.78M, Peak:2.78M | Scene, ViewLayer | Updating Geometry BVH Oak | old incision_curve.015 597/975 | Building mesh BLAS |      24 tris | Oak | old incision_curve.015
Fra:1 Mem:72.18M (Peak 120.44M) | Time:00:00.42 | Mem:2.78M, Peak:2.78M | Scene, ViewLayer | Updating Geometry BVH Oak | old incision_curve.016 598/975 | Building BVH
Fra:1 Mem:72.18M (Peak 120.44M) | Time:00:00.42 | Mem:2.78M, Peak:2.78M | Scene, ViewLayer | Updating Geometry BVH Icosphere.113 882/975 | Building BVH
Fra:1 Mem:72.18M (Peak 120.44M) | Time:00:00.42 | Mem:2.78M, Peak:2.78M | Scene, ViewLayer | Updating Geometry BVH Icosphere.113 882/975 | Building mesh BLAS |      20 tris | Icosphere.113
Fra:1 Mem:72.18M (Peak 120.44M) | Time:00:00.42 | Mem:2.78M, Peak:2.78M | Scene, ViewLayer | Updating Geometry BVH Oak | old incision_curve.017 599/975 | Building BVH
Fra:1 Mem:72.18M (Peak 120.44M) | Time:00:00.42 | Mem:2.78M, Peak:2.78M | Scene, ViewLayer | Updating Geometry BVH Oak | old incision_curve.017 599/975 | Building mesh BLAS |      24 tris | Oak | old incision_curve.017
Fra:1 Mem:72.18M (Peak 120.44M) | Time:00:00.42 | Mem:2.78M, Peak:2.78M | Scene, ViewLayer | Updating Geometry BVH Oak | old incision_curve.018 600/975 | Building BVH
Fra:1 Mem:72.18M (Peak 120.44M) | Time:00:00.42 | Mem:2.78M, Peak:2.78M | Scene, ViewLayer | Updating Geometry BVH Oak | old incision_curve.018 600/975 | Building mesh BLAS |      24 tris | Oak | old incision_curve.018
Fra:1 Mem:72.18M (Peak 120.44M) | Time:00:00.42 | Mem:2.78M, Peak:2.78M | Scene, ViewLayer | Updating Geometry BVH Oak | old incision_curve.019 601/975 | Building BVH
Fra:1 Mem:72.18M (Peak 120.44M) | Time:00:00.42 | Mem:2.78M, Peak:2.78M | Scene, ViewLayer | Updating Geometry BVH Oak | old incision_curve.019 601/975 | Building mesh BLAS |      24 tris | Oak | old incision_curve.019
Fra:1 Mem:72.18M (Peak 120.44M) | Time:00:00.42 | Mem:2.78M, Peak:2.78M | Scene, ViewLayer | Updating Geometry BVH Oak | old incision_curve.020 602/975 | Building BVH
Fra:1 Mem:72.18M (Peak 120.44M) | Time:00:00.42 | Mem:2.78M, Peak:2.78M | Scene, ViewLayer | Updating Geometry BVH Oak | old incision_curve.020 602/975 | Building mesh BLAS |      24 tris | Oak | old incision_curve.020
Fra:1 Mem:72.18M (Peak 120.44M) | Time:00:00.42 | Mem:2.80M, Peak:2.80M | Scene, ViewLayer | Updating Geometry BVH Oak | old incision_curve.020 602/975 | Building mesh BLAS |      24 tris | Oak | old incision_curve.016
Fra:1 Mem:72.18M (Peak 120.44M) | Time:00:00.42 | Mem:2.80M, Peak:2.80M | Scene, ViewLayer | Updating Geometry BVH Oak | old incision_curve.021 603/975 | Building BVH
Fra:1 Mem:72.18M (Peak 120.44M) | Time:00:00.42 | Mem:2.80M, Peak:2.80M | Scene, ViewLayer | Updating Geometry BVH Oak | old incision_curve.021 603/975 | Building mesh BLAS |      24 tris | Oak | old incision_curve.021
Fra:1 Mem:72.18M (Peak 120.44M) | Time:00:00.42 | Mem:2.81M, Peak:2.81M | Scene, ViewLayer | Updating Geometry BVH Oak | old incision_curve.022 604/975 | Building BVH
Fra:1 Mem:72.18M (Peak 120.44M) | Time:00:00.42 | Mem:2.81M, Peak:2.81M | Scene, ViewLayer | Updating Geometry BVH Oak | old incision_curve.022 604/975 | Building mesh BLAS |      24 tris | Oak | old incision_curve.022
Fra:1 Mem:72.18M (Peak 120.44M) | Time:00:00.42 | Mem:2.81M, Peak:2.81M | Scene, ViewLayer | Updating Geometry BVH Oak | old incision_curve.023 605/975 | Building BVH
Fra:1 Mem:72.18M (Peak 120.44M) | Time:00:00.42 | Mem:2.81M, Peak:2.81M | Scene, ViewLayer | Updating Geometry BVH Oak | old incision_curve.023 605/975 | Building mesh BLAS |      24 tris | Oak | old incision_curve.023
Fra:1 Mem:72.18M (Peak 120.44M) | Time:00:00.42 | Mem:2.81M, Peak:2.81M | Scene, ViewLayer | Updating Geometry BVH Oak | old incision_curve.024 606/975 | Building BVH
Fra:1 Mem:72.18M (Peak 120.44M) | Time:00:00.42 | Mem:2.81M, Peak:2.81M | Scene, ViewLayer | Updating Geometry BVH Oak | old incision_curve.024 606/975 | Building mesh BLAS |      24 tris | Oak | old incision_curve.024
Fra:1 Mem:72.18M (Peak 120.44M) | Time:00:00.42 | Mem:2.81M, Peak:2.81M | Scene, ViewLayer | Updating Geometry BVH Oak | old incision_curve.025 607/975 | Building BVH
Fra:1 Mem:72.18M (Peak 120.44M) | Time:00:00.42 | Mem:2.81M, Peak:2.81M | Scene, ViewLayer | Updating Geometry BVH Oak | old incision_curve.025 607/975 | Building mesh BLAS |      24 tris | Oak | old incision_curve.025
Fra:1 Mem:72.18M (Peak 120.44M) | Time:00:00.42 | Mem:2.81M, Peak:2.81M | Scene, ViewLayer | Updating Geometry BVH Oak | old incision_curve.026 608/975 | Building BVH
Fra:1 Mem:72.18M (Peak 120.44M) | Time:00:00.42 | Mem:2.81M, Peak:2.81M | Scene, ViewLayer | Updating Geometry BVH Oak | old incision_curve.026 608/975 | Building mesh BLAS |      24 tris | Oak | old incision_curve.026
Fra:1 Mem:72.18M (Peak 120.44M) | Time:00:00.42 | Mem:2.81M, Peak:2.81M | Scene, ViewLayer | Updating Geometry BVH Oak | old incision_curve.027 609/975 | Building BVH
Fra:1 Mem:72.18M (Peak 120.44M) | Time:00:00.42 | Mem:2.81M, Peak:2.81M | Scene, ViewLayer | Updating Geometry BVH Oak | old incision_curve.027 609/975 | Building mesh BLAS |      24 tris | Oak | old incision_curve.027
Fra:1 Mem:72.18M (Peak 120.44M) | Time:00:00.42 | Mem:2.81M, Peak:2.81M | Scene, ViewLayer | Updating Geometry BVH Oak | old incision_curve.028 610/975 | Building BVH
Fra:1 Mem:72.18M (Peak 120.44M) | Time:00:00.42 | Mem:2.81M, Peak:2.81M | Scene, ViewLayer | Updating Geometry BVH Oak | old incision_curve.028 610/975 | Building mesh BLAS |      24 tris | Oak | old incision_curve.028
Fra:1 Mem:72.18M (Peak 120.44M) | Time:00:00.42 | Mem:2.81M, Peak:2.81M | Scene, ViewLayer | Updating Geometry BVH Oak | old incision_curve.029 611/975 | Building BVH
Fra:1 Mem:72.18M (Peak 120.44M) | Time:00:00.42 | Mem:2.81M, Peak:2.81M | Scene, ViewLayer | Updating Geometry BVH Oak | old incision_curve.029 611/975 | Building mesh BLAS |      24 tris | Oak | old incision_curve.029
Fra:1 Mem:72.18M (Peak 120.44M) | Time:00:00.42 | Mem:2.81M, Peak:2.81M | Scene, ViewLayer | Updating Geometry BVH Oak | old incision_curve.030 612/975 | Building BVH
Fra:1 Mem:72.18M (Peak 120.44M) | Time:00:00.42 | Mem:2.81M, Peak:2.81M | Scene, ViewLayer | Updating Geometry BVH Oak | old incision_curve.030 612/975 | Building mesh BLAS |      24 tris | Oak | old incision_curve.030
Fra:1 Mem:72.18M (Peak 120.44M) | Time:00:00.42 | Mem:2.81M, Peak:2.81M | Scene, ViewLayer | Updating Geometry BVH Oak | old incision_curve.031 613/975 | Building BVH
Fra:1 Mem:72.18M (Peak 120.44M) | Time:00:00.42 | Mem:2.81M, Peak:2.81M | Scene, ViewLayer | Updating Geometry BVH Oak | old incision_curve.031 613/975 | Building mesh BLAS |      24 tris | Oak | old incision_curve.031
Fra:1 Mem:72.18M (Peak 120.44M) | Time:00:00.42 | Mem:2.81M, Peak:2.81M | Scene, ViewLayer | Updating Geometry BVH Oak | old incision_curve.032 614/975 | Building BVH
Fra:1 Mem:72.18M (Peak 120.44M) | Time:00:00.42 | Mem:2.81M, Peak:2.81M | Scene, ViewLayer | Updating Geometry BVH Oak | old incision_curve.032 614/975 | Building mesh BLAS |      24 tris | Oak | old incision_curve.032
Fra:1 Mem:72.18M (Peak 120.44M) | Time:00:00.42 | Mem:2.81M, Peak:2.81M | Scene, ViewLayer | Updating Geometry BVH Oak | old incision_curve.033 615/975 | Building BVH
Fra:1 Mem:72.18M (Peak 120.44M) | Time:00:00.42 | Mem:2.81M, Peak:2.81M | Scene, ViewLayer | Updating Geometry BVH Oak | old incision_curve.033 615/975 | Building mesh BLAS |      24 tris | Oak | old incision_curve.033
Fra:1 Mem:72.18M (Peak 120.44M) | Time:00:00.42 | Mem:2.81M, Peak:2.81M | Scene, ViewLayer | Updating Geometry BVH Oak | old incision_curve.034 616/975 | Building BVH
Fra:1 Mem:72.18M (Peak 120.44M) | Time:00:00.42 | Mem:2.81M, Peak:2.81M | Scene, ViewLayer | Updating Geometry BVH Oak | old incision_curve.034 616/975 | Building mesh BLAS |      24 tris | Oak | old incision_curve.034
Fra:1 Mem:72.18M (Peak 120.44M) | Time:00:00.42 | Mem:2.81M, Peak:2.81M | Scene, ViewLayer | Updating Geometry BVH Cylinder.249 881/975 | Building BVH
Fra:1 Mem:72.18M (Peak 120.44M) | Time:00:00.42 | Mem:2.81M, Peak:2.81M | Scene, ViewLayer | Updating Geometry BVH Cylinder.249 881/975 | Building mesh BLAS |      24 tris | Cylinder.249
Fra:1 Mem:72.18M (Peak 120.44M) | Time:00:00.42 | Mem:2.81M, Peak:2.81M | Scene, ViewLayer | Updating Geometry BVH Oak | old incision_curve.035 617/975 | Building BVH
Fra:1 Mem:72.18M (Peak 120.44M) | Time:00:00.42 | Mem:2.81M, Peak:2.81M | Scene, ViewLayer | Updating Geometry BVH Oak | old incision_curve.035 617/975 | Building mesh BLAS |      24 tris | Oak | old incision_curve.035
Fra:1 Mem:72.18M (Peak 120.44M) | Time:00:00.42 | Mem:2.81M, Peak:2.81M | Scene, ViewLayer | Updating Geometry BVH Oak | old incision_curve.036 618/975 | Building BVH
Fra:1 Mem:72.18M (Peak 120.44M) | Time:00:00.42 | Mem:2.81M, Peak:2.81M | Scene, ViewLayer | Updating Geometry BVH Oak | old incision_curve.036 618/975 | Building mesh BLAS |      24 tris | Oak | old incision_curve.036
Fra:1 Mem:72.18M (Peak 120.44M) | Time:00:00.42 | Mem:2.81M, Peak:2.81M | Scene, ViewLayer | Updating Geometry BVH Oak | old incision_curve.037 619/975 | Building BVH
Fra:1 Mem:72.18M (Peak 120.44M) | Time:00:00.42 | Mem:2.81M, Peak:2.81M | Scene, ViewLayer | Updating Geometry BVH Oak | old incision_curve.037 619/975 | Building mesh BLAS |      24 tris | Oak | old incision_curve.037
Fra:1 Mem:72.18M (Peak 120.44M) | Time:00:00.42 | Mem:2.81M, Peak:2.81M | Scene, ViewLayer | Updating Geometry BVH Oak | old incision_curve.038 620/975 | Building BVH
Fra:1 Mem:72.18M (Peak 120.44M) | Time:00:00.42 | Mem:2.81M, Peak:2.81M | Scene, ViewLayer | Updating Geometry BVH Oak | old incision_curve.038 620/975 | Building mesh BLAS |      24 tris | Oak | old incision_curve.038
Fra:1 Mem:72.18M (Peak 120.44M) | Time:00:00.42 | Mem:2.83M, Peak:2.83M | Scene, ViewLayer | Updating Geometry BVH Icosphere.112 880/975 | Building BVH
Fra:1 Mem:72.18M (Peak 120.44M) | Time:00:00.42 | Mem:2.85M, Peak:2.85M | Scene, ViewLayer | Updating Geometry BVH Oak | old incision_curve.039 621/975 | Building BVH
Fra:1 Mem:72.18M (Peak 120.44M) | Time:00:00.42 | Mem:2.85M, Peak:2.85M | Scene, ViewLayer | Updating Geometry BVH Oak | old incision_curve.039 621/975 | Building mesh BLAS |      20 tris | Icosphere.112
Fra:1 Mem:72.18M (Peak 120.44M) | Time:00:00.42 | Mem:2.85M, Peak:2.85M | Scene, ViewLayer | Updating Geometry BVH Oak | old incision_curve.039 621/975 | Building mesh BLAS |      24 tris | Oak | old incision_curve.039
Fra:1 Mem:72.18M (Peak 120.44M) | Time:00:00.42 | Mem:2.85M, Peak:2.85M | Scene, ViewLayer | Updating Geometry BVH Oak | old incision_curve.040 622/975 | Building BVH
Fra:1 Mem:72.18M (Peak 120.44M) | Time:00:00.42 | Mem:2.85M, Peak:2.85M | Scene, ViewLayer | Updating Geometry BVH Oak | old incision_curve.040 622/975 | Building mesh BLAS |      24 tris | Oak | old incision_curve.040
Fra:1 Mem:72.18M (Peak 120.44M) | Time:00:00.42 | Mem:2.85M, Peak:2.85M | Scene, ViewLayer | Updating Geometry BVH Oak | old incision_curve.041 623/975 | Building BVH
Fra:1 Mem:72.18M (Peak 120.44M) | Time:00:00.42 | Mem:2.85M, Peak:2.85M | Scene, ViewLayer | Updating Geometry BVH Oak | old incision_curve.041 623/975 | Building mesh BLAS |      24 tris | Oak | old incision_curve.041
Fra:1 Mem:72.18M (Peak 120.44M) | Time:00:00.42 | Mem:2.88M, Peak:2.88M | Scene, ViewLayer | Updating Geometry BVH Cylinder.248 879/975 | Building BVH
Fra:1 Mem:72.18M (Peak 120.44M) | Time:00:00.42 | Mem:2.88M, Peak:2.88M | Scene, ViewLayer | Updating Geometry BVH Cylinder.248 879/975 | Building mesh BLAS |      24 tris | Cylinder.248
Fra:1 Mem:72.18M (Peak 120.44M) | Time:00:00.42 | Mem:2.91M, Peak:2.91M | Scene, ViewLayer | Updating Geometry BVH Oak | old incision_curve.042 624/975 | Building BVH
Fra:1 Mem:72.18M (Peak 120.44M) | Time:00:00.42 | Mem:2.91M, Peak:2.91M | Scene, ViewLayer | Updating Geometry BVH Oak | old incision_curve.042 624/975 | Building mesh BLAS |      24 tris | Oak | old incision_curve.042
Fra:1 Mem:72.18M (Peak 120.44M) | Time:00:00.42 | Mem:2.92M, Peak:2.92M | Scene, ViewLayer | Updating Geometry BVH Oak | old incision_curve.043 625/975 | Building BVH
Fra:1 Mem:72.18M (Peak 120.44M) | Time:00:00.42 | Mem:2.93M, Peak:2.93M | Scene, ViewLayer | Updating Geometry BVH Oak | old incision_curve.043 625/975 | Building mesh BLAS |      24 tris | Oak | old incision_curve.043
Fra:1 Mem:72.18M (Peak 120.44M) | Time:00:00.42 | Mem:2.93M, Peak:2.93M | Scene, ViewLayer | Updating Geometry BVH Oak | old incision_curve.044 626/975 | Building BVH
Fra:1 Mem:72.18M (Peak 120.44M) | Time:00:00.42 | Mem:2.94M, Peak:2.94M | Scene, ViewLayer | Updating Geometry BVH Oak | old incision_curve.044 626/975 | Building mesh BLAS |      24 tris | Oak | old incision_curve.044
Fra:1 Mem:72.18M (Peak 120.44M) | Time:00:00.42 | Mem:2.94M, Peak:2.94M | Scene, ViewLayer | Updating Geometry BVH Oak | old incision_curve.045 627/975 | Building BVH
Fra:1 Mem:72.18M (Peak 120.44M) | Time:00:00.42 | Mem:2.94M, Peak:2.94M | Scene, ViewLayer | Updating Geometry BVH Oak | old incision_curve.045 627/975 | Building mesh BLAS |      24 tris | Oak | old incision_curve.045
Fra:1 Mem:72.18M (Peak 120.44M) | Time:00:00.42 | Mem:2.94M, Peak:2.94M | Scene, ViewLayer | Updating Geometry BVH Oak | old incision_curve.047 629/975 | Building BVH
Fra:1 Mem:72.18M (Peak 120.44M) | Time:00:00.42 | Mem:2.94M, Peak:2.94M | Scene, ViewLayer | Updating Geometry BVH Icosphere.111 878/975 | Building mesh BLAS |      24 tris | Oak | old incision_curve.047
Fra:1 Mem:72.18M (Peak 120.44M) | Time:00:00.42 | Mem:2.94M, Peak:2.94M | Scene, ViewLayer | Updating Geometry BVH Icosphere.111 878/975 | Building mesh BLAS |      24 tris | Oak | old incision_curve.048
Fra:1 Mem:72.18M (Peak 120.44M) | Time:00:00.42 | Mem:2.96M, Peak:2.96M | Scene, ViewLayer | Updating Geometry BVH Icosphere.111 878/975 | Building mesh BLAS |      24 tris | Oak | old incision_curve.049
Fra:1 Mem:72.18M (Peak 120.44M) | Time:00:00.42 | Mem:2.96M, Peak:2.96M | Scene, ViewLayer | Updating Geometry BVH Icosphere.111 878/975 | Building mesh BLAS |      24 tris | Oak | old incision_curve.046
Fra:1 Mem:72.18M (Peak 120.44M) | Time:00:00.43 | Mem:3.02M, Peak:3.02M | Scene, ViewLayer | Updating Geometry BVH Oak | old incision_curve.050 632/975 | Building BVH
Fra:1 Mem:72.18M (Peak 120.44M) | Time:00:00.43 | Mem:3.02M, Peak:3.02M | Scene, ViewLayer | Updating Geometry BVH Oak | old incision_curve.050 632/975 | Building mesh BLAS |      24 tris | Oak | old incision_curve.050
Fra:1 Mem:72.18M (Peak 120.44M) | Time:00:00.43 | Mem:3.02M, Peak:3.02M | Scene, ViewLayer | Updating Geometry BVH Oak | old incision_curve.051 633/975 | Building BVH
Fra:1 Mem:72.18M (Peak 120.44M) | Time:00:00.43 | Mem:3.02M, Peak:3.02M | Scene, ViewLayer | Updating Geometry BVH Oak | old incision_curve.051 633/975 | Building mesh BLAS |      24 tris | Oak | old incision_curve.051
Fra:1 Mem:72.18M (Peak 120.44M) | Time:00:00.43 | Mem:3.02M, Peak:3.02M | Scene, ViewLayer | Updating Geometry BVH Cylinder.247 877/975 | Building BVH
Fra:1 Mem:72.18M (Peak 120.44M) | Time:00:00.43 | Mem:3.02M, Peak:3.02M | Scene, ViewLayer | Updating Geometry BVH Oak | old incision_curve.052 634/975 | Building BVH
Fra:1 Mem:72.18M (Peak 120.44M) | Time:00:00.43 | Mem:3.02M, Peak:3.02M | Scene, ViewLayer | Updating Geometry BVH Oak | old incision_curve.052 634/975 | Building mesh BLAS |      24 tris | Cylinder.247
Fra:1 Mem:72.18M (Peak 120.44M) | Time:00:00.43 | Mem:3.04M, Peak:3.04M | Scene, ViewLayer | Updating Geometry BVH Oak | old incision_curve.053 635/975 | Building BVH
Fra:1 Mem:72.18M (Peak 120.44M) | Time:00:00.43 | Mem:3.04M, Peak:3.04M | Scene, ViewLayer | Updating Geometry BVH Oak | old incision_curve.054 636/975 | Building BVH
Fra:1 Mem:72.18M (Peak 120.44M) | Time:00:00.43 | Mem:3.04M, Peak:3.04M | Scene, ViewLayer | Updating Geometry BVH Oak | old incision_curve.055 637/975 | Building BVH
Fra:1 Mem:72.18M (Peak 120.44M) | Time:00:00.43 | Mem:3.04M, Peak:3.04M | Scene, ViewLayer | Updating Geometry BVH Oak | old incision_curve.055 637/975 | Building mesh BLAS |      24 tris | Oak | old incision_curve.054
Fra:1 Mem:72.18M (Peak 120.44M) | Time:00:00.43 | Mem:3.04M, Peak:3.04M | Scene, ViewLayer | Updating Geometry BVH Oak | old incision_curve.055 637/975 | Building mesh BLAS |      24 tris | Oak | old incision_curve.055
Fra:1 Mem:72.18M (Peak 120.44M) | Time:00:00.43 | Mem:3.04M, Peak:3.04M | Scene, ViewLayer | Updating Geometry BVH Oak | old incision_curve.056 638/975 | Building BVH
Fra:1 Mem:72.18M (Peak 120.44M) | Time:00:00.43 | Mem:3.04M, Peak:3.04M | Scene, ViewLayer | Updating Geometry BVH Oak | old incision_curve.057 639/975 | Building BVH
Fra:1 Mem:72.18M (Peak 120.44M) | Time:00:00.43 | Mem:3.04M, Peak:3.04M | Scene, ViewLayer | Updating Geometry BVH Oak | old incision_curve.057 639/975 | Building mesh BLAS |      24 tris | Oak | old incision_curve.057
Fra:1 Mem:72.18M (Peak 120.44M) | Time:00:00.43 | Mem:3.04M, Peak:3.04M | Scene, ViewLayer | Updating Geometry BVH Oak | old incision_curve.057 639/975 | Building mesh BLAS |      24 tris | Oak | old incision_curve.053
Fra:1 Mem:72.18M (Peak 120.44M) | Time:00:00.43 | Mem:3.04M, Peak:3.04M | Scene, ViewLayer | Updating Geometry BVH Oak | old incision_curve.058 640/975 | Building BVH
Fra:1 Mem:72.18M (Peak 120.44M) | Time:00:00.43 | Mem:3.04M, Peak:3.04M | Scene, ViewLayer | Updating Geometry BVH Oak | old incision_curve.058 640/975 | Building mesh BLAS |      24 tris | Oak | old incision_curve.058
Fra:1 Mem:72.18M (Peak 120.44M) | Time:00:00.43 | Mem:3.04M, Peak:3.04M | Scene, ViewLayer | Updating Geometry BVH Icosphere.110 876/975 | Building BVH
Fra:1 Mem:72.18M (Peak 120.44M) | Time:00:00.43 | Mem:3.05M, Peak:3.05M | Scene, ViewLayer | Updating Geometry BVH Icosphere.110 876/975 | Building mesh BLAS |      20 tris | Icosphere.110
Fra:1 Mem:72.18M (Peak 120.44M) | Time:00:00.43 | Mem:3.05M, Peak:3.05M | Scene, ViewLayer | Updating Geometry BVH Oak | old incision_curve.059 641/975 | Building BVH
Fra:1 Mem:72.18M (Peak 120.44M) | Time:00:00.43 | Mem:3.05M, Peak:3.05M | Scene, ViewLayer | Updating Geometry BVH Oak | old incision_curve.059 641/975 | Building mesh BLAS |      24 tris | Oak | old incision_curve.059
Fra:1 Mem:72.18M (Peak 120.44M) | Time:00:00.43 | Mem:3.05M, Peak:3.05M | Scene, ViewLayer | Updating Geometry BVH Oak | old incision_curve.060 642/975 | Building BVH
Fra:1 Mem:72.18M (Peak 120.44M) | Time:00:00.43 | Mem:3.05M, Peak:3.05M | Scene, ViewLayer | Updating Geometry BVH Oak | old incision_curve.061 643/975 | Building BVH
Fra:1 Mem:72.18M (Peak 120.44M) | Time:00:00.43 | Mem:3.05M, Peak:3.05M | Scene, ViewLayer | Updating Geometry BVH Oak | old incision_curve.061 643/975 | Building mesh BLAS |      24 tris | Cylinder.246
Fra:1 Mem:72.18M (Peak 120.44M) | Time:00:00.43 | Mem:3.05M, Peak:3.05M | Scene, ViewLayer | Updating Geometry BVH Oak | old incision_curve.061 643/975 | Building mesh BLAS |      24 tris | Oak | old incision_curve.061
Fra:1 Mem:72.18M (Peak 120.44M) | Time:00:00.43 | Mem:3.05M, Peak:3.05M | Scene, ViewLayer | Updating Geometry BVH Oak | old incision_curve.061 643/975 | Building mesh BLAS |      24 tris | Oak | old incision_curve.060
Fra:1 Mem:72.18M (Peak 120.44M) | Time:00:00.43 | Mem:3.05M, Peak:3.05M | Scene, ViewLayer | Updating Geometry BVH Oak | old incision_curve.062 644/975 | Building BVH
Fra:1 Mem:72.18M (Peak 120.44M) | Time:00:00.43 | Mem:3.05M, Peak:3.05M | Scene, ViewLayer | Updating Geometry BVH Oak | old incision_curve.062 644/975 | Building mesh BLAS |      24 tris | Oak | old incision_curve.062
Fra:1 Mem:72.18M (Peak 120.44M) | Time:00:00.43 | Mem:3.07M, Peak:3.07M | Scene, ViewLayer | Updating Geometry BVH Cylinder.245 874/975 | Building BVH
Fra:1 Mem:72.18M (Peak 120.44M) | Time:00:00.43 | Mem:3.08M, Peak:3.08M | Scene, ViewLayer | Updating Geometry BVH Cylinder.245 874/975 | Building mesh BLAS |      52 tris | Cylinder.245
Fra:1 Mem:72.18M (Peak 120.44M) | Time:00:00.43 | Mem:3.09M, Peak:3.09M | Scene, ViewLayer | Updating Geometry BVH Icosphere.109 873/975 | Building BVH
Fra:1 Mem:72.18M (Peak 120.44M) | Time:00:00.43 | Mem:3.09M, Peak:3.09M | Scene, ViewLayer | Updating Geometry BVH Oak | old incision_curve.063 645/975 | Building BVH
Fra:1 Mem:72.18M (Peak 120.44M) | Time:00:00.43 | Mem:3.09M, Peak:3.09M | Scene, ViewLayer | Updating Geometry BVH Oak | old incision_curve.063 645/975 | Building mesh BLAS |      20 tris | Icosphere.109
Fra:1 Mem:72.18M (Peak 120.44M) | Time:00:00.43 | Mem:3.09M, Peak:3.09M | Scene, ViewLayer | Updating Geometry BVH Oak | old incision_curve.064 646/975 | Building BVH
Fra:1 Mem:72.18M (Peak 120.44M) | Time:00:00.43 | Mem:3.09M, Peak:3.09M | Scene, ViewLayer | Updating Geometry BVH Oak | old incision_curve.064 646/975 | Building mesh BLAS |      24 tris | Oak | old incision_curve.064
Fra:1 Mem:72.18M (Peak 120.44M) | Time:00:00.43 | Mem:3.09M, Peak:3.09M | Scene, ViewLayer | Updating Geometry BVH Cylinder.244 872/975 | Building BVH
Fra:1 Mem:72.18M (Peak 120.44M) | Time:00:00.43 | Mem:3.09M, Peak:3.09M | Scene, ViewLayer | Updating Geometry BVH Oak | old incision_curve.065 647/975 | Building mesh BLAS |      24 tris | Cylinder.244
Fra:1 Mem:72.18M (Peak 120.44M) | Time:00:00.43 | Mem:3.09M, Peak:3.09M | Scene, ViewLayer | Updating Geometry BVH Oak | old incision_curve.065 647/975 | Building mesh BLAS |      24 tris | Oak | old incision_curve.065
Fra:1 Mem:72.18M (Peak 120.44M) | Time:00:00.43 | Mem:3.09M, Peak:3.09M | Scene, ViewLayer | Updating Geometry BVH Oak | old incision_curve.066 648/975 | Building BVH
Fra:1 Mem:72.18M (Peak 120.44M) | Time:00:00.43 | Mem:3.09M, Peak:3.09M | Scene, ViewLayer | Updating Geometry BVH Oak | old incision_curve.066 648/975 | Building mesh BLAS |      24 tris | Oak | old incision_curve.066
Fra:1 Mem:72.18M (Peak 120.44M) | Time:00:00.43 | Mem:3.09M, Peak:3.09M | Scene, ViewLayer | Updating Geometry BVH Oak | old incision_curve.067 649/975 | Building BVH
Fra:1 Mem:72.18M (Peak 120.44M) | Time:00:00.43 | Mem:3.09M, Peak:3.09M | Scene, ViewLayer | Updating Geometry BVH Oak | old incision_curve.067 649/975 | Building mesh BLAS |      24 tris | Oak | old incision_curve.067
Fra:1 Mem:72.18M (Peak 120.44M) | Time:00:00.43 | Mem:3.10M, Peak:3.10M | Scene, ViewLayer | Updating Geometry BVH Oak | old incision_curve.068 650/975 | Building BVH
Fra:1 Mem:72.18M (Peak 120.44M) | Time:00:00.43 | Mem:3.10M, Peak:3.10M | Scene, ViewLayer | Updating Geometry BVH Oak | old incision_curve.068 650/975 | Building mesh BLAS |      24 tris | Oak | old incision_curve.068
Fra:1 Mem:72.18M (Peak 120.44M) | Time:00:00.43 | Mem:3.10M, Peak:3.10M | Scene, ViewLayer | Updating Geometry BVH Oak | old incision_curve.069 651/975 | Building BVH
Fra:1 Mem:72.18M (Peak 120.44M) | Time:00:00.43 | Mem:3.10M, Peak:3.10M | Scene, ViewLayer | Updating Geometry BVH Oak | old incision_curve.070 652/975 | Building BVH
Fra:1 Mem:72.18M (Peak 120.44M) | Time:00:00.43 | Mem:3.10M, Peak:3.10M | Scene, ViewLayer | Updating Geometry BVH Oak | old incision_curve.070 652/975 | Building mesh BLAS |      24 tris | Oak | old incision_curve.069
Fra:1 Mem:72.18M (Peak 120.44M) | Time:00:00.43 | Mem:3.10M, Peak:3.10M | Scene, ViewLayer | Updating Geometry BVH Oak | old incision_curve.070 652/975 | Building mesh BLAS |      24 tris | Oak | old incision_curve.070
Fra:1 Mem:72.18M (Peak 120.44M) | Time:00:00.43 | Mem:3.10M, Peak:3.10M | Scene, ViewLayer | Updating Geometry BVH Oak | old incision_curve.071 653/975 | Building BVH
Fra:1 Mem:72.18M (Peak 120.44M) | Time:00:00.43 | Mem:3.10M, Peak:3.10M | Scene, ViewLayer | Updating Geometry BVH Oak | old incision_curve.071 653/975 | Building mesh BLAS |      20 tris | Icosphere.108
Fra:1 Mem:72.18M (Peak 120.44M) | Time:00:00.43 | Mem:3.10M, Peak:3.10M | Scene, ViewLayer | Updating Geometry BVH Oak | old incision_curve.072 654/975 | Building BVH
Fra:1 Mem:72.18M (Peak 120.44M) | Time:00:00.43 | Mem:3.10M, Peak:3.10M | Scene, ViewLayer | Updating Geometry BVH Cylinder.243 870/975 | Building BVH
Fra:1 Mem:72.18M (Peak 120.44M) | Time:00:00.43 | Mem:3.10M, Peak:3.10M | Scene, ViewLayer | Updating Geometry BVH Cylinder.243 870/975 | Building mesh BLAS |      24 tris | Oak | old incision_curve.072
Fra:1 Mem:72.18M (Peak 120.44M) | Time:00:00.43 | Mem:3.10M, Peak:3.10M | Scene, ViewLayer | Updating Geometry BVH Cylinder.243 870/975 | Building mesh BLAS |      24 tris | Cylinder.243
Fra:1 Mem:72.18M (Peak 120.44M) | Time:00:00.43 | Mem:3.10M, Peak:3.10M | Scene, ViewLayer | Updating Geometry BVH Cylinder.243 870/975 | Building mesh BLAS |      24 tris | Oak | old incision_curve.071
Fra:1 Mem:72.18M (Peak 120.44M) | Time:00:00.43 | Mem:3.10M, Peak:3.10M | Scene, ViewLayer | Updating Geometry BVH Oak | old incision_curve.074 656/975 | Building BVH
Fra:1 Mem:72.18M (Peak 120.44M) | Time:00:00.43 | Mem:3.10M, Peak:3.10M | Scene, ViewLayer | Updating Geometry BVH Oak | old incision_curve.074 656/975 | Building mesh BLAS |      24 tris | Oak | old incision_curve.074
Fra:1 Mem:72.18M (Peak 120.44M) | Time:00:00.43 | Mem:3.10M, Peak:3.10M | Scene, ViewLayer | Updating Geometry BVH Oak | dried oil stain_mesh 657/975 | Building BVH
Fra:1 Mem:72.18M (Peak 120.44M) | Time:00:00.43 | Mem:3.10M, Peak:3.10M | Scene, ViewLayer | Updating Geometry BVH Oak | dried oil stain_mesh 657/975 | Building mesh BLAS |      20 tris | Oak | dried oil stain_mesh
Fra:1 Mem:72.18M (Peak 120.44M) | Time:00:00.43 | Mem:3.10M, Peak:3.10M | Scene, ViewLayer | Updating Geometry BVH Oak | dried oil stain_mesh.001 658/975 | Building BVH
Fra:1 Mem:72.18M (Peak 120.44M) | Time:00:00.43 | Mem:3.10M, Peak:3.10M | Scene, ViewLayer | Updating Geometry BVH Oak | dried oil stain_mesh.001 658/975 | Building mesh BLAS |      20 tris | Oak | dried oil stain_mesh.001
Fra:1 Mem:72.18M (Peak 120.44M) | Time:00:00.43 | Mem:3.10M, Peak:3.10M | Scene, ViewLayer | Updating Geometry BVH Oak | dried oil stain_mesh.002 659/975 | Building BVH
Fra:1 Mem:72.18M (Peak 120.44M) | Time:00:00.43 | Mem:3.10M, Peak:3.10M | Scene, ViewLayer | Updating Geometry BVH Oak | dried oil stain_mesh.002 659/975 | Building mesh BLAS |      20 tris | Oak | dried oil stain_mesh.002
Fra:1 Mem:72.18M (Peak 120.44M) | Time:00:00.43 | Mem:3.10M, Peak:3.10M | Scene, ViewLayer | Updating Geometry BVH Oak | dried oil stain_mesh.003 660/975 | Building BVH
Fra:1 Mem:72.18M (Peak 120.44M) | Time:00:00.43 | Mem:3.10M, Peak:3.10M | Scene, ViewLayer | Updating Geometry BVH Oak | dried oil stain_mesh.003 660/975 | Building mesh BLAS |      20 tris | Oak | dried oil stain_mesh.003
Fra:1 Mem:72.18M (Peak 120.44M) | Time:00:00.43 | Mem:3.10M, Peak:3.10M | Scene, ViewLayer | Updating Geometry BVH Oak | dried oil stain_mesh.004 661/975 | Building BVH
Fra:1 Mem:72.18M (Peak 120.44M) | Time:00:00.43 | Mem:3.10M, Peak:3.10M | Scene, ViewLayer | Updating Geometry BVH Oak | dried oil stain_mesh.004 661/975 | Building mesh BLAS |      20 tris | Oak | dried oil stain_mesh.004
Fra:1 Mem:72.18M (Peak 120.44M) | Time:00:00.43 | Mem:3.10M, Peak:3.10M | Scene, ViewLayer | Updating Geometry BVH Wax | spilled drop_mesh 662/975 | Building BVH
Fra:1 Mem:72.18M (Peak 120.44M) | Time:00:00.43 | Mem:3.10M, Peak:3.10M | Scene, ViewLayer | Updating Geometry BVH Wax | spilled drop_mesh 662/975 | Building mesh BLAS |      20 tris | Wax | spilled drop_mesh
Fra:1 Mem:72.18M (Peak 120.44M) | Time:00:00.43 | Mem:3.10M, Peak:3.10M | Scene, ViewLayer | Updating Geometry BVH Wax | spilled drop_mesh.001 663/975 | Building BVH
Fra:1 Mem:72.18M (Peak 120.44M) | Time:00:00.43 | Mem:3.10M, Peak:3.10M | Scene, ViewLayer | Updating Geometry BVH Wax | spilled drop_mesh.001 663/975 | Building mesh BLAS |      20 tris | Wax | spilled drop_mesh.001
Fra:1 Mem:72.18M (Peak 120.44M) | Time:00:00.43 | Mem:3.10M, Peak:3.10M | Scene, ViewLayer | Updating Geometry BVH Wax | spilled drop_mesh.002 664/975 | Building BVH
Fra:1 Mem:72.18M (Peak 120.44M) | Time:00:00.43 | Mem:3.10M, Peak:3.10M | Scene, ViewLayer | Updating Geometry BVH Wax | spilled drop_mesh.002 664/975 | Building mesh BLAS |      20 tris | Wax | spilled drop_mesh.002
Fra:1 Mem:72.18M (Peak 120.44M) | Time:00:00.43 | Mem:3.10M, Peak:3.10M | Scene, ViewLayer | Updating Geometry BVH Wax | spilled drop_mesh.003 665/975 | Building BVH
Fra:1 Mem:72.18M (Peak 120.44M) | Time:00:00.43 | Mem:3.10M, Peak:3.10M | Scene, ViewLayer | Updating Geometry BVH Wax | spilled drop_mesh.003 665/975 | Building mesh BLAS |      20 tris | Wax | spilled drop_mesh.003
Fra:1 Mem:72.18M (Peak 120.44M) | Time:00:00.43 | Mem:3.10M, Peak:3.10M | Scene, ViewLayer | Updating Geometry BVH Wax | spilled drop_mesh.004 666/975 | Building BVH
Fra:1 Mem:72.18M (Peak 120.44M) | Time:00:00.43 | Mem:3.10M, Peak:3.10M | Scene, ViewLayer | Updating Geometry BVH Wax | spilled drop_mesh.004 666/975 | Building mesh BLAS |      20 tris | Wax | spilled drop_mesh.004
Fra:1 Mem:72.18M (Peak 120.44M) | Time:00:00.43 | Mem:3.10M, Peak:3.10M | Scene, ViewLayer | Updating Geometry BVH Wax | spilled drop_mesh.005 667/975 | Building BVH
Fra:1 Mem:72.18M (Peak 120.44M) | Time:00:00.43 | Mem:3.10M, Peak:3.10M | Scene, ViewLayer | Updating Geometry BVH Wax | spilled drop_mesh.006 668/975 | Building mesh BLAS |      20 tris | Wax | spilled drop_mesh.005
Fra:1 Mem:72.18M (Peak 120.44M) | Time:00:00.43 | Mem:3.10M, Peak:3.10M | Scene, ViewLayer | Updating Geometry BVH Icosphere.107 869/975 | Building BVH
Fra:1 Mem:72.18M (Peak 120.44M) | Time:00:00.43 | Mem:3.12M, Peak:3.12M | Scene, ViewLayer | Updating Geometry BVH Wax | spilled drop_mesh.009 671/975 | Building BVH
Fra:1 Mem:72.18M (Peak 120.44M) | Time:00:00.43 | Mem:3.12M, Peak:3.12M | Scene, ViewLayer | Updating Geometry BVH Wax | spilled drop_mesh.009 671/975 | Building mesh BLAS |      20 tris | Icosphere.107
Fra:1 Mem:72.18M (Peak 120.44M) | Time:00:00.43 | Mem:3.12M, Peak:3.12M | Scene, ViewLayer | Updating Geometry BVH Wax | spilled drop_mesh.009 671/975 | Building mesh BLAS |      20 tris | Wax | spilled drop_mesh.007
Fra:1 Mem:72.18M (Peak 120.44M) | Time:00:00.43 | Mem:3.12M, Peak:3.12M | Scene, ViewLayer | Updating Geometry BVH Wax | spilled drop_mesh.009 671/975 | Building mesh BLAS |      20 tris | Wax | spilled drop_mesh.008
Fra:1 Mem:72.18M (Peak 120.44M) | Time:00:00.43 | Mem:3.12M, Peak:3.12M | Scene, ViewLayer | Updating Geometry BVH Wax | spilled drop_mesh.009 671/975 | Building mesh BLAS |      20 tris | Wax | spilled drop_mesh.006
Fra:1 Mem:72.18M (Peak 120.44M) | Time:00:00.43 | Mem:3.12M, Peak:3.12M | Scene, ViewLayer | Updating Geometry BVH Wax | spilled drop_mesh.011 673/975 | Building BVH
Fra:1 Mem:72.18M (Peak 120.44M) | Time:00:00.43 | Mem:3.12M, Peak:3.12M | Scene, ViewLayer | Updating Geometry BVH Wax | spilled drop_mesh.011 673/975 | Building mesh BLAS |      20 tris | Wax | spilled drop_mesh.010
Fra:1 Mem:72.18M (Peak 120.44M) | Time:00:00.43 | Mem:3.12M, Peak:3.12M | Scene, ViewLayer | Updating Geometry BVH Cylinder.242 868/975 | Building BVH
Fra:1 Mem:72.18M (Peak 120.44M) | Time:00:00.43 | Mem:3.12M, Peak:3.12M | Scene, ViewLayer | Updating Geometry BVH Cylinder.242 868/975 | Building mesh BLAS |      24 tris | Cylinder.242
Fra:1 Mem:72.18M (Peak 120.44M) | Time:00:00.43 | Mem:3.12M, Peak:3.12M | Scene, ViewLayer | Updating Geometry BVH Wax | spilled drop_mesh.012 674/975 | Building BVH
Fra:1 Mem:72.18M (Peak 120.44M) | Time:00:00.43 | Mem:3.13M, Peak:3.13M | Scene, ViewLayer | Updating Geometry BVH Wax | spilled drop_mesh.012 674/975 | Building mesh BLAS |      20 tris | Wax | spilled drop_mesh.012
Fra:1 Mem:72.18M (Peak 120.44M) | Time:00:00.43 | Mem:3.13M, Peak:3.13M | Scene, ViewLayer | Updating Geometry BVH Icosphere.106 867/975 | Building BVH
Fra:1 Mem:72.18M (Peak 120.44M) | Time:00:00.43 | Mem:3.13M, Peak:3.13M | Scene, ViewLayer | Updating Geometry BVH Icosphere.106 867/975 | Building mesh BLAS |      20 tris | Icosphere.106
Fra:1 Mem:72.18M (Peak 120.44M) | Time:00:00.43 | Mem:3.13M, Peak:3.13M | Scene, ViewLayer | Updating Geometry BVH Cylinder.241 866/975 | Building BVH
Fra:1 Mem:72.18M (Peak 120.44M) | Time:00:00.43 | Mem:3.13M, Peak:3.13M | Scene, ViewLayer | Updating Geometry BVH Cylinder.241 866/975 | Building mesh BLAS |      24 tris | Cylinder.241
Fra:1 Mem:72.18M (Peak 120.44M) | Time:00:00.43 | Mem:3.13M, Peak:3.13M | Scene, ViewLayer | Updating Geometry BVH Cylinder.241 866/975 | Building mesh BLAS |      20 tris | Wax | spilled drop_mesh.011
Fra:1 Mem:72.18M (Peak 120.44M) | Time:00:00.43 | Mem:3.13M, Peak:3.13M | Scene, ViewLayer | Updating Geometry BVH Icosphere.105 865/975 | Building BVH
Fra:1 Mem:72.18M (Peak 120.44M) | Time:00:00.43 | Mem:3.13M, Peak:3.13M | Scene, ViewLayer | Updating Geometry BVH Icosphere.105 865/975 | Building mesh BLAS |      20 tris | Icosphere.105
Fra:1 Mem:72.18M (Peak 120.44M) | Time:00:00.43 | Mem:3.13M, Peak:3.13M | Scene, ViewLayer | Updating Geometry BVH Wax | spilled drop_mesh.013 675/975 | Building BVH
Fra:1 Mem:72.18M (Peak 120.44M) | Time:00:00.43 | Mem:3.13M, Peak:3.13M | Scene, ViewLayer | Updating Geometry BVH Cylinder.240 864/975 | Building BVH
Fra:1 Mem:72.18M (Peak 120.44M) | Time:00:00.43 | Mem:3.13M, Peak:3.13M | Scene, ViewLayer | Updating Geometry BVH Cylinder.240 864/975 | Building mesh BLAS |      20 tris | Wax | spilled drop_mesh.013
Fra:1 Mem:72.18M (Peak 120.44M) | Time:00:00.43 | Mem:3.13M, Peak:3.13M | Scene, ViewLayer | Updating Geometry BVH Cylinder.240 864/975 | Building mesh BLAS |      24 tris | Cylinder.240
Fra:1 Mem:72.18M (Peak 120.44M) | Time:00:00.43 | Mem:3.13M, Peak:3.13M | Scene, ViewLayer | Updating Geometry BVH Wax | spilled drop_mesh.014 676/975 | Building BVH
Fra:1 Mem:72.18M (Peak 120.44M) | Time:00:00.43 | Mem:3.13M, Peak:3.13M | Scene, ViewLayer | Updating Geometry BVH Wax | spilled drop_mesh.015 677/975 | Building BVH
Fra:1 Mem:72.18M (Peak 120.44M) | Time:00:00.43 | Mem:3.13M, Peak:3.13M | Scene, ViewLayer | Updating Geometry BVH Wax | spilled drop_mesh.015 677/975 | Building mesh BLAS |      20 tris | Wax | spilled drop_mesh.015
Fra:1 Mem:72.18M (Peak 120.44M) | Time:00:00.43 | Mem:3.13M, Peak:3.13M | Scene, ViewLayer | Updating Geometry BVH Wax | spilled drop_mesh.015 677/975 | Building mesh BLAS |      20 tris | Icosphere.104
Fra:1 Mem:72.18M (Peak 120.44M) | Time:00:00.43 | Mem:3.13M, Peak:3.13M | Scene, ViewLayer | Updating Geometry BVH Wax | spilled drop_mesh.016 678/975 | Building BVH
Fra:1 Mem:72.18M (Peak 120.44M) | Time:00:00.43 | Mem:3.13M, Peak:3.13M | Scene, ViewLayer | Updating Geometry BVH Cylinder.147 684/975 | Building BVH
Fra:1 Mem:72.18M (Peak 120.44M) | Time:00:00.43 | Mem:3.13M, Peak:3.13M | Scene, ViewLayer | Updating Geometry BVH Cylinder.147 684/975 | Building mesh BLAS |      20 tris | Wax | spilled drop_mesh.016
Fra:1 Mem:72.18M (Peak 120.44M) | Time:00:00.43 | Mem:3.13M, Peak:3.13M | Scene, ViewLayer | Updating Geometry BVH Cylinder.147 684/975 | Building mesh BLAS |      20 tris | Wax | spilled drop_mesh.017
Fra:1 Mem:72.18M (Peak 120.44M) | Time:00:00.43 | Mem:3.13M, Peak:3.13M | Scene, ViewLayer | Updating Geometry BVH Cylinder.148 685/975 | Building BVH
Fra:1 Mem:72.18M (Peak 120.44M) | Time:00:00.43 | Mem:3.13M, Peak:3.13M | Scene, ViewLayer | Updating Geometry BVH Cylinder.148 685/975 | Building mesh BLAS |      28 tris | Cylinder.148
Fra:1 Mem:72.18M (Peak 120.44M) | Time:00:00.43 | Mem:3.13M, Peak:3.13M | Scene, ViewLayer | Updating Geometry BVH Cylinder.148 685/975 | Building mesh BLAS |      20 tris | Wax | spilled drop_mesh.019
Fra:1 Mem:72.18M (Peak 120.44M) | Time:00:00.43 | Mem:3.13M, Peak:3.13M | Scene, ViewLayer | Updating Geometry BVH Cylinder.148 685/975 | Building mesh BLAS |      20 tris | Wax | spilled drop_mesh.020
Fra:1 Mem:72.18M (Peak 120.44M) | Time:00:00.43 | Mem:3.13M, Peak:3.13M | Scene, ViewLayer | Updating Geometry BVH Cylinder.148 685/975 | Building mesh BLAS |      28 tris | Cylinder.147
Fra:1 Mem:72.18M (Peak 120.44M) | Time:00:00.43 | Mem:3.13M, Peak:3.13M | Scene, ViewLayer | Updating Geometry BVH Cylinder.148 685/975 | Building mesh BLAS |      20 tris | Wax | spilled drop_mesh.018
Fra:1 Mem:72.18M (Peak 120.44M) | Time:00:00.43 | Mem:3.13M, Peak:3.13M | Scene, ViewLayer | Updating Geometry BVH Cylinder.148 685/975 | Building mesh BLAS |      20 tris | Wax | spilled drop_mesh.021
Fra:1 Mem:72.18M (Peak 120.44M) | Time:00:00.43 | Mem:3.13M, Peak:3.13M | Scene, ViewLayer | Updating Geometry BVH Cylinder.149 686/975 | Building BVH
Fra:1 Mem:72.18M (Peak 120.44M) | Time:00:00.43 | Mem:3.13M, Peak:3.13M | Scene, ViewLayer | Updating Geometry BVH Cylinder.149 686/975 | Building mesh BLAS |      28 tris | Cylinder.149
Fra:1 Mem:72.18M (Peak 120.44M) | Time:00:00.43 | Mem:3.13M, Peak:3.13M | Scene, ViewLayer | Updating Geometry BVH Cylinder.238 861/975 | Building BVH
Fra:1 Mem:72.18M (Peak 120.44M) | Time:00:00.43 | Mem:3.13M, Peak:3.13M | Scene, ViewLayer | Updating Geometry BVH Cylinder.238 861/975 | Building mesh BLAS |      52 tris | Cylinder.238
Fra:1 Mem:72.18M (Peak 120.44M) | Time:00:00.43 | Mem:3.13M, Peak:3.13M | Scene, ViewLayer | Updating Geometry BVH Cylinder.150 687/975 | Building BVH
Fra:1 Mem:72.18M (Peak 120.44M) | Time:00:00.43 | Mem:3.13M, Peak:3.13M | Scene, ViewLayer | Updating Geometry BVH Cylinder.150 687/975 | Building mesh BLAS |      28 tris | Cylinder.150
Fra:1 Mem:72.18M (Peak 120.44M) | Time:00:00.43 | Mem:3.13M, Peak:3.13M | Scene, ViewLayer | Updating Geometry BVH Cylinder.151 688/975 | Building BVH
Fra:1 Mem:72.18M (Peak 120.44M) | Time:00:00.43 | Mem:3.13M, Peak:3.13M | Scene, ViewLayer | Updating Geometry BVH Cylinder.151 688/975 | Building mesh BLAS |      28 tris | Cylinder.151
Fra:1 Mem:72.18M (Peak 120.44M) | Time:00:00.43 | Mem:3.13M, Peak:3.13M | Scene, ViewLayer | Updating Geometry BVH Cylinder.152 689/975 | Building BVH
Fra:1 Mem:72.18M (Peak 120.44M) | Time:00:00.43 | Mem:3.13M, Peak:3.13M | Scene, ViewLayer | Updating Geometry BVH Cylinder.152 689/975 | Building mesh BLAS |      28 tris | Cylinder.152
Fra:1 Mem:72.18M (Peak 120.44M) | Time:00:00.43 | Mem:3.13M, Peak:3.13M | Scene, ViewLayer | Updating Geometry BVH Cylinder.153 690/975 | Building BVH
Fra:1 Mem:72.18M (Peak 120.44M) | Time:00:00.43 | Mem:3.13M, Peak:3.13M | Scene, ViewLayer | Updating Geometry BVH Cylinder.153 690/975 | Building mesh BLAS |      28 tris | Cylinder.153
Fra:1 Mem:72.18M (Peak 120.44M) | Time:00:00.43 | Mem:3.13M, Peak:3.13M | Scene, ViewLayer | Updating Geometry BVH Cylinder.154 691/975 | Building BVH
Fra:1 Mem:72.18M (Peak 120.44M) | Time:00:00.43 | Mem:3.13M, Peak:3.13M | Scene, ViewLayer | Updating Geometry BVH Cylinder.154 691/975 | Building mesh BLAS |      28 tris | Cylinder.154
Fra:1 Mem:72.18M (Peak 120.44M) | Time:00:00.43 | Mem:3.13M, Peak:3.13M | Scene, ViewLayer | Updating Geometry BVH Cube.058 692/975 | Building BVH
Fra:1 Mem:72.18M (Peak 120.44M) | Time:00:00.43 | Mem:3.13M, Peak:3.13M | Scene, ViewLayer | Updating Geometry BVH Cube.058 692/975 | Building mesh BLAS |     108 tris | Cube.058
Fra:1 Mem:72.18M (Peak 120.44M) | Time:00:00.43 | Mem:3.13M, Peak:3.13M | Scene, ViewLayer | Updating Geometry BVH Cube.059 693/975 | Building BVH
Fra:1 Mem:72.18M (Peak 120.44M) | Time:00:00.43 | Mem:3.13M, Peak:3.13M | Scene, ViewLayer | Updating Geometry BVH Cube.059 693/975 | Building mesh BLAS |     108 tris | Cube.059
Fra:1 Mem:72.18M (Peak 120.44M) | Time:00:00.43 | Mem:3.13M, Peak:3.13M | Scene, ViewLayer | Updating Geometry BVH Cube.060 694/975 | Building BVH
Fra:1 Mem:72.18M (Peak 120.44M) | Time:00:00.43 | Mem:3.13M, Peak:3.13M | Scene, ViewLayer | Updating Geometry BVH Cube.060 694/975 | Building mesh BLAS |     108 tris | Cube.060
Fra:1 Mem:72.18M (Peak 120.44M) | Time:00:00.43 | Mem:3.13M, Peak:3.13M | Scene, ViewLayer | Updating Geometry BVH Icosphere.103 860/975 | Building BVH
Fra:1 Mem:72.18M (Peak 120.44M) | Time:00:00.43 | Mem:3.13M, Peak:3.13M | Scene, ViewLayer | Updating Geometry BVH Icosphere.103 860/975 | Building mesh BLAS |      20 tris | Icosphere.103
Fra:1 Mem:72.18M (Peak 120.44M) | Time:00:00.43 | Mem:3.13M, Peak:3.13M | Scene, ViewLayer | Updating Geometry BVH Cube.061 695/975 | Building BVH
Fra:1 Mem:72.18M (Peak 120.44M) | Time:00:00.43 | Mem:3.13M, Peak:3.13M | Scene, ViewLayer | Updating Geometry BVH Cube.061 695/975 | Building mesh BLAS |     108 tris | Cube.061
Fra:1 Mem:72.18M (Peak 120.44M) | Time:00:00.43 | Mem:3.13M, Peak:3.13M | Scene, ViewLayer | Updating Geometry BVH Cube.062 696/975 | Building BVH
Fra:1 Mem:72.18M (Peak 120.44M) | Time:00:00.43 | Mem:3.13M, Peak:3.13M | Scene, ViewLayer | Updating Geometry BVH Cube.062 696/975 | Building mesh BLAS |     108 tris | Cube.062
Fra:1 Mem:72.18M (Peak 120.44M) | Time:00:00.43 | Mem:3.13M, Peak:3.13M | Scene, ViewLayer | Updating Geometry BVH Cube.063 697/975 | Building BVH
Fra:1 Mem:72.18M (Peak 120.44M) | Time:00:00.43 | Mem:3.13M, Peak:3.13M | Scene, ViewLayer | Updating Geometry BVH Cube.064 698/975 | Building BVH
Fra:1 Mem:72.18M (Peak 120.44M) | Time:00:00.43 | Mem:3.13M, Peak:3.13M | Scene, ViewLayer | Updating Geometry BVH Cube.065 699/975 | Building BVH
Fra:1 Mem:72.18M (Peak 120.44M) | Time:00:00.43 | Mem:3.13M, Peak:3.13M | Scene, ViewLayer | Updating Geometry BVH Cube.065 699/975 | Building mesh BLAS |     108 tris | Cube.065
Fra:1 Mem:72.18M (Peak 120.44M) | Time:00:00.43 | Mem:3.13M, Peak:3.13M | Scene, ViewLayer | Updating Geometry BVH Cube.066 700/975 | Building BVH
Fra:1 Mem:72.18M (Peak 120.44M) | Time:00:00.43 | Mem:3.13M, Peak:3.13M | Scene, ViewLayer | Updating Geometry BVH Cube.066 700/975 | Building mesh BLAS |     108 tris | Cube.066
Fra:1 Mem:72.18M (Peak 120.44M) | Time:00:00.43 | Mem:3.13M, Peak:3.13M | Scene, ViewLayer | Updating Geometry BVH Cube.067 701/975 | Building BVH
Fra:1 Mem:72.18M (Peak 120.44M) | Time:00:00.43 | Mem:3.13M, Peak:3.13M | Scene, ViewLayer | Updating Geometry BVH Cube.067 701/975 | Building mesh BLAS |     108 tris | Cube.067
Fra:1 Mem:72.18M (Peak 120.44M) | Time:00:00.43 | Mem:3.13M, Peak:3.13M | Scene, ViewLayer | Updating Geometry BVH Cube.068 702/975 | Building BVH
Fra:1 Mem:72.18M (Peak 120.44M) | Time:00:00.43 | Mem:3.13M, Peak:3.13M | Scene, ViewLayer | Updating Geometry BVH Cube.069 703/975 | Building BVH
Fra:1 Mem:72.18M (Peak 120.44M) | Time:00:00.43 | Mem:3.14M, Peak:3.14M | Scene, ViewLayer | Updating Geometry BVH Cube.069 703/975 | Building mesh BLAS |     108 tris | Cube.068
Fra:1 Mem:72.18M (Peak 120.44M) | Time:00:00.43 | Mem:3.14M, Peak:3.14M | Scene, ViewLayer | Updating Geometry BVH Cube.069 703/975 | Building mesh BLAS |     108 tris | Cube.069
Fra:1 Mem:72.18M (Peak 120.44M) | Time:00:00.43 | Mem:3.15M, Peak:3.15M | Scene, ViewLayer | Updating Geometry BVH Cylinder.237 859/975 | Building BVH
Fra:1 Mem:72.18M (Peak 120.44M) | Time:00:00.43 | Mem:3.15M, Peak:3.15M | Scene, ViewLayer | Updating Geometry BVH Cylinder.237 859/975 | Building mesh BLAS |     108 tris | Cube.070
Fra:1 Mem:72.18M (Peak 120.44M) | Time:00:00.43 | Mem:3.15M, Peak:3.15M | Scene, ViewLayer | Updating Geometry BVH Cube.071 705/975 | Building BVH
Fra:1 Mem:72.18M (Peak 120.44M) | Time:00:00.43 | Mem:3.15M, Peak:3.15M | Scene, ViewLayer | Updating Geometry BVH Cube.071 705/975 | Building mesh BLAS |     108 tris | Cube.071
Fra:1 Mem:72.18M (Peak 120.44M) | Time:00:00.43 | Mem:3.16M, Peak:3.16M | Scene, ViewLayer | Updating Geometry BVH Cube.071 705/975 | Building mesh BLAS |      24 tris | Cylinder.237
Fra:1 Mem:72.18M (Peak 120.44M) | Time:00:00.43 | Mem:3.16M, Peak:3.16M | Scene, ViewLayer | Updating Geometry BVH Cylinder.155 706/975 | Building BVH
Fra:1 Mem:72.18M (Peak 120.44M) | Time:00:00.43 | Mem:3.16M, Peak:3.16M | Scene, ViewLayer | Updating Geometry BVH Cylinder.155 706/975 | Building mesh BLAS |      24 tris | Cylinder.155
Fra:1 Mem:72.18M (Peak 120.44M) | Time:00:00.43 | Mem:3.16M, Peak:3.16M | Scene, ViewLayer | Updating Geometry BVH Icosphere.032 707/975 | Building BVH
Fra:1 Mem:72.18M (Peak 120.44M) | Time:00:00.43 | Mem:3.16M, Peak:3.16M | Scene, ViewLayer | Updating Geometry BVH Icosphere.032 707/975 | Building mesh BLAS |      20 tris | Icosphere.032
Fra:1 Mem:72.18M (Peak 120.44M) | Time:00:00.43 | Mem:3.16M, Peak:3.16M | Scene, ViewLayer | Updating Geometry BVH Cylinder.156 708/975 | Building BVH
Fra:1 Mem:72.18M (Peak 120.44M) | Time:00:00.43 | Mem:3.16M, Peak:3.16M | Scene, ViewLayer | Updating Geometry BVH Cylinder.156 708/975 | Building mesh BLAS |      24 tris | Cylinder.156
Fra:1 Mem:72.18M (Peak 120.44M) | Time:00:00.43 | Mem:3.16M, Peak:3.16M | Scene, ViewLayer | Updating Geometry BVH Icosphere.033 709/975 | Building BVH
Fra:1 Mem:72.18M (Peak 120.44M) | Time:00:00.43 | Mem:3.16M, Peak:3.16M | Scene, ViewLayer | Updating Geometry BVH Icosphere.033 709/975 | Building mesh BLAS |      20 tris | Icosphere.033
Fra:1 Mem:72.18M (Peak 120.44M) | Time:00:00.43 | Mem:3.16M, Peak:3.16M | Scene, ViewLayer | Updating Geometry BVH Cylinder.157 710/975 | Building BVH
Fra:1 Mem:72.18M (Peak 120.44M) | Time:00:00.43 | Mem:3.16M, Peak:3.16M | Scene, ViewLayer | Updating Geometry BVH Cylinder.157 710/975 | Building mesh BLAS |      24 tris | Cylinder.157
Fra:1 Mem:72.18M (Peak 120.44M) | Time:00:00.43 | Mem:3.17M, Peak:3.17M | Scene, ViewLayer | Updating Geometry BVH Icosphere.034 711/975 | Building BVH
Fra:1 Mem:72.18M (Peak 120.44M) | Time:00:00.43 | Mem:3.17M, Peak:3.17M | Scene, ViewLayer | Updating Geometry BVH Icosphere.034 711/975 | Building mesh BLAS |      20 tris | Icosphere.034
Fra:1 Mem:72.18M (Peak 120.44M) | Time:00:00.43 | Mem:3.17M, Peak:3.17M | Scene, ViewLayer | Updating Geometry BVH Cylinder.158 712/975 | Building BVH
Fra:1 Mem:72.18M (Peak 120.44M) | Time:00:00.43 | Mem:3.17M, Peak:3.17M | Scene, ViewLayer | Updating Geometry BVH Cylinder.158 712/975 | Building mesh BLAS |      24 tris | Cylinder.158
Fra:1 Mem:72.18M (Peak 120.44M) | Time:00:00.43 | Mem:3.17M, Peak:3.17M | Scene, ViewLayer | Updating Geometry BVH Icosphere.035 713/975 | Building BVH
Fra:1 Mem:72.18M (Peak 120.44M) | Time:00:00.43 | Mem:3.17M, Peak:3.17M | Scene, ViewLayer | Updating Geometry BVH Icosphere.035 713/975 | Building mesh BLAS |      20 tris | Icosphere.035
Fra:1 Mem:72.18M (Peak 120.44M) | Time:00:00.43 | Mem:3.17M, Peak:3.17M | Scene, ViewLayer | Updating Geometry BVH Icosphere.102 858/975 | Building BVH
Fra:1 Mem:72.18M (Peak 120.44M) | Time:00:00.44 | Mem:3.17M, Peak:3.17M | Scene, ViewLayer | Updating Geometry BVH Cylinder.159 714/975 | Building BVH
Fra:1 Mem:72.18M (Peak 120.44M) | Time:00:00.44 | Mem:3.17M, Peak:3.17M | Scene, ViewLayer | Updating Geometry BVH Cylinder.159 714/975 | Building mesh BLAS |      20 tris | Icosphere.102
Fra:1 Mem:72.18M (Peak 120.44M) | Time:00:00.44 | Mem:3.17M, Peak:3.17M | Scene, ViewLayer | Updating Geometry BVH Cylinder.159 714/975 | Building mesh BLAS |      24 tris | Cylinder.159
Fra:1 Mem:72.18M (Peak 120.44M) | Time:00:00.44 | Mem:3.17M, Peak:3.17M | Scene, ViewLayer | Updating Geometry BVH Cylinder.159 714/975 | Building mesh BLAS |      20 tris | Icosphere.036
Fra:1 Mem:72.18M (Peak 120.44M) | Time:00:00.44 | Mem:3.17M, Peak:3.17M | Scene, ViewLayer | Updating Geometry BVH Cylinder.160 716/975 | Building BVH
Fra:1 Mem:72.18M (Peak 120.44M) | Time:00:00.44 | Mem:3.17M, Peak:3.17M | Scene, ViewLayer | Updating Geometry BVH Cylinder.160 716/975 | Building mesh BLAS |      24 tris | Cylinder.160
Fra:1 Mem:72.18M (Peak 120.44M) | Time:00:00.44 | Mem:3.17M, Peak:3.17M | Scene, ViewLayer | Updating Geometry BVH Icosphere.037 717/975 | Building BVH
Fra:1 Mem:72.18M (Peak 120.44M) | Time:00:00.44 | Mem:3.17M, Peak:3.17M | Scene, ViewLayer | Updating Geometry BVH Icosphere.037 717/975 | Building mesh BLAS |      20 tris | Icosphere.037
Fra:1 Mem:72.18M (Peak 120.44M) | Time:00:00.44 | Mem:3.17M, Peak:3.17M | Scene, ViewLayer | Updating Geometry BVH Cylinder.161 718/975 | Building BVH
Fra:1 Mem:72.18M (Peak 120.44M) | Time:00:00.44 | Mem:3.17M, Peak:3.17M | Scene, ViewLayer | Updating Geometry BVH Cylinder.162 719/975 | Building BVH
Fra:1 Mem:72.18M (Peak 120.44M) | Time:00:00.44 | Mem:3.17M, Peak:3.17M | Scene, ViewLayer | Updating Geometry BVH Cylinder.162 719/975 | Building mesh BLAS |      52 tris | Cylinder.161
Fra:1 Mem:72.18M (Peak 120.44M) | Time:00:00.44 | Mem:3.17M, Peak:3.17M | Scene, ViewLayer | Updating Geometry BVH Cylinder.162 719/975 | Building mesh BLAS |      24 tris | Cylinder.162
Fra:1 Mem:72.18M (Peak 120.44M) | Time:00:00.44 | Mem:3.17M, Peak:3.17M | Scene, ViewLayer | Updating Geometry BVH Icosphere.038 720/975 | Building BVH
Fra:1 Mem:72.18M (Peak 120.44M) | Time:00:00.44 | Mem:3.17M, Peak:3.17M | Scene, ViewLayer | Updating Geometry BVH Icosphere.038 720/975 | Building mesh BLAS |      20 tris | Icosphere.038
Fra:1 Mem:72.18M (Peak 120.44M) | Time:00:00.44 | Mem:3.17M, Peak:3.17M | Scene, ViewLayer | Updating Geometry BVH Cylinder.163 721/975 | Building BVH
Fra:1 Mem:72.18M (Peak 120.44M) | Time:00:00.44 | Mem:3.17M, Peak:3.17M | Scene, ViewLayer | Updating Geometry BVH Cylinder.163 721/975 | Building mesh BLAS |      24 tris | Cylinder.163
Fra:1 Mem:72.18M (Peak 120.44M) | Time:00:00.44 | Mem:3.17M, Peak:3.17M | Scene, ViewLayer | Updating Geometry BVH Icosphere.039 722/975 | Building BVH
Fra:1 Mem:72.18M (Peak 120.44M) | Time:00:00.44 | Mem:3.17M, Peak:3.17M | Scene, ViewLayer | Updating Geometry BVH Icosphere.039 722/975 | Building mesh BLAS |      20 tris | Icosphere.039
Fra:1 Mem:72.18M (Peak 120.44M) | Time:00:00.44 | Mem:3.17M, Peak:3.17M | Scene, ViewLayer | Updating Geometry BVH Cylinder.236 857/975 | Building BVH
Fra:1 Mem:72.18M (Peak 120.44M) | Time:00:00.44 | Mem:3.17M, Peak:3.17M | Scene, ViewLayer | Updating Geometry BVH Cylinder.236 857/975 | Building mesh BLAS |      24 tris | Cylinder.236
Fra:1 Mem:72.18M (Peak 120.44M) | Time:00:00.44 | Mem:3.17M, Peak:3.17M | Scene, ViewLayer | Updating Geometry BVH Cylinder.164 723/975 | Building BVH
Fra:1 Mem:72.18M (Peak 120.44M) | Time:00:00.44 | Mem:3.17M, Peak:3.17M | Scene, ViewLayer | Updating Geometry BVH Cylinder.164 723/975 | Building mesh BLAS |      24 tris | Cylinder.164
Fra:1 Mem:72.18M (Peak 120.44M) | Time:00:00.44 | Mem:3.17M, Peak:3.17M | Scene, ViewLayer | Updating Geometry BVH Icosphere.040 724/975 | Building BVH
Fra:1 Mem:72.18M (Peak 120.44M) | Time:00:00.44 | Mem:3.17M, Peak:3.17M | Scene, ViewLayer | Updating Geometry BVH Icosphere.040 724/975 | Building mesh BLAS |      20 tris | Icosphere.040
Fra:1 Mem:72.18M (Peak 120.44M) | Time:00:00.44 | Mem:3.17M, Peak:3.17M | Scene, ViewLayer | Updating Geometry BVH Cylinder.165 725/975 | Building BVH
Fra:1 Mem:72.18M (Peak 120.44M) | Time:00:00.44 | Mem:3.17M, Peak:3.17M | Scene, ViewLayer | Updating Geometry BVH Cylinder.165 725/975 | Building mesh BLAS |      24 tris | Cylinder.165
Fra:1 Mem:72.18M (Peak 120.44M) | Time:00:00.44 | Mem:3.17M, Peak:3.17M | Scene, ViewLayer | Updating Geometry BVH Icosphere.041 726/975 | Building BVH
Fra:1 Mem:72.18M (Peak 120.44M) | Time:00:00.44 | Mem:3.17M, Peak:3.17M | Scene, ViewLayer | Updating Geometry BVH Icosphere.042 728/975 | Building BVH
Fra:1 Mem:72.18M (Peak 120.44M) | Time:00:00.44 | Mem:3.17M, Peak:3.17M | Scene, ViewLayer | Updating Geometry BVH Cylinder.166 727/975 | Building BVH
Fra:1 Mem:72.18M (Peak 120.44M) | Time:00:00.44 | Mem:3.17M, Peak:3.17M | Scene, ViewLayer | Updating Geometry BVH Cylinder.167 729/975 | Building mesh BLAS |      24 tris | Cylinder.166
Fra:1 Mem:72.18M (Peak 120.44M) | Time:00:00.44 | Mem:3.18M, Peak:3.18M | Scene, ViewLayer | Updating Geometry BVH Cylinder.168 731/975 | Building BVH
Fra:1 Mem:72.18M (Peak 120.44M) | Time:00:00.44 | Mem:3.18M, Peak:3.18M | Scene, ViewLayer | Updating Geometry BVH Cylinder.168 731/975 | Building mesh BLAS |      24 tris | Cylinder.167
Fra:1 Mem:72.18M (Peak 120.44M) | Time:00:00.44 | Mem:3.18M, Peak:3.18M | Scene, ViewLayer | Updating Geometry BVH Cylinder.168 731/975 | Building mesh BLAS |      52 tris | Cylinder.168
Fra:1 Mem:72.18M (Peak 120.44M) | Time:00:00.44 | Mem:3.18M, Peak:3.18M | Scene, ViewLayer | Updating Geometry BVH Icosphere.101 856/975 | Building mesh BLAS |      20 tris | Icosphere.043
Fra:1 Mem:72.18M (Peak 120.44M) | Time:00:00.44 | Mem:3.18M, Peak:3.18M | Scene, ViewLayer | Updating Geometry BVH Icosphere.101 856/975 | Building mesh BLAS |      20 tris | Icosphere.101
Fra:1 Mem:72.18M (Peak 120.44M) | Time:00:00.44 | Mem:3.19M, Peak:3.19M | Scene, ViewLayer | Updating Geometry BVH Cylinder.169 732/975 | Building BVH
Fra:1 Mem:72.18M (Peak 120.44M) | Time:00:00.44 | Mem:3.19M, Peak:3.19M | Scene, ViewLayer | Updating Geometry BVH Cylinder.170 734/975 | Building BVH
Fra:1 Mem:72.18M (Peak 120.44M) | Time:00:00.44 | Mem:3.19M, Peak:3.19M | Scene, ViewLayer | Updating Geometry BVH Cylinder.170 734/975 | Building mesh BLAS |      24 tris | Cylinder.169
Fra:1 Mem:72.18M (Peak 120.44M) | Time:00:00.44 | Mem:3.19M, Peak:3.19M | Scene, ViewLayer | Updating Geometry BVH Cylinder.170 734/975 | Building mesh BLAS |      24 tris | Cylinder.170
Fra:1 Mem:72.18M (Peak 120.44M) | Time:00:00.44 | Mem:3.19M, Peak:3.19M | Scene, ViewLayer | Updating Geometry BVH Cylinder.170 734/975 | Building mesh BLAS |      20 tris | Icosphere.044
Fra:1 Mem:72.18M (Peak 120.44M) | Time:00:00.44 | Mem:3.19M, Peak:3.19M | Scene, ViewLayer | Updating Geometry BVH Icosphere.045 735/975 | Building BVH
Fra:1 Mem:72.18M (Peak 120.44M) | Time:00:00.44 | Mem:3.19M, Peak:3.19M | Scene, ViewLayer | Updating Geometry BVH Icosphere.045 735/975 | Building mesh BLAS |      20 tris | Icosphere.045
Fra:1 Mem:72.18M (Peak 120.44M) | Time:00:00.44 | Mem:3.19M, Peak:3.19M | Scene, ViewLayer | Updating Geometry BVH Cylinder.171 736/975 | Building BVH
Fra:1 Mem:72.18M (Peak 120.44M) | Time:00:00.44 | Mem:3.19M, Peak:3.19M | Scene, ViewLayer | Updating Geometry BVH Cylinder.171 736/975 | Building mesh BLAS |      24 tris | Cylinder.171
Fra:1 Mem:72.18M (Peak 120.44M) | Time:00:00.44 | Mem:3.19M, Peak:3.19M | Scene, ViewLayer | Updating Geometry BVH Icosphere.046 737/975 | Building BVH
Fra:1 Mem:72.18M (Peak 120.44M) | Time:00:00.44 | Mem:3.19M, Peak:3.19M | Scene, ViewLayer | Updating Geometry BVH Icosphere.046 737/975 | Building mesh BLAS |      20 tris | Icosphere.046
Fra:1 Mem:72.18M (Peak 120.44M) | Time:00:00.44 | Mem:3.19M, Peak:3.19M | Scene, ViewLayer | Updating Geometry BVH Cylinder.172 738/975 | Building BVH
Fra:1 Mem:72.18M (Peak 120.44M) | Time:00:00.44 | Mem:3.19M, Peak:3.19M | Scene, ViewLayer | Updating Geometry BVH Cylinder.172 738/975 | Building mesh BLAS |      24 tris | Cylinder.172
Fra:1 Mem:72.18M (Peak 120.44M) | Time:00:00.44 | Mem:3.19M, Peak:3.19M | Scene, ViewLayer | Updating Geometry BVH Cylinder.235 855/975 | Building BVH
Fra:1 Mem:72.18M (Peak 120.44M) | Time:00:00.44 | Mem:3.19M, Peak:3.19M | Scene, ViewLayer | Updating Geometry BVH Icosphere.047 739/975 | Building BVH
Fra:1 Mem:72.18M (Peak 120.44M) | Time:00:00.44 | Mem:3.19M, Peak:3.19M | Scene, ViewLayer | Updating Geometry BVH Icosphere.047 739/975 | Building mesh BLAS |      24 tris | Cylinder.235
Fra:1 Mem:72.18M (Peak 120.44M) | Time:00:00.44 | Mem:3.20M, Peak:3.20M | Scene, ViewLayer | Updating Geometry BVH Cylinder.173 740/975 | Building BVH
Fra:1 Mem:72.18M (Peak 120.44M) | Time:00:00.44 | Mem:3.20M, Peak:3.20M | Scene, ViewLayer | Updating Geometry BVH Icosphere.048 741/975 | Building mesh BLAS |      24 tris | Cylinder.173
Fra:1 Mem:72.18M (Peak 120.44M) | Time:00:00.44 | Mem:3.20M, Peak:3.20M | Scene, ViewLayer | Updating Geometry BVH Cylinder.174 742/975 | Building BVH
Fra:1 Mem:72.18M (Peak 120.44M) | Time:00:00.44 | Mem:3.20M, Peak:3.20M | Scene, ViewLayer | Updating Geometry BVH Cylinder.174 742/975 | Building mesh BLAS |      24 tris | Cylinder.174
Fra:1 Mem:72.18M (Peak 120.44M) | Time:00:00.44 | Mem:3.20M, Peak:3.20M | Scene, ViewLayer | Updating Geometry BVH Cylinder.174 742/975 | Building mesh BLAS |      20 tris | Icosphere.048
Fra:1 Mem:72.18M (Peak 120.44M) | Time:00:00.44 | Mem:3.20M, Peak:3.20M | Scene, ViewLayer | Updating Geometry BVH Icosphere.049 743/975 | Building BVH
Fra:1 Mem:72.18M (Peak 120.44M) | Time:00:00.44 | Mem:3.21M, Peak:3.21M | Scene, ViewLayer | Updating Geometry BVH Icosphere.049 743/975 | Building mesh BLAS |      20 tris | Icosphere.049
Fra:1 Mem:72.18M (Peak 120.44M) | Time:00:00.44 | Mem:3.21M, Peak:3.21M | Scene, ViewLayer | Updating Geometry BVH Cylinder.175 744/975 | Building BVH
Fra:1 Mem:72.18M (Peak 120.44M) | Time:00:00.44 | Mem:3.21M, Peak:3.21M | Scene, ViewLayer | Updating Geometry BVH Cylinder.175 744/975 | Building mesh BLAS |      52 tris | Cylinder.175
Fra:1 Mem:72.18M (Peak 120.44M) | Time:00:00.44 | Mem:3.21M, Peak:3.21M | Scene, ViewLayer | Updating Geometry BVH Cylinder.176 745/975 | Building BVH
Fra:1 Mem:72.18M (Peak 120.44M) | Time:00:00.44 | Mem:3.21M, Peak:3.21M | Scene, ViewLayer | Updating Geometry BVH Cylinder.176 745/975 | Building mesh BLAS |      24 tris | Cylinder.176
Fra:1 Mem:72.18M (Peak 120.44M) | Time:00:00.44 | Mem:3.22M, Peak:3.22M | Scene, ViewLayer | Updating Geometry BVH Icosphere.050 746/975 | Building BVH
Fra:1 Mem:72.18M (Peak 120.44M) | Time:00:00.44 | Mem:3.22M, Peak:3.22M | Scene, ViewLayer | Updating Geometry BVH Icosphere.050 746/975 | Building mesh BLAS |      20 tris | Icosphere.050
Fra:1 Mem:72.18M (Peak 120.44M) | Time:00:00.44 | Mem:3.22M, Peak:3.22M | Scene, ViewLayer | Updating Geometry BVH Cylinder.177 747/975 | Building BVH
Fra:1 Mem:72.18M (Peak 120.44M) | Time:00:00.44 | Mem:3.22M, Peak:3.22M | Scene, ViewLayer | Updating Geometry BVH Cylinder.177 747/975 | Building mesh BLAS |      24 tris | Cylinder.177
Fra:1 Mem:72.18M (Peak 120.44M) | Time:00:00.44 | Mem:3.22M, Peak:3.22M | Scene, ViewLayer | Updating Geometry BVH Icosphere.051 748/975 | Building BVH
Fra:1 Mem:72.18M (Peak 120.44M) | Time:00:00.44 | Mem:3.22M, Peak:3.22M | Scene, ViewLayer | Updating Geometry BVH Cylinder.178 749/975 | Building mesh BLAS |      20 tris | Icosphere.051
Fra:1 Mem:72.18M (Peak 120.44M) | Time:00:00.44 | Mem:3.22M, Peak:3.22M | Scene, ViewLayer | Updating Geometry BVH Icosphere.100 854/975 | Building BVH
Fra:1 Mem:72.18M (Peak 120.44M) | Time:00:00.44 | Mem:3.22M, Peak:3.22M | Scene, ViewLayer | Updating Geometry BVH Icosphere.100 854/975 | Building mesh BLAS |      20 tris | Icosphere.100
Fra:1 Mem:72.18M (Peak 120.44M) | Time:00:00.44 | Mem:3.22M, Peak:3.22M | Scene, ViewLayer | Updating Geometry BVH Icosphere.052 750/975 | Building BVH
Fra:1 Mem:72.18M (Peak 120.44M) | Time:00:00.44 | Mem:3.22M, Peak:3.22M | Scene, ViewLayer | Updating Geometry BVH Icosphere.052 750/975 | Building mesh BLAS |      20 tris | Icosphere.052
Fra:1 Mem:72.18M (Peak 120.44M) | Time:00:00.44 | Mem:3.22M, Peak:3.22M | Scene, ViewLayer | Updating Geometry BVH Cylinder.179 751/975 | Building BVH
Fra:1 Mem:72.18M (Peak 120.44M) | Time:00:00.44 | Mem:3.22M, Peak:3.22M | Scene, ViewLayer | Updating Geometry BVH Cylinder.179 751/975 | Building mesh BLAS |      24 tris | Cylinder.179
Fra:1 Mem:72.18M (Peak 120.44M) | Time:00:00.44 | Mem:3.22M, Peak:3.22M | Scene, ViewLayer | Updating Geometry BVH Icosphere.053 752/975 | Building BVH
Fra:1 Mem:72.18M (Peak 120.44M) | Time:00:00.44 | Mem:3.22M, Peak:3.22M | Scene, ViewLayer | Updating Geometry BVH Icosphere.053 752/975 | Building mesh BLAS |      20 tris | Icosphere.053
Fra:1 Mem:72.18M (Peak 120.44M) | Time:00:00.44 | Mem:3.22M, Peak:3.22M | Scene, ViewLayer | Updating Geometry BVH Cylinder.180 753/975 | Building BVH
Fra:1 Mem:72.18M (Peak 120.44M) | Time:00:00.44 | Mem:3.22M, Peak:3.22M | Scene, ViewLayer | Updating Geometry BVH Cylinder.180 753/975 | Building mesh BLAS |      24 tris | Cylinder.180
Fra:1 Mem:72.18M (Peak 120.44M) | Time:00:00.45 | Mem:3.24M, Peak:3.24M | Scene, ViewLayer | Updating Geometry BVH Cylinder.180 753/975 | Building mesh BLAS |      24 tris | Cylinder.178
Fra:1 Mem:72.18M (Peak 120.44M) | Time:00:00.45 | Mem:3.26M, Peak:3.26M | Scene, ViewLayer | Updating Geometry BVH Icosphere.054 754/975 | Building BVH
Fra:1 Mem:72.18M (Peak 120.44M) | Time:00:00.45 | Mem:3.26M, Peak:3.26M | Scene, ViewLayer | Updating Geometry BVH Icosphere.054 754/975 | Building mesh BLAS |      20 tris | Icosphere.054
Fra:1 Mem:72.18M (Peak 120.44M) | Time:00:00.45 | Mem:3.26M, Peak:3.26M | Scene, ViewLayer | Updating Geometry BVH Cylinder.181 755/975 | Building BVH
Fra:1 Mem:72.18M (Peak 120.44M) | Time:00:00.45 | Mem:3.26M, Peak:3.26M | Scene, ViewLayer | Updating Geometry BVH Cylinder.181 755/975 | Building mesh BLAS |      24 tris | Cylinder.181
Fra:1 Mem:72.18M (Peak 120.44M) | Time:00:00.45 | Mem:3.26M, Peak:3.26M | Scene, ViewLayer | Updating Geometry BVH Icosphere.055 756/975 | Building BVH
Fra:1 Mem:72.18M (Peak 120.44M) | Time:00:00.45 | Mem:3.26M, Peak:3.26M | Scene, ViewLayer | Updating Geometry BVH Icosphere.055 756/975 | Building mesh BLAS |      20 tris | Icosphere.055
Fra:1 Mem:72.18M (Peak 120.44M) | Time:00:00.45 | Mem:3.26M, Peak:3.26M | Scene, ViewLayer | Updating Geometry BVH Cylinder.182 757/975 | Building BVH
Fra:1 Mem:72.18M (Peak 120.44M) | Time:00:00.45 | Mem:3.26M, Peak:3.26M | Scene, ViewLayer | Updating Geometry BVH Cylinder.182 757/975 | Building mesh BLAS |      52 tris | Cylinder.182
Fra:1 Mem:72.18M (Peak 120.44M) | Time:00:00.45 | Mem:3.26M, Peak:3.26M | Scene, ViewLayer | Updating Geometry BVH Cylinder.234 853/975 | Building BVH
Fra:1 Mem:72.18M (Peak 120.44M) | Time:00:00.45 | Mem:3.26M, Peak:3.26M | Scene, ViewLayer | Updating Geometry BVH Cylinder.234 853/975 | Building mesh BLAS |      24 tris | Cylinder.234
Fra:1 Mem:72.18M (Peak 120.44M) | Time:00:00.45 | Mem:3.26M, Peak:3.26M | Scene, ViewLayer | Updating Geometry BVH Cylinder.183 758/975 | Building BVH
Fra:1 Mem:72.18M (Peak 120.44M) | Time:00:00.45 | Mem:3.26M, Peak:3.26M | Scene, ViewLayer | Updating Geometry BVH Cylinder.183 758/975 | Building mesh BLAS |      24 tris | Cylinder.183
Fra:1 Mem:72.18M (Peak 120.44M) | Time:00:00.45 | Mem:3.26M, Peak:3.26M | Scene, ViewLayer | Updating Geometry BVH Icosphere.056 759/975 | Building BVH
Fra:1 Mem:72.18M (Peak 120.44M) | Time:00:00.45 | Mem:3.26M, Peak:3.26M | Scene, ViewLayer | Updating Geometry BVH Cylinder.184 760/975 | Building BVH
Fra:1 Mem:72.18M (Peak 120.44M) | Time:00:00.45 | Mem:3.26M, Peak:3.26M | Scene, ViewLayer | Updating Geometry BVH Cylinder.185 762/975 | Building BVH
Fra:1 Mem:72.18M (Peak 120.44M) | Time:00:00.45 | Mem:3.26M, Peak:3.26M | Scene, ViewLayer | Updating Geometry BVH Cylinder.185 762/975 | Building mesh BLAS |      24 tris | Cylinder.185
Fra:1 Mem:72.18M (Peak 120.44M) | Time:00:00.45 | Mem:3.26M, Peak:3.26M | Scene, ViewLayer | Updating Geometry BVH Cylinder.185 762/975 | Building mesh BLAS |      24 tris | Cylinder.184
Fra:1 Mem:72.18M (Peak 120.44M) | Time:00:00.45 | Mem:3.26M, Peak:3.26M | Scene, ViewLayer | Updating Geometry BVH Cylinder.185 762/975 | Building mesh BLAS |      20 tris | Icosphere.057
Fra:1 Mem:72.18M (Peak 120.44M) | Time:00:00.45 | Mem:3.26M, Peak:3.26M | Scene, ViewLayer | Updating Geometry BVH Icosphere.058 763/975 | Building BVH
Fra:1 Mem:72.18M (Peak 120.44M) | Time:00:00.45 | Mem:3.26M, Peak:3.26M | Scene, ViewLayer | Updating Geometry BVH Icosphere.058 763/975 | Building mesh BLAS |      20 tris | Icosphere.058
Fra:1 Mem:72.18M (Peak 120.44M) | Time:00:00.45 | Mem:3.27M, Peak:3.27M | Scene, ViewLayer | Updating Geometry BVH Icosphere.099 852/975 | Building BVH
Fra:1 Mem:72.18M (Peak 120.44M) | Time:00:00.45 | Mem:3.27M, Peak:3.27M | Scene, ViewLayer | Updating Geometry BVH Cylinder.186 764/975 | Building BVH
Fra:1 Mem:72.18M (Peak 120.44M) | Time:00:00.45 | Mem:3.27M, Peak:3.27M | Scene, ViewLayer | Updating Geometry BVH Icosphere.059 765/975 | Building BVH
Fra:1 Mem:72.18M (Peak 120.44M) | Time:00:00.45 | Mem:3.27M, Peak:3.27M | Scene, ViewLayer | Updating Geometry BVH Icosphere.059 765/975 | Building mesh BLAS |      20 tris | Icosphere.099
Fra:1 Mem:72.18M (Peak 120.44M) | Time:00:00.45 | Mem:3.27M, Peak:3.27M | Scene, ViewLayer | Updating Geometry BVH Icosphere.059 765/975 | Building mesh BLAS |      20 tris | Icosphere.059
Fra:1 Mem:72.18M (Peak 120.44M) | Time:00:00.45 | Mem:3.27M, Peak:3.27M | Scene, ViewLayer | Updating Geometry BVH Cylinder.187 766/975 | Building BVH
Fra:1 Mem:72.18M (Peak 120.44M) | Time:00:00.45 | Mem:3.27M, Peak:3.27M | Scene, ViewLayer | Updating Geometry BVH Cylinder.187 766/975 | Building mesh BLAS |      24 tris | Cylinder.187
Fra:1 Mem:72.18M (Peak 120.44M) | Time:00:00.45 | Mem:3.28M, Peak:3.28M | Scene, ViewLayer | Updating Geometry BVH Icosphere.060 767/975 | Building BVH
Fra:1 Mem:72.18M (Peak 120.44M) | Time:00:00.45 | Mem:3.29M, Peak:3.29M | Scene, ViewLayer | Updating Geometry BVH Cylinder.188 768/975 | Building BVH
Fra:1 Mem:72.18M (Peak 120.44M) | Time:00:00.45 | Mem:3.29M, Peak:3.29M | Scene, ViewLayer | Updating Geometry BVH Icosphere.061 769/975 | Building mesh BLAS |      20 tris | Icosphere.060
Fra:1 Mem:72.18M (Peak 120.44M) | Time:00:00.45 | Mem:3.30M, Peak:3.30M | Scene, ViewLayer | Updating Geometry BVH Cylinder.189 770/975 | Building BVH
Fra:1 Mem:72.18M (Peak 120.44M) | Time:00:00.45 | Mem:3.30M, Peak:3.30M | Scene, ViewLayer | Updating Geometry BVH Cylinder.190 771/975 | Building mesh BLAS |      24 tris | Cylinder.188
Fra:1 Mem:72.18M (Peak 120.44M) | Time:00:00.45 | Mem:3.30M, Peak:3.30M | Scene, ViewLayer | Updating Geometry BVH Icosphere.062 772/975 | Building BVH
Fra:1 Mem:72.18M (Peak 120.44M) | Time:00:00.45 | Mem:3.30M, Peak:3.30M | Scene, ViewLayer | Updating Geometry BVH Icosphere.062 772/975 | Building mesh BLAS |      52 tris | Cylinder.189
Fra:1 Mem:72.18M (Peak 120.44M) | Time:00:00.45 | Mem:3.30M, Peak:3.30M | Scene, ViewLayer | Updating Geometry BVH Cylinder.233 851/975 | Building BVH
Fra:1 Mem:72.18M (Peak 120.44M) | Time:00:00.45 | Mem:3.30M, Peak:3.30M | Scene, ViewLayer | Updating Geometry BVH Cylinder.233 851/975 | Building mesh BLAS |      24 tris | Cylinder.190
Fra:1 Mem:72.18M (Peak 120.44M) | Time:00:00.45 | Mem:3.30M, Peak:3.30M | Scene, ViewLayer | Updating Geometry BVH Cylinder.233 851/975 | Building mesh BLAS |      24 tris | Cylinder.233
Fra:1 Mem:72.18M (Peak 120.44M) | Time:00:00.45 | Mem:3.30M, Peak:3.30M | Scene, ViewLayer | Updating Geometry BVH Cylinder.191 773/975 | Building BVH
Fra:1 Mem:72.18M (Peak 120.44M) | Time:00:00.45 | Mem:3.30M, Peak:3.30M | Scene, ViewLayer | Updating Geometry BVH Cylinder.191 773/975 | Building mesh BLAS |      24 tris | Cylinder.191
Fra:1 Mem:72.18M (Peak 120.44M) | Time:00:00.45 | Mem:3.30M, Peak:3.30M | Scene, ViewLayer | Updating Geometry BVH Icosphere.063 774/975 | Building BVH
Fra:1 Mem:72.18M (Peak 120.44M) | Time:00:00.45 | Mem:3.30M, Peak:3.30M | Scene, ViewLayer | Updating Geometry BVH Icosphere.063 774/975 | Building mesh BLAS |      20 tris | Icosphere.063
Fra:1 Mem:72.18M (Peak 120.44M) | Time:00:00.45 | Mem:3.30M, Peak:3.30M | Scene, ViewLayer | Updating Geometry BVH Cylinder.192 775/975 | Building BVH
Fra:1 Mem:72.18M (Peak 120.44M) | Time:00:00.45 | Mem:3.30M, Peak:3.30M | Scene, ViewLayer | Updating Geometry BVH Icosphere.064 776/975 | Building BVH
Fra:1 Mem:72.18M (Peak 120.44M) | Time:00:00.45 | Mem:3.30M, Peak:3.30M | Scene, ViewLayer | Updating Geometry BVH Icosphere.064 776/975 | Building mesh BLAS |      24 tris | Cylinder.192
Fra:1 Mem:72.18M (Peak 120.44M) | Time:00:00.45 | Mem:3.31M, Peak:3.31M | Scene, ViewLayer | Updating Geometry BVH Icosphere.064 776/975 | Building mesh BLAS |      20 tris | Icosphere.064
Fra:1 Mem:72.18M (Peak 120.44M) | Time:00:00.45 | Mem:3.31M, Peak:3.31M | Scene, ViewLayer | Updating Geometry BVH Cylinder.193 777/975 | Building BVH
Fra:1 Mem:72.18M (Peak 120.44M) | Time:00:00.45 | Mem:3.31M, Peak:3.31M | Scene, ViewLayer | Updating Geometry BVH Cylinder.193 777/975 | Building mesh BLAS |      24 tris | Cylinder.193
Fra:1 Mem:72.18M (Peak 120.44M) | Time:00:00.45 | Mem:3.31M, Peak:3.31M | Scene, ViewLayer | Updating Geometry BVH Icosphere.065 778/975 | Building BVH
Fra:1 Mem:72.18M (Peak 120.44M) | Time:00:00.45 | Mem:3.31M, Peak:3.31M | Scene, ViewLayer | Updating Geometry BVH Icosphere.065 778/975 | Building mesh BLAS |      20 tris | Icosphere.065
Fra:1 Mem:72.18M (Peak 120.44M) | Time:00:00.45 | Mem:3.31M, Peak:3.31M | Scene, ViewLayer | Updating Geometry BVH Icosphere.098 850/975 | Building BVH
Fra:1 Mem:72.18M (Peak 120.44M) | Time:00:00.45 | Mem:3.31M, Peak:3.31M | Scene, ViewLayer | Updating Geometry BVH Cylinder.194 779/975 | Building BVH
Fra:1 Mem:72.18M (Peak 120.44M) | Time:00:00.45 | Mem:3.31M, Peak:3.31M | Scene, ViewLayer | Updating Geometry BVH Cylinder.194 779/975 | Building mesh BLAS |      20 tris | Icosphere.098
Fra:1 Mem:72.18M (Peak 120.44M) | Time:00:00.45 | Mem:3.31M, Peak:3.31M | Scene, ViewLayer | Updating Geometry BVH Icosphere.066 780/975 | Building BVH
Fra:1 Mem:72.18M (Peak 120.44M) | Time:00:00.45 | Mem:3.31M, Peak:3.31M | Scene, ViewLayer | Updating Geometry BVH Icosphere.066 780/975 | Building mesh BLAS |      20 tris | Icosphere.066
Fra:1 Mem:72.18M (Peak 120.44M) | Time:00:00.45 | Mem:3.32M, Peak:3.32M | Scene, ViewLayer | Updating Geometry BVH Icosphere.067 782/975 | Building BVH
Fra:1 Mem:72.18M (Peak 120.44M) | Time:00:00.45 | Mem:3.32M, Peak:3.32M | Scene, ViewLayer | Updating Geometry BVH Cylinder.196 783/975 | Building BVH
Fra:1 Mem:72.18M (Peak 120.44M) | Time:00:00.45 | Mem:3.33M, Peak:3.33M | Scene, ViewLayer | Updating Geometry BVH Cylinder.197 784/975 | Building mesh BLAS |      20 tris | Icosphere.067
Fra:1 Mem:72.18M (Peak 120.44M) | Time:00:00.45 | Mem:3.33M, Peak:3.33M | Scene, ViewLayer | Updating Geometry BVH Icosphere.068 785/975 | Building BVH
Fra:1 Mem:72.18M (Peak 120.44M) | Time:00:00.45 | Mem:3.33M, Peak:3.33M | Scene, ViewLayer | Updating Geometry BVH Icosphere.069 787/975 | Building BVH
Fra:1 Mem:72.18M (Peak 120.44M) | Time:00:00.45 | Mem:3.33M, Peak:3.33M | Scene, ViewLayer | Updating Geometry BVH Icosphere.069 787/975 | Building mesh BLAS |      24 tris | Cylinder.197
Fra:1 Mem:72.18M (Peak 120.44M) | Time:00:00.45 | Mem:3.33M, Peak:3.33M | Scene, ViewLayer | Updating Geometry BVH Cylinder.232 849/975 | Building BVH
Fra:1 Mem:72.18M (Peak 120.44M) | Time:00:00.45 | Mem:3.34M, Peak:3.34M | Scene, ViewLayer | Updating Geometry BVH Cylinder.199 788/975 | Building BVH
Fra:1 Mem:72.18M (Peak 120.44M) | Time:00:00.45 | Mem:3.34M, Peak:3.34M | Scene, ViewLayer | Updating Geometry BVH Icosphere.070 789/975 | Building BVH
Fra:1 Mem:72.18M (Peak 120.44M) | Time:00:00.45 | Mem:3.34M, Peak:3.34M | Scene, ViewLayer | Updating Geometry BVH Icosphere.070 789/975 | Building mesh BLAS |      24 tris | Cylinder.198
Fra:1 Mem:72.18M (Peak 120.44M) | Time:00:00.45 | Mem:3.34M, Peak:3.34M | Scene, ViewLayer | Updating Geometry BVH Icosphere.070 789/975 | Building mesh BLAS |      24 tris | Cylinder.199
Fra:1 Mem:72.18M (Peak 120.44M) | Time:00:00.45 | Mem:3.34M, Peak:3.34M | Scene, ViewLayer | Updating Geometry BVH Icosphere.070 789/975 | Building mesh BLAS |      20 tris | Icosphere.070
Fra:1 Mem:72.18M (Peak 120.44M) | Time:00:00.45 | Mem:3.34M, Peak:3.34M | Scene, ViewLayer | Updating Geometry BVH Cylinder.200 790/975 | Building BVH
Fra:1 Mem:72.18M (Peak 120.44M) | Time:00:00.45 | Mem:3.34M, Peak:3.34M | Scene, ViewLayer | Updating Geometry BVH Cylinder.200 790/975 | Building mesh BLAS |      20 tris | Icosphere.069
Fra:1 Mem:72.18M (Peak 120.44M) | Time:00:00.45 | Mem:3.34M, Peak:3.34M | Scene, ViewLayer | Updating Geometry BVH Icosphere.071 791/975 | Building BVH
Fra:1 Mem:72.18M (Peak 120.44M) | Time:00:00.45 | Mem:3.34M, Peak:3.34M | Scene, ViewLayer | Updating Geometry BVH Icosphere.071 791/975 | Building mesh BLAS |      20 tris | Icosphere.071
Fra:1 Mem:72.18M (Peak 120.44M) | Time:00:00.45 | Mem:3.34M, Peak:3.34M | Scene, ViewLayer | Updating Geometry BVH Cylinder.201 792/975 | Building mesh BLAS |      24 tris | Cylinder.232
Fra:1 Mem:72.18M (Peak 120.44M) | Time:00:00.45 | Mem:3.34M, Peak:3.34M | Scene, ViewLayer | Updating Geometry BVH Cylinder.202 794/975 | Building BVH
Fra:1 Mem:72.18M (Peak 120.44M) | Time:00:00.45 | Mem:3.34M, Peak:3.34M | Scene, ViewLayer | Updating Geometry BVH Icosphere.073 795/975 | Building BVH
Fra:1 Mem:72.18M (Peak 120.44M) | Time:00:00.45 | Mem:3.34M, Peak:3.34M | Scene, ViewLayer | Updating Geometry BVH Icosphere.073 795/975 | Building mesh BLAS |      24 tris | Cylinder.202
Fra:1 Mem:72.18M (Peak 120.44M) | Time:00:00.45 | Mem:3.34M, Peak:3.34M | Scene, ViewLayer | Updating Geometry BVH Icosphere.073 795/975 | Building mesh BLAS |      20 tris | Icosphere.072
Fra:1 Mem:72.18M (Peak 120.44M) | Time:00:00.45 | Mem:3.34M, Peak:3.34M | Scene, ViewLayer | Updating Geometry BVH Icosphere.073 795/975 | Building mesh BLAS |      20 tris | Icosphere.073
Fra:1 Mem:72.18M (Peak 120.44M) | Time:00:00.45 | Mem:3.34M, Peak:3.34M | Scene, ViewLayer | Updating Geometry BVH Icosphere.073 795/975 | Building mesh BLAS |      24 tris | Cylinder.200
Fra:1 Mem:72.18M (Peak 120.44M) | Time:00:00.45 | Mem:3.34M, Peak:3.34M | Scene, ViewLayer | Updating Geometry BVH Cylinder.203 796/975 | Building BVH
Fra:1 Mem:72.18M (Peak 120.44M) | Time:00:00.45 | Mem:3.34M, Peak:3.34M | Scene, ViewLayer | Updating Geometry BVH Cylinder.203 796/975 | Building mesh BLAS |      52 tris | Cylinder.203
Fra:1 Mem:72.18M (Peak 120.44M) | Time:00:00.45 | Mem:3.34M, Peak:3.34M | Scene, ViewLayer | Updating Geometry BVH Cylinder.204 797/975 | Building BVH
Fra:1 Mem:72.18M (Peak 120.44M) | Time:00:00.45 | Mem:3.34M, Peak:3.34M | Scene, ViewLayer | Updating Geometry BVH Cylinder.231 848/975 | Building BVH
Fra:1 Mem:72.18M (Peak 120.44M) | Time:00:00.45 | Mem:3.34M, Peak:3.34M | Scene, ViewLayer | Updating Geometry BVH Icosphere.074 798/975 | Building BVH
Fra:1 Mem:72.18M (Peak 120.44M) | Time:00:00.45 | Mem:3.34M, Peak:3.34M | Scene, ViewLayer | Updating Geometry BVH Icosphere.074 798/975 | Building mesh BLAS |      20 tris | Icosphere.074
Fra:1 Mem:72.18M (Peak 120.44M) | Time:00:00.45 | Mem:3.34M, Peak:3.34M | Scene, ViewLayer | Updating Geometry BVH Icosphere.074 798/975 | Building mesh BLAS |      52 tris | Cylinder.231
Fra:1 Mem:72.18M (Peak 120.44M) | Time:00:00.45 | Mem:3.34M, Peak:3.34M | Scene, ViewLayer | Updating Geometry BVH Cylinder.205 799/975 | Building BVH
Fra:1 Mem:72.18M (Peak 120.44M) | Time:00:00.45 | Mem:3.34M, Peak:3.34M | Scene, ViewLayer | Updating Geometry BVH Cylinder.205 799/975 | Building mesh BLAS |      24 tris | Cylinder.205
Fra:1 Mem:72.18M (Peak 120.44M) | Time:00:00.45 | Mem:3.34M, Peak:3.34M | Scene, ViewLayer | Updating Geometry BVH Icosphere.075 800/975 | Building BVH
Fra:1 Mem:72.18M (Peak 120.44M) | Time:00:00.45 | Mem:3.35M, Peak:3.35M | Scene, ViewLayer | Updating Geometry BVH Icosphere.075 800/975 | Building mesh BLAS |      20 tris | Icosphere.075
Fra:1 Mem:72.18M (Peak 120.44M) | Time:00:00.45 | Mem:3.35M, Peak:3.35M | Scene, ViewLayer | Updating Geometry BVH Cylinder.206 801/975 | Building BVH
Fra:1 Mem:72.18M (Peak 120.44M) | Time:00:00.45 | Mem:3.35M, Peak:3.35M | Scene, ViewLayer | Updating Geometry BVH Cylinder.206 801/975 | Building mesh BLAS |      24 tris | Cylinder.206
Fra:1 Mem:72.18M (Peak 120.44M) | Time:00:00.45 | Mem:3.35M, Peak:3.35M | Scene, ViewLayer | Updating Geometry BVH Icosphere.076 802/975 | Building BVH
Fra:1 Mem:72.18M (Peak 120.44M) | Time:00:00.45 | Mem:3.35M, Peak:3.35M | Scene, ViewLayer | Updating Geometry BVH Cylinder.207 803/975 | Building BVH
Fra:1 Mem:72.18M (Peak 120.44M) | Time:00:00.45 | Mem:3.35M, Peak:3.35M | Scene, ViewLayer | Updating Geometry BVH Icosphere.077 804/975 | Building mesh BLAS |      20 tris | Icosphere.076
Fra:1 Mem:72.18M (Peak 120.44M) | Time:00:00.45 | Mem:3.35M, Peak:3.35M | Scene, ViewLayer | Updating Geometry BVH Icosphere.077 804/975 | Building mesh BLAS |      24 tris | Cylinder.207
Fra:1 Mem:72.18M (Peak 120.44M) | Time:00:00.45 | Mem:3.35M, Peak:3.35M | Scene, ViewLayer | Updating Geometry BVH Icosphere.077 804/975 | Building mesh BLAS |      20 tris | Icosphere.077
Fra:1 Mem:72.18M (Peak 120.44M) | Time:00:00.45 | Mem:3.35M, Peak:3.35M | Scene, ViewLayer | Updating Geometry BVH Cylinder.208 805/975 | Building BVH
Fra:1 Mem:72.18M (Peak 120.44M) | Time:00:00.45 | Mem:3.35M, Peak:3.35M | Scene, ViewLayer | Updating Geometry BVH Cylinder.208 805/975 | Building mesh BLAS |      24 tris | Cylinder.208
Fra:1 Mem:72.18M (Peak 120.44M) | Time:00:00.45 | Mem:3.35M, Peak:3.35M | Scene, ViewLayer | Updating Geometry BVH Cylinder.209 807/975 | Building BVH
Fra:1 Mem:72.18M (Peak 120.44M) | Time:00:00.45 | Mem:3.35M, Peak:3.35M | Scene, ViewLayer | Updating Geometry BVH Icosphere.079 808/975 | Building BVH
Fra:1 Mem:72.18M (Peak 120.44M) | Time:00:00.45 | Mem:3.35M, Peak:3.35M | Scene, ViewLayer | Updating Geometry BVH Cylinder.210 809/975 | Building BVH
Fra:1 Mem:72.18M (Peak 120.44M) | Time:00:00.45 | Mem:3.35M, Peak:3.35M | Scene, ViewLayer | Updating Geometry BVH Cylinder.210 809/975 | Building mesh BLAS |      20 tris | Icosphere.078
Fra:1 Mem:72.18M (Peak 120.44M) | Time:00:00.45 | Mem:3.36M, Peak:3.36M | Scene, ViewLayer | Updating Geometry BVH Cylinder.211 810/975 | Building BVH
Fra:1 Mem:72.18M (Peak 120.44M) | Time:00:00.45 | Mem:3.36M, Peak:3.36M | Scene, ViewLayer | Updating Geometry BVH Cylinder.211 810/975 | Building mesh BLAS |      52 tris | Cylinder.210
Fra:1 Mem:72.18M (Peak 120.44M) | Time:00:00.45 | Mem:3.36M, Peak:3.36M | Scene, ViewLayer | Updating Geometry BVH Icosphere.080 811/975 | Building BVH
Fra:1 Mem:72.18M (Peak 120.44M) | Time:00:00.45 | Mem:3.36M, Peak:3.36M | Scene, ViewLayer | Updating Geometry BVH Icosphere.080 811/975 | Building mesh BLAS |      24 tris | Cylinder.211
Fra:1 Mem:72.18M (Peak 120.44M) | Time:00:00.45 | Mem:3.36M, Peak:3.36M | Scene, ViewLayer | Updating Geometry BVH Icosphere.080 811/975 | Building mesh BLAS |      20 tris | Icosphere.080
Fra:1 Mem:72.18M (Peak 120.44M) | Time:00:00.45 | Mem:3.36M, Peak:3.36M | Scene, ViewLayer | Updating Geometry BVH Cylinder.212 812/975 | Building BVH
Fra:1 Mem:72.18M (Peak 120.44M) | Time:00:00.45 | Mem:3.36M, Peak:3.36M | Scene, ViewLayer | Updating Geometry BVH Cylinder.212 812/975 | Building mesh BLAS |      24 tris | Cylinder.212
Fra:1 Mem:72.18M (Peak 120.44M) | Time:00:00.45 | Mem:3.36M, Peak:3.36M | Scene, ViewLayer | Updating Geometry BVH Icosphere.081 813/975 | Building BVH
Fra:1 Mem:72.18M (Peak 120.44M) | Time:00:00.45 | Mem:3.36M, Peak:3.36M | Scene, ViewLayer | Updating Geometry BVH Cylinder.213 814/975 | Building BVH
Fra:1 Mem:72.18M (Peak 120.44M) | Time:00:00.45 | Mem:3.36M, Peak:3.36M | Scene, ViewLayer | Updating Geometry BVH Cylinder.213 814/975 | Building mesh BLAS |      20 tris | Icosphere.081
Fra:1 Mem:72.18M (Peak 120.44M) | Time:00:00.45 | Mem:3.36M, Peak:3.36M | Scene, ViewLayer | Updating Geometry BVH Cylinder.213 814/975 | Building mesh BLAS |      24 tris | Cylinder.213
Fra:1 Mem:72.18M (Peak 120.44M) | Time:00:00.45 | Mem:3.36M, Peak:3.36M | Scene, ViewLayer | Updating Geometry BVH Cylinder.230 846/975 | Building BVH
Fra:1 Mem:72.18M (Peak 120.44M) | Time:00:00.45 | Mem:3.36M, Peak:3.36M | Scene, ViewLayer | Updating Geometry BVH Cylinder.230 846/975 | Building mesh BLAS |      24 tris | Cylinder.230
Fra:1 Mem:72.18M (Peak 120.44M) | Time:00:00.45 | Mem:3.36M, Peak:3.36M | Scene, ViewLayer | Updating Geometry BVH Icosphere.082 815/975 | Building BVH
Fra:1 Mem:72.18M (Peak 120.44M) | Time:00:00.45 | Mem:3.36M, Peak:3.36M | Scene, ViewLayer | Updating Geometry BVH Cylinder.214 816/975 | Building BVH
Fra:1 Mem:72.18M (Peak 120.44M) | Time:00:00.45 | Mem:3.36M, Peak:3.36M | Scene, ViewLayer | Updating Geometry BVH Icosphere.083 817/975 | Building BVH
Fra:1 Mem:72.18M (Peak 120.44M) | Time:00:00.45 | Mem:3.36M, Peak:3.36M | Scene, ViewLayer | Updating Geometry BVH Icosphere.083 817/975 | Building mesh BLAS |      20 tris | Icosphere.083
Fra:1 Mem:72.18M (Peak 120.44M) | Time:00:00.45 | Mem:3.37M, Peak:3.37M | Scene, ViewLayer | Updating Geometry BVH Icosphere.083 817/975 | Building mesh BLAS |      24 tris | Cylinder.214
Fra:1 Mem:72.18M (Peak 120.44M) | Time:00:00.45 | Mem:3.37M, Peak:3.37M | Scene, ViewLayer | Updating Geometry BVH Cylinder.215 818/975 | Building BVH
Fra:1 Mem:72.18M (Peak 120.44M) | Time:00:00.45 | Mem:3.37M, Peak:3.37M | Scene, ViewLayer | Updating Geometry BVH Icosphere.084 819/975 | Building BVH
Fra:1 Mem:72.18M (Peak 120.44M) | Time:00:00.45 | Mem:3.37M, Peak:3.37M | Scene, ViewLayer | Updating Geometry BVH Icosphere.084 819/975 | Building mesh BLAS |      24 tris | Cylinder.215
Fra:1 Mem:72.18M (Peak 120.44M) | Time:00:00.45 | Mem:3.37M, Peak:3.37M | Scene, ViewLayer | Updating Geometry BVH Cylinder.216 820/975 | Building BVH
Fra:1 Mem:72.18M (Peak 120.44M) | Time:00:00.45 | Mem:3.37M, Peak:3.37M | Scene, ViewLayer | Updating Geometry BVH Icosphere.085 821/975 | Building mesh BLAS |      20 tris | Icosphere.084
Fra:1 Mem:72.18M (Peak 120.44M) | Time:00:00.45 | Mem:3.37M, Peak:3.37M | Scene, ViewLayer | Updating Geometry BVH Icosphere.085 821/975 | Building mesh BLAS |      24 tris | Cylinder.216
Fra:1 Mem:72.18M (Peak 120.44M) | Time:00:00.45 | Mem:3.37M, Peak:3.37M | Scene, ViewLayer | Updating Geometry BVH Icosphere.085 821/975 | Building mesh BLAS |      20 tris | Icosphere.085
Fra:1 Mem:72.18M (Peak 120.44M) | Time:00:00.45 | Mem:3.37M, Peak:3.37M | Scene, ViewLayer | Updating Geometry BVH Cylinder.217 822/975 | Building BVH
Fra:1 Mem:72.18M (Peak 120.44M) | Time:00:00.45 | Mem:3.37M, Peak:3.37M | Scene, ViewLayer | Updating Geometry BVH Cylinder.217 822/975 | Building mesh BLAS |      52 tris | Cylinder.217
Fra:1 Mem:72.18M (Peak 120.44M) | Time:00:00.45 | Mem:3.38M, Peak:3.38M | Scene, ViewLayer | Updating Geometry BVH Cylinder.218 823/975 | Building BVH
Fra:1 Mem:72.18M (Peak 120.44M) | Time:00:00.45 | Mem:3.38M, Peak:3.38M | Scene, ViewLayer | Updating Geometry BVH Cylinder.218 823/975 | Building mesh BLAS |      24 tris | Cylinder.218
Fra:1 Mem:72.18M (Peak 120.44M) | Time:00:00.45 | Mem:3.38M, Peak:3.38M | Scene, ViewLayer | Updating Geometry BVH Icosphere.096 845/975 | Building BVH
Fra:1 Mem:72.18M (Peak 120.44M) | Time:00:00.45 | Mem:3.38M, Peak:3.38M | Scene, ViewLayer | Updating Geometry BVH Icosphere.096 845/975 | Building mesh BLAS |      20 tris | Icosphere.096
Fra:1 Mem:72.18M (Peak 120.44M) | Time:00:00.45 | Mem:3.38M, Peak:3.38M | Scene, ViewLayer | Updating Geometry BVH Icosphere.086 824/975 | Building BVH
Fra:1 Mem:72.18M (Peak 120.44M) | Time:00:00.45 | Mem:3.38M, Peak:3.38M | Scene, ViewLayer | Updating Geometry BVH Icosphere.086 824/975 | Building mesh BLAS |      20 tris | Icosphere.086
Fra:1 Mem:72.18M (Peak 120.44M) | Time:00:00.45 | Mem:3.38M, Peak:3.38M | Scene, ViewLayer | Updating Geometry BVH Cylinder.219 825/975 | Building BVH
Fra:1 Mem:72.18M (Peak 120.44M) | Time:00:00.45 | Mem:3.38M, Peak:3.38M | Scene, ViewLayer | Updating Geometry BVH Cylinder.219 825/975 | Building mesh BLAS |      24 tris | Cylinder.219
Fra:1 Mem:72.18M (Peak 120.44M) | Time:00:00.45 | Mem:3.38M, Peak:3.38M | Scene, ViewLayer | Updating Geometry BVH Icosphere.087 826/975 | Building BVH
Fra:1 Mem:72.18M (Peak 120.44M) | Time:00:00.45 | Mem:3.38M, Peak:3.38M | Scene, ViewLayer | Updating Geometry BVH Icosphere.087 826/975 | Building mesh BLAS |      20 tris | Icosphere.087
Fra:1 Mem:72.18M (Peak 120.44M) | Time:00:00.45 | Mem:3.38M, Peak:3.38M | Scene, ViewLayer | Updating Geometry BVH Cylinder.220 827/975 | Building BVH
Fra:1 Mem:72.18M (Peak 120.44M) | Time:00:00.45 | Mem:3.38M, Peak:3.38M | Scene, ViewLayer | Updating Geometry BVH Cylinder.220 827/975 | Building mesh BLAS |      24 tris | Cylinder.220
Fra:1 Mem:72.18M (Peak 120.44M) | Time:00:00.45 | Mem:3.38M, Peak:3.38M | Scene, ViewLayer | Updating Geometry BVH Icosphere.088 828/975 | Building BVH
Fra:1 Mem:72.18M (Peak 120.44M) | Time:00:00.45 | Mem:3.38M, Peak:3.38M | Scene, ViewLayer | Updating Geometry BVH Icosphere.088 828/975 | Building mesh BLAS |      20 tris | Icosphere.088
Fra:1 Mem:72.18M (Peak 120.44M) | Time:00:00.45 | Mem:3.38M, Peak:3.38M | Scene, ViewLayer | Updating Geometry BVH Cylinder.221 829/975 | Building BVH
Fra:1 Mem:72.18M (Peak 120.44M) | Time:00:00.45 | Mem:3.38M, Peak:3.38M | Scene, ViewLayer | Updating Geometry BVH Cylinder.221 829/975 | Building mesh BLAS |      24 tris | Cylinder.221
Fra:1 Mem:72.18M (Peak 120.44M) | Time:00:00.45 | Mem:3.38M, Peak:3.38M | Scene, ViewLayer | Updating Geometry BVH Icosphere.089 830/975 | Building BVH
Fra:1 Mem:72.18M (Peak 120.44M) | Time:00:00.45 | Mem:3.38M, Peak:3.38M | Scene, ViewLayer | Updating Geometry BVH Icosphere.089 830/975 | Building mesh BLAS |      20 tris | Icosphere.089
Fra:1 Mem:72.18M (Peak 120.44M) | Time:00:00.45 | Mem:3.39M, Peak:3.39M | Scene, ViewLayer | Updating Geometry BVH Cylinder.222 831/975 | Building BVH
Fra:1 Mem:72.18M (Peak 120.44M) | Time:00:00.45 | Mem:3.39M, Peak:3.39M | Scene, ViewLayer | Updating Geometry BVH Icosphere.090 832/975 | Building BVH
Fra:1 Mem:72.18M (Peak 120.44M) | Time:00:00.45 | Mem:3.39M, Peak:3.39M | Scene, ViewLayer | Updating Geometry BVH Cylinder.229 844/975 | Building mesh BLAS |      24 tris | Cylinder.222
Fra:1 Mem:72.18M (Peak 120.44M) | Time:00:00.45 | Mem:3.39M, Peak:3.39M | Scene, ViewLayer | Updating Geometry BVH Cylinder.229 844/975 | Building mesh BLAS |      20 tris | Icosphere.090
Fra:1 Mem:72.18M (Peak 120.44M) | Time:00:00.45 | Mem:3.39M, Peak:3.39M | Scene, ViewLayer | Updating Geometry BVH Cylinder.229 844/975 | Building mesh BLAS |      24 tris | Cylinder.229
Fra:1 Mem:72.18M (Peak 120.44M) | Time:00:00.45 | Mem:3.39M, Peak:3.39M | Scene, ViewLayer | Updating Geometry BVH Cylinder.223 833/975 | Building BVH
Fra:1 Mem:72.18M (Peak 120.44M) | Time:00:00.45 | Mem:3.39M, Peak:3.39M | Scene, ViewLayer | Updating Geometry BVH Cylinder.223 833/975 | Building mesh BLAS |      24 tris | Cylinder.223
Fra:1 Mem:72.18M (Peak 120.44M) | Time:00:00.45 | Mem:3.39M, Peak:3.39M | Scene, ViewLayer | Updating Geometry BVH Icosphere.091 834/975 | Building BVH
Fra:1 Mem:72.18M (Peak 120.44M) | Time:00:00.45 | Mem:3.39M, Peak:3.39M | Scene, ViewLayer | Updating Geometry BVH Icosphere.091 834/975 | Building mesh BLAS |      20 tris | Icosphere.091
Fra:1 Mem:72.18M (Peak 120.44M) | Time:00:00.45 | Mem:3.40M, Peak:3.40M | Scene, ViewLayer | Updating Geometry BVH Cylinder.224 835/975 | Building BVH
Fra:1 Mem:72.18M (Peak 120.44M) | Time:00:00.45 | Mem:3.40M, Peak:3.40M | Scene, ViewLayer | Updating Geometry BVH Cylinder.224 835/975 | Building mesh BLAS |      52 tris | Cylinder.224
Fra:1 Mem:72.18M (Peak 120.44M) | Time:00:00.45 | Mem:3.40M, Peak:3.40M | Scene, ViewLayer | Updating Geometry BVH Cylinder.225 836/975 | Building BVH
Fra:1 Mem:72.18M (Peak 120.44M) | Time:00:00.45 | Mem:3.40M, Peak:3.40M | Scene, ViewLayer | Updating Geometry BVH Cylinder.225 836/975 | Building mesh BLAS |      24 tris | Cylinder.225
Fra:1 Mem:72.18M (Peak 120.44M) | Time:00:00.45 | Mem:3.40M, Peak:3.40M | Scene, ViewLayer | Updating Geometry BVH Icosphere.092 837/975 | Building BVH
Fra:1 Mem:72.18M (Peak 120.44M) | Time:00:00.45 | Mem:3.40M, Peak:3.40M | Scene, ViewLayer | Updating Geometry BVH Icosphere.092 837/975 | Building mesh BLAS |      20 tris | Icosphere.092
Fra:1 Mem:72.18M (Peak 120.44M) | Time:00:00.45 | Mem:3.40M, Peak:3.40M | Scene, ViewLayer | Updating Geometry BVH Cylinder.226 838/975 | Building BVH
Fra:1 Mem:72.18M (Peak 120.44M) | Time:00:00.45 | Mem:3.40M, Peak:3.40M | Scene, ViewLayer | Updating Geometry BVH Cylinder.226 838/975 | Building mesh BLAS |      24 tris | Cylinder.226
Fra:1 Mem:72.18M (Peak 120.44M) | Time:00:00.45 | Mem:3.41M, Peak:3.41M | Scene, ViewLayer | Updating Geometry BVH Icosphere.093 839/975 | Building BVH
Fra:1 Mem:72.18M (Peak 120.44M) | Time:00:00.45 | Mem:3.41M, Peak:3.41M | Scene, ViewLayer | Updating Geometry BVH Icosphere.093 839/975 | Building mesh BLAS |      20 tris | Icosphere.093
Fra:1 Mem:72.18M (Peak 120.44M) | Time:00:00.45 | Mem:3.41M, Peak:3.41M | Scene, ViewLayer | Updating Geometry BVH Cylinder.227 840/975 | Building BVH
Fra:1 Mem:72.18M (Peak 120.44M) | Time:00:00.45 | Mem:3.41M, Peak:3.41M | Scene, ViewLayer | Updating Geometry BVH Cylinder.227 840/975 | Building mesh BLAS |      24 tris | Cylinder.227
Fra:1 Mem:72.18M (Peak 120.44M) | Time:00:00.45 | Mem:3.41M, Peak:3.41M | Scene, ViewLayer | Updating Geometry BVH Icosphere.095 843/975 | Building BVH
Fra:1 Mem:72.18M (Peak 120.44M) | Time:00:00.45 | Mem:3.41M, Peak:3.41M | Scene, ViewLayer | Updating Geometry BVH Cylinder.228 842/975 | Building BVH
Fra:1 Mem:72.18M (Peak 120.44M) | Time:00:00.45 | Mem:3.41M, Peak:3.41M | Scene, ViewLayer | Updating Geometry BVH Cylinder.228 842/975 | Building mesh BLAS |      20 tris | Icosphere.095
Fra:1 Mem:72.18M (Peak 120.44M) | Time:00:00.45 | Mem:3.41M, Peak:3.41M | Scene, ViewLayer | Updating Geometry BVH Cylinder.228 842/975 | Building mesh BLAS |      20 tris | Icosphere.094
Fra:1 Mem:72.18M (Peak 120.44M) | Time:00:00.45 | Mem:3.41M, Peak:3.41M | Scene, ViewLayer | Updating Geometry BVH Cylinder.228 842/975 | Building mesh BLAS |      24 tris | Cylinder.228
Fra:1 Mem:72.18M (Peak 120.44M) | Time:00:00.45 | Mem:3.43M, Peak:3.43M | Scene, ViewLayer | Updating Scene BVH | Building
Fra:1 Mem:72.22M (Peak 120.44M) | Time:00:00.47 | Mem:3.54M, Peak:3.54M | Scene, ViewLayer | Updating Scene BVH | Building TLAS      |    1875 instances
Fra:1 Mem:72.23M (Peak 120.44M) | Time:00:00.47 | Mem:3.94M, Peak:3.94M | Scene, ViewLayer | Updating Scene BVH | Copying BVH to device
Fra:1 Mem:72.23M (Peak 120.44M) | Time:00:00.47 | Mem:3.94M, Peak:3.94M | Scene, ViewLayer | Updating Mesh | Computing normals
Fra:1 Mem:73.52M (Peak 120.44M) | Time:00:00.47 | Mem:3.94M, Peak:3.94M | Scene, ViewLayer | Updating Mesh | Copying Mesh to device
Fra:1 Mem:72.23M (Peak 120.44M) | Time:00:00.47 | Mem:5.29M, Peak:5.29M | Scene, ViewLayer | Updating Objects Flags
Fra:1 Mem:72.22M (Peak 120.44M) | Time:00:00.47 | Mem:5.30M, Peak:5.30M | Scene, ViewLayer | Updating Primitive Offsets
Fra:1 Mem:72.22M (Peak 120.44M) | Time:00:00.47 | Mem:5.31M, Peak:5.31M | Scene, ViewLayer | Updating Images
Fra:1 Mem:72.22M (Peak 120.44M) | Time:00:00.47 | Mem:5.31M, Peak:5.31M | Scene, ViewLayer | Updating Camera Volume
Fra:1 Mem:72.22M (Peak 120.44M) | Time:00:00.47 | Mem:5.31M, Peak:5.31M | Scene, ViewLayer | Updating Lookup Tables
Fra:1 Mem:72.14M (Peak 120.44M) | Time:00:00.47 | Mem:5.40M, Peak:5.40M | Scene, ViewLayer | Updating Lights
Fra:1 Mem:72.14M (Peak 120.44M) | Time:00:00.47 | Mem:5.41M, Peak:5.41M | Scene, ViewLayer | Updating Lights | Computing tree
Fra:1 Mem:72.14M (Peak 120.44M) | Time:00:00.47 | Mem:5.79M, Peak:5.79M | Scene, ViewLayer | Updating Integrator
Fra:1 Mem:72.14M (Peak 120.44M) | Time:00:00.47 | Mem:5.79M, Peak:5.79M | Scene, ViewLayer | Updating Film
Fra:1 Mem:72.22M (Peak 120.44M) | Time:00:00.47 | Mem:5.69M, Peak:5.79M | Scene, ViewLayer | Updating Lookup Tables
Fra:1 Mem:72.14M (Peak 120.44M) | Time:00:00.47 | Mem:5.79M, Peak:5.79M | Scene, ViewLayer | Updating Baking
Fra:1 Mem:72.14M (Peak 120.44M) | Time:00:00.47 | Mem:5.79M, Peak:5.79M | Scene, ViewLayer | Updating Device | Writing constant memory
Fra:1 Mem:72.17M (Peak 120.44M) | Time:00:00.50 | Mem:5.79M, Peak:5.79M | Scene, ViewLayer | Loading denoising kernels (may take a few minutes the first time)
Fra:1 Mem:72.17M (Peak 120.44M) | Time:00:00.52 | Mem:3525.82M, Peak:3525.82M | Scene, ViewLayer | Sample 0/128 (Using optimized kernels)
Fra:1 Mem:72.17M (Peak 166.11M) | Time:00:01.51 | Remaining:02:05.81 | Mem:3619.77M, Peak:3619.77M | Scene, ViewLayer | Sample 1/128 (Using optimized kernels)
Fra:1 Mem:72.17M (Peak 166.11M) | Time:00:11.09 | Remaining:00:29.23 | Mem:3619.78M, Peak:3619.78M | Scene, ViewLayer | Sample 34/128 (Using optimized kernels)
Fra:1 Mem:72.17M (Peak 166.11M) | Time:00:20.28 | Remaining:00:19.76 | Mem:3619.78M, Peak:3619.78M | Scene, ViewLayer | Sample 64/128 (Using optimized kernels)
Fra:1 Mem:72.17M (Peak 166.11M) | Time:00:23.44 | Remaining:00:13.75 | Mem:3619.78M, Peak:3619.78M | Scene, ViewLayer | Sample 80/128 (Using optimized kernels)
Fra:1 Mem:72.17M (Peak 166.11M) | Time:00:26.25 | Remaining:00:08.57 | Mem:3619.78M, Peak:3619.78M | Scene, ViewLayer | Sample 96/128 (Using optimized kernels)
Fra:1 Mem:72.17M (Peak 166.11M) | Time:00:29.05 | Remaining:00:04.07 | Mem:3619.78M, Peak:3619.78M | Scene, ViewLayer | Sample 112/128 (Using optimized kernels)
Fra:1 Mem:111.73M (Peak 171.06M) | Time:00:33.91 | Mem:3619.78M, Peak:3619.78M | Scene, ViewLayer | Sample 128/128 (Using optimized kernels)
Fra:1 Mem:111.73M (Peak 171.06M) | Time:00:33.91 | Mem:3619.78M, Peak:3619.78M | Scene, ViewLayer | Finished
Fra:1 Mem:109.57M (Peak 171.06M) | Time:00:33.96 | Compositing
Saved: '/Users/jiayaochen/Desktop/avalon/renders/chapel_final.png'
Time: 00:34.19 (Saving: 00:00.12)

Info: Saved as "black_chapel.blend"
CHAPEL_STATISTICS {"stage": "final", "blender": "4.5.3 LTS", "triangles_evaluated": 142436, "triangles_unique_meshes": 45236, "triangles_by_collection": {"01 Floor": 16308, "02 Walls": 65340, "04 Columns": 4128, "03 Arches": 11256, "05 Altar": 1151, "06 Council table": 2160, "07 Hooded placeholders": 3962, "08 Candles": 11492, "12 Foreground props": 25093, "13 Altar dressing": 902, "14 Damage": 632, "10 Atmosphere": 12}, "objects": 1876, "materials": 20, "external_image_textures": 0, "external_texture_memory_bytes": 0, "texture_memory_note": "All surface textures are procedural. Render buffers and GPU working memory excluded.", "render_samples": 128, "render_device": "GPU", "parameters": {"room_m": [9.0, 14.0, 8.2], "table_m": [6.1, 3.0, 0.82], "camera_mm": 39.0, "camera_location": [0.045, -4.7, 1.59], "camera_target": [0.0, 2.5, 1.02], "candle_power_w": 85.0, "fog_density": 0.012, "world_strength": 0.004, "exposure": -1.2}, "godot_note": "Modular meshes, metres, Principled materials, no subdivision. Procedural shaders need baking or recreation; Cycles atmosphere and grading need recreation in Godot. No engine integration performed."}
CHAPEL_STAGE_COMPLETE final

Blender quit
